20020102,-0.783001763,3.223668821,0.168586722
20020103,0.582768404,1.265372905,1.44930073
20020104,1.378213951,4.439617176,3.052008001
20020107,0.580323443,1.373042664,2.019197189
20020108,-3.166491464,5.61839469,-1.911901041
20020109,-1.840376706,5.980482784,-1.867189952
20020110,-2.256562453,2.688551435,-1.874882601
20020111,-0.893361609,3.472792801,-0.754298869
20020114,0.028559189,1.579096096,-1.811028558
20020115,-0.115008638,4.202608886,-0.745202646
20020116,-2.604390067,4.030540801,-3.007965132
20020117,-0.943403223,2.145948391,0.088902065
20020118,-0.738228659,2.398901512,-0.059259261
20020122,-0.02940744,1.666238857,0.76764475
20020123,1.005033585,2.667234123,2.898753687
20020124,-0.735089541,1.843937243,0.683373958
20020125,1.502934854,2.348201616,0.819560896
20020128,-0.278940209,1.297829404,0.757048337
20020129,-2.129250065,4.857937009,-2.68947562
20020130,-1.88002645,7.233644696,-1.73665725
20020131,3.547981053,3.295033152,4.593590347
20020201,-2.228268755,4.00593585,-2.256158868
20020204,-3.76856189,4.66681999,-3.512188013
20020205,-1.751566229,6.983689687,-1.36825454
20020206,-0.207622794,5.234809611,0.864773542
20020207,-1.391172355,3.553581741,-0.386732596
20020208,1.933842861,3.612988325,2.676236768
20020211,4.50881378,6.202329492,3.605149272
20020212,0.028157117,3.471143047,-0.575480569
20020213,1.080492573,3.051500414,2.14463031
20020214,-2.029134605,4.163308608,-0.524935589
20020215,-0.602906732,3.511887556,0.772630775
20020219,-3.423181046,3.735874744,-2.956979735
20020220,1.931094491,3.645539437,3.559886467
20020221,1.450858335,3.852768475,2.402599034
20020222,0.797028661,4.034944398,0.797028661
20020225,0.580323443,4.412343026,0.60678197
20020226,-1.430109119,3.975518834,-1.403810631
20020227,0.344234419,2.913345302,0.90282079
20020228,-1.03298495,3.239871163,-0.71627843
20020301,1.542173611,6.198759335,0.901145775
20020304,3.897770471,3.331349264,4.134955982
20020305,-2.924785186,2.440614251,-2.798282955
20020306,2.982993096,4.001555304,2.722304732
20020307,-0.760459939,5.234817112,-0.43163708
20020308,-3.163437247,8.415763673,-2.655821944
20020311,-0.573814824,1.587871531,-0.104575173
20020312,2.392209759,3.651033728,1.788770961
20020313,-0.390371348,1.92321642,-1.47537295
20020314,0.468872961,1.449684212,0.338409798
20020315,0.927124849,1.986351133,1.367939772
20020318,-0.766678941,2.497796692,-0.076932944
20020319,-1.128795977,2.840588324,-0.565990706
20020320,-1.324866762,1.256435337,-1.350669884
20020321,-1.237998164,2.569543247,-1.342655421
20020322,-1.872213016,3.455470618,-1.84571242
20020325,-1.431103134,1.754456582,-0.731611446
20020326,2.975692012,2.993003146,2.921285047
20020327,-0.634419257,1.31793799,-0.396983451
20020328,-0.448727162,1.139735224,0.238379136
20020401,-0.132573266,1.645236272,-0.291429535
20020402,1.033806424,1.871211522,0.608387011
20020403,-2.047127184,2.616100042,-1.83637895
20020404,0.76170118,4.201312564,-0.890333684
20020405,1.859283308,2.971900194,2.937460868
20020408,1.812899557,3.370243206,-0.395517984
20020409,-1.249517786,2.689125854,-1.249517786
20020410,2.479683897,2.461570522,2.640068855
20020411,-0.890524481,5.489955941,-0.968720758
20020412,-1.803284081,1.96642527,-1.69810395
20020415,-0.811473211,1.224149351,-1.482706769
20020416,-0.026670223,2.09064999,1.803305494
20020417,-0.89876365,2.265810891,0.452429248
20020418,-0.427008922,1.582772881,-0.719523424
20020419,-0.611948165,0.849437864,0.213732382
20020422,-4.484075412,2.72922894,-4.67106625
20020423,-0.084045389,3.030888887,-0.223964259
20020424,-2.008838241,2.821269862,-1.952800133
20020425,1.792473548,3.282410944,-0.257547717
20020426,-0.860837454,3.335460827,-0.574714226
20020429,-1.899253583,2.174161746,-2.332467257
20020430,2.381064869,3.171297549,0.294551023
20020501,0.02940744,8.711171838,0.02940744
20020502,1.05325725,3.595731724,1.02384981
20020503,0.809955252,1.516706166,1.013473276
20020506,-1.686576762,2.786014046,-1.773044558
20020507,0.846844015,2.528378022,0.846844015
20020508,-0.995033085,3.574297471,1.758223705
20020509,-0.11435107,3.223620257,-0.11435107
20020510,-0.199914389,1.013894747,0.05719188
20020513,0.595830958,3.420116718,1.052192275
20020514,1.388911216,1.489036733,2.514098896
20020515,-0.386954601,3.095500829,-0.386954601
20020516,-0.887169667,1.633953852,-0.555402705
20020517,-0.643628918,2.337182367,-0.810853038
20020520,-0.282087634,1.149825648,-0.619545772
20020521,-0.056529114,1.552370075,-0.084781692
20020522,-0.478671898,2.382023882,0.169491566
20020523,0.558660671,1.776852927,1.317837662
20020524,-0.866048156,1.347406241,-0.726869289
20020528,-1.655248901,2.589553865,-0.817021026
20020529,-0.22624444,1.777713285,-0.084901661
20020530,0.142348778,2.918761569,-0.482475748
20020531,-0.910649435,3.104424904,-0.484814867
20020603,-3.328335003,2.502737893,-2.900435335
20020604,-1.631357549,5.962874387,-1.601932803
20020605,-0.597016699,3.492448596,-0.119688823
20020606,-3.280993363,3.878469291,-4.032311698
20020607,0.695985094,3.187818913,-1.128538623
20020610,-0.21933269,3.59384802,0.503145716
20020611,-2.51190601,3.28341731,-1.357987078
20020612,2.531780798,4.781471252,1.733691965
20020613,-0.564087989,4.143826309,-0.564087989
20020614,-1.427462779,4.335893887,-1.647692536
20020617,1.567781272,4.677330289,0.636944829
20020618,1.574835697,2.655156411,1.574835697
20020619,-1.582311494,6.450017871,-2.052163572
20020620,-0.892863074,2.368859443,-0.415535199
20020621,-0.1638002,5.026556025,-2.333223147
20020624,0.91384448,5.255382796,0.91384448
20020625,-0.989001521,3.484728131,1.323240221
20020626,2.421425812,7.204887435,0.511673646
20020627,0.659239556,6.337019324,1.927085382
20020628,2.988055354,4.156408994,3.050614005
20020701,-1.204833852,4.601752147,0.151630052
20020702,-1.989354052,2.857195642,-1.989354052
20020703,0.030764498,3.883205529,0.493371337
20020708,-0.70476774,4.272223866,-2.610163355
20020709,-1.612938193,3.267350591,-1.674457727
20020710,-5.752384414,8.704631021,-5.066809899
20020711,-0.22977197,16.28145164,0.09863555
20020712,-1.483951386,18.48239002,-1.090379215
20020715,-1.219527309,16.15950462,-2.557339904
20020716,-0.104329691,14.23317376,-2.066189206
20020717,-2.844118377,13.45201876,0.104329691
20020718,-2.381064869,10.78299783,-1.930223114
20020719,-5.759609165,16.45852655,-5.724179581
20020722,-6.179419863,23.52177087,-7.882393848
20020723,-5.318226546,24.30028815,-3.427963146
20020724,8.493498698,22.02152516,4.638631686
20020725,-2.210487057,28.16899555,-3.137352447
20020726,3.742474968,14.47082628,5.750327711
20020729,5.181339033,14.17302307,6.578334977
20020730,-2.789476002,15.35300594,-4.375347335
20020731,3.440142672,16.66614659,2.826643815
20020801,-2.898753687,6.314213603,-2.750220426
20020802,-3.323335206,4.91448183,-2.828001749
20020805,-5.229154753,9.429616516,-5.741269325
20020806,1.328789433,14.22297375,3.957277512
20020807,0.118976814,14.23005594,0.915793778
20020808,2.683665395,14.83743088,1.767871617
20020809,3.182263091,13.13099514,1.928328166
20020812,1.079424513,3.892443211,-0.382702342
20020813,-1.098912158,7.459669403,-2.878456217
20020814,-1.039178017,11.94295971,-1.791805851
20020815,1.50557519,7.110786839,2.146346305
20020816,-1.798969163,8.523882923,-2.548923339
20020819,6.770842,8.82256197,5.226095836
20020820,0.388651869,4.763638661,-1.31023069
20020821,2.965126214,8.662178195,4.771825366
20020822,2.868898485,4.618721198,1.977362119
20020823,-2.572725505,5.970787641,-2.645268127
20020826,0.03703018,6.226253626,0.556897671
20020827,-3.393907442,6.544423008,-1.341801719
20020828,-4.749822342,9.179078389,-6.071843485
20020829,0.365928442,8.730806975,-1.76995771
20020830,1.734264075,8.119185874,1.490460622
20020903,-3.411312472,10.64197972,-5.675865369
20020904,-1.162053102,6.839233632,-2.268447367
20020905,-1.522644733,2.975649983,-4.154375565
20020906,-0.707654435,6.566135485,1.655889257
20020909,3.094603009,8.314128146,3.360560613
20020910,0.929846091,3.624482294,1.99709208
20020912,-3.242125329,6.841540858,-4.719880741
20020913,-3.271633934,8.404754297,-3.623746974
20020916,1.957722439,4.891043378,1.04238424
20020917,-4.985173539,7.12167884,-3.020824663
20020918,-0.429492428,12.5105943,-2.875522185
20020919,-0.049763624,10.79228708,-4.000533461
20020920,4.867140638,8.138967816,4.66783813
20020923,-0.711572135,9.871256632,-3.603339899
20020924,1.130536193,4.456615005,-3.686937973
20020925,1.511363781,8.626973499,2.173449215
20020926,-0.150112613,8.054877366,-0.150112613
20020927,-3.720174214,9.571856693,-3.620074106
20020930,0.834207132,13.08633012,0
20021001,5.460413403,11.97975762,7.21032939
20021002,-1.414312772,7.937918101,-1.656150859
20021003,-1.535063567,17.38953928,-1.584191547
20021004,-4.155509399,18.87833838,-4.856563848
20021007,-2.014914402,9.000619306,-2.224668018
20021008,-1.179006154,16.50703056,-0.64481685
20021009,0,16.9249833,-3.009803116
20021010,3.541639559,10.33368334,3.70816749
20021011,4.792846657,13.30413104,8.316745325
20021014,1.950549462,7.301530445,-0.543345372
20021015,2.810489432,6.291137332,6.981802212
20021016,0.851471559,6.599393721,-1.959017873
20021017,0.983907758,6.918292378,5.676581048
20021018,1.595071479,7.777054179,1.23840592
20021021,4.700153725,8.093424934,4.259624378
20021022,-0.640890893,4.33407274,-1.742130315
20021023,-0.992028839,8.221581916,-1.120701385
20021024,-1.704959333,10.37362097,-1.704959333
20021025,2.744672398,7.730787408,2.568149845
20021028,-3.404767574,6.011963779,-1.996594102
20021029,-0.93189048,5.93421126,-1.679968776
20021030,1.418463499,5.370832667,1.284624532
20021031,-3.163551853,7.813304804,-2.812057642
20021101,4.889862992,7.061501526,4.254075201
20021104,0.170212807,8.335331578,2.018535359
20021105,-0.256739551,4.022041695,-0.768249617
20021106,2.720099705,8.547400167,2.161559048
20021107,-1.143353552,4.175378394,-1.563522237
20021108,-0.685814947,5.079551526,-0.984386293
20021111,-2.420360174,3.882172577,-3.501451785
20021112,1.853539385,5.601071808,1.853539385
20021113,-2.606730323,11.34415807,-2.344721439
20021114,2.081601614,4.950248703,4.207456693
20021115,-1.688717334,4.716421518,-1.731645001
20021118,-0.808659199,3.805859496,-0.503448584
20021119,-1.237858423,4.596486365,-1.347639969
20021120,1.330396563,5.65681223,0.973889946
20021121,7.392113193,9.260500824,8.443831915
20021122,-0.853837267,4.717618074,-0.853837267
20021125,-0.406504625,5.629998623,0.244698328
20021126,1.027758276,3.567091675,-0.408163832
20021127,2.469261259,5.54765839,3.890604984
20021202,-2.859545688,10.4086628,-0.15667845
20021203,-2.036404969,5.256597116,-2.863018611
20021204,-0.696296076,3.566387206,-1.873018925
20021205,-1.981898066,4.852190874,-1.44900072
20021206,2.109782896,4.422445991,-0.125182574
20021209,-3.400242568,3.166440609,-3.483784761
20021210,-0.04337454,4.713759311,-0.34647068
20021211,0.791560861,3.343090052,-0.95903089
20021212,1.606285893,1.420305553,1.693851573
20021213,0.17376199,3.007580832,-0.778214044
20021216,4.104659133,2.1612179,4.580953603
20021217,-0.626961301,4.019266715,-1.125715452
20021218,-2.511304564,2.920259455,-2.763193866
20021219,0.217817555,3.383415825,-0.952800625
20021220,1.567496615,2.95514821,3.464105189
20021223,-0.425532557,4.697465981,-1.439482942
20021226,-0.822693534,3.979995036,-0.17376199
20021227,-1.409714976,1.367419085,-2.020270732
20021230,-0.660068403,2.454177805,0.486834332
20021231,-0.350723726,4.329933725,0.528402815
20030102,2.402517959,3.006794337,3.537901334
20030103,0.97190708,3.484165115,0.802199784
20030106,1.450802649,1.095080534,2.163145908
20030107,-0.082000825,1.781218797,0.328677371
20030108,-1.366763873,8.987376259,-11.18531543
20030109,2.474816969,3.842359132,3.160533942
20030110,2.217385749,2.461989817,1.324522675
20030113,0.482351297,3.052723495,0.262812241
20030114,2.316030984,2.475484588,1.260612217
20030115,-4.621284316,4.634484361,-4.190249165
20030116,-0.360848384,3.26963627,-0.315813482
20030117,2.052523594,3.338497026,0.090334243
20030121,-2.47271754,5.314986768,-4.525241134
20030122,-1.291574998,4.498943092,-1.907544726
20030123,3.28205736,3.356415435,4.288053868
20030124,-4.669558514,6.794366848,-4.577350116
20030127,-0.98766235,6.133872548,-2.741238701
20030128,0.197336029,4.700180155,0.692386545
20030129,1.837647937,2.716336996,0.147746887
20030130,-1.448215074,3.840010022,-2.189142148
20030131,-0.202531715,4.437395067,-0.757388119
20030203,0.250941161,1.88022135,1.10888233
20030204,-1.232681248,4.994418593,-3.053672386
20030205,-0.25157246,2.998178183,2.551158766
20030206,-2.036730282,8.441814642,-2.08712081
20030207,-0.659398788,5.744585734,1.074453928
20030210,0.504541938,5.557266546,1.113371825
20030211,-1.308523955,5.161027323,-0.656402256
20030212,-0.704582683,4.573754849,0.30349037
20030213,0.253871677,3.13632641,-0.404858853
20030214,1.305239414,6.131458987,1.659580458
20030218,4.189604439,5.400538535,4.43867057
20030219,-1.428422786,2.859846613,-2.194710061
20030220,-1.570969962,4.095468798,-1.449122743
20030221,2.583619212,7.616910055,2.781345426
20030224,-2.963179761,3.184964315,-4.076184234
20030225,3.451205231,6.893855755,1.936024728
20030226,0,4.764859509,-0.196850457
20030227,0.147528918,3.397478036,0.246002584
20030228,0.048887803,4.366027293,0.539084863
20030303,-0.98040001,3.540925437,-0.785087448
20030304,-1.193450267,1.673218856,-1.538873754
20030305,0.099950033,3.380659779,0.149962537
20030306,-2.92103781,3.218922362,-4.026021429
20030307,1.157298556,3.039225767,-0.573665198
20030310,-0.053205641,2.716849875,-1.74100942
20030311,-1.597478061,3.806946703,-0.855162881
20030312,1.336560928,5.319222274,1.067815806
20030313,2.343459255,4.604084096,5.325631595
20030314,-0.52506684,7.131580862,0.427082674
20030317,3.922071315,11.16385142,4.197450135
20030318,0.713439411,3.963533897,1.432005377
20030319,0.471921593,4.483273976,0.661315589
20030320,-0.282752309,5.457253135,-0.235682409
20030321,1.659024226,6.990028578,3.204360527
20030324,-3.717200488,7.460012024,-4.773952798
20030325,1.894893267,5.574778628,2.134299654
20030326,-1.480093861,2.974327325,-2.470434424
20030327,-1.422638661,3.185977747,-2.681125745
20030328,0.787793341,2.932275774,0.738374017
20030331,-2.499492528,4.783924009,-5.183550274
20030401,1.035205932,5.596357433,0.309438101
20030402,1.344307026,3.612577163,4.036875073
20030403,-2.035314735,5.786627835,-1.394444906
20030404,-0.498754151,2.913989574,0.300450902
20030407,-2.693611836,4.267256806,7.742389696
20030408,-0.460830309,2.399146583,0.184928393
20030409,-1.851904777,3.574321465,-1.161453242
20030410,-1.77491815,3.029791865,-0.844678884
20030411,-1.959932079,3.90632198,0
20030414,3.418346682,3.723464874,3.700699811
20030415,2.646487712,2.354477541,2.555619919
20030416,-1.023368219,2.604615445,-1.023368219
20030417,1.821867765,1.533189059,1.553170783
20030421,0.088028175,2.782506666,0.088028175
20030422,0.088066937,1.72339937,-0.044004401
20030423,-0.220312933,1.998239588,-0.220312933
20030424,-2.110067063,2.809307551,-2.818348023
20030425,-0.729264855,2.645896988,-0.820050154
20030428,2.113863284,1.827692695,2.752260345
20030429,0.620294412,3.227511059,0.753716714
20030430,0.393099436,4.687748915,1.316385837
20030501,-0.087719304,1.756447664,-0.656026844
20030502,1.177767158,2.927970784,1.177767158
20030505,0.259628013,2.813632835,0.346320692
20030506,-0.214915191,2.528902559,0.431221022
20030507,-0.734503194,3.757372978,-0.777541714
20030508,-0.351339843,3.00114844,-1.441387698
20030509,1.395574329,1.446762639,1.57139855
20030512,1.778402975,1.712286641,0.733552372
20030513,-1.559148085,2.825201032,-1.516165063
20030514,-0.833155444,1.557502068,-0.876814035
20030515,-0.482351297,1.963112434,0.175978928
20030516,-0.39638898,1.456215453,-0.39638898
20030519,-2.472591687,1.906899535,-3.09233692
20030520,-0.180750162,3.329521229,0.635210847
20030521,-0.782272568,3.148725695,3.597989698
20030522,2.562053033,1.524154605,3.430868228
20030523,-0.461313462,1.081541801,0.294675019
20030527,2.157760064,2.082003781,2.367711853
20030528,-0.696866932,1.556190025,-0.205465451
20030529,-2.021104062,3.348088696,-1.283395798
20030530,1.064275293,3.311291984,2.306527293
20030602,1.113774441,3.511529994,2.8894466
20030603,-0.656131194,2.661204993,-0.854111856
20030604,3.76515062,2.338718636,3.585456053
20030605,-0.714633655,2.589703108,-0.714633655
20030606,-2.212986151,5.585683898,0.483419679
20030609,-1.981031963,2.585128629,-1.67286531
20030610,0.617047851,1.974163524,2.019486107
20030611,0.65296948,2.47743194,0.422022495
20030612,-0.458190951,2.505921346,0.038277512
20030613,-1.85979789,1.829956885,-2.166429023
20030616,2.4264622,1.712507607,2.738840431
20030617,-0.451128585,4.320914732,0.984483529
20030618,0.150093837,2.685416138,0.488630929
20030619,-1.658537829,2.82639777,-1.359024314
20030620,-0.987849978,2.388178294,-0.457143653
20030623,-2.870257976,1.77338598,-4.370574635
20030624,-0.240096154,1.753453164,-0.439736867
20030625,-1.819334596,2.410241225,-1.819334596
20030626,1.517601011,1.62658249,2.895256511
20030627,-0.913248356,2.323912666,-0.636185048
20030630,1.620909179,2.459029956,1.700653999
20030701,0,2.261697539,0
20030702,0.078400631,1.511356077,0.078400631
20030707,0.781253974,1.844521687,1.568659617
20030708,-0.193610903,2.115069988,0.388350003
20030709,-1.910017137,5.381659618,-1.52316946
20030710,-0.916158569,1.884799213,-1.666705249
20030711,1.27440992,1.946691015,1.114217655
20030714,-1.77554477,1.821175207,-0.59535798
20030715,-2.435736307,3.523079503,-1.524297464
20030716,-1.250268353,2.085025232,-0.40502283
20030717,-1.227009259,3.150681236,-1.389478832
20030718,0.162469573,1.851910898,1.389478832
20030721,-2.045061047,2.759596357,-1.80185055
20030722,2.360711989,3.094473629,2.690745292
20030723,2.048122006,2.63796864,3.128348553
20030724,0.387597384,2.378701078,0.776702934
20030725,3.348866975,2.835428152,3.310174771
20030728,0.595239853,3.590329912,0.894193738
20030729,-0.074349446,3.58769077,-0.259981576
20030730,-0.407483431,2.440128722,0.18577007
20030731,2.114551991,2.974309875,2.854200334
20030801,-2.368483825,2.721313253,-2.188271125
20030804,0.881710341,2.871244584,0.807936822
20030805,-1.220655067,2.494694134,-1.734040867
20030806,-0.94074071,3.224189548,-1.575426432
20030807,0.529501994,2.283464554,0.2265862
20030808,0.749067173,1.394675056,1.087986722
20030811,1.148798997,1.815121229,1.260676689
20030812,-1.246807497,1.68107229,-0.147492652
20030813,-0.847618858,1.315226164,-0.295639535
20030814,1.890278021,1.844899495,2.737896879
20030815,-0.036107601,1.051008299,-0.288496414
20030818,0.536194314,1.444484306,1.291729479
20030819,-0.673164632,2.737538099,0.284799053
20030820,0.212539931,1.912788022,0.461075475
20030821,0.245484956,2.829060276,1.020955885
20030822,-2.664954343,1.768886811,-1.446488442
20030825,0.687287929,4.206599662,-1.43166368
20030826,0.252844635,2.469333455,-0.072124056
20030827,-0.361011222,1.081228469,-0.252844635
20030828,2.389983563,2.166792588,2.570652085
20030829,0.456702006,2.32497793,0.56239164
20030902,-0.835368589,3.301638513,0.280014184
20030903,-2.061208345,2.085934981,-0.983499322
20030904,-1.167534932,1.859505846,-0.81517375
20030905,-0.392507194,2.037282428,-0.463706913
20030908,0.711746777,1.970149221,0.818947073
20030909,2.137701755,2.578442899,1.425954978
20030910,-1.069528912,2.269671217,-2.495483889
20030911,-0.635819874,1.467531572,1.14042576
20030912,3.204732629,7.253352515,3.310983745
20030915,-2.9657346,2.635789258,-2.078356764
20030916,-0.989057868,2.356415413,-1.409963435
20030917,0.32137146,2.094051779,-0.426894992
20030918,0.995033085,1.373296528,0.816620906
20030919,-0.910689306,4.880573634,0.493828164
20030922,-1.079924102,1.903156257,-2.819098373
20030923,-0.541615334,3.055675392,-0.036199095
20030924,-0.797394584,3.027924639,-0.508168063
20030925,-1.536240893,4.249842823,-1.281834068
20030926,-1.783108164,3.925966383,-1.672590562
20030929,2.441852735,2.409307182,2.516787171
20030930,-3.599938786,3.45015701,-4.370443423
20031001,1.434528186,1.55136358,1.853656253
20031002,0.888894742,2.357146508,1.635724202
20031003,2.404565879,2.885461998,3.905051487
20031006,-0.634028189,1.886021094,0.353982671
20031007,1.393128443,1.927586049,-0.389449952
20031008,-0.469852078,3.414040161,1.670956123
20031009,0.677509367,2.008884708,3.277294248
20031010,0.809994304,1.536559288,0.437932315
20031013,1.236027094,0.689228676,1.236027094
20031014,1.937981494,2.667646969,2.037533518
20031015,-0.58328098,1.661159566,0.097545122
20031016,0.129954534,2.537090602,0.097450065
20031017,-2.689568482,1.204018667,-2.36541909
20031020,-0.033118066,1.003994069,0.365024464
20031021,-0.529451932,1.02381772,-0.165755052
20031022,-0.838227875,2.206612997,-1.470614739
20031023,0.169348051,2.014478747,-0.506330196
20031024,0.102968947,1.025584236,-1.362883106
20031027,1.175496323,1.712705128,2.707441176
20031028,0.460982048,2.670184213,1.622820843
20031029,2.432420882,2.658308475,2.498102329
20031030,1.222777424,2.231574783,2.780589884
20031031,-2.561039409,2.645642776,-1.507092889
20031103,1.753881475,3.255073346,1.880343712
20031104,-1.211006882,2.013326677,-0.622860936
20031105,-0.592732979,2.768312806,-0.156323308
20031106,0.591994251,1.507803421,0.717072441
20031107,1.713628224,2.49169755,2.363885973
20031110,-3.317257481,2.321171582,-2.893399747
20031111,-2.143164285,2.176345138,-1.987133671
20031112,3.931863716,2.297708788,4.027389914
20031113,1.858393163,1.419347798,1.367594632
20031114,-2.894337604,3.952137003,-2.382519536
20031117,0.554530072,4.388172046,0.616334771
20031118,-0.772204609,3.167958171,-0.925932541
20031119,-0.466491283,1.681752095,-0.528526024
20031120,-2.080781251,3.4114812,-2.174341214
20031121,-0.445435035,1.391706665,-0.095617537
20031124,0.506650862,1.148618927,0.952085897
20031125,2.565847895,2.473340286,2.217801349
20031126,0.368550786,2.96603817,0.769352925
20031201,2.867579998,2.311111074,3.445001447
20031202,0.646300722,1.227431165,0.557922457
20031203,0.738973152,2.257988024,1.410214546
20031204,3.095690021,1.609690705,2.26941874
20031205,-1.533685274,1.827693419,-1.392661417
20031208,1.588235314,0.948988573,1.702651802
20031209,-1.956676632,2.095010886,-1.759909176
20031210,-3.367419695,2.222049568,-3.482032888
20031211,2.602866638,1.883816454,2.67696816
20031212,0.172512981,0.683243518,0.489561813
20031215,-1.899957904,1.676256078,0.3441357
20031216,-0.085751041,1.20950891,0.114449226
20031217,1.756916827,1.473747773,1.785508678
20031218,1.384296745,2.237962801,2.139862114
20031219,1.621657159,3.637454705,2.524906765
20031222,1.040148063,2.314078178,1.040148063
20031223,-1.591545531,2.484648638,-0.772410286
20031229,2.604313854,1.783412695,3.692001988
20031230,-1.536288515,1.704931007,-2.051753574
20031231,-1.060288747,1.050554536,-0.302214276
20040102,-1.324522675,2.733472474,-1.311363915
20040105,2.088848795,1.298267318,3.149866706
20040106,-1.137551046,2.493793837,-0.622085988
20040107,0.183078383,1.81173356,-0.495244072
20040108,-1.335407621,2.476879292,1.065637115
20040109,0.646553976,7.107833043,-3.793921818
20040112,-1.652930195,4.389837174,-3.386451395
20040113,-2.50540902,5.485217198,-2.588777095
20040114,1.855027898,2.920124579,2.338464073
20040115,-2.124765425,4.239387507,-1.458651388
20040116,-1.723449919,2.830049511,-0.851310476
20040120,2.431985689,2.12390955,3.141913418
20040121,0,2.810131986,0.248241749
20040122,0.495322972,2.355636233,0.357486975
20040123,-2.944657202,3.47947818,-2.670534223
20040126,-0.367387724,1.672987922,-0.423789305
20040127,-1.465227679,1.600979302,-0.255138338
20040128,-4.259661788,3.640763306,-4.202908097
20040129,-3.455238151,4.493857368,-1.491229543
20040130,1.565069595,4.055105144,2.522014697
20040202,-2.275848189,3.696527877,-2.012497634
20040203,1.14994633,2.470340431,1.953880986
20040204,1.065729447,2.327509674,-0.440723499
20040205,1.199721778,3.252037542,1.229163851
20040206,2.045886082,2.712624561,1.958587954
20040209,-1.025065923,1.518494959,-0.342857479
20040210,0.990807822,2.225296516,1.590039178
20040211,2.192536063,2.49914755,5.08002151
20040212,-0.675222012,3.029866304,-1.212136053
20040213,0,2.533264323,0.27063616
20040217,0.717611053,1.244663235,2.033242863
20040218,-0.52770571,1.227217287,0.105876135
20040219,-0.555630481,1.70949767,-0.291429535
20040220,-2.228579277,2.121891858,-2.308207682
20040223,-0.214996052,2.163109337,0.918925385
20040224,0.29542119,2.432022197,0.322320988
20040225,-1.079632619,1.401439623,-1.186957556
20040226,2.007119182,2.949457258,1.052783377
20040227,0.106609818,2.234129289,0.802357875
20040301,1.815122831,2.711081024,2.160821886
20040302,-0.897577304,2.622477218,-1.708993874
20040303,-0.941499893,2.446470094,-1.900739863
20040304,0.215866247,2.032333807,0.269905697
20040305,0.296136978,3.510512789,0.269179167
20040308,-2.092752011,1.511786035,-2.146529909
20040309,-1.669952529,1.992003201,-2.165548257
20040310,-3.792468277,3.201409495,-4.24253936
20040311,0.146049391,5.209433959,0.321590688
20040312,0.485230009,2.142937772,2.479227587
20040315,-2.718501705,3.114627906,-2.918017234
20040316,-0.927811817,2.395065442,0.642901104
20040317,1.038970385,1.580263756,1.445947691
20040318,0.287769983,2.60727671,-0.08616976
20040319,0.057421764,2.371541591,0.11487652
20040322,-1.799758303,2.71968237,-2.029643462
20040323,-1.786546272,2.412605571,-0.882618263
20040324,-1.466872582,3.931748385,-2.029920447
20040325,2.378617501,2.10258569,3.845490083
20040326,0.086592587,1.47566683,0.578705319
20040329,-0.547000068,1.318611372,-0.057720059
20040330,1.003592653,0.93522271,1.176652979
20040331,-1.91516501,1.466444446,-1.147788784
20040401,-0.0865676,2.700743251,-0.028864194
20040402,2.685673784,1.654918597,3.433448335
20040405,-0.611282815,1.66452773,0.083647014
20040406,1.074538511,1.100948387,1.685821326
20040407,-2.95644045,2.680157373,-5.145196616
20040408,-2.822826742,2.81908192,-2.27614145
20040412,1.114707934,1.742905463,1.173722395
20040413,-3.124333112,2.703182589,-2.600619375
20040414,-1.234026194,2.266570559,-1.144246149
20040415,0.121138719,3.735240715,0.060551016
20040416,1.962596446,1.725403532,2.746441279
20040419,-1.004439759,1.600501235,-0.827917207
20040420,-1.646497306,2.045624964,-1.646497306
20040421,-3.437402983,12.76872375,-4.286150121
20040422,3.188498186,6.109432502,4.31632969
20040423,-1.695982504,4.063825308,-1.214344006
20040426,-0.921099543,5.293155088,-0.982205564
20040427,-0.73914719,3.612871207,-0.216149536
20040428,-3.205097446,7.414873957,-4.230428783
20040429,-0.485045413,6.627634153,-0.517298276
20040430,-0.614789188,2.612517219,-0.129743774
20040503,-0.554379375,3.578215641,-0.749311211
20040504,1.414814597,3.835908376,2.391067062
20040505,-1.402189959,1.665477008,-0.512165012
20040506,-1.399534642,4.185273917,-2.108072227
20040507,-3.104162866,4.342191946,-4.457095563
20040510,1.743335897,6.695629582,1.124564586
20040511,0.20113986,3.014689187,1.179060316
20040512,0.999342094,5.282854395,1.032826106
20040513,0.402145314,5.922199815,-0.898957277
20040514,-0.502429461,4.88257994,-0.402145314
20040517,-2.510016592,3.664271185,-3.624328308
20040518,2.553330201,2.330306099,3.523538781
20040519,-2.108159052,3.852712058,-0.606879813
20040520,-1.185449953,2.485953401,-0.746778759
20040521,-0.743497849,3.241395495,0.441952105
20040524,-0.033118066,1.966641428,2.37986764
20040525,2.55058217,2.713892342,3.834127848
20040526,-1.438873745,1.760318178,-1.025321382
20040527,-1.11733006,2.595252538,0.321543685
20040528,0,2.44479093,0.480385231
20040601,0,2.029483456,0
20040602,-0.798088833,2.908825648,-0.320000273
20040603,-2.531780798,1.60654382,-2.531780798
20040604,0.327332534,2.399758099,0.589972213
20040607,1.092555855,1.708815464,2.229854872
20040608,-0.284315466,1.824612382,1.017496855
20040609,-2.211274205,1.801741298,-2.401267929
20040610,0.741580055,1.232728593,0.871113752
20040614,-1.588621511,1.71690034,-1.71719755
20040615,0.870552008,2.344995765,1.781423628
20040616,-0.287954126,1.575158839,0.192431105
20040617,0.159872136,0.861590035,0.287954126
20040618,3.699481434,3.520606329,3.731425213
20040621,-0.405806706,2.101372686,-1.613438661
20040622,0.375469778,1.361880321,0.15627445
20040623,1.540862535,1.563608967,2.101437033
20040624,0.152322954,1.5248345,0.457666703
20040625,1.73471429,2.142381943,1.765151058
20040628,-1.989815425,2.383975954,-1.795597092
20040629,0.608644606,1.802787974,0.364742046
20040630,-0.030216045,2.099842096,0.393641689
20040701,-1.931686616,2.808372832,-2.41638917
20040702,-0.372787011,2.687385448,-0.52770571
20040706,-0.748599878,2.370020831,-0.593103034
20040707,2.442539112,2.312241853,2.473842916
20040708,1.29791686,4.806360141,-0.520595265
20040709,-0.935661401,2.284305007,-0.384527122
20040712,-1.020574808,1.551721783,-0.851200682
20040713,0,0.784249137,0.09321113
20040714,1.624528073,1.693997515,0.217155351
20040715,1.318430872,1.013232556,1.720472545
20040716,-0.121285643,0.705299952,0.395197353
20040719,-1.775919301,1.759598032,-1.80626371
20040720,-0.899370305,1.565567348,-0.83760378
20040721,-3.689524578,2.654337763,-3.068404568
20040722,-0.257981439,4.76432356,-0.515299047
20040723,3.556964638,2.871091946,-1.136560376
20040726,-1.506743212,3.165836467,-1.050567771
20040727,3.525169187,3.485200132,2.862915111
20040728,1.581123732,3.762403564,1.195519141
20040729,2.350836984,2.412347962,2.271578837
20040730,-0.778214044,2.074153579,-0.87119406
20040802,0.876649321,2.398080756,0.24968802
20040803,-1.389349788,2.809337264,-1.983379985
20040804,-0.417537141,1.608943308,-1.215625974
20040805,-2.08137595,3.482025109,-2.08137595
20040806,-1.294623891,3.217884687,-1.656764204
20040809,-0.033394557,1.691457393,0.033405713
20040810,0.993385652,1.717908384,1.360113851
20040811,-0.23198022,3.071308811,-0.694332431
20040812,-2.043964607,2.05497034,-2.01079161
20040813,0.43911572,3.674061202,0.43911572
20040816,2.965620958,4.550339588,3.737825568
20040817,1.288262583,2.249176532,1.45046862
20040818,1.17704556,4.158751818,1.17704556
20040819,0.285306898,1.784408953,-0.094921697
20040820,2.036730282,1.490841413,2.036730282
20040823,-1.436178291,1.65856386,-1.374162785
20040824,-1.633202131,2.424723342,-0.694228096
20040825,2.177085512,2.353806761,1.446111337
20040826,0.683020352,1.25563196,0.870111145
20040827,2.184366193,1.225620757,1.656987896
20040830,-0.673815719,1.4334304,-0.978601082
20040831,-0.061747455,1.580383003,-0.492915354
20040901,0.588328063,2.15004054,0.030878493
20040902,0.705199918,2.152585627,1.044235533
20040903,0.518214847,1.39663493,0.487657169
20040907,0.090730386,1.962676918,0.576020995
20040908,-0.516482995,1.005680663,-0.758613864
20040909,0.421433496,1.588976166,1.391432007
20040910,-1.434005078,4.04591959,-7.741773898
20040913,0.03250447,2.079888745,-0.129912327
20040914,0.261096754,0.905485915,-0.292921283
20040915,-1.014904766,0.824540714,-0.949736957
20040916,0.098797966,0.865925521,-0.032910976
20040917,0.621018502,1.105916889,1.015237146
20040920,1.075454394,2.094199544,0.519988172
20040921,0.802443722,1.497710218,1.384216533
20040922,0.775448151,1.463553167,-0.673619227
20040923,-0.385356932,1.044734499,0.032180209
20040924,0.577665278,0.974946949,0.545485068
20040927,0.31948909,1.446159868,0.31948909
20040928,4.056718499,2.228903694,4.216081082
20040929,0.876270904,1.150066919,1.637889208
20040930,0.867100664,1.877302769,1.047443364
20041001,0.176678491,2.109078121,1.183796008
20041004,-0.058823531,3.157293434,0
20041005,-0.860411776,1.042504636,-1.273148211
20041006,2.038776482,1.773096073,1.859832205
20041007,-0.526470944,0.983552201,-0.263581936
20041008,-0.626961301,3.602433037,-2.104093033
20041011,-0.806817465,1.038102593,-0.179856164
20041012,0.391979998,1.799485848,-0.300480995
20041013,0.560923876,3.946119033,-3.21079408
20041014,0.681117184,1.900767668,0.712187559
20041015,0.122812419,1.277344911,0.55384757
20041018,0.740744128,1.570784795,-0.215020817
20041019,-3.720118213,3.479670892,-3.935602366
20041020,0.529144183,2.884877506,0
20041021,0.791018205,3.819470422,1.476334458
20041022,-0.94429408,1.453242267,-0.347277381
20041025,1.003457777,2.940149202,1.350735159
20041026,2.541082691,1.576277312,3.163168679
20041027,1.418463499,2.248288217,0.872842261
20041028,0,3.350562106,-2.949886996
20041029,0.679854287,2.830443277,0.215816332
20041101,0.762780205,1.671321392,1.315607166
20041102,-2.401593255,1.735823805,-2.492820265
20041103,-1.054600345,2.861866568,-0.062344142
20041104,2.683906142,2.761421365,3.553206866
20041105,-0.209800766,1.910635874,0.300480995
20041108,-0.150037538,1.65194096,-0.090049533
20041109,-0.421941554,1.382730602,-0.572204543
20041110,-0.301205047,1.754934401,0.120736507
20041111,0.930797893,0.939298351,0.930797893
20041112,2.123347247,1.895740897,2.391964033
20041115,-1.582682509,1.39761419,-1.233133653
20041116,-1.035359049,1.00735457,-0.652047361
20041117,-0.206703159,1.30390344,0.592945704
20041118,-0.147167061,2.630766438,0.354087121
20041119,-1.124937855,1.640816641,-1.066045038
20041122,0.148654703,1.22339156,0.208178514
20041123,-1.272018334,1.490287991,-0.208178514
20041124,0.475201369,1.023947954,0.475201369
20041129,-1.411517026,2.002121849,-0.491970317
20041130,-1.865399471,2.279386772,-1.402301682
20041201,0.907899046,1.82383826,0.907899046
20041202,-2.539256596,3.49668696,-2.539256596
20041203,-0.455581654,2.44143095,-1.780104329
20041206,0.805456647,1.728156509,-1.348472778
20041207,-2.403736772,2.001533613,-2.372886856
20041208,0.882451362,2.504854308,0.692697984
20041209,1.889820022,2.23807927,0.563205494
20041210,0.155739013,1.936428232,0.249298976
20041213,0.433168994,1.816794617,0.805956006
20041214,1.139974346,2.633956131,-1.96420968
20041215,-1.204070314,2.75423633,-1.235561418
20041216,-0.160901081,1.263173288,-1.025321382
20041217,-0.710826903,1.147704181,-0.678625968
20041220,-0.58083416,1.777671662,0.194363521
20041221,0.512986056,1.200165261,1.190298757
20041222,0.736356777,1.831288261,0.255509561
20041223,-0.031842064,0.880370909,0.159362584
20041227,-0.031801559,0.996136118,0.127307465
20041228,0.505849956,0.763056929,0.855112099
20041229,0.78678612,0.695013937,0.597392124
20041230,-1.420702664,0.948417539,-1.420702664
20041231,-0.063633473,0.495435046,-0.095435032
20050103,-2.580171799,1.786157099,-1.378006103
20050104,-1.53322201,2.313883675,-1.856428497
20050105,-0.560225555,2.800689054,-0.527357847
20050106,-0.394218645,1.999247823,0.395778881
20050107,0.916236776,2.57855545,1.047815743
20050110,-0.131449247,1.625661076,-0.94911529
20050111,1.56041158,3.322093557,-2.328781221
20050112,-0.84474231,1.468042296,-0.811089272
20050113,0.169750508,1.548148329,0.033927057
20050114,0.941499893,1.302754897,1.347729294
20050118,0.505477066,3.406073577,-0.436022827
20050119,-1.463357745,1.52620299,-1.968834811
20050120,-1.450802649,2.974235381,-1.485090323
20050121,0.346260734,2.912125349,0.658923834
20050124,-1.137747146,1.324265815,-0.311580657
20050125,-2.712266398,1.767871172,-1.64310636
20050126,0.385221979,1.991919134,0.842405824
20050127,1.455831605,1.530891283,1.560635108
20050128,-0.017242866,1.076939298,-0.223925681
20050131,0.680274732,1.418528475,1.726686202
20050201,-0.708863728,1.27050587,0.067773639
20050202,0.101815722,0.767489662,-0.135593241
20050203,-1.091416018,0.806521612,-1.091416018
20050204,0.375234962,1.150991534,0.717583807
20050207,0.541456484,1.169917179,0.881361637
20050208,1.241002008,1.077197735,1.241002008
20050209,-2.097505855,1.274591726,-2.531780798
20050210,0.373198058,1.071601708,0.952712208
20050211,1.245178464,0.96139745,1.245178464
20050214,-0.267201228,0.651226149,0
20050215,-0.401472603,0.877157237,-0.234388187
20050216,2.515023362,1.460317165,2.548541043
20050217,0.678406737,2.071346155,1.492080876
20050218,-0.192740182,1.1693946,0.128700146
20050222,-1.390033695,1.857953825,-1.229391091
20050223,0.161368439,1.279315015,0.939582483
20050224,0.095587071,1.878358731,1.24981598
20050225,0.602125096,1.573823105,0.793025568
20050228,0.687717621,0.909079519,1.411788155
20050301,-1.348194116,0.974131375,-1.317046319
20050302,-0.382897724,1.705999169,-1.270665127
20050303,-1.145779562,1.771276395,-0.127959071
20050304,1.265839687,1.343731212,1.776696481
20050307,-2.177085512,1.522000425,-1.425202271
20050308,-0.861386727,1.294718135,-0.44757108
20050309,-0.54865395,1.502505178,-0.998237238
20050310,-1.303799434,2.496285285,-1.368545309
20050311,1.394089688,1.840401423,1.88500869
20050314,-0.224035939,2.25739331,0.481773856
20050315,-0.505211052,1.642783642,1.210205853
20050316,-0.381679853,2.196782054,-0.666986751
20050317,0.571974867,1.721083278,0.571974867
20050318,-0.063211127,2.767485561,0.221554134
20050321,-0.696866932,1.827344687,-0.538913969
20050322,-1.854273077,2.399061879,-1.505232583
20050323,-1.146613709,1.595275876,-2.086805429
20050324,-0.361902024,0.492803999,-0.032954359
20050328,-0.99305682,1.903224006,-0.92715896
20050329,-1.677891713,2.107399057,-1.711164047
20050330,0.941499893,2.261880868,1.110561641
20050331,-0.361902024,1.892074894,1.527761366
20050401,-1.084288592,2.260661004,-0.230985089
20050404,-0.794180217,2.356806347,-0.563195128
20050405,0.13346682,2.879722866,-0.366117899
20050406,-0.133288923,1.726401829,0
20050407,1.441177866,2.367627386,4.753499039
20050408,-0.662985854,0.808729273,0.380831942
20050411,-1.006317892,1.171575149,-1.355358386
20050412,1.25222378,2.206983009,0.624151822
20050413,-2.310924644,2.83542393,-3.143995787
20050414,-1.789312151,4.16619416,-1.526240642
20050415,-0.815498913,3.259516527,-2.026411792
20050418,0.916970256,3.839324624,0.916970256
20050419,-0.441202141,1.8892634,-0.610378294
20050420,-1.44282819,2.077432276,-1.715307923
20050421,1.704780462,2.174800389,2.325686216
20050422,0.274066633,2.419533045,-1.190287816
20050425,-0.203252102,2.261400474,0.88556437
20050426,-2.193371,2.07665361,-2.159466948
20050427,-0.416667269,1.930212906,-0.416667269
20050428,0.10502364,2.489660246,-0.558270815
20050429,1.388911216,3.711417331,1.458865748
20050502,0.154307789,1.464514823,0.635904867
20050503,-0.272479733,2.125493433,0.461499836
20050504,0.9210367,3.08445267,0.442403308
20050505,-0.848181506,2.678558575,-0.340136382
20050506,-1.085124245,1.891261679,-0.068166328
20050509,-0.170096996,2.102880537,0.136286222
20050510,-2.382298059,1.499556025,-2.586797108
20050511,-1.016304525,1.650800141,-0.806880364
20050512,-3.110170257,1.863969936,-3.039747718
20050513,-2.442756545,5.011557356,-3.135052988
20050516,0.37664828,1.843919069,-0.337774763
20050517,2.304934754,1.929613365,2.267333701
20050518,1.592505606,1.522696293,2.324841358
20050519,-1.00684058,2.268013887,-0.648417257
20050520,-0.472127262,0.958661097,-0.725429369
20050523,0.795376572,1.030560066,1.086180121
20050524,-0.39978247,0.905334942,-1.122590098
20050525,-1.062475648,1.668160173,-1.135335396
20050526,-0.54694758,1.007790516,0.733948249
20050527,0.255055704,0.870236473,0.474193849
20050531,-1.39349523,1.954013492,-1.466301931
20050601,1.714431925,1.18959526,2.083027992
20050602,0.1803427,0.77557262,0.361011222
20050603,-0.946494143,1.33660865,-1.48850089
20050606,-0.219138145,1.02111619,0.036569757
20050607,-0.402267867,1.408642823,-0.219619415
20050608,-0.073233251,0.800352625,0.036636747
20050609,-0.517561229,1.56429811,-1.179085141
20050610,0.369686188,1.224432413,0.443787711
20050613,1.174756535,1.641743434,1.100928551
20050614,-0.073313786,0.715032537,-0.475581654
20050615,0.54595222,0.959787451,1.021533874
20050616,1.586762466,1.594300397,1.4414664
20050617,-0.739570196,1.732048264,1.209118571
20050620,-0.463046241,0.558548384,-0.994679604
20050621,-0.538697658,1.178798957,-0.860528795
20050622,-0.360230937,0.845341109,-0.216294244
20050623,-1.607047003,0.856339821,-2.004805618
20050624,-2.05807077,3.149956178,-2.648914439
20050627,-0.878371124,0.698428529,-1.447093036
20050628,1.143305137,0.705865824,1.219992257
20050629,-0.265806118,1.300604301,-0.341621133
20050630,-0.610922099,0.810000899,-0.725055647
20050701,-0.458190951,1.812834124,0.076569682
20050705,0.267430914,1.02010792,0.30569378
20050706,-0.804756211,0.909287401,-0.842916868
20050707,1.000778176,2.547186529,0.460653406
20050708,-0.036771466,1.676974204,4.053087593
20050711,0.615609404,1.141932354,1.858315455
20050712,0.181126657,1.193022629,-0.253027426
20050713,-0.400510275,0.937365345,-0.799422862
20050714,-0.362056876,0.77143411,0.582031472
20050715,-0.254037516,0.533571212,-0.181521197
20050718,0.616278913,0.679934455,0.543578073
20050719,0.678937752,1.242282615,1.470878536
20050720,1.98026273,1.20713653,1.694955831
20050721,-0.17436796,2.559121217,0.314630569
20050722,-0.522922579,1.314645029,-0.13971361
20050725,-0.87766054,1.736157234,-0.87766054
20050726,-0.282386351,2.594638339,-0.247131635
20050727,-0.638073771,1.120087741,-0.602731837
20050728,1.408473988,1.329027788,1.692565088
20050729,-1.801214157,1.396486495,-1.906164315
20050801,-0.927915295,1.725716068,-0.607687303
20050802,2.499690088,1.783938033,3.071733121
20050803,-0.208768343,1.469060875,-0.174003872
20050804,-1.763714149,1.593019486,-2.147591779
20050805,-0.896866998,0.915410058,-1.253373615
20050808,-1.52026969,1.239871145,1.146555018
20050809,0.770581746,0.99723056,2.080103203
20050810,-0.518583703,1.18843694,0.660757055
20050811,0,2.301019517,3.206277377
20050812,-0.736774934,1.150164377,-0.134363473
20050815,-1.797572567,1.691887996,-1.797572567
20050816,-1.654069413,1.345960338,-1.517270486
20050817,-1.608426283,1.328280224,-1.434845264
20050818,-0.816331064,0.976630632,-1.098717415
20050819,-0.497160115,0.917459788,0.106856644
20050822,0.282585847,1.502462171,0.921338906
20050823,-2.637358848,1.14646787,-2.355569299
20050824,-1.089335391,1.104488838,-1.089335391
20050825,-0.072780207,1.448957964,0.291651683
20050826,-1.020417017,1.048337203,-0.620779792
20050829,1.133674603,1.738720248,0.729930248
20050830,-0.955187277,2.267527146,-1.502134858
20050831,-0.557104505,1.917267111,-0.889883514
20050901,1.220655067,2.115273782,1.295115235
20050902,-1.657191304,2.076713667,-0.997606648
20050906,0.111379258,1.733335402,0.074239053
20050907,-1.608413204,1.441937641,-1.608413204
20050908,-0.528502551,1.547810285,-0.377786622
20050909,0.824283423,0.755531951,1.428058842
20050912,0.964041578,3.519210815,1.113184037
20050913,-1.186957556,0.942702655,-1.113184037
20050914,-1.161279205,2.044256823,-0.974885861
20050915,-1.167841489,2.038198112,-0.566787839
20050916,0.639220075,1.996814274,1.092907053
20050919,-1.582549983,1.805560233,-1.320524754
20050920,-1.177601453,1.539963723,-0.609525697
20050921,-0.344366133,1.499598475,-0.306161739
20050922,-1.093745913,1.599946495,-0.673014751
20050923,1.526747213,6.178096111,-5.941948296
20050926,-0.823049914,3.672016131,-0.904983552
20050927,-1.365632645,1.374094382,-0.829880281
20050928,-0.083125524,0.607829887,0.20811662
20050929,1.525488251,2.041562456,1.608613775
20050930,-0.040924903,0.624518699,-0.040924903
20051003,-2.278002833,1.850665749,-2.318944492
20051004,-1.864460788,2.180582137,-2.074148431
20051005,-1.682161727,2.011143306,-1.682161727
20051006,-0.478990683,2.210483159,-0.348584231
20051007,-0.13006722,2.057092174,0.609227298
20051010,-1.485392099,3.418087959,-1.442017559
20051011,-2.3347364,5.17676072,0.614306451
20051012,-1.093385045,2.68399737,-0.526317004
20051013,-0.926954331,2.59531333,-0.839042237
20051014,1.446442049,2.620161042,1.888920647
20051017,0.735774797,2.149908524,0.909687885
20051018,-0.214546317,2.258217074,0.38734716
20051019,1.872395127,2.893988009,1.872395127
20051020,-2.0348307,3.728491237,-1.572159001
20051021,-0.852520082,2.80624203,0.042817385
20051024,2.4911569,2.013780598,2.619499164
20051025,-0.587989934,2.123459384,-1.005876042
20051026,0.503990987,2.933893465,0.546105117
20051027,-0.460540902,2.590999024,-0.167714924
20051028,-0.20811662,2.349134576,0.710853924
20051031,1.158473858,1.142419903,1.283395798
20051101,1.062969943,2.235201831,1.14520679
20051102,1.87378191,1.629229248,0.769701997
20051103,1.24175439,2.604836006,1.36274654
20051104,0.159109023,2.846952621,0.159109023
20051107,1.788539122,2.126247295,3.091617778
20051108,0.889238413,1.039957721,0.115540163
20051109,0.881400609,2.703276974,0.881400609
20051110,0.228310601,2.098019637,0.380807772
20051111,1.54807698,1.104495895,1.433986836
20051114,-0.300075244,1.510197712,-0.262615045
20051115,-1.362625171,1.274409249,-1.437784889
20051116,0.095011884,1.309177068,0.323409394
20051117,0.037871616,1.135975568,0.322366829
20051118,-1.690816159,2.473097287,-0.075757579
20051121,1.393882052,0.874530531,1.280137964
20051122,0,1.205072427,-0.112296474
20051123,0.820593937,1.125973215,0.820593937
20051128,0.653834512,1.22655185,1.055514804
20051129,0.864870256,1.337302663,0.901069351
20051130,-1.6825363,2.457703718,-1.6825363
20051201,1.821153706,1.302641084,3.072189876
20051202,-0.195573002,1.506804939,-0.585575269
20051205,-0.392227281,1.029589641,-0.374432104
20051206,0.035429584,1.313784897,0.853793874
20051207,1.198041109,2.316714583,1.127169384
20051208,-0.666786117,1.765560907,-0.526779093
20051209,-1.586495465,1.979522434,-0.919709348
20051212,-0.248977543,1.261871592,-0.213447253
20051213,1.875165505,2.696253454,1.589858607
20051214,0.246002584,2.665065471,-0.140301672
20051215,-0.916790624,1.355720199,-0.916790624
20051216,-0.599543323,1.006940364,0.141592944
20051219,1.270306426,1.323339495,0.880442384
20051220,-0.546208741,2.234113921,-0.77437909
20051221,1.951961592,1.123286393,2.339900713
20051222,1.165594273,1.144823482,1.269096093
20051223,0.544774926,1.187898345,0.374213738
20051227,-0.648134624,1.612153593,-0.784050378
20051228,1.461865231,1.462310094,1.393395526
20051229,0.98255915,1.703083318,0.101197512
20051230,0.304929933,1.018185541,-0.337724063
20060103,1.142485545,1.660363121,1.243922578
20060104,0.767309853,2.374068146,0.533156878
20060105,1.361921067,1.918494563,0.728480043
20060106,-0.363576669,1.128104135,-0.363576669
20060109,1.216920132,1.786420666,1.283123378
20060110,3.792250342,4.966322112,-3.425106208
20060111,-1.293855299,2.015282461,-1.293855299
20060112,0.034680077,1.559565149,-1.172023068
20060113,0.796541008,1.125123328,0.518763052
20060117,0.757840348,1.092841694,0.516085783
20060118,-0.619836695,1.070991539,-0.654159675
20060119,1.469860679,1.290813908,1.780259273
20060120,-2.841197444,3.029966716,-2.299740961
20060123,0.998458975,1.901659051,1.345079772
20060124,0.409976659,2.68195378,0.478469812
20060125,0.911091168,1.733544808,1.489029204
20060126,2.599258027,2.731394331,3.368878691
20060127,1.821896423,2.050632482,1.626837844
20060130,-2.265469056,1.389773787,-2.409365476
20060131,1.888962841,3.82060881,3.157478794
20060201,-1.086272662,2.769761195,-1.27674891
20060202,-1.070222636,3.994799568,-1.488700633
20060203,0,3.104846998,-0.293877763
20060206,2.371652662,4.064588476,4.53897023
20060207,-3.655261527,3.984717881,-3.530339587
20060208,-0.512493114,3.381704251,0.806065948
20060209,-0.673835375,2.884502445,-0.257234869
20060210,-0.420372486,4.161178437,-0.645997079
20060213,-2.029861805,3.815877216,-2.046065321
20060214,2.354567733,3.370268457,3.685182848
20060215,-1.956130996,4.895867947,-1.574329705
20060216,-1.503787736,2.731417547,-1.698277263
20060217,-0.6888661,1.218682561,0.065854464
20060221,-1.053681135,1.899512392,-0.561150177
20060222,0.297766969,1.348020124,0.198412764
20060223,-0.662254076,1.08582326,-0.563195128
20060224,-0.331235811,1.272351588,0.132802144
20060227,-2.144854341,2.554221759,-2.078519347
20060228,-0.950771169,4.302335248,-0.713924501
20060301,0.746778759,2.073904905,0.883157914
20060302,1.684675962,2.051639289,1.2100988
20060303,2.432237172,2.546762558,1.49231753
20060306,-1.796455498,2.852110315,-1.961173044
20060307,-1.98261175,3.450964257,-1.949049072
20060308,-0.726772536,3.86778265,-1.465417138
20060309,-0.606324941,3.006197303,-0.052115002
20060310,1.430195826,3.748518425,1.551755275
20060313,-0.838256555,2.730262955,-0.411452663
20060314,1.702458551,2.134542966,1.753982812
20060315,1.177077656,2.123690203,0.97430638
20060316,0.46449984,2.918007631,0.998012276
20060317,-1.123607327,1.13019825,-0.398010476
20060320,-1.266261504,2.166561851,-0.901358131
20060321,-1.567323395,2.312556898,-2.375408601
20060322,1.232892329,2.970519412,0.888894742
20060323,0.440454719,3.447616955,0.678428654
20060324,1.145565088,2.134957723,0.908638256
20060327,0.727516436,2.174606881,1.661167767
20060328,-0.429539732,2.914890487,-0.495459312
20060329,1.474228174,2.272598755,1.804806987
20060330,-0.777457755,3.068617299,0
20060331,-0.587469052,2.832869134,-0.652530863
20060403,0.356969388,3.240080087,1.04201529
20060404,0.129575658,1.887574354,0.064766842
20060405,1.896924656,2.986395755,2.477946304
20060406,1.125715452,2.404842995,1.551147434
20060407,-0.276710399,4.439458002,0.990107098
20060410,0.458926918,2.209419172,0.858374369
20060411,-3.258180663,3.721722522,4.067546364
20060412,0.618467588,2.604128619,-0.176004739
20060413,-0.827427889,2.807630534,-1.062583788
20060417,0.486117183,1.21159068,0.959771118
20060418,1.404638258,2.369983613,3.195991774
20060419,0.11435107,1.977172276,-0.370740479
20060420,-0.559341724,3.179500222,-0.673692794
20060421,0.823049914,1.924067524,1.753555518
20060424,0.919839501,1.672565718,0.324515276
20060425,-2.252981806,2.885924974,-1.090585131
20060426,-1.294010235,2.072894591,-0.499679818
20060427,-3.109364172,5.883507463,-4.478360263
20060428,0.891536366,2.047246312,1.175521311
20060501,-0.40995665,2.11242321,0.824989947
20060502,0.116618089,2.827316317,0.701757266
20060503,-0.73801073,3.520961302,-1.67478573
20060504,2.199179672,1.56519271,2.139902848
20060505,1.520614582,1.555000855,1.839132297
20060508,1.662397716,1.837558703,2.724504989
20060509,1.543580813,1.516308176,1.293892793
20060510,-0.605895547,2.02749923,-0.989562775
20060511,-1.351558293,3.550198667,-0.526244117
20060512,-3.474435058,10.39986742,-3.44666885
20060515,0.539893333,8.11303867,-3.987628873
20060516,0.059506101,4.933659276,0.566742755
20060517,-3.906508324,7.368463776,-4.533095485
20060518,-3.574048115,4.670292267,-2.521406816
20060519,2.085383628,6.41582107,2.053460244
20060522,-0.768003775,8.581454281,-2.693872295
20060523,-2.717993053,6.654776006,-0.90352341
20060524,0.875918009,14.23245713,0.355929837
20060525,1.366619076,5.384780762,2.298951822
20060526,1.277077005,3.52110977,1.969121289
20060530,-2.446029757,4.660417271,-2.5389234
20060531,-0.031550718,3.452319659,0.601362787
20060601,2.705809608,4.031830059,2.800431915
20060602,-1.357659478,6.07695483,-0.107452616
20060605,-3.016251276,2.594182043,-3.771669961
20060606,-2.125683903,6.910207675,-2.03003588
20060607,-1.781049718,4.584022089,-2.20512473
20060608,0.868989426,18.15799149,0
20060609,-1.904194108,5.920400771,0.398539219
20060612,-1.204833852,6.943568421,-1.570100736
20060613,-2.322508764,13.11773111,-2.592232461
20060614,1.861233614,7.547793166,2.102821307
20060615,1.266261504,4.200709476,2.15889901
20060616,-0.398539219,3.108917309,-0.49792634
20060619,-3.367207545,7.080959161,-3.367207545
20060620,0.068563595,5.129037637,0.429295757
20060621,1.656282581,5.373295941,2.203105543
20060622,0.36746325,4.175617606,0.534939423
20060623,0.697561374,4.829848062,0.730900264
20060626,0.785601422,2.37953169,1.511198273
20060627,-0.917437628,3.307596673,-0.950048096
20060628,0.624078228,3.753278969,0.525280262
20060629,3.439829585,4.190120214,4.4821843
20060630,0.216483771,2.281709632,1.337292515
20060705,-0.7279377,4.162811729,-0.848747138
20060706,0.179802266,2.287538115,1.660415505
20060707,-0.208240444,2.939416427,0.537475167
20060710,-1.720600145,2.497785014,-0.477612848
20060711,-0.75259057,4.069268135,-5.063207489
20060712,0.062460964,2.826547169,0.815051534
20060713,-2.773086062,4.528282719,-3.462311848
20060714,-0.550074191,7.129552871,-0.388601525
20060717,-1.608965919,3.031930142,-1.999083449
20060718,0.032889328,5.169747073,0.659850629
20060719,1.232981227,5.136750266,1.953823142
20060720,-2.791184316,4.470830867,-3.211285112
20060721,-1.84414279,4.543968708,-1.611313814
20060724,0.168492036,5.029061566,0.506330196
20060725,1.308963143,5.015058004,0.971694695
20060726,-0.067136626,3.027058748,-0.702696551
20060727,-2.391088827,3.487913425,-1.488525454
20060728,-0.168152049,3.713840215,1.253191676
20060731,1.821912743,2.852375516,0.670918317
20060801,-2.429269257,2.540957777,-2.128818355
20060802,0.439561147,3.306006643,1.222011133
20060803,0.474255631,1.843815339,-0.168833402
20060804,-1.02599504,3.818547688,-0.050705655
20060807,0.204151143,2.627894908,-0.525469469
20060808,-1.402451582,2.601454481,-1.334493714
20060809,-1.068423053,3.00834605,-0.587322469
20060810,0.138600161,1.236774221,0.069276068
20060811,-2.447674643,1.389546773,-2.205585643
20060814,-2.303024727,3.263261163,-1.246676877
20060815,1.682199916,2.045705871,2.039982051
20060816,0.663526094,2.4042284,0.891536366
20060817,-0.350140414,1.440121245,-0.768697007
20060818,-0.946877143,1.694352404,-0.457023119
20060821,1.363895946,2.229083788,1.434343289
20060822,0.345185017,0.996360735,0.795714283
20060823,-0.517153368,1.21541425,-0.310612847
20060824,-1.039870722,0.954929782,-0.798199622
20060825,0.727780027,1.323185725,0.901844475
20060828,0.138792527,1.291904642,-0.41522551
20060829,-0.588746289,1.221042969,-0.173520779
20060830,-1.705872524,1.395466821,-1.082601808
20060831,0.140154193,1.310310268,0.280505093
20060901,0.86640639,1.670334521,1.459879942
20060905,-0.103680673,2.783498566,-0.20725396
20060906,-0.346740985,2.149109166,-0.450529267
20060907,0.485101436,2.231022978,0.485101436
20060908,-0.833917272,1.368240087,-0.937669659
20060911,-4.815878458,4.24845603,-5.375711971
20060912,0.87977107,2.634469567,0.87977107
20060913,1.873928709,1.792108766,2.201857588
20060914,-0.536962092,2.474817766,-0.536962092
20060915,-0.284192021,2.699097266,0.893341657
20060918,1.948688767,3.115745882,1.377870236
20060919,-0.958303696,2.307448894,-1.627202511
20060920,-1.151298919,1.428536194,-1.454897688
20060921,-0.397040767,2.055819061,0.054264268
20060922,-1.157336607,1.842577656,-0.580342579
20060925,-0.675000282,2.902559566,-0.638630033
20060926,1.418463499,2.446140255,1.363533534
20060927,0.795089118,2.719175975,0.324500014
20060928,0.035848719,1.483297866,0.43103515
20060929,0.178667191,1.424957528,0.393490044
20061002,-1.436806327,2.003387645,-1.329759037
20061003,-1.464154999,1.37733559,-1.899253583
20061004,-0.367918001,3.084017405,0.03686636
20061005,1.020045274,1.92028249,1.681326156
20061006,0.814852856,1.624027079,0.488114501
20061009,-0.249955495,3.085086599,0.879797398
20061010,0.035341934,2.955460014,1.172929744
20061011,0.860622711,3.977869602,-5.296849255
20061012,-1.568366726,1.434088807,-1.011055233
20061013,0.225309896,1.059153085,0.338155498
20061016,1.12371082,1.059303673,2.353922048
20061017,0.783888801,1.873411051,0.875438748
20061018,-1.054363521,1.178322983,-0.637582996
20061019,0.327094604,1.408040266,0.728335339
20061020,-0.761839346,0.953624161,-0.363504581
20061023,0.072806701,1.311641536,0.072806701
20061024,1.270203977,1.488214046,0.905639227
20061025,0.018035891,1.997088847,-0.018032639
20061026,-1.261050759,1.457404366,-0.524366087
20061027,2.539024288,3.180624861,2.647739646
20061030,-0.123707712,2.140559201,-0.159024682
20061031,2.204042341,2.979453025,2.186357312
20061101,-2.337451614,2.733720104,-1.992028128
20061102,0.651238771,2.694542121,0.598277343
20061103,0.017526948,3.575878703,0.105207795
20061106,0.29578099,1.566884162,0.872453623
20061107,0.208044458,2.483052961,0.312229222
20061108,-0.521105921,2.468640063,-0.555749954
20061109,0.813223618,1.829312245,1.056744351
20061110,-1.704092706,2.272008823,-1.755803472
20061113,0.475227507,1.781567543,-0.122839359
20061114,-0.386847678,2.221760047,-0.33418376
20061115,0.703237779,1.931915834,0.562194032
20061116,-1.072537754,1.639583279,-0.897498325
20061117,0.585367525,2.707344604,-0.053045709
20061120,-0.665152111,1.696107935,0.704972958
20061121,2.130135092,1.586387389,2.46326418
20061122,1.589963935,2.705315971,4.194542081
20061127,-1.741460142,2.867030609,-1.774028128
20061128,0.598605047,1.605938475,-0.033151003
20061129,2.238106979,1.610722253,2.585645599
20061130,0.949858224,0.996398415,0.820533926
20061201,-1.047805186,2.245458205,-1.127952661
20061204,0.886030766,1.644709409,1.031767979
20061205,-1.191065103,1.176879563,-0.950776641
20061206,-0.453515517,1.779043894,-0.259403518
20061207,0.227383564,1.606696857,0.064913991
20061208,1.1628038,1.168158249,1.032933651
20061211,-0.064432992,1.105035397,-0.353868795
20061212,-1.234182603,2.927183015,-1.39544695
20061213,-0.42588107,1.297544522,-0.458566149
20061214,0.619197025,1.670921684,1.045078094
20061215,-0.064412241,1.049172709,0.84115669
20061218,-1.871342543,1.534997014,-1.951916232
20061219,0.032835331,0.836561717,0.065681447
20061220,-1.555035471,0.959984572,-1.555035471
20061221,-2.144446887,1.632882572,-2.344713976
20061222,0.136798927,1.011965439,-0.11954574
20061226,0.443611033,1.171958559,0.375234962
20061227,1.644608304,1.198946527,2.255608169
20061228,-0.099983344,1.650089034,-0.166583414
20061229,0.367831881,0.843744444,-0.100083411
20070103,-2.027781546,1.919604464,-2.261699781
20070104,-0.889198745,1.470044434,-0.616440308
20070105,-1.244399051,1.425373567,-1.244399051
20070108,-1.358669219,1.833690218,-0.838286432
20070109,-0.734397426,3.691881942,-0.070175441
20070110,1.953806828,4.328680151,5.944704522
20070111,0.95662943,2.156491222,0.741415374
20070112,2.44535037,2.840521971,1.239820123
20070116,-0.716848948,1.917783826,-0.846634819
20070117,0.508656442,1.845555323,-0.098151488
20070118,-0.855549806,2.89511466,-0.953797726
20070119,2.649589569,2.879810925,3.570648712
20070122,-1.68605871,1.807536739,-0.60771017
20070123,1.211749521,1.851946518,1.211749521
20070124,-0.313972,0.785291583,0.78927008
20070125,-1.574835697,1.338569789,-0.947874395
20070126,1.428932219,2.930097822,1.793346787
20070129,-0.814540844,1.429615621,-0.876923878
20070130,0.310173946,1.654346746,1.560580985
20070131,0.963488417,1.577559485,0.123800697
20070201,0.750099192,1.040708756,1.397550198
20070202,-0.920251893,1.753942092,-1.027065057
20070205,0.092265115,1.388751817,0.246229734
20070206,0.305343749,0.740518158,0.82657749
20070207,-2.278423683,0.90384477,-2.126100729
20070208,0.985836696,1.702150078,1.575808909
20070209,-0.688655258,1.40287047,-0.184105606
20070212,0.533334598,1.627691894,1.038811664
20070213,0.200200267,6.713817069,6.187540372
20070214,-0.31814922,1.603018487,-1.380919527
20070215,0.723696891,2.394940347,0.433589348
20070216,-0.258138678,1.327111583,0.431717464
20070220,0.201178398,1.997781041,0.028715004
20070221,1.576641517,1.511099369,0.942998844
20070222,-0.80252652,1.813721501,-1.172950081
20070223,0.744349271,2.581021987,0.888130748
20070226,0.765852559,1.876530847,0.936841486
20070227,-1.23422078,7.617794447,-4.537695089
20070228,0.420042622,9.270918327,-1.249644349
20070301,1.606825537,12.5676286,-0.450113288
20070302,-1.020494729,3.810683054,-1.790367956
20070305,-1.329702814,5.403859596,-2.82583622
20070306,0.46475684,2.562372846,1.872129561
20070307,-0.477327875,2.304481635,0.139006896
20070308,-0.261277333,2.07286129,0.292825978
20070309,0.694761894,1.911712108,2.22197545
20070312,1.492227554,2.722235807,0.600241898
20070313,-1.545251168,2.825518973,-2.025156109
20070314,0.873631102,4.298691087,1.785491524
20070315,1.203491236,3.190116939,1.532882161
20070316,-1.35026905,2.694391346,-1.143718371
20070319,0.917030535,1.075312921,1.453384622
20070320,0.308937355,0.948411278,0.235294226
20070321,0.667311737,2.151341151,-0.618832091
20070322,-0.827427889,1.761948249,-0.385014543
20070323,1.80078667,1.562494503,1.414284033
20070326,0.263581936,2.207279537,0.029252596
20070327,-0.44020614,1.859299819,-0.557267904
20070328,-1.362580323,2.196537226,-1.391996414
20070329,-0.518404479,1.575699067,0.416667269
20070330,0.591717703,1.691404919,0.680778121
20070402,-0.029455081,1.067841565,0.132655337
20070403,1.715906576,1.961632589,2.142158416
20070404,-0.289435803,1.036270616,-0.520382788
20070405,0.028939372,1.337189135,0.17376199
20070409,0.157921216,1.253969159,0.8499655
20070410,-0.128838326,1.495806501,0.143348648
20070411,-1.722963113,2.291565069,0.557104505
20070412,-0.028502209,0.979728376,-0.056996297
20070413,0.142511069,1.00432039,0.085482268
20070416,-0.9689446,0.706958632,-0.542625921
20070417,-0.473900506,1.145789528,-0.531190683
20070418,-0.636760473,1.237041407,-0.852914459
20070419,0.569802111,2.213002834,-0.349040494
20070420,-0.954730238,1.545274821,0.232828976
20070423,-0.772992983,1.019750219,-0.729397836
20070424,-0.293255342,1.424370862,-0.293255342
20070425,-0.028007282,4.375168616,4.732065619
20070426,0.251783599,1.989715375,0.251783599
20070427,1.368927649,1.468625138,0.696090796
20070430,-0.729725382,1.251127476,-1.509673626
20070501,-2.585738605,1.723581258,-2.164093567
20070502,-0.028673835,1.084256297,0.373509987
20070503,0.271138232,1.159224026,0.614682802
20070504,1.468538111,1.493406591,1.653631067
20070507,3.804950403,9.318514526,7.816477285
20070508,3.058185132,6.745520449,2.40790322
20070509,-0.07750937,3.336662871,-2.097263571
20070510,-1.160350572,3.726169286,-2.592107426
20070511,0.84410947,2.25476439,0.976647594
20070514,0.785344351,2.176129482,0.732795742
20070515,2.031179228,1.918846343,2.421550576
20070516,-0.178959526,1.522704712,-0.53592064
20070517,1.311915922,1.585536416,0.127860905
20070518,1.164570124,1.299208136,1.52171336
20070521,-1.350855256,1.242009273,-1.931445048
20070522,-1.098771755,1.104891712,-0.128386203
20070523,0.908361873,3.333499425,3.645481553
20070524,0.398903546,4.697619177,-0.434486439
20070525,1.975372874,1.64863018,1.751185459
20070529,-1.035767583,1.176504311,-1.378653052
20070530,3.679881805,2.378668121,2.206512662
20070531,0.024245363,0.735197814,0.024245363
20070601,0.012069278,0.776503733,0.435414331
20070604,-0.341130935,0.949997981,-1.116516453
20070605,0.024633576,1.99988395,-0.907202495
20070606,-1.420938777,2.052937934,-1.914766941
20070607,-1.403979667,3.35044515,-2.362614657
20070608,1.767032566,3.652298257,1.985303179
20070611,-1.06437903,2.015151559,-1.089583819
20070612,0.881513214,3.818011865,0.152749521
20070613,1.231895128,2.214584811,2.809314422
20070614,1.888005081,2.048292622,1.813775213
20070615,0.445703322,1.577746411,1.039033149
20070618,-0.190430907,3.580197467,0.885491008
20070619,-0.934922308,1.86324823,-1.077983849
20070620,-1.553094203,3.047226187,-3.106523499
20070621,-0.074469409,2.010550762,0.0496771
20070622,-0.423993652,2.560427975,-0.647735199
20070625,-1.435250622,2.344975931,-1.460247498
20070626,-1.817533714,2.759426153,-1.84289833
20070627,1.641181761,2.886138919,0.772005893
20070628,0.72811205,3.474688353,0.702474311
20070629,2.222036248,4.362495473,3.045920748
20070702,0.953902305,4.198614102,1.421941095
20070705,-0.16914345,2.898934306,-0.362100577
20070706,0.288461738,1.380716207,0.746901436
20070709,1.976019538,1.368513309,1.80785133
20070710,-2.159039974,3.442515219,-1.72387316
20070711,0.532325147,1.870232866,1.62953353
20070712,1.531831485,6.052757936,6.861526363
20070713,0.77367775,3.794902418,4.248617411
20070716,-1.904819497,4.892386601,-1.189478765
20070717,-0.235571369,2.684705295,-0.342466088
20070718,0.864870256,3.302085696,-0.408207678
20070719,-4.841598269,19.68551135,-4.176431134
20070720,-2.636255821,4.369589619,-3.424992304
20070723,0.449014107,4.977485123,-1.497804739
20070724,-1.872354265,3.268995867,-2.724833972
20070725,-1.93570041,6.751720253,-0.827255326
20070726,-5.270112452,12.78834734,-7.493524202
20070727,-1.919953051,13.84605636,-1.525734406
20070730,0.934647757,5.368511066,2.011714216
20070731,-1.300746747,5.117120279,0.078585466
20070801,-0.184331849,16.89577118,-0.656773673
20070802,0.211416569,6.263421356,-0.158269619
20070803,-3.392916035,5.477951619,-4.481181586
20070806,-2.355005636,13.33304361,-1.530145308
20070807,2.870214358,8.502576645,2.519164359
20070808,0.701378651,5.534259567,1.680711832
20070809,-2.007875597,12.19972492,-4.67760648
20070810,-1.343453106,21.46299734,-2.135312447
20070813,0.070417579,6.170431441,2.177557044
20070814,-2.911866507,6.203486855,-1.861510236
20070815,-3.150785722,10.44240437,-3.265596297
20070816,-4.577669123,40.52378231,-5.890337136
20070817,1.439091714,12.88424916,4.412367409
20070820,2.04765201,7.027431717,3.094938662
20070821,1.174692646,4.479082303,1.130938544
20070822,2.13471657,6.978515663,4.344830054
20070823,-2.214316877,5.736469434,-1.362078042
20070824,2.512209412,3.018243198,2.624097535
20070827,0.732008149,3.611738372,0.922665976
20070828,-3.211954942,5.721927596,-4.517030562
20070829,1.636879383,4.177160669,2.663106144
20070830,0.24968802,4.735390512,-0.690324431
20070831,-1.010523415,2.66599588,0.937679237
20070904,0.495050516,2.838900591,0.054884743
20070905,-0.833508959,3.378018032,-0.027438606
20070906,-0.655919269,3.117806871,0.082293243
20070907,-2.767756452,5.529744618,-4.343027385
20070910,-2.898753687,6.130736188,-2.669920636
20070911,0.131665588,3.127711182,0.586511945
20070912,-1.590139512,2.960599479,-1.502458665
20070913,1.520052652,3.217576446,2.288832311
20070914,3.717153211,5.737072054,2.916158613
20070917,-0.551355041,3.392821053,-0.621822241
20070918,4.006614085,4.188452118,4.572066539
20070919,0.067001678,4.553130228,1.090993379
20070920,-0.107296148,3.315987737,-0.174297825
20070921,-0.80021766,1.709517647,0.214477294
20070924,-1.50217417,3.249779758,-0.914722547
20070925,0.813232999,2.345705088,0.108049713
20070926,2.82303406,3.378558525,3.710017432
20070927,0.798047742,4.448306739,1.446306203
20070928,0.461539281,3.028631727,0.230503368
20071001,0.422184469,1.586606669,0.191681101
20071002,-0.667011195,3.084924176,-0.807541401
20071003,-2.774320827,3.037902213,-3.057862711
20071004,-0.424066366,2.732461655,-0.079649546
20071005,0.945419203,2.089812432,2.982952721
20071008,-0.909215252,2.942870708,-1.219052835
20071009,2.163760119,3.886711104,3.563109204
20071010,-3.303985408,8.657913368,-2.576344511
20071011,-2.692370755,7.828451998,-1.536288515
20071012,-0.784317746,4.380766614,-0.026243275
20071015,-0.67708592,4.590347852,0.44520173
20071016,-2.506263913,2.71640139,-2.741712028
20071017,0.60758343,3.718703294,1.954719508
20071018,0.915757315,3.200479489,1.113086854
20071019,-1.91564085,3.662454012,-2.398638983
20071022,2.74137027,7.198104138,0.624960481
20071023,0.99764545,3.526274869,1.473710882
20071024,0.591057083,4.278648465,-0.261574829
20071025,0.903798149,2.754151016,0.431232292
20071026,2.052933274,2.465211861,2.637996374
20071029,2.458728976,2.997199015,2.458728976
20071030,-1.740051468,2.177321557,-2.611245528
20071031,0.760459939,3.450241345,0.735017883
20071101,-2.727087581,4.164648042,-4.176941288
20071102,1.016825343,2.242229088,1.489639463
20071105,-0.316539436,3.551610705,-1.832512013
20071106,0.859268404,2.89212369,1.884379234
20071107,-1.803762432,3.844156886,-3.187415886
20071108,-4.270880753,11.66236236,0.905948109
20071109,-0.926616447,8.372338831,-1.71218736
20071112,-3.344609996,10.2723908,-3.263692931
20071113,1.759737464,3.859844657,2.260294682
20071114,-0.623392722,3.919718811,0.244998081
20071115,-0.589648606,5.759406169,-1.162247307
20071116,-0.700985621,8.423244899,-0.28923648
20071119,-2.377881999,7.202129471,-3.181099169
20071120,0.767376226,9.258671815,0.582098612
20071121,0.669852145,6.772784293,-0.340329313
20071126,-1.930233076,5.454624771,-0.742436306
20071127,0.199914389,6.53162203,0.457535828
20071128,2.316921505,2.537535211,3.338786769
20071129,1.128090103,6.674393434,0.851770502
20071130,-1.44712423,3.96403537,-0.521191689
20071203,-2.585272544,4.570236381,-2.365492235
20071204,0.014183391,3.110178421,-0.720698378
20071205,0.50704334,1.779491658,0.945733635
20071206,1.00897717,1.968127581,0.755776865
20071207,2.222008851,3.01853339,2.750448406
20071210,2.29588301,1.906310285,2.756027279
20071211,-4.690365741,4.039172293,-4.756367987
20071212,-0.108489297,5.113797729,1.973207348
20071213,0.220507256,5.551756881,-1.44870649
20071214,-2.163309536,5.071492962,-3.103842057
20071217,-2.962749378,4.308466014,-3.732532224
20071218,0.378953959,6.208100683,1.317927994
20071219,0.407332539,4.458646341,0.20345887
20071220,1.683589488,2.835512887,2.579678733
20071221,1.856266072,1.999858984,3.037714413
20071226,1.290340484,1.270956867,1.155150521
20071227,-0.820393277,0.875277156,-1.114629146
20071228,-1.147653182,1.814854213,-0.555218435
20071231,-0.382618668,2.005305375,-0.818112008
20080102,-0.85364693,1.825353721,-0.99065202
20080103,-0.35847274,1.973476597,0.110558331
20080104,-2.828242809,5.865113143,-3.771907874
20080107,-5.526755369,13.77822233,-5.226003263
20080108,-7.2538403,7.217277768,-6.606101348
20080109,0.64205678,9.110277634,0.90003822
20080110,-0.508421813,5.708833038,0.446999467
20080111,1.988137055,5.297977481,1.140335448
20080114,2.368248464,3.780041826,3.557993243
20080115,-3.374117961,5.705624538,-5.369579414
20080116,-1.297876752,10.7098757,-1.81234734
20080117,-6.924808895,10.47365445,-6.371151724
20080118,-0.701997575,13.03883144,1.279630119
20080122,4.962341075,22.37641467,-0.984208929
20080123,4.055081969,27.67185142,1.293009998
20080124,5.473504914,14.37529185,5.336377707
20080125,-1.601328192,9.002112557,-0.406802286
20080128,2.902961468,8.745000464,2.543601394
20080129,2.82583622,7.743734527,3.759313452
20080130,-0.091785229,9.608263011,0.030613807
20080131,2.57524961,7.061674861,1.126172304
20080201,2.243305406,9.611687706,3.625954424
20080204,-2.032590301,5.148947248,-0.497440675
20080205,-1.907126063,6.430015114,-4.101757442
20080206,-1.014300997,5.092460238,-1.07544438
20080207,2.408267052,10.40123347,1.258650538
20080208,3.7432683,6.617426051,2.9161844
20080211,0.708176462,4.916107314,0.76741817
20080212,-2.741512889,3.677974438,-1.630390346
20080213,4.552788556,8.161909978,5.918200092
20080214,-1.683541446,6.146974863,-0.451722959
20080215,1.409267968,3.984519342,1.097520514
20080219,-0.303909614,3.582404714,1.140961313
20080220,3.313389794,3.67485114,1.864089064
20080221,-1.340099366,4.162718573,-1.367262207
20080222,0.383772401,4.183546665,0.631263246
20080225,5.696149636,5.365466682,6.051195755
20080226,-0.142847891,4.679740341,-0.918446402
20080227,2.857337244,4.798586984,1.483419656
20080228,1.740295291,3.201783553,0.191877257
20080229,-3.920517929,3.89279051,-5.206709294
20080303,3.035959289,9.234870631,3.049420956
20080304,0.052617733,6.870139853,-0.707642843
20080305,1.247093325,4.101639812,1.850215647
20080306,-1.294013915,5.63458297,-0.881748451
20080307,-2.601750851,5.608378137,-4.747558188
20080310,-1.970370391,4.423288531,-2.573111942
20080311,3.327578515,4.579996095,5.599773803
20080312,-0.238126849,3.484908189,0.039742996
20080313,3.023532183,5.277388742,1.824317279
20080314,-1.010240427,12.70210662,-0.091080613
20080317,-0.134825422,11.61331731,-3.57796215
20080318,2.14724144,8.87069218,4.071405561
20080319,-8.094879796,6.817875502,-7.978367387
20080320,-2.192882973,12.09060678,-2.586473585
20080324,0.057142859,2.723620416,0.802986821
20080325,1.111200688,3.557219156,2.077666425
20080326,0.472419942,2.579017325,0.90510957
20080327,-3.08657896,4.00252916,-1.846722879
20080328,1.576813525,4.736460416,1.971402538
20080331,0.431065119,4.786810758,-0.221760313
20080401,0.191964957,3.149887914,1.282157221
20080402,-0.054809538,2.864429825,-0.054809538
20080403,5.812094399,10.26547087,5.441342172
20080404,0.282812889,4.356886079,1.110118539
20080407,-4.918384246,5.674548651,-3.820454157
20080408,1.109468829,8.619186902,-0.88413168
20080409,-0.567799281,4.00246727,-0.756351526
20080410,-1.047129987,6.430244126,-2.137653335
20080411,-1.918794761,3.741982524,-2.809173487
20080414,-3.177634057,3.343090754,-3.434373607
20080415,1.650536963,4.080113879,2.633453994
20080416,2.025955618,2.480858917,3.054536115
20080417,-0.741728962,5.195346012,-0.853211694
20080418,0.276014528,3.258524255,1.906144669
20080421,0.3456145,2.583902698,-0.137912034
20080422,-1.444870927,3.43170504,-1.389683287
20080423,-0.830698195,3.044378919,-1.026804155
20080424,-1.455297478,4.130865179,-1.639264132
20080425,1.936319419,5.641468445,2.638076684
20080428,0.71503985,3.591880535,0.195776877
20080429,-2.308781475,3.022366832,-3.150537287
20080430,0.66368733,4.227151309,0.259179411
20080501,0.941694753,7.046619481,-0.273597982
20080502,3.435989934,6.007126767,4.082776235
20080505,2.109378306,3.132705552,2.109378306
20080506,1.352088467,2.45183766,2.898753687
20080507,0.367840667,4.831854178,0.407332539
20080508,1.55199655,3.082967003,3.808023776
20080509,-1.729442901,4.008092411,-1.603291755
20080512,6.089538401,4.586126114,6.396915693
20080513,1.77292617,4.658635305,1.326739117
20080514,-1.230784767,3.836479812,-0.285374748
20080515,1.343567648,3.335305875,1.700159016
20080516,0.359816998,3.233115251,1.036520082
20080519,3.496300364,3.531036492,3.136483366
20080520,-1.103205857,7.925005912,-2.87035651
20080521,-4.089876701,3.299250234,-3.743815679
20080522,-0.415496137,6.210405824,-2.060429211
20080523,-1.25943139,4.699712684,-1.455557954
20080527,0.54617812,3.95849536,0.372070378
20080528,2.620982603,2.7295456,2.843562143
20080529,-2.440192196,5.036706759,-3.116278315
20080530,-0.528939052,2.660454997,0.643407317
20080602,0.988883213,3.142976805,0.270969497
20080603,-2.173727062,4.538929385,-2.642227488
20080604,-1.327227242,5.118287371,-1.70683038
20080605,1.660415505,3.610341799,2.936919946
20080606,-1.667547483,5.775972667,-2.092601255
20080609,4.515330113,5.748520176,7.080863176
20080610,2.27497963,14.52925133,1.297035044
20080611,-5.809121018,8.379743093,-8.276039286
20080612,-3.712301679,8.227833417,-3.839641567
20080613,3.755522308,5.609975391,4.309394224
20080616,-0.226900387,4.157777935,0.366648113
20080617,-0.909901387,3.395431138,-0.594900812
20080618,-0.38221476,3.270084724,-0.547388548
20080619,-1.523258699,3.850268444,-0.204446787
20080620,-3.342856332,4.397143317,-4.526606644
20080623,0.6114601,3.525088525,0.985492062
20080624,-2.76404538,5.331848407,-2.143130511
20080625,-0.351304239,5.191976935,0.027074591
20080626,-3.202278356,5.242917331,-4.427950788
20080627,0.198497159,5.810400752,-0.113250295
20080630,0.54848601,4.064565502,0.986618292
20080701,-2.467136034,10.07409101,-3.482086951
20080702,-7.908310679,8.320339302,-7.069549435
20080707,1.450176471,12.89315403,1.693930401
20080708,-2.350894406,17.37479964,-2.952580938
20080709,-7.637297878,14.44540897,-2.724452211
20080710,6.691058971,15.54979111,9.415511182
20080711,2.101653536,16.96110079,0.02888921
20080714,-1.349739891,6.900009428,0.962997022
20080715,-0.751231502,7.89670678,-1.368207417
20080716,0.417657408,6.674889802,0.895054337
20080717,-1.659240768,10.70141921,-2.975715477
20080718,0.713015498,7.48989498,0.029607698
20080721,-0.235363451,5.247511584,0.501994263
20080722,-0.675976123,4.995276603,-0.117889787
20080723,-2.521459165,4.445697103,-3.633487823
20080724,-4.132043212,6.559793495,-4.407652022
20080725,0.884961528,5.273685482,1.553860343
20080728,2.794345116,12.72415734,2.731392643
20080729,1.509690509,2.43533377,2.150620522
20080730,3.883556382,5.681801989,4.152896661
20080731,-2.819145289,4.501109081,-3.020584206
20080801,-4.783421554,6.11436798,-4.872349972
20080804,-3.150240713,4.496449872,-3.337069352
20080805,2.096646053,6.942255321,2.289448169
20080806,1.030454083,4.326739522,1.187513955
20080807,-0.594774018,3.859897321,-1.061846329
20080808,0.854841362,4.637163002,-0.408998525
20080811,-0.95633499,4.493946819,-1.588848168
20080812,-0.692044284,6.93052042,-0.836286637
20080813,3.953083876,5.522427125,4.082199452
20080814,-0.344665859,5.737865924,-1.216673876
20080815,-0.407715791,3.853949413,-0.125628157
20080818,-2.553465194,4.514922556,-2.208366812
20080819,0.048219884,4.002097546,-0.032133676
20080820,1.525291726,3.629430251,1.894207053
20080821,1.631152853,3.382176912,1.346927176
20080822,1.437524755,3.575056682,0.279633552
20080825,-2.170920557,3.447333734,-2.481672827
20080826,0.412110268,2.714515169,0.539255867
20080827,1.222777424,3.305418958,1.507092889
20080828,-0.030897575,2.345204662,0.837863707
20080829,-0.868222508,2.024637778,-0.775558409
