20020102,-1.050177299,2.014177017,-1.113090167
20020103,0.331506105,8.048122071,-0.076345595
20020104,-0.984977583,1.061641509,-0.984977583
20020107,-1.102118125,1.715934409,-1.411117985
20020108,-1.56253179,1.196191385,-0.654024568
20020109,1.245475363,1.347904253,1.769036768
20020110,0.450596192,0.949970835,0.373206791
20020111,-0.320000273,0.970233533,0.192492841
20020114,-0.347647295,0.780363697,-0.604386846
20020115,1.612112703,0.762043388,1.612112703
20020116,-0.228397511,0.732837754,-0.088883251
20020117,0.617558204,0.394736798,1.099120407
20020118,-0.138269144,0.555792888,-0.113143516
20020122,-0.554996379,0.469372193,-0.554996379
20020123,-2.051353983,2.10437951,-2.380760084
20020124,0.1292825,0.804234337,0.258732356
20020125,1.303160175,0.777066036,0.7850243
20020128,-1.089787641,1.393108374,-1.745696365
20020129,-5.697532234,3.09006919,-5.125210172
20020130,-2.136892744,25.87280117,-2.123163081
20020131,2.915418965,4.111242567,3.892398125
20020201,-1.248489551,2.754279646,-1.22151356
20020204,-2.377734395,4.34126893,-3.586706394
20020205,-0.838966883,3.985599622,-0.881438746
20020206,0.709222831,2.257225371,1.022881486
20020207,1.916991611,9.254415665,0.493480029
20020208,0.868155208,3.224129367,4.05181509
20020211,0,1.130151526,0.148458088
20020212,-0.067590405,1.787232246,-0.270087943
20020213,3.794994962,3.469689556,4.132491063
20020214,0.051880676,2.37323202,0.064855051
20020215,-2.659731252,3.752927185,-3.859850013
20020219,-2.10677177,2.044206007,-1.904819497
20020220,1.118549379,3.99919959,1.25581776
20020221,-0.365322874,7.058996319,-3.703103412
20020222,0.512675575,3.833709674,-0.904983552
20020225,0.799611471,2.382460671,1.648272859
20020226,1.388911216,3.771372854,1.291057011
20020227,1.393274826,3.835557504,1.668757094
20020228,0.162359662,2.70344395,0.33854728
20020301,-0.040702802,4.398445684,-0.379250082
20020304,1.98026273,3.850000068,2.400061572
20020305,1.143173422,1.811112033,0.23818987
20020306,0.645631072,3.008419744,0.632413175
20020307,-1.992097749,3.25011904,-2.110370974
20020308,-0.654601229,1.85848622,0.080450527
20020311,-0.786871514,1.097952512,-1.607816841
20020312,1.595452128,1.873922254,0.678704926
20020313,0.352303887,0.843131392,0.013527224
20020314,1.035303365,0.849090331,1.116428302
20020315,0.399202127,0.302943237,0.719715222
20020318,-1.52266866,1.484670154,-1.336918308
20020319,-0.485372397,1.634773192,-0.418100279
20020320,-0.926942297,1.351459115,-1.319657271
20020321,-0.454577544,1.86182973,-0.811279802
20020322,0.485943337,1.089408729,-0.318053231
20020325,-2.031593516,1.899010405,-2.170193677
20020326,1.137732618,2.235662685,1.335696484
20020327,1.195621083,1.556828547,1.055858656
20020328,0.388943399,1.426448878,-0.318361401
20020401,-0.744019716,1.829668575,-1.621279398
20020402,1.381835094,2.132074462,1.635142294
20020403,-0.625219126,0.560558871,-0.542082084
20020404,2.002137986,1.903621153,1.932427283
20020405,1.164851313,1.515760063,1.506032128
20020408,0.877494662,1.659610318,0.188349309
20020409,0.827222863,1.480735696,1.149284333
20020410,-0.386641372,1.099854468,-0.532908269
20020411,-2.899146421,2.200043463,-2.859079642
20020412,0.886349295,2.567709071,1.243100497
20020415,-1.960712706,2.666065578,-1.974289517
20020416,-0.316434191,1.611556779,0.483459744
20020417,0.880578062,1.980547656,0.590782786
20020418,-1.284104631,3.329470266,-1.434903207
20020419,-2.153025987,1.131815805,-1.681653979
20020422,-1.282982673,6.333045472,-1.509355153
20020423,-2.41010504,3.709935476,-2.395758867
20020424,0.439883407,3.292461282,0.439883407
20020425,-0.757579381,7.075438146,0.043882104
20020426,-0.305254979,2.219994689,0.452324401
20020429,-0.043805214,2.2348945,-0.320793509
20020430,0.20269299,3.016470334,0.973774136
20020501,0.496983629,3.493503534,2.089671001
20020502,1.266552253,2.277104016,1.280715556
20020503,-0.859705105,1.906180514,-1.209919093
20020506,-1.497354179,1.249177237,-1.497354179
20020507,-2.934731382,5.535641539,-3.078512859
20020508,1.45630142,2.463757064,3.451380062
20020509,-1.09400832,1.594903835,-1.108323688
20020510,-1.091475581,1.710774737,-1.091475581
20020513,-0.21921821,1.88846562,0.014631648
20020514,-0.673797774,2.709237247,-0.454579564
20020515,-2.502565606,5.334536018,-3.195732602
20020516,4.175630753,3.364067906,4.175630753
20020517,1.665860208,1.222700448,1.301348614
20020520,-2.141846283,2.166542434,-2.487220062
20020521,-1.394060838,2.182965452,-1.394060838
20020522,1.212853205,1.101690572,1.57063534
20020523,0.175901541,1.605197797,0.381511835
20020524,-0.808530682,1.436413189,-0.779243817
20020528,-0.816937332,1.810518831,-1.038585003
20020529,0.104329691,1.697511206,0.119242822
20020530,0.56750451,1.89760865,0.029788502
20020531,-0.25348556,1.618096424,-0.25348556
20020603,-3.757953412,2.78214433,-3.772884356
20020604,0,4.443414118,0
20020605,0.292330387,0.505128267,0.910570378
20020606,-1.662432444,5.195931088,-1.954762832
20020607,3.063696946,3.334072145,1.754839659
20020610,-0.586783648,3.425991291,-0.602178922
20020611,-2.867860885,2.948769451,-2.620374293
20020612,1.633458653,4.708893178,2.030127162
20020613,-1.921924312,2.81668818,-2.077833293
20020614,2.387422957,8.278884008,2.451026076
20020617,4.443194247,3.931452434,6.562438179
20020618,0.07263747,5.601807416,0.087171297
20020619,-0.073019353,2.514852992,-0.597190618
20020620,-0.542563102,3.541901231,-0.644879855
20020621,-0.358316299,3.609160179,-1.70538722
20020624,1.424779222,5.277314465,1.484587836
20020625,-1.152665341,2.555166075,-0.858374369
20020626,0.513829149,6.061509427,-1.406998215
20020627,-0.433127404,4.555597883,0.705973642
20020628,1.635877612,2.561356158,2.366624284
20020701,-1.654884102,2.253533839,-1.903695061
20020702,-4.151341572,6.86017577,-2.672462209
20020703,0.229375435,5.051708458,0.183458238
20020708,-0.073838887,2.564905677,-0.073838887
20020709,-3.182974003,2.714882502,-3.212524831
20020710,-5.321483221,11.26677965,-4.940820409
20020711,2.54790853,12.27134044,1.920846422
20020712,-0.408677086,7.004739411,-0.173105716
20020715,1.366619076,8.550120067,-0.204966568
20020716,-3.085077572,11.58438702,-3.337922207
20020717,-2.323230149,12.13789033,-0.720605804
20020718,-6.068630135,17.64731032,-6.134397977
20020719,1.026194426,12.28222113,-0.719112105
20020722,-1.579026864,21.85365192,-1.579026864
20020723,-9.083566012,32.00413574,-8.994192515
20020724,8.561584587,53.4433723,4.34559712
20020725,1.349702078,41.89464368,-0.789923235
20020726,6.942045302,12.33575149,7.017545494
20020729,3.925279065,11.04832161,9.305130556
20020730,0.177005437,10.65061368,-0.240867238
20020731,2.318783905,8.900216046,2.719907587
20020801,-1.720234955,7.572554543,-1.728058151
20020802,-4.066261927,10.67113934,-4.193691062
20020805,-4.411232566,8.730552179,-4.394633678
20020806,3.287232086,5.657427397,5.006964925
20020807,-0.658161137,8.605801661,2.412504941
20020808,4.825668856,7.81781472,5.483829993
20020809,2.556678097,5.118681267,2.052282683
20020812,-0.760459939,4.577697605,-2.18959295
20020813,-4.60968896,7.644224089,-4.976774108
20020814,3.234270491,9.226871543,2.816196236
20020815,1.628574187,7.936110572,1.394290597
20020816,1.082763865,3.566169098,0
20020819,4.155347174,3.602213189,4.23224068
20020820,0.343155876,4.103951398,-0.992968514
20020821,-1.479737037,5.836902325,-1.0932344
20020822,1.914506576,5.108492418,1.627995033
20020823,-2.277796646,2.803135746,-2.946695461
20020826,0.65235762,2.875061896,0.896185842
20020827,-3.553015338,4.966066857,-2.619835778
20020828,-2.390552085,4.80828011,-3.828975886
20020829,2.442499101,6.264866218,0.93113532
20020830,0.719715222,6.163061767,0.271283977
20020903,-4.797514866,6.85764475,-5.116748976
20020904,0.433695425,5.963979224,0.768591921
20020905,-1.495100904,9.011591479,-2.80187105
20020906,1.356642818,5.023890712,1.613075132
20020909,3.660974561,6.534207605,3.035814124
20020910,-0.506992663,5.209187054,-0.343727321
20020912,-2.601881265,3.627902907,-2.979829295
20020913,-0.680274732,5.341545277,-0.984895039
20020916,0.340715832,2.682222048,0.340715832
20020917,-3.599273367,4.782039874,-1.16320162
20020918,1.942810183,3.76147558,1.044083083
20020919,-1.244399051,3.256122846,-2.116572173
20020920,-2.802284943,7.108661,-2.109041266
20020923,-1.07817756,6.226704654,-1.701787599
20020924,-1.379332213,6.989037304,-2.469261259
20020925,1.507338082,5.939159877,2.703854888
20020926,2.955018753,6.683152577,4.510983257
20020927,-4.255961442,5.292150394,-5.016947473
20020930,1.012433867,9.603880081,-1.092907053
20021001,5.928316802,7.564745743,6.385147199
20021002,-2.736052818,9.419496206,-3.425710723
20021003,-3.368170703,10.69460041,-2.977753171
20021004,-4.362640762,13.32720092,-3.523526025
20021007,-0.777328779,13.15349047,-0.304067129
20021008,3.518881579,17.65355262,4.484889659
20021009,-3.367951624,11.69619892,-4.465858353
20021010,5.681869665,15.16863109,5.281449643
20021011,5.551005506,14.08378456,7.517109946
20021014,-0.974116906,8.153698057,-2.535000736
20021015,3.772230493,6.359117868,9.479484869
20021016,-1.964575225,4.822222127,-2.40289778
20021017,1.070690654,4.826027023,3.598471372
20021018,-0.532666151,6.852692455,-1.759484861
20021021,0.8317035,4.846878177,0.51703993
20021022,0.441710767,2.431197181,-0.721458587
20021023,-0.474684436,5.358569599,-0.758417287
20021024,1.745190115,9.424974816,1.745190115
20021025,2.465432262,9.308627954,1.745892164
20021028,-1.786862083,3.937037591,-1.465736339
20021029,0.264447537,6.431747674,0.046616425
20021030,-0.98261728,6.513077595,-0.889449571
20021031,-2.277858689,6.430755686,-2.058663361
20021101,-0.95001117,3.372290779,-1.110139307
20021104,0.282841169,5.830833611,3.059024566
20021105,1.000393106,3.676892084,2.433662696
20021106,0.151975713,7.779308998,0.838739191
20021107,-2.449479317,4.062812223,-2.662310045
20021108,-0.046522448,2.222863578,0.544367158
20021111,-0.468750858,1.92625597,-0.966341684
20021112,-0.466926918,2.411561066,0.390778145
20021113,-0.109795321,6.442555971,-0.594587888
20021114,2.216498313,2.248157963,3.044822186
20021115,3.583860567,1.846360795,3.294204141
20021118,-1.948161844,2.539462981,-1.933433219
20021119,0.240276433,1.914644034,0.120066051
20021120,1.1661068,1.715036445,0.910793903
20021121,-0.876872677,2.175906949,-0.431966114
20021122,-2.187940918,2.212166015,-2.173014431
20021125,-0.551134279,2.577576233,-0.627441036
20021126,-3.143770469,3.783749249,-4.441687329
20021127,3.046718066,3.59718379,3.686617866
20021202,-3.675758374,5.209516837,-1.624793964
20021203,-1.156265357,2.097548853,-2.09671116
20021204,-0.319081317,4.080949451,-0.303151409
20021205,-2.420288927,3.321010742,-2.516212196
20021206,-0.494642394,3.028398715,-0.864025124
20021209,-1.08469983,3.009768242,-1.498779097
20021210,1.576142126,3.515197033,1.911150815
20021211,2.444949091,2.729716573,1.5354761
20021212,-1.519685672,3.610424829,-2.644483577
20021213,-1.700520816,2.463330327,-2.00057105
20021216,3.515533639,2.534113942,4.124981944
20021217,0.033025099,1.576465145,-1.312139541
20021218,-1.429196248,3.56348609,-2.541517835
20021219,-1.21483229,4.879975152,-1.639101064
20021220,0.458132641,4.30635083,1.672964931
20021223,0.641135991,3.751722538,0.658063625
20021226,-1.735327656,3.247125044,-1.735327656
20021227,-2.595738456,3.613670898,-2.801888675
20021230,0.822186036,2.521875562,1.297580892
20021231,0.521649592,3.355170777,0.451938888
20030102,3.58388592,4.424059694,4.344083084
20030103,0.049945893,2.001971649,-0.23275156
20030106,3.288639919,3.17401597,3.355195662
20030107,-1.96642397,3.824743902,-1.950329982
20030108,-1.205331195,3.683518096,-1.205331195
20030109,3.060134614,1.912909758,3.557235886
20030110,-0.46770507,2.118161822,-0.837094392
20030113,1.169603976,2.636091329,1.476278416
20030114,0.922691879,3.069044163,0.587629738
20030115,-0.933477232,2.52262292,-0.380771521
20030116,-0.381740562,4.131796434,-0.254655557
20030117,-0.555847889,2.108705512,-1.371917703
20030121,-2.254523832,1.994781214,-0.802956583
20030122,-0.98766235,3.194159214,-1.559325809
20030123,1.253521279,3.719831866,0.92212081
20030124,-4.61553405,5.87598446,-8.390197264
20030127,-1.547628514,6.512475928,-1.726040693
20030128,1.129347846,6.282538091,1.726040693
20030129,0.634347392,4.01918231,-1.345915337
20030130,-3.777510394,6.126677879,-3.867885457
20030131,1.989467866,4.9861439,1.989467866
20030203,1.365519625,3.498480936,1.788042528
20030204,3.240342405,5.874087795,-6.634847638
20030205,-0.392927814,2.427713222,-1.852807756
20030206,-3.741794789,6.864755803,-5.129329439
20030207,-3.721653092,5.400455784,-3.328725278
20030210,0.299465464,5.461183412,0.299465464
20030211,-0.337410695,3.601801049,1.104514202
20030212,-2.812885221,4.647820315,-2.286180117
20030213,0.250993648,9.424605707,3.399520049
20030214,2.170881894,4.45249705,3.065137619
20030218,1.225069658,1.445504688,3.111539409
20030219,-1.720600145,3.327972276,-1.563614241
20030220,-1.337478766,1.558061495,-0.740818284
20030221,0.810201053,2.610616188,2.088173717
20030224,-2.173781875,3.091544951,-2.410235187
20030225,1.320811677,3.875823522,1.401424337
20030226,-1.582406579,3.229728109,-1.542653051
20030227,1.418180165,3.499968882,1.780937516
20030228,-2.308180746,2.482098662,-2.347855414
20030303,-2.269339949,2.581891638,-1.823634187
20030304,-0.315291906,1.810126682,-1.794331471
20030305,2.35889274,3.460130734,2.904768544
20030306,-1.145965244,2.40934275,-2.442679925
20030307,2.411794497,7.96699287,0.251151241
20030310,-4.232065042,4.978075239,-5.367246456
20030311,-1.892941501,4.225881223,-1.914999514
20030312,0.53811789,5.076887013,0.53811789
20030313,4.388076903,3.24173977,6.555823808
20030314,2.48254371,6.469037305,2.461599109
20030317,6.42146345,7.817895051,5.001540427
20030318,-1.499395241,6.180720773,-0.937323793
20030319,1.865580729,4.049335263,1.885198188
20030320,0.944585337,4.761421421,0.345954602
20030321,2.356980224,3.922794739,4.501885457
20030324,-1.621399373,5.226876431,-4.732388825
20030325,-0.558176793,4.997552717,-0.366053775
20030326,-0.966191091,5.825038395,-0.600137316
20030327,-0.850900553,2.718478513,-2.317919528
20030328,-0.359928403,3.214610989,-0.798088833
20030331,1.099359606,2.980030684,-1.067374951
20030401,1.981848471,5.110150718,2.123477225
20030402,1.309440856,2.157145439,5.006359908
20030403,-2.560380827,4.083987565,-1.137668698
20030404,1.256698523,3.032557708,2.281181018
20030407,-2.1588837,4.953264693,0.779803432
20030408,-1.000749642,3.203103891,-0.705273896
20030409,-1.477076495,5.495550164,-1.123817784
20030410,0.112951819,3.071939227,0.112951819
20030411,-0.714154511,4.230461485,-0.244890393
20030414,1.274141277,1.627787251,1.293000306
20030415,0.875319864,2.933510278,0.408770543
20030416,-3.036463142,3.844232337,-1.98508391
20030417,1.501811594,2.037910085,1.501811594
20030421,0.607568839,3.018384329,1.497947565
20030422,4.327037095,4.025148761,4.363741077
20030423,2.357945582,2.762215107,2.515965104
20030424,-0.629781659,6.445701628,-5.20511299
20030425,-2.011119508,3.609596979,-1.381337849
20030428,2.824642564,3.087169849,3.753695608
20030429,0.619745233,4.150231188,-0.141118386
20030430,1.201163367,3.417974364,1.992376286
20030501,-0.953626646,4.17840281,-0.6771447
20030502,2.188271125,3.199823527,0.607904608
20030505,-0.277392688,3.906756136,-0.26007817
20030506,-0.121643946,2.976000568,-0.156372198
20030507,-1.246833257,2.778049893,-1.612655457
20030508,-0.718781172,1.920224092,-2.035057736
20030509,0.428037037,2.509364229,1.325709133
20030512,0.98083711,2.631324427,0.284343536
20030513,-1.303939168,2.11507968,-1.303939168
20030514,0.550574164,2.31749712,1.498957402
20030515,0.700528259,2.028374674,1.47682009
20030516,0.696866932,2.734236454,0.522194398
20030519,-2.563109821,2.282639001,-3.085304219
20030520,-0.575127394,2.865045403,-0.664693007
20030521,0.76073542,3.275144227,-0.108205601
20030522,0.827640565,2.687101491,0.701252537
20030523,-1.30106642,1.873061682,-1.498358206
20030527,3.346839902,1.86278593,2.74481309
20030528,-0.351865247,2.729625596,0.406181574
20030529,-0.638073771,3.010651165,-0.885118188
20030530,2.395847743,2.573528848,2.857086808
20030602,0.858374369,4.133325781,1.082763865
20030603,-1.288124294,3.864268363,-1.11733006
20030604,1.874678687,2.518134486,1.441590093
20030605,0.390990723,3.881307406,0.425062274
20030606,-1.838036769,4.992737574,-1.229103899
20030609,-1.126040482,1.491429358,-1.418463499
20030610,0.519481688,1.806088406,0.867308125
20030611,1.631856712,1.792918617,2.406054127
20030612,-1.734442391,3.428209984,-1.717583249
20030613,-0.498240014,2.147111598,-0.412513476
20030616,2.336437066,1.566984093,3.602926696
20030617,-0.996685992,2.523761232,-0.482972044
20030618,-0.855064309,3.047669925,-0.855064309
20030619,-2.454529224,2.41447586,-2.454529224
20030620,-0.655061815,2.5572452,-0.22458332
20030623,-0.903882392,1.939179904,-0.955781018
20030624,-0.281096461,2.174333893,-0.753662318
20030625,-2.061562259,2.606213784,-2.043970563
20030626,0.912105045,2.234561962,0.858220894
20030627,-0.982589415,2.048624351,-0.840265961
20030630,-0.595830958,1.770418309,-0.865494043
20030701,1.159013336,2.853015941,0.577827538
20030702,2.217385749,2.052846585,2.594778596
20030707,0.93881079,1.1156744,2.292915714
20030708,0.605276383,1.745287391,0.362726022
20030709,-1.532063393,3.227551383,-1.739174271
20030710,-1.228757335,1.928539473,-2.109820303
20030711,2.102736719,1.617912002,2.442599313
20030714,1.326119494,1.920841717,2.179262999
20030715,0.984059519,1.688289724,1.325648237
20030716,-0.23399643,1.096299677,0.890837054
20030717,0.016723806,2.179836908,0.066912013
20030718,-0.548310753,1.369092854,0.367217906
20030721,-0.016668056,1.602510082,-0.049995835
20030722,0.496689763,2.133658051,0.929158833
20030723,-0.315065346,1.288185918,-0.563101852
20030724,1.949696203,3.328414999,3.171236648
20030725,2.836958536,2.157229302,4.036493111
20030728,0.015442823,1.764501,0.077237974
20030729,-2.20373066,2.387953244,-2.311880535
20030730,0.078647271,1.111118394,0.504414689
20030731,0.265355654,3.638886943,0.861062072
20030801,-1.813214832,2.781529284,-2.047315603
20030804,-0.815417421,3.052591557,-0.895003577
20030805,-0.970881413,2.375607584,-1.276372445
20030806,0.889613631,2.338578862,0.970881413
20030807,-0.016117334,0.936938506,-0.096665063
20030808,-0.112422721,0.713199417,0.305786027
20030811,0.49715442,1.500891482,0.448934536
20030812,1.433145548,1.108863491,1.176858366
20030813,-1.968536,1.404394378,-2.205971806
20030814,1.428710392,1.85675367,1.396379322
20030815,-0.447213651,1.637180713,-0.431276126
20030818,-0.318725369,1.028186116,0.287723984
20030819,-0.095207878,1.35567956,0.541230229
20030820,-1.991074125,1.053283985,-2.134056118
20030821,-1.957648163,2.497527455,-1.569172439
20030822,-2.747607467,1.442212182,-1.845592331
20030825,-0.050348243,1.108938323,-0.033568312
20030826,1.450871778,2.477236162,1.38370133
20030827,-0.995782464,0.824083413,-1.576938105
20030828,-0.016819443,1.410803661,-0.008410075
20030829,0.893540464,0.928831923,0.218432415
20030902,-0.590968373,2.594590197,-0.893540464
20030903,0.986712579,1.886784761,1.74588957
20030904,-1.331134464,1.324431206,-0.651141795
20030905,-1.2818526,1.253004786,-1.332116486
20030908,0.622530823,1.187123424,1.198023272
20030909,1.301319665,1.396145469,1.18384042
20030910,0.049574487,1.11046504,0.330961745
20030911,-0.975940258,1.095235136,-0.613143026
20030912,-0.066577899,2.16138071,-0.166361709
20030915,-1.98626291,1.247536248,-2.086212943
20030916,2.116658898,1.307673418,2.252574652
20030917,-0.634286887,0.793177688,-0.734070697
20030918,2.013211659,1.351093839,1.644145647
20030919,-0.330578813,0.990095934,-0.51193242
20030922,-0.367954923,1.408773825,-1.199214905
20030923,-0.100300911,1.65187154,0.1841467
20030924,-2.637328525,2.403084173,-3.039541235
20030925,-0.361477285,1.168817713,-0.017242866
20030926,-0.778887538,2.212876332,-0.761644672
20030929,1.140302612,1.819687239,1.140302612
20030930,-0.79351805,2.06190169,-0.810698705
20031001,3.395912054,1.495637143,3.672633089
20031002,0.798141916,1.6056197,0.798141916
20031003,-0.658438593,2.300278522,0.281154572
20031006,0.494153534,1.032703748,0.510667447
20031007,0.788958728,1.683653948,0.360833588
20031008,-0.377266092,1.568381843,-0.377266092
20031009,-0.883369068,0.975585157,0.016432504
20031010,-0.841519693,0.870526265,-0.841519693
20031013,1.656997964,0.96396487,1.822560916
20031014,1.369332713,0.961399924,1.678000004
20031015,-0.59044295,1.716072476,-0.032005121
20031016,0.080482902,1.537032618,-0.529568757
20031017,0.180165473,1.043353082,-1.687529905
20031020,0.697884842,1.78501053,1.171316466
20031021,0.376340132,0.925182494,-0.975141808
20031022,-0.925320548,1.101247451,-1.6300682
20031023,0.929004691,3.079634157,0.529802564
20031024,-0.273779571,2.4683511,-0.62114573
20031027,-1.310026197,1.262228147,-0.457971574
20031028,0.215606684,1.054525384,0.74831978
20031029,0.890654082,0.6480178,0.890654082
20031030,-1.017402934,1.571017285,-0.444335463
20031031,-0.131557329,1.085862962,0.230642606
20031103,1.549154503,1.03924484,1.680711832
20031104,-1.169034259,0.931085654,-0.926609897
20031105,-1.208924221,1.418742526,-1.995942548
20031106,-0.06680027,0.539530757,-0.266933759
20031107,-2.90855809,1.125113745,-2.67495211
20031110,1.869848801,1.086645494,1.869848801
20031111,0.555884528,0.726488311,0.252291783
20031112,0.134363473,1.021289583,0.083956012
20031113,0.118373228,0.751455482,-0.69052906
20031114,-1.261308694,1.26749335,-1.481256333
20031117,0.515908281,1.486076536,0
20031118,-1.289231437,1.264250499,-0.861331768
20031119,0.258509407,1.695842069,0.517688818
20031120,-1.573459035,2.001318003,-2.35100075
20031121,-0.721897668,1.727979188,-0.282336521
20031124,0.85597518,1.130359593,1.577872848
20031125,-0.122345554,1.219799099,-0.540683274
20031126,1.935767324,1.221870707,2.145411007
20031201,1.447449707,1.176200248,1.911647222
20031202,-1.160224583,1.087378248,-1.498920927
20031203,-0.29232245,1.118946338,-0.343820177
20031204,1.87513521,1.049521891,1.495562636
20031205,-0.119321586,1.571055813,-0.535829477
20031208,0.799527947,0.88835411,0.662985854
20031209,1.597343757,1.544058838,1.563451196
20031210,0.302064334,1.225075794,-0.451392558
20031211,1.848910605,1.524324568,1.966134097
20031212,0.986983176,0.818044867,2.024870971
20031215,0.182808142,1.712583192,1.367200989
20031216,1.919505127,1.359299726,1.89567953
20031217,-0.484338108,1.277108132,-0.499922928
20031218,1.312691186,0.790715106,1.469185741
20031219,-0.417537141,1.144334066,-0.409820794
20031222,0.34129726,0.897941186,0.061967469
20031223,0.77339906,0.717364516,0.509771707
20031229,1.772130301,0.726023272,1.601996472
20031230,0.805904157,0.588432641,0.417347041
20031231,0.196775966,0.833324101,0.151331748
20040102,0.435142108,1.72996298,0.993086705
20040105,0.754944005,0.913677694,1.515630796
20040106,-0.265839767,1.337704878,-0.280587942
20040107,1.604273129,1.12254677,1.278395193
20040108,0.711746777,1.266169225,0.872225329
20040109,0.550805857,1.165818139,0.130180101
20040112,1.645833215,0.943885411,1.819143484
20040113,-1.471770511,1.7127229,-1.400823364
20040114,0.143802153,0.840378963,0.172587415
20040115,-0.516352266,0.965097441,-0.071875228
20040116,0.014325621,0.969175537,0.38751394
20040120,-0.591163138,1.118251286,-0.949920787
20040121,1.453158439,1.052921591,1.236003088
20040122,-0.444158621,0.687754689,-0.529897409
20040123,-1.298719553,1.058786602,-1.140888973
20040126,1.184813744,1.39962639,1.112165721
20040127,-0.973632628,1.127090731,-1.651015055
20040128,-1.225755899,2.082222727,-0.541768658
20040129,1.103379371,3.05111868,1.674349372
20040130,0.259515717,1.692754712,0.273953023
20040202,1.79415321,2.017631666,2.009903024
20040203,-0.282565885,1.053386506,-0.254345199
20040204,0.142653377,1.335707587,-0.75268409
20040205,1.582848196,1.740418311,1.654098645
20040206,1.338558748,1.301957375,1.22632529
20040209,-0.859445268,1.110475051,-0.513782981
20040210,2.298319013,2.483318234,2.298319013
20040211,1.750502667,3.000729338,1.136375865
20040212,1.060341456,0.729457165,0.750472565
20040213,-0.267094176,0.91336459,-0.160342097
20040217,0.199800266,0.789720001,0.493564665
20040218,-1.043627347,0.896539194,-1.070244329
20040219,-1.486312999,1.474064203,-1.204263251
20040220,-0.135685231,1.612051033,0.258310252
20040223,0.027023375,1.322105062,0.501118405
20040224,0.027059938,1.469430698,-0.135189962
20040225,0.48498007,0.831787066,0.660691408
20040226,0.040341559,0.765329638,-0.040325291
20040227,-0.242555031,0.961554309,-0.350168708
20040301,-0.41781852,0.968652342,-0.107991371
20040302,-0.256774247,0.967962544,-0.189265975
20040303,1.416549825,1.082622568,1.009769603
20040304,0.521635637,0.510949687,0.414411394
20040305,-0.201680741,2.059152507,-0.884368621
20040308,-0.879870313,0.503523262,-1.014550468
20040309,-0.546449447,1.273525943,-0.75060059
20040310,-1.161356894,1.451368542,-1.504410403
20040311,-0.941480993,3.74742872,-1.513269735
20040312,0.981775067,1.464917433,1.151051451
20040315,-1.487806403,1.773421653,-2.258388149
20040316,0.747377095,1.520141283,1.60026073
20040317,2.537749721,1.387519547,2.565843555
20040318,0.628589115,1.863961229,0.518985049
20040319,-1.309009391,1.288225788,-1.800612183
20040322,-1.780878588,2.747724646,-1.989139684
20040323,-1.107808517,1.665146108,-0.938173192
20040324,-0.833218439,2.322883245,-1.004745068
20040325,1.142869582,1.39445365,1.545979832
20040326,0.185409737,1.09760411,-0.312989301
20040329,1.790924268,1.51914567,1.933313585
20040330,0.587743086,1.252708891,0.1675744
20040331,-0.531246881,1.656842619,-0.461507008
20040401,1.096652526,1.344196707,2.778532466
20040402,-0.134499012,2.145478475,1.286844713
20040405,1.431625724,1.004399253,2.235919604
20040406,-0.237154261,0.624009941,-0.223993769
20040407,0.315499144,1.080320976,0.500001042
20040408,-0.822620034,1.688544867,0.104945569
20040412,0.104261706,0.831178488,0.653426266
20040413,-2.686044221,1.640186267,-1.933380403
20040414,-0.816276889,2.103834896,-0.352546346
20040415,-0.880945366,1.780026978,-0.594822138
20040416,0.013305835,0.866629598,0.761272458
20040419,-0.253316581,0.830636564,-0.333178159
20040420,-3.097890826,1.624194608,-2.44590262
20040421,0.328272761,2.994201841,0.177680632
20040422,0.994355397,4.542589212,0.74825191
20040423,0.325071396,1.710488389,0.230149699
20040426,-1.765151058,1.564107849,-1.292974801
20040427,-1.108158272,2.079399311,-0.425561765
20040428,-1.37492618,1.610479806,-1.636652344
20040429,0.250871212,2.513497445,0.460412393
20040430,-0.889759797,2.028902384,-0.320669498
20040503,-0.222469502,1.158445037,0.320669498
20040504,0.027909573,3.010866512,-0.236917399
20040505,-0.069856796,0.831018675,-0.1675744
20040506,0.225098576,1.020243392,-0.54656432
20040507,-0.581190948,1.729811457,-1.159023575
20040510,0.546056825,3.190038439,-0.799319129
20040511,1.267732953,1.21889959,1.239067337
20040512,1.697353338,2.781398459,0.915821829
20040513,-0.126662462,3.600413853,-0.407561523
20040514,0.049415835,2.566167921,-0.232632018
20040517,-0.74670077,2.012990332,-2.089575047
20040518,-0.086368222,1.210221423,0.086442881
20040519,-0.487595975,1.902405488,0.172661913
20040520,0.659122604,1.125081996,0.659122604
20040521,-0.199345075,1.413016022,0.199743254
20040524,-1.025796144,1.313868473,-0.471463121
20040525,3.231777761,1.785460468,3.07412814
20040526,0.305301375,1.031769817,0.221944882
20040527,0.474733425,1.567434319,0.930944902
20040528,0.273224214,0.740933494,0.622671279
20040601,-0.095910126,1.218258903,-0.478633392
20040602,0.325115431,0.799326816,1.347967854
20040603,-0.570731268,0.817539824,-0.760253458
20040604,0.148438054,1.192537804,1.057350233
20040607,0.173878195,0.447044684,0.899395283
20040608,-0.779993196,0.568514531,-1.020828207
20040609,-0.801580272,0.579070092,-1.031356679
20040610,-0.190917827,0.391448799,-0.068226788
20040614,-0.47994607,0.706316467,-0.69858513
20040615,-1.280391967,1.157142755,-0.800445897
20040616,0.387865842,0.432362518,0.221453378
20040617,0.18001805,0.863918137,-0.069151514
20040618,0.20811662,0.703674964,-0.18001805
20040621,-0.529913386,0.630272771,-0.877015435
20040622,1.111585713,1.119277164,1.181471801
20040623,-0.221545369,1.109966014,-0.31831734
20040624,-0.877870892,1.151167827,-0.96107711
20040625,0.669458567,0.995369258,0.683453389
20040628,-0.446055939,1.039495189,-0.501673293
20040629,-0.237945385,1.110428224,-0.307821707
20040630,0.07010165,0.666249485,-0.014014435
20040701,0.772747084,2.124043143,0.140056045
20040702,0.139762427,1.1238248,0.209716959
20040706,-0.686710007,0.840941754,-0.686710007
20040707,-0.028252578,0.752661094,-0.465149898
20040708,-0.710735046,1.580788094,-0.965368088
20040709,-0.157041934,0.754467433,-0.157041934
20040712,1.168770431,1.147202423,0.825275031
20040713,-0.127922695,0.408274061,-0.36910888
20040714,0.28571448,0.935289395,-0.299124217
20040715,-0.90226176,1.015471598,-0.845216693
20040716,-1.567137241,1.108564344,-0.721920548
20040719,-0.348230184,1.080958807,-0.304767669
20040720,-0.05087764,2.566574658,-0.036343813
20040721,-1.922995036,1.683723848,-1.915725217
20040722,-0.0297442,5.801570982,-0.356347816
20040723,1.627254841,3.864333768,1.359158166
20040726,0.945805523,2.084437759,1.311972171
20040727,1.79415321,1.563360523,2.587521958
20040728,0.366300776,1.632851176,0.352187446
20040729,-1.565065431,1.851115708,-1.046093792
20040730,0.24091275,1.204139691,0.397107315
20040802,-0.084961772,1.207897951,-0.084961772
20040803,0.804350629,0.798316367,0.790183313
20040804,0.070596544,1.149496209,-0.42253584
20040805,-2.001496406,1.531487303,-2.284182107
20040806,-1.136872761,2.310978677,-1.498536808
20040809,0.351545697,0.983599571,0.248883812
20040810,-0.131281472,1.28227683,0.17531049
20040811,0.088131616,1.139082362,-0.585567476
20040812,-1.512484348,1.01708738,-1.747674814
20040813,-0.659771474,0.984814238,-0.689657906
20040816,2.381064869,1.240384078,2.275698712
20040817,0.425251759,0.683477475,0.498754151
20040818,2.706975738,2.223129507,2.428566884
20040819,0.071658907,0.916053306,-0.314690576
20040820,1.213000959,1.101587023,0.997870005
20040823,-0.227208277,0.552953738,-0.227208277
20040824,0,1.063907817,0.15626113
20040825,0.961002308,1.004480099,0.918409846
20040826,-0.338553011,0.299429994,-0.465215472
20040827,0.494525911,0.345766613,0.254022152
20040830,-0.02820079,0.392183704,-0.056393629
20040831,0.478469812,0.62766874,0.450261067
20040901,-1.161321648,1.342619625,-1.456576696
20040902,2.22262631,1.964382841,2.364975088
20040903,-0.139198241,0.991299817,-0.125287133
20040907,0.968195668,1.090718658,1.190819943
20040908,0.455707479,0.866831689,-0.096398823
20040909,-1.214813394,1.00674282,-0.802328277
20040910,-0.582606725,1.158250626,-0.16680571
20040913,-1.103286102,0.645583798,-0.936480392
20040914,0.574835091,0.367369412,0.448368413
20040915,-0.420345302,0.965407331,-0.434326427
20040916,0.266125236,0.515891891,0.378390193
20040917,-0.167154239,0.663131279,0.335149036
20040920,-0.573869585,0.555506983,-0.685461172
20040921,0.239994468,0.802195174,-0.450197722
20040922,-0.570208245,0.761100766,-1.377178009
20040923,-0.547078819,0.587542555,-0.976878908
20040924,-0.115590245,0.312055533,-0.144466942
20040927,-0.537674768,1.002349517,-0.783748569
20040928,-0.452588553,0.4667493,-0.423451023
20040929,0.204588702,0.558266312,0.233849858
20040930,0.132460097,0.798393605,-0.747310973
20041001,1.169775,0.93969463,1.169775
20041004,-0.043798818,0.718844395,-0.45166537
20041005,-2.215539288,0.904460476,-2.918941954
20041006,0.692982586,1.447186028,0.150240413
20041007,0.419727794,1.315057582,0.359658712
20041008,-0.521805135,0.625738231,0.074766359
20041011,0.885455393,0.583126342,0.885455393
20041012,0.282339143,0.598669169,-0.15568821
20041013,-0.995328725,0.732075958,-0.610257159
20041014,-10.16968979,31.30602517,-10.73863877
20041015,3.077165867,12.72042642,-4.088433024
20041018,3.703178877,7.130264655,3.304115278
20041019,-3.822121282,3.212430545,-3.304115278
20041020,-0.26007817,5.519786813,-0.26007817
20041021,-0.495050516,6.932507341,-2.069886213
20041022,-0.364299128,4.604337566,-2.913351162
20041025,1.70484165,2.375883013,2.522656295
20041026,0.581638532,4.776719415,7.124419064
20041027,-0.514566659,2.414178784,-0.43175092
20041028,1.971767053,2.237812744,1.838544718
20041029,-0.83668768,1.762212416,-0.828518746
20041101,-0.639294039,1.468735776,0.181055107
20041102,0.407664649,1.98922211,1.046958688
20041103,-2.703974652,2.798998882,-2.05514837
20041104,1.434839492,1.388050951,1.434839492
20041105,-0.245398896,1.422235219,-0.032754668
20041108,0.066093856,2.393535377,-0.838889696
20041109,-0.5575613,1.728839994,0.444994554
20041110,-0.582709187,1.114552948,-0.106947483
20041111,0.049208563,0.741071802,0.386116725
20041112,-0.457442392,1.936517317,0.147480567
20041115,1.426420531,1.813290067,2.857106615
20041116,-1.205024887,1.131252806,-0.23898681
20041117,0.095041984,0.968873215,0.74692441
20041118,-0.568991578,0.848524437,-0.1108911
20041119,-1.620053076,1.197820754,-2.00118741
20041122,1.313910907,1.359238311,1.572308983
20041123,0.187032473,1.567924145,2.204119455
20041124,0.389864042,0.526679026,0.046703511
20041129,0,2.332382957,0.06266646
20041130,-0.094607386,1.841812853,-0.723046218
20041201,1.99725784,1.228694361,2.091865226
20041202,1.663159589,1.982082193,0.685118726
20041203,0.566226932,1.47141442,0.543209323
20041206,0.229797114,0.496641335,-0.275061298
20041207,-0.9841691,1.343485665,-0.9841691
20041208,-0.030892802,0.650423302,0.030902349
20041209,2.404554815,1.038633626,1.426513952
20041210,-0.644075221,1.086554279,-1.010264218
20041213,0.598115425,0.612324551,0.613498857
20041214,-0.107419637,0.756751441,-0.41369859
20041215,-0.339297056,0.593272794,-0.61605
20041216,-0.386847678,1.198831747,-0.355954876
20041217,1.051176784,1.853515525,0.818347808
20041220,-0.689922246,0.967124206,-0.046143199
20041221,1.05352528,0.535488308,1.284028647
20041222,0.227877045,0.556532072,0.091088514
20041223,0.612316234,0.759620457,0.672995848
20041227,-0.742146534,0.774475831,-0.855255923
20041228,0.441098898,0.712352211,0.167084416
20041229,0.533334598,0.770143824,-0.136684659
20041230,-0.441703559,0.378802014,-0.441703559
20041231,0.213187229,0.339244107,0.350476549
20050103,-0.105956265,1.134535294,0.440161597
20050104,-0.150829591,1.264059326,0.332628066
20050105,0.984641701,1.193866091,1.661590507
20050106,0.699043525,1.251127776,0.163168471
20050107,0,0.535753746,0.118500977
20050110,0.251460823,0.523221652,0.207039411
20050111,-0.430235809,0.8876795,-0.637275221
20050112,-0.239091566,1.412207674,-0.626400258
20050113,-1.040654893,0.967717035,-1.325320604
20050114,-0.105796126,0.7365316,0.2574004
20050118,2.257364706,1.024221258,2.272485293
20050119,-1.05428254,1.113842185,-0.98040001
20050120,-0.703859139,1.353292735,-0.674008393
20050121,-0.633486281,0.937721478,-0.678582111
20050124,0.301659354,0.954837075,0.4679607
20050125,0.748506489,0.762559693,0.974155325
20050126,-0.342338654,0.640398598,0.029824038
20050127,-0.585543299,0.675115059,-0.988920256
20050128,-0.393820564,0.820058741,-0.786096263
20050131,0.015070454,0.916859851,0.71077804
20050201,0.691940186,0.758020664,0.52604014
20050202,-0.134519115,0.705191405,0.224601427
20050203,-0.421623874,0.706605966,-0.886357489
20050204,1.83875425,0.845171793,1.853842895
20050207,0.473653935,0.614395604,0.310582221
20050208,0.310398594,0.486071836,0.059049308
20050209,1.305312224,0.903054874,2.391481717
20050210,4.167856501,3.121604611,4.383761587
20050211,1.098912158,1.631437703,0.947093758
20050214,-0.745829965,1.600098541,-2.398760161
20050215,1.217905444,1.563431651,0.565111212
20050216,-0.889396701,1.332542893,-1.896257395
20050217,-1.142869582,0.70514678,-1.313179019
20050218,-0.809019148,0.985835559,-0.952800625
20050222,-0.058840837,0.988957288,-1.431726428
20050223,0.744692059,0.775765309,1.141197462
20050224,-0.526547948,0.926499572,-0.803334489
20050225,-0.204588702,0.692709044,0.248993171
20050228,-2.090668482,1.912500339,-2.398338492
20050301,-0.3746726,0.995274001,-0.209989578
20050302,-1.963383973,1.348110059,-2.33946565
20050303,-1.224192794,1.272807569,-0.169217793
20050304,0.061557404,1.893832073,0.076952678
20050307,0.411053331,1.75577419,1.253647362
20050308,1.434528186,1.620811906,1.328120941
20050309,-1.814383005,1.492005783,-1.754430965
20050310,0.454890853,1.095034551,0.850810359
20050311,-1.136201383,1.513302034,-2.048061805
20050314,0.392619272,1.356527469,-1.493493846
20050315,-2.471229782,2.241201919,-2.942558228
20050316,2.413632855,3.082238757,1.521855563
20050317,-3.345766619,2.264799385,-3.329869632
20050318,-1.742059816,5.914352907,-1.807827658
20050321,-1.236279482,1.789588297,-3.179728905
20050322,0.445435035,2.490244872,-2.856586068
20050323,1.403344818,3.153620995,0.779178725
20050324,-2.311213988,2.142483303,-1.941462708
20050328,4.53767435,4.293922047,2.539424391
20050329,1.192857087,4.190036937,2.01360735
20050330,-0.610555756,2.907831573,-1.803412843
20050331,-1.930009872,2.601166207,-3.073885081
20050401,-7.648842556,13.67949163,-8.409577977
20050404,1.989644033,33.65923461,4.50915715
20050405,-2.073096935,3.635489895,-0.583311467
20050406,-0.169955664,3.349617564,-0.151085959
20050407,-1.429401806,2.217845804,-0.227057808
20050408,-1.680711832,1.784255031,-1.661770644
20050411,0.480539127,4.030238577,0.442010905
20050412,1.571555586,3.640673693,2.049796574
20050413,-3.33205504,1.662248171,-3.013195162
20050414,-0.427185116,1.791709729,-0.504659456
20050415,-0.448474964,3.35223704,-0.429017819
20050418,-0.350467648,2.299940693,0.195236298
20050419,0.914670189,2.850461932,0.680340849
20050420,-1.111230852,1.355805652,-1.188750236
20050421,0.754428571,2.856555507,1.710440144
20050422,-2.893086841,4.386246933,-2.873817162
20050425,2.960710325,4.963480826,2.622972843
20050426,-0.546769572,5.246513375,-1.342040953
20050427,1.926316982,4.588646074,1.592885272
20050428,-1.349469534,2.619929459,-1.426585405
20050429,-0.666930679,3.573713937,-0.676705373
20050502,-0.838384044,4.136257895,5.065345187
20050503,-0.262270664,3.388716293,-0.262270664
20050504,1.352749249,1.268287185,1.895262973
20050505,-1.033410193,1.717409214,-0.77605711
20050506,0.018499676,1.040865909,0.277855138
20050509,0.809572039,1.367979957,0.938974035
20050510,-2.228504479,1.479707675,-2.448647661
20050511,-0.112697232,2.425285932,-0.075145598
20050512,-1.550125557,1.524531265,-1.362367334
20050513,-1.07034661,1.970555044,-0.861002162
20050516,1.621399373,1.632410011,1.544505867
20050517,1.720106677,1.400781642,0.960368929
20050518,-0.468297194,1.077234149,-0.187582122
20050519,-0.507854002,1.28970048,-0.432778924
20050520,1.312108796,1.466864444,1.255521037
20050523,0.074808307,1.593116659,-0.391828097
20050524,1.046151891,1.219810376,0.596460296
20050525,0.463178225,1.167323768,0.537486235
20050526,2.914065238,1.635469918,2.932547818
20050527,0.408417508,1.167556072,1.284126795
20050531,-2.523681118,2.86738188,-1.553741409
20050601,0.643089033,0.958496273,1.074124183
20050602,-0.730906186,0.514734971,-0.481928644
20050603,-1.28056579,0.730596163,-1.44172618
20050606,-0.690786241,0.560971358,-0.491312061
20050607,0.799858836,1.312604983,0.745119304
20050608,-0.308726296,0.437972634,-0.453680118
20050609,1.013766828,0.988061306,0.977383346
20050610,-1.226566604,1.23213848,-0.759360004
20050613,0.759360004,1.125544223,0.759360004
20050614,0.144040356,0.73451032,0.108010812
20050615,-0.539569654,1.095918317,-0.234171052
20050616,-0.234932791,0.786736589,-0.325144795
20050617,-0.359066813,0.992779929,0.595293541
20050620,0.1439108,0.564443867,0.053942283
20050621,0.999472893,0.509995186,1.214951518
20050622,-1.030936966,0.694475494,-0.605630636
20050623,-1.223917366,0.751647718,-1.34906264
20050624,-1.330073357,0.619760789,-1.275759967
20050627,0.272851465,0.701817976,0.967425634
20050628,-0.307609037,0.408008316,0.235870562
20050629,1.689986764,2.657375907,5.808424665
20050630,-0.856169613,1.279434795,-0.565893648
20050701,0.460869639,0.560734564,0.975450534
20050705,1.201266455,0.983875309,1.252343326
20050706,-0.673970538,0.935060385,-0.522722715
20050707,1.239089094,1.299000246,0.219539056
20050708,0.97006949,0.603026801,1.340502647
20050711,0.820661961,1.071820179,0.804016101
20050712,0.580192262,0.44068787,-0.107380343
20050713,0.082610496,0.630102504,0.082610496
20050714,-0.247015358,0.467566982,0.165016539
20050715,0.837237099,0.611518421,0.853723786
20050718,-1.404401439,0.572463296,-1.764703171
20050719,0.379507097,0.643590774,1.026329155
20050720,-0.098895673,0.697157106,-0.131839175
20050721,0.397548975,1.458845209,-0.247667922
20050722,0.329815602,0.846660742,0.41243975
20050725,-0.395909458,0.364976213,-0.395909458
20050726,-0.496278934,0.722275695,-0.33112613
20050727,0.825768524,0.381295353,0.825768524
20050728,-0.230339029,0.585515014,-0.148135983
20050729,-0.653407891,0.611763745,-0.752287266
20050801,-0.399003023,0.701898258,-0.374111922
20050802,1.042969474,0.620691083,1.142869582
20050803,1.00453706,0.719175422,0.509241347
20050804,0.426719833,0.716598889,0.049144075
20050805,-0.164338574,0.249062837,-0.426719833
20050808,0.246204474,0.64946732,0.32840752
20050809,0.309723941,0.587117537,0.718722467
20050810,-1.118222515,2.085558696,1.309744651
20050811,1.058890048,1.481650756,0.656475018
20050812,-0.544001342,1.188095417,-0.52804347
20050815,-0.016086222,0.496943139,-0.273114476
20050816,-0.953542578,0.67439982,-0.937456356
20050817,-0.178789158,0.794152525,-0.178789158
20050818,-0.130208352,0.953914947,-0.113941577
20050819,-0.391326115,0.585139244,-0.309926029
20050822,-0.457966126,0.583019664,-0.343671069
20050823,-0.098797966,0.495111627,-0.493016611
20050824,-1.21233736,0.781808524,-1.410226606
20050825,-0.250941161,0.331176634,-0.250941161
20050826,-0.134884526,0.793598121,-0.72287446
20050829,2.104626223,1.490359986,0.454507979
20050830,-0.075901332,1.435504508,-0.462944306
20050831,0.491151805,1.364573503,-0.126630383
20050901,1.032944583,2.047982006,0.286799016
20050902,-1.330730605,1.244430365,-0.025272735
20050906,0.936148595,0.57105157,1.264197003
20050907,0.500167765,0.556924506,0.049904351
20050908,-0.267335163,0.587717971,-0.600502222
20050909,2.163406974,0.849693236,2.380671203
20050912,-0.098296207,1.357015577,-0.32727897
20050913,0.246204474,1.716675445,-0.016392099
20050914,-0.76992763,0.919881345,-0.311961504
20050915,-0.294888811,0.966549401,0.22996068
20050916,0.326797676,0.784568648,0.572598701
20050919,-1.462518879,1.270935874,-1.462518879
20050920,-0.231099476,1.399083623,0.165398648
20050921,-1.105353743,1.153533395,-1.88511713
20050922,0.704582683,1.99644692,0.738258387
20050923,0.784841634,1.8735632,0.500251168
20050926,-0.820349145,1.240621723,0.960113318
20050927,-0.345196365,1.297121326,0.049411184
20050928,-0.032786886,0.930805859,0.42721064
20050929,2.56757686,1.851077021,2.173293451
20050930,-0.619396261,1.086769357,-0.58731413
20051003,-0.259529748,1.30206995,-0.639497059
20051004,-0.895406878,1.074692885,-0.684487679
20051005,-0.098087306,1.64635208,-0.016354567
20051006,0.341158645,2.292509022,0.8469106
20051007,-0.298591998,1.406925171,0.331916921
20051010,-0.290697879,1.417465157,-0.05659081
20051011,-0.064829824,1.483007108,-0.242895432
20051012,0.521173818,1.831402914,-0.194742028
20051013,1.423051181,1.6283893,1.1628038
20051014,0,1.802603494,0.352620978
20051017,1.501146043,1.630086502,0.939572164
20051018,-0.396983451,0.628862517,-0.381134335
20051019,1.475865875,1.627014698,0.997396062
20051020,-1.236344802,1.74592196,-1.236344802
20051021,-0.14284583,1.056178339,0.413815647
20051024,0.661315589,0.669181392,1.199888093
20051025,0.589740258,1.27194825,0.086277899
20051026,0.126004112,1.030900625,-0.384902875
20051027,-0.55270571,0.743901519,-0.599938648
20051028,1.536321172,1.077267389,1.773569207
20051031,0.216316524,0.470903062,0.790272959
20051101,0.461894586,0.604269425,0.477327875
20051102,1.736524977,0.889054982,1.70579829
20051103,-0.680017732,1.829482497,-0.408565296
20051104,0.09097802,1.537715731,0.045478664
20051107,0.559040513,1.160373016,0.589348136
20051108,-0.212346508,0.536781997,-0.771387021
20051109,1.458327531,1.984218735,0.680943843
20051110,1.302316138,1.629592249,1.392759316
20051111,-0.044619618,0.479797677,-0.029748624
20051114,0.587384119,0.97683621,0.334162862
20051115,-1.014934085,1.424570161,-1.170737804
20051116,-0.240963972,0.981507136,-0.511356205
20051117,1.09454575,0.846124244,1.109623021
20051118,-0.801429045,1.520397276,0.074532313
20051121,0.801905099,0.667661066,0.742283693
20051122,1.606637846,0.559105853,1.147071401
20051123,0.960845942,0.910428301,0.916970256
20051128,-1.078570433,0.603469581,-0.918976637
20051129,-0.571388266,0.897642566,-0.264123411
20051130,-1.404829019,1.156575849,-1.34607461
20051201,0.784317746,0.725934979,1.022306851
20051202,-0.548840657,1.037969012,-0.9032415
20051205,-1.116492809,1.120166445,-1.310046059
20051206,-0.674918197,1.261374481,0.143066927
20051207,-1.266030474,1.080236573,-0.785621203
20051208,-0.303260278,0.917591619,-0.121414494
20051209,-0.075660138,0.787938114,0.318399177
20051212,-0.500342185,0.565739201,-0.409556886
20051213,0.455927841,0.761789507,0.242902807
20051214,0.151630052,0.502094184,0.075786286
20051215,-1.262086242,0.56315321,-0.989730196
20051216,-0.581396987,0.542762711,-0.275819973
20051219,-0.273099851,1.022409029,0.992450317
20051220,-0.867519329,0.733723311,-0.60957214
20051221,0.868749562,0.760709312,1.599791502
20051222,2.582040316,0.994141599,2.076817359
20051223,0.146950798,0.222747615,0.338310244
20051227,-0.748407631,0.485111555,-0.308846484
20051228,0.59382162,0.514154346,0.755717306
20051229,0.799480964,0.442417856,0.967456173
20051230,-0.664502792,0.946641903,-1.201631179
20060103,0.981532129,1.070571456,1.994771108
20060104,-0.057331233,0.838931802,0.186553832
20060105,-0.014307175,0.745948045,0.200515679
20060106,0.099950033,0.640167913,0.257216489
20060109,-0.121763436,0.389041854,-0.436229104
20060110,0.927584246,0.660157208,0.906081182
20060111,-0.267964338,0.304576867,0.58069705
20060112,-1.061956883,0.320505677,-0.793992545
20060113,-0.498399038,0.939538173,-0.285103543
20060117,-0.289184701,1.044089407,-1.423358082
20060118,-0.661123408,0.562345454,-0.675604618
20060119,-0.921261177,0.942970761,-0.768305832
20060120,-2.032861754,1.215030031,-2.018172074
20060123,0,0.95247147,-0.119994015
20060124,-0.704281026,0.757273682,-0.195297891
20060125,-1.222933638,1.094839598,-1.012628618
20060126,0.21087521,1.072369063,0.952460145
20060127,0.300571311,1.26949816,0.270473493
20060130,-1.008816807,0.907705501,-0.843886865
20060131,-0.654841295,1.149634771,-0.957963686
20060201,0.940683617,0.995492043,1.169603976
20060202,-1.245081374,0.965178027,-1.169603976
20060203,-0.091785229,1.724196141,-0.168208618
20060206,0.699835505,1.056359447,0.944409152
20060207,-0.33383946,1.261411496,-0.258064659
20060208,0.33202566,0.520548375,0.877729606
20060209,1.033020639,2.998056714,1.153484439
20060210,0.805829962,1.694813451,1.1329678
20060213,0.073610603,1.475401167,0.066247104
20060214,0.439561147,1.435243789,0.660068403
20060215,0.073286922,0.937916378,-0.219539056
20060216,-0.058633833,1.03268921,-0.073286922
20060217,-0.680174144,0.974368961,-1.179954693
20060221,-0.193179345,0.705069709,-0.252544144
20060222,0.324531927,0.682039581,0.991645808
20060223,-0.563883376,1.820577696,-1.036278704
20060224,-0.580574761,0.652471991,-0.327918016
20060227,0.335408208,0.614703125,0.320477263
20060228,-0.765712021,0.489118315,-1.265507922
20060301,-0.105652413,1.081104783,-0.196122866
20060302,-0.106278003,0.765874122,-0.590687064
20060303,-0.19836735,0.5620521,-0.548363903
20060306,0.95898444,1.054367411,0.821422325
20060307,0.664353946,0.930857246,0.664353946
20060308,0.839962941,0.798097869,0.749628698
20060309,-0.539084863,0.61045647,-0.524149459
20060310,0.519096457,0.918799481,1.49034055
20060313,0.25005529,1.008275852,0.692860441
20060314,0.204319978,0.72903756,0.761016405
20060315,0.466745305,1.148783216,0.189352616
20060316,0.404975966,0.714443864,0.811598658
20060317,0.174520114,2.902993778,-0.666186388
20060320,-0.713716525,1.086031576,-0.59753876
20060321,-2.058290835,0.918215064,-1.606164345
20060322,0.813553781,0.703102332,0.828407104
20060323,-0.549329568,0.680173509,-1.051472109
20060324,0.580401957,0.822327298,0.326991968
20060327,0.05213182,0.526434579,-0.34932586
20060328,-1.292862265,0.90999569,-1.598593088
20060329,0.090661838,0.288323049,0.181405945
20060330,-0.090812781,0.720627251,-0.257088988
20060331,-0.256894739,0.80211701,0.075683043
20060403,-1.105485628,0.532622777,-0.637524928
20060404,0.607258584,0.554515362,0.607258584
20060405,-0.181790688,0.839596481,-0.181790688
20060406,-0.427090338,0.339925059,-0.806885705
20060407,-1.49544142,1.079803799,-1.602499624
20060410,-0.745576613,0.752573935,-0.373483161
20060411,-1.253934925,1.054964974,-1.160433282
20060412,-0.17337856,0.706224233,-0.015774115
20060413,-0.031555696,0.567079549,-0.031555696
20060417,-0.475813745,0.739852185,-0.744439963
20060418,0.680005783,1.451606114,0.870603045
20060419,0.23594191,0.954636009,0.314713084
20060420,0.566662936,1.333049667,0.094221112
20060421,-0.547090071,1.126724168,0.141165422
20060424,0.733518701,0.62091698,0.79619498
20060425,-1.016189468,1.1234468,-1.047293668
20060426,0.218955358,0.911267442,0.579711768
20060427,1.441773676,2.046461213,1.488630374
20060428,0.353221591,1.509475868,0.399386092
20060501,-1.6253041,0.825434989,-0.831285575
20060502,0.599126149,0.50175334,0.923225514
20060503,-0.153727932,0.341891133,-0.44516153
20060504,-0.445435035,0.527813924,-0.061557404
20060505,-0.283405651,0.38589702,0.345768526
20060508,0.076540379,0.286443605,0.252805896
20060509,1.047129987,0.652694071,1.352707001
20060510,0.422005148,0.979549098,0.376705034
20060511,-2.438763979,2.085775876,-5.090549963
20060512,0.587443144,1.716716078,-0.031655587
20060515,0.91209942,1.099217981,1.117681844
20060516,0.031245118,0.786488327,0.218921119
20060517,-2.231281744,1.513175621,-2.41889906
20060518,-1.03410196,1.143611,-1.483180502
20060519,-0.782017671,1.574678253,-0.700842246
20060522,0.81967672,1.217650296,0.179753296
20060523,-0.294551023,1.316686015,-0.376217014
20060524,-1.120090775,2.661471298,-1.070938648
20060525,-0.098409062,1.098264669,0.939748075
20060526,0.423936718,0.722391801,0.849678314
20060530,-1.570199091,0.988595636,-1.310205444
20060531,-0.016448721,1.086490072,0.21407995
20060601,0.541295507,0.614891142,0.557744228
20060602,-0.652530863,1.133426065,-0.049087786
20060605,-0.660068403,0.715410182,-1.152276124
20060606,-0.578848883,1.478587946,-0.182285244
20060607,-0.513288651,1.28072878,-0.082966901
20060608,0.264988562,1.498258564,0.364540586
20060609,-0.414422475,1.028513599,-0.430963704
20060612,-1.317454226,1.118217262,-1.052026067
20060613,-0.77519768,1.567239878,-0.77519768
20060614,0.236446656,1.372427163,0.287186615
20060615,0.350848242,1.41564734,1.140569225
20060616,0.16719616,0.675783082,-0.166917081
20060619,-0.670356122,1.210579119,-0.653651871
20060620,0.20080328,1.024999174,0.586806948
20060621,-0.550322409,0.633741101,-0.033439225
20060622,-0.587792439,0.872615312,-0.721661267
20060623,0.168861911,0.815158406,-0.168577248
20060626,0.118313206,0.262173448,-0.118173391
20060627,-0.897778538,0.514696392,-0.729002127
20060628,-0.272201597,0.793525881,-0.119179379
20060629,0.439709824,0.836652532,0.949481531
20060630,-0.354939948,0.645058862,-0.338066583
20060705,-0.033704079,0.552289093,-0.403701137
20060706,0.168378555,0.652366675,0.185232014
20060707,-0.743497849,0.818675729,-0.810815253
20060710,0.790783964,0.416005631,1.197013365
20060711,-0.553367724,0.786195086,-0.335739782
20060712,-1.129764988,0.727240091,-0.844314371
20060713,-1.073538469,0.834880073,-1.02267808
20060714,-0.844614174,0.792365565,-1.033244942
20060717,0.207075139,0.606893914,0.414579968
20060718,-0.63177876,1.476861966,0.635795595
20060719,0.982392725,1.978045066,1.614171484
20060720,0.269269769,0.643859574,0.286123228
20060721,-0.875131805,1.649756179,-0.573067471
20060724,0.822635379,0.747828081,1.092723321
20060725,0.501673293,0.653490456,0.233801042
20060726,1.050622521,0.79288513,0.548949228
20060727,-0.182043906,0.947228251,0.149191905
20060728,0.378507816,0.376598113,0.841242075
20060731,-0.082406268,0.389280726,-0.378507816
20060801,-0.512270805,0.745350827,-0.479300149
20060802,-0.364299128,0.719289499,-0.132626014
20060803,-0.797213988,0.526781624,-0.515593658
20060804,-0.580192262,0.849861948,0.299700524
20060807,-0.23360598,0.406386719,-0.483294
20060808,-0.501421743,0.791035287,-0.301154653
20060809,-2.382473083,1.709786971,-2.031214045
20060810,2.16288086,2.571334156,3.048143706
20060811,1.160997425,0.940646715,2.003351072
20060814,-0.452708938,0.397002665,0.324622911
20060815,0.657527828,0.372912606,1.36801039
20060816,0.238379136,0.304411531,0.700863015
20060817,0.869089771,0.446777627,0.884961528
20060818,0.376293953,0.21184489,0.533501971
20060821,-0.235017734,0.456052517,-0.235017734
20060822,-0.74208914,0.414719297,-1.024841449
20060823,0.301133439,0.433416206,0.142529124
20060824,-0.506570657,0.434522642,-0.285261683
20060825,0.555777532,0.364066642,0.221940484
20060828,0.062972294,0.368176361,0.615678004
20060829,0.236127619,0.361296188,0.09438415
20060830,0.299330669,0.520970409,-0.04718094
20060831,0.156862777,0.210200183,0.36115294
20060901,-0.225935977,0.366504492,0.476917365
20060905,0.046725334,0.576110053,0.179232466
20060906,0.234760261,0.493535564,-0.39004652
20060907,-0.14072397,0.899147216,-0.09383798
20060908,0.29620413,0.353597365,0.515022598
20060911,0.52705129,0.47513265,0.682596507
20060912,0.107800118,0.285550958,0.447359018
20060913,0.306984124,0.594523029,0.430042131
20060914,0.337371889,0.134950401,0.10722219
20060915,0.030459945,0.162918068,0.53439321
20060918,-0.213252175,0.442253014,-0.137142879
20060919,0.076248574,0.302970125,0.030492453
20060920,-0.060947739,0.192260272,0.015242741
20060921,-0.198670502,0.286422653,-0.366468573
20060922,-0.521313661,0.354857292,-0.490723267
20060925,0.592751945,0.604314767,1.434701044
20060926,0.42206876,0.852719344,0.739793515
20060927,-0.316289141,0.740866757,-0.286209429
20060928,-0.271452436,0.509323988,-0.105652413
20060929,-0.060331827,0.384896445,0.090566044
20061002,0.030161364,0.425586879,0.060331827
20061003,0.465781024,0.376803553,0.586335589
20061004,0.672497491,0.444922441,0.642512483
20061005,0.059506101,0.364239567,0.148831699
20061006,-0.312756231,0.552082922,-0.297885237
20061009,-0.358691163,0.285808747,-0.373608744
20061010,0.037412549,0.404475074,0.067352669
20061011,0.478612939,0.401919457,0.276418689
20061012,0.103957832,0.28393055,0.520873266
20061013,0.148698912,0.235999298,-0.103957832
20061016,0.066832513,0.222377247,0.08169025
20061017,-0.208054764,0.302068717,-0.200631685
20061018,-0.580315593,0.589140585,-0.312896031
20061019,-0.441931733,0.443096715,-0.606221218
20061020,-0.225377603,0.56684897,-0.187849926
20061023,1.022719096,0.450661369,0.525093098
20061024,0.13494267,0.316548764,-0.13476082
20061025,0.164757021,0.685207468,0.119796361
20061026,1.052875449,0.636753955,1.441225451
20061027,-0.562131658,0.533828,-0.562131658
20061030,-0.266904073,0.381600198,-0.089047201
20061031,-0.341880675,0.662387311,-0.282507065
20061101,-0.552528845,0.628639125,-0.567419769
20061102,0.270311022,0.412149258,-0.149857663
20061103,0.029935639,0.372632645,0.209737905
20061106,0.59435539,0.562002863,1.012516095
20061107,0.531916148,0.433140009,0.531916148
20061108,0.74862735,0.640685232,0.763362486
20061109,-0.629715781,0.841739627,-0.454379675
20061110,0.547236389,0.908707111,2.265892149
20061113,1.009894082,0.541987497,1.468413298
20061114,0.506472664,0.483557326,0.845551825
20061115,1.047129987,0.652702203,1.033095884
20061116,0.138312608,0.576177779,0.484933406
20061117,-0.567907891,0.73794001,-0.49882326
20061120,-0.12507819,0.906301714,-0.111188337
20061121,-0.139140137,0.415118369,-0.125234832
20061122,-0.306962708,0.562403922,-0.362673016
20061127,-0.934586242,0.861799766,-1.286327723
20061128,-0.185886948,0.865748995,-0.599316862
20061129,0.128488846,0.439609667,0.314375795
20061130,0.185066606,0.963262914,0.31339057
20061201,-0.400515483,1.179903697,-0.770991826
20061204,-0.042786851,0.592700655,0.471867609
20061205,0.327658958,0.544834538,0.299124217
20061206,0.014223739,0.318021333,0
20061207,-0.38365944,0.772554749,-0.099608688
20061208,0.042653018,0.814002957,0.156483423
20061211,0.692631223,0.616102477,0.905623849
20061212,0.126662462,0.8011823,0.154831476
20061213,-0.448556962,0.286212844,0.112454327
20061214,1.391095796,0.506241156,1.180140089
20061215,-0.124645124,0.47083206,0.187259478
20061218,0.309544529,0.372596506,0.883007945
20061219,-0.338479928,0.282748838,-0.744522948
20061220,0.194769121,0.402078557,-0.429929239
20061221,-0.332963682,0.380558063,0.013897575
20061222,-0.403647288,0.500497183,-0.361966148
20061226,0.864598888,0.340965944,0.445311062
20061227,-0.138121569,0.230094421,0.457159486
20061228,-0.589972213,0.316771698,-0.728284821
20061229,-0.209365699,0.402382918,-0.355661311
20070103,0.319289506,0.754585285,0.807129347
20070104,-0.78688474,0.782670583,-0.877015435
20070105,-0.462541998,0.666142003,-0.476525078
20070108,0.406191468,0.496082662,0.504485375
20070109,-0.64299914,0.479201651,-0.322016379
20070110,0.506045499,0.612819572,0.014022295
20070111,-0.517882045,0.515145524,-0.084163282
20070112,-0.309075829,0.405850592,-0.266985334
20070116,-0.098335331,0.439718138,0.11250177
20070117,-0.118985141,0.425950602,0.343751435
20070118,-1.002918951,0.461693293,-0.646387412
20070119,0.182315456,0.480166929,0.611364822
20070122,-0.904088656,0.521310987,-1.269052564
20070123,-0.314735596,0.207510032,-0.969635431
20070124,0.229259307,0.52117489,0.114563954
20070125,-1.0247618,0.725200995,-1.354487567
20070126,-0.537909271,0.51539487,-0.479896217
20070129,-0.467085946,0.513221901,-0.365097156
20070130,-0.380673959,0.592587053,-0.26369778
20070131,0.21205814,0.594937086,0.409896636
20070201,0.531084148,0.571506791,0.669775363
20070202,0.217407144,0.287284597,0.231917773
20070205,0.506110545,0.274315411,0.375722985
20070206,0.143988506,0.522160871,0.244903962
20070207,-0.03589762,0.403446843,0.186875638
20070208,-0.071823604,0.498858699,-0.05746301
20070209,-1.010109599,0.395713489,-0.923927462
20070212,-0.813425939,0.423810596,-0.559940379
20070213,0.35524016,0.340725162,0.762780205
20070214,-0.23782938,0.522500177,0.296275102
20070215,-0.007233011,0.209319671,-0.245629368
20070216,0.64911876,0.369618688,0.612945853
20070220,0.257732101,0.260517647,0.544882335
20070221,0.129245369,0.470942958,-0.358140917
20070222,-0.093656575,0.529184913,-0.445883515
20070223,-0.536349767,0.312267433,-0.825075246
20070226,-0.305254979,0.338126009,-0.160011671
20070227,-2.353398038,6.223569213,-2.834975036
20070228,1.214498772,2.357280563,0.493016611
20070301,1.50165311,2.664480248,0.490597877
20070302,1.375338364,2.980831933,3.095589562
20070305,-0.418139172,1.890852994,-0.490055752
20070306,0.359015249,0.881239199,0.791541875
20070307,-0.575706829,0.737761812,-0.690451535
20070308,-0.675144416,0.556711542,0.144237729
20070309,-0.979552632,0.615888637,-0.433338826
20070312,-0.348432408,0.429099892,-0.464307276
20070313,-2.052221632,0.934506908,-2.175916485
20070314,-0.647155158,1.684064278,-0.417039627
20070315,0.074599034,0.880730991,0.074599034
20070316,-0.119688823,0.781201304,-0.373552919
20070319,1.082053098,0.598957059,1.530149442
20070320,0.999420429,0.539082618,0.807580925
20070321,0.818957487,1.306837425,0.408640382
20070322,-0.657656736,0.439310012,-0.672222318
20070323,-0.117353688,0.615529923,-0.102692006
20070326,-0.198478398,0.732277214,-0.264550419
20070327,-0.605033942,0.43939737,-0.575604866
20070328,-0.44603107,0.49274674,-0.668302777
20070329,-0.741293239,0.76215065,0.134018336
20070330,-0.029770765,0.96120127,-0.044652825
20070402,-0.141395372,0.619871239,-0.044672773
20070403,0.727060106,0.533135685,0.741953248
20070404,-0.710482562,0.569333725,-0.474215471
20070405,0.059506101,0.316410766,-0.118906078
20070409,-0.356506616,0.167942249,-0.059506101
20070410,-0.551704971,0.208539071,-0.477327875
20070411,-0.539569654,0.271812638,-0.509669819
20070412,0.150262988,0.446516483,0.090130696
20070413,0.434490158,0.360343458,0.434490158
20070416,0.534205158,0.651560211,1.011461843
20070417,0.500221729,0.610845083,0.840031467
20070418,0.16092462,0.661705547,0.395460054
20070419,0.888635755,0.714988912,0.786259147
20070420,0.043156154,0.535430239,0.837670987
20070423,0.215874013,0.386363613,0.043137538
20070424,-0.187090794,0.489421159,-0.201467905
20070425,0.100121585,0.294673511,0.760569068
20070426,-0.293286808,0.429690288,-0.221832715
20070427,0.500537334,0.581623369,0.436042008
20070430,-0.428143939,0.55248339,-0.257106269
20070501,0.021424746,0.713181702,0.142918418
20070502,0.426986131,0.338206172,0.5554383
20070503,0.170116287,0.642754643,0.269484597
20070504,0.042363907,0.462040037,0.325249527
20070507,0.722075415,0.342831496,1.053306557
20070508,0.699401368,0.490836185,0.223276677
20070509,0.292092843,0.632306059,0.361764691
20070510,-0.124939282,0.798904968,-0.013889853
20070511,-0.137513773,0.618007251,0.940142415
20070514,-0.16542601,0.484108753,-0.261798289
20070515,-0.746478446,0.494510195,-0.56727928
20070516,0.498064118,0.439234218,0.539681653
20070517,-0.401023838,0.265117243,-0.401023838
20070518,-0.193718063,0.260961902,0.041559881
20070521,-0.187402449,0.173017574,-0.319068038
20070522,-0.236094825,0.247487941,-0.069497536
20070523,-0.194444506,0.280762472,0.013903372
20070524,-0.543517469,0.640785182,-0.515716524
20070525,0.013893713,0.353427828,0.585204401
20070529,-0.152894602,0.279422085,-0.125112966
20070530,0.528439555,0.487754258,0.29168713
20070531,0.304624993,0.46276872,0.318493657
20070601,0.061964269,0.491020446,0.434558366
20070604,0.027570995,0.141622588,-0.130858519
20070605,0.26299413,0.458808172,-0.289875281
20070606,-0.152365152,0.389800938,-0.276855105
20070607,-0.864116875,0.728171262,-0.975073891
20070608,0.483177299,0.498423666,0.188791442
20070611,0.559676849,0.492987039,0.132639902
20070612,-0.167621215,0.666149799,-0.195530789
20070613,0.789860685,0.709355942,1.277972665
20070614,-0.227829848,0.371829759,-0.151944224
20070615,-0.110238402,0.256844309,0.262304285
20070618,-0.068951254,0.291805496,-0.055164806
20070619,0.434918362,0.485897521,0.13096676
20070620,-0.995858853,0.574633557,-0.892585065
20070621,0.24321613,0.662683231,0.138908204
20070622,-0.892614016,0.973122373,-0.920380225
20070625,-0.042232703,1.097730156,-0.505619055
20070626,-0.407962864,1.005398074,-0.112707817
20070627,0.141743468,0.833034883,-0.480430485
20070628,0.070997518,0.716982842,-0.212690615
20070629,-1.207315283,1.03995441,-0.669375141
20070702,-0.227628495,0.581451094,0.328126409
20070705,0.285103543,0.374961543,-0.29848647
20070706,-0.021404873,0.425790056,-0.256556583
20070709,0.085457917,0.362608015,0.242320694
20070710,-1.583906403,0.472927283,-1.926177131
20070711,-0.16010483,0.674941348,-0.363504581
20070712,1.100981714,0.620550296,1.100981714
20070713,0.129412629,0.278159632,0.258992951
20070716,0.488366383,0.354932578,0.286985417
20070717,-0.107607887,0.412910807,-0.186446809
20070718,-0.172512981,1.092116076,-0.229951237
20070719,-0.086120287,0.41622164,0.201236233
20070720,-1.260142688,0.806813068,-0.92326103
20070723,-0.521211546,0.524117257,-0.159547499
20070724,-1.195949542,0.691406254,-1.683418222
20070725,0.404100326,1.144060878,0.662107914
20070726,-1.064909345,3.519099698,-2.08194221
20070727,-1.821543989,2.098754561,-2.279279377
20070730,-0.245323643,1.302394796,-0.214691081
20070731,-2.358854456,1.770020153,-1.609443592
20070801,0.87146521,10.29563977,0.68408227
20070802,-1.478741242,2.749240092,-1.20023263
20070803,-3.553875712,2.93364069,-3.397184988
20070806,4.387432623,4.601332517,4.58192215
20070807,2.631730832,7.187890065,1.415626041
20070808,1.200875426,6.721525173,1.741808519
20070809,1.754980799,23.01655334,-3.390155168
20070810,1.315040544,15.18031452,0.464900884
20070813,-0.915003885,4.37069767,0.077273785
20070814,-2.599570464,5.622905991,-2.060319485
20070815,0.30108572,5.430925114,-0.331727656
20070816,2.032686389,14.61412862,1.429605685
20070817,0.12139607,8.381397174,2.814487964
20070820,-0.712988457,3.347143365,-0.387464872
20070821,-0.197643546,1.407315376,0.038053199
20070822,0.360252566,1.08781865,1.555335241
20070823,0.178944277,1.417437844,0.567758884
20070824,1.048531636,1.046304802,0.697798095
20070827,-0.93590522,1.104495586,-0.876742372
20070828,-2.263447751,1.315935505,-2.562401636
20070829,1.017704538,1.891827148,1.315858499
20070830,0.122007031,2.850472667,-0.849906467
20070831,-0.408503481,1.561428646,0.532037433
20070904,0.806972968,1.074727941,0.913041619
20070905,-0.662380129,1.000607456,-1.681603025
20070906,-1.303999455,1.358301833,-1.067475482
20070907,-1.119955317,1.466674831,-1.988447129
20070910,0.187412205,1.713904764,0.948468799
20070911,1.036278704,1.328453739,1.394506639
20070912,-0.293368542,1.231545175,-0.493599645
20070913,0.377083059,1.086120354,0.655032589
20070914,0.292645569,0.807454994,-0.115282647
20070917,0.555728506,1.059845922,-0.092321902
20070918,2.377999218,3.544383331,2.808107408
20070919,0.683204796,1.533536603,1.1163322
20070920,0.022352196,0.818155507,-0.6608526
20070921,-0.401159441,0.915490114,0.081915334
20070924,-0.313925065,0.633323781,-0.567335054
20070925,0.951068688,0.43460315,0.44071033
20070926,0.750904982,1.154005566,0.624119717
20070927,0.088888895,0.66297663,0.037027438
20070928,0.666718523,0.486409241,0.280961368
20071001,1.689849924,0.708104058,1.334819966
20071002,0.815024159,0.804299427,0.523180964
20071003,0.174266672,0.772939277,-0.10151549
20071004,-0.289855275,0.376137808,-0.029023364
20071005,-0.007209545,1.160477788,0.650996874
20071008,0.310480772,0.511178511,0.007209545
20071009,0.946107975,0.545401527,1.05418883
20071010,-2.038526569,0.94069856,-2.345746473
20071011,-0.840126211,1.473443427,-0.453814276
20071012,-0.088105733,0.279014933,-0.124793556
20071015,-1.905384403,0.940062474,-1.883350692
20071016,-0.256197864,0.937380505,-0.796577444
20071017,-1.065890577,1.533632789,-0.7269455
20071018,-1.02738004,0.78613364,-1.392844129
20071019,-2.374369587,1.470646621,-2.528619193
20071022,1.552875445,1.907017966,0.536025247
20071023,0.59245574,0.861243967,1.141261508
20071024,-0.234430052,2.582497756,-0.655024176
20071025,-3.449988445,26.99885775,-3.324890696
20071026,-0.912517338,6.333913235,0.580646793
20071029,1.681917612,1.356154807,1.714077124
20071030,-0.412633501,1.975400044,-0.594602775
20071031,0.516099442,5.21031217,0.404714277
20071101,-4.536860503,5.537088674,-6.350951088
20071102,-0.236366816,7.973886371,-0.152014217
20071105,1.436442105,8.935747458,0.740993623
20071106,3.481597046,7.060058164,4.350296127
20071107,-5.064373282,6.815141476,-7.503518594
20071108,-1.144695049,25.16859807,-3.032532971
20071109,2.675596253,11.23439846,1.73409636
20071112,0.564773827,5.480776744,-0.325060686
20071113,2.812256662,5.087937958,4.0019138
20071114,0.168747931,7.21636551,0.287041143
20071115,-3.565794099,6.906249033,-4.174623986
20071116,-1.402448565,4.140991424,-1.051478652
20071119,-0.808847764,4.54428386,-1.57568166
20071120,-1.286807626,8.416179408,-1.775275355
20071121,-4.268182048,7.63741954,-6.244035947
20071126,-1.227936464,5.125958884,-0.795157541
20071127,2.770981568,6.758305292,3.566139109
20071128,4.421586715,10.81000176,5.842116885
20071129,-0.538522973,6.416857214,-0.67702715
20071130,-1.279335146,6.26782078,1.452558827
20071203,-1.484613767,6.023855822,-2.467973714
20071204,-0.662906665,5.672103833,-2.134173122
20071205,0.326882011,15.8403632,4.550631423
20071206,5.811597481,4.814601862,5.415761838
20071207,-0.536194314,3.917710439,-0.130250751
20071210,0.138115958,3.434500483,0.33342852
20071211,-4.146270674,7.941450563,-3.797767667
20071212,-4.492877647,9.493045147,-1.649557002
20071213,-0.157494127,7.03565175,-2.114097104
20071214,-0.555109313,5.905641021,-2.500351906
20071217,-0.634232442,5.047154004,-1.228561071
20071218,1.549314224,4.74726434,2.831730427
20071219,-0.158269619,7.210628346,0.405608527
20071220,-0.579304701,6.15647584,-0.03520507
20071221,2.109709926,2.567841237,2.846426116
20071226,-0.752952608,1.478657047,-0.736281773
20071227,-1.904006291,2.269237523,-2.611914186
20071228,-1.091591913,2.307041436,-0.25893334
20071231,1.158280734,3.887188977,0.560177274
20080102,-2.96363313,5.886163735,-3.195941258
20080103,-0.635707597,3.815242385,0.177305011
20080104,-1.347850399,3.105206271,-2.112502475
20080107,1.457790875,9.681680804,1.873066365
20080108,-1.94492704,5.910723622,-1.457790875
20080109,2.001496406,8.580035988,1.821153706
20080110,3.198304585,13.49587623,2.274017877
20080111,0.539084863,8.928917275,-0.277104438
20080114,2.070537906,2.381987284,2.787696551
20080115,-1.049833237,4.44334858,-2.545188204
20080116,0.311472825,6.036620074,0.138312608
20080117,-6.511439216,9.312576027,-6.476890934
20080118,-4.765704028,19.44830141,-3.967058392
20080122,5.172977078,30.32493183,0.62138721
20080123,8.736807694,24.298523,4.363515006
20080124,-0.272553998,10.40865174,0.282421725
20080125,-3.979891496,7.017088811,-3.254725157
20080128,2.125969709,5.900401459,2.725671656
20080129,2.103839407,4.628970805,3.610630192
20080130,-3.912148008,7.978505359,-4.354196292
20080131,3.220711467,11.65864494,1.163389662
20080201,0.937957814,8.059202261,1.446679842
20080204,-0.288236553,2.783411323,-0.48591835
20080205,-2.92304158,6.132908909,-4.615067756
20080206,-1.967837633,5.95658661,-1.618928797
20080207,-0.289883283,7.06045938,-0.79036556
20080208,-0.981747528,2.901523308,-1.934598685
20080211,-9.208298691,21.44762464,-12.82460275
20080212,2.040215551,8.920638889,3.244243474
20080213,-2.289969293,4.194589938,-1.10269145
20080214,-0.405858068,5.173168493,-0.120832661
20080215,1.901073313,3.353064376,1.548727651
20080219,-2.260280192,5.553083613,1.76995771
20080220,2.513597327,4.002047185,1.927085382
20080221,-1.171071518,4.232145152,-0.837876707
20080222,2.358404715,3.58649104,2.841041262
20080225,3.660671628,6.982068936,2.911604455
20080226,2.656852133,4.310660374,2.228969496
20080227,2.478140517,4.635505856,1.15853777
20080228,-2.169710361,3.692715783,-3.795447735
20080229,-0.596762214,9.204677181,-6.956275325
20080303,0.128644958,5.727386029,-0.235420119
20080304,0,6.652067792,-1.750828253
20080305,-2.810852311,8.399201274,-2.898112351
20080306,-2.940712708,5.90982462,-3.797345539
20080307,1.398953045,13.95795526,-0.13999069
20080310,-2.943120017,12.75362894,-2.314699469
20080311,0.637888027,10.07384882,5.089297532
20080312,-2.198887189,10.85333938,-0.923978512
20080313,1.973200832,19.43097634,-2.67116102
20080314,-3.553491799,15.83541409,-3.083786849
20080317,0.113157741,25.39942435,-3.457988401
20080318,4.830718903,21.1450378,8.845542056
20080319,-6.962518261,14.07870149,-3.059914077
20080320,5.657035149,9.037605565,6.519058554
20080324,1.914195718,6.811849931,2.523447118
20080325,-0.999573729,5.242944685,-0.783123428
20080326,-2.687731776,5.01851905,-3.874037429
20080327,-2.58928842,6.185059884,-1.348437755
20080328,-2.674202695,4.440892387,-1.530287224
20080331,1.443564067,5.893410264,1.069031794
20080401,4.799176093,6.570043241,8.185478513
20080402,-1.507939798,6.386389298,-0.469684894
20080403,1.263264846,4.860098915,0.5761245
20080404,0.519371563,5.085867052,0.625697996
20080407,0.417188757,2.85314006,1.562941555
20080408,-1.811010576,2.386845036,-2.647135848
20080409,-3.448617607,3.940824647,-2.565492221
20080410,0.417812592,4.406656553,-0.065811124
20080411,-2.216188345,5.126320675,-3.608322197
20080414,-1.535494818,2.776231526,-1.501374829
20080415,0.980288256,2.925897428,1.785352984
20080416,1.041329893,3.113269794,2.884492883
20080417,2.409755158,4.586520231,1.812870441
20080418,0.979480583,5.801066225,4.279407467
20080421,-2.167530672,3.557023597,-3.524686903
20080422,-2.388726764,5.811604121,-2.73303526
20080423,-2.342449446,4.239278672,-3.173801571
20080424,5.97717433,8.771423534,6.613250986
20080425,0.231408539,5.073607393,1.503150986
20080428,0.03189284,3.84000297,-1.162435154
20080429,-0.074432456,2.733068029,-0.074432456
20080430,-1.463965866,3.930245097,-1.922413281
20080501,4.225757112,4.417862944,4.464032974
20080502,0.10198879,5.700788298,1.717001005
20080505,-2.304706004,4.040903299,-3.432344811
20080506,3.141619623,4.2391478,2.304706004
20080507,-6.607592821,4.371450103,-7.290330551
20080508,-2.601899891,8.49820175,-2.004883192
20080509,-3.86862498,12.76365841,-9.201208338
20080512,-3.861089913,10.33063301,-4.633102214
20080513,2.122232858,2.681615413,1.45743213
20080514,0.342922797,2.035389994,0.981087056
20080515,0.531579533,2.675270164,0.442786478
20080516,-0.634922768,1.829779574,-0.913016741
20080519,-0.626961301,2.461561367,-0.754431045
20080520,-0.731838081,2.07062099,-2.1668055
20080521,-3.432557294,4.94660728,-3.144410401
20080522,2.494764577,3.109468541,2.155804182
20080523,-0.889853519,3.022310702,-2.209960696
20080527,-0.599130332,2.657582851,-0.84319825
20080528,-5.445991713,7.47780774,-4.955527515
20080529,1.340387956,5.634332737,1.311681195
20080530,-2.146477566,3.495163637,1.824612023
20080602,-0.195122013,3.172256353,-0.306449606
20080603,-0.80321717,4.907426675,0.33426215
20080604,-0.474794915,7.858477216,-0.66964536
20080605,1.800103993,5.19987882,1.981909511
20080606,-3.926049232,8.247879432,-7.388631638
20080609,-1.242987297,5.689092667,-0.771288309
20080610,3.006965794,7.136457653,2.019377339
20080611,-2.610649599,6.633465819,-2.946833501
20080612,0.148434048,7.319941006,1.313843922
20080613,0.939525408,8.809549264,1.501573922
20080616,2.259983192,7.691756715,-0.615566944
20080617,-6.532382723,5.018058718,-5.406722127
20080618,-1.573844258,10.67733407,-2.196511276
20080619,2.14010002,5.440416725,4.77018274
20080620,-1.480594598,5.223857761,-2.697895083
20080623,-5.788986251,5.455000572,-5.788986251
20080624,-1.331134464,10.65598853,-1.727043922
20080625,-1.104244113,7.671457494,-0.436461999
20080626,-2.878401596,5.471097937,-5.676264069
20080627,-0.682596507,10.01343383,-1.218216427
20080630,-4.255961442,6.890819582,-4.761925658
20080701,2.955880224,15.28489589,1.239918196
20080702,0.337268448,6.992236398,-0.186881011
20080707,-1.569410202,10.66149297,-1.227009259
20080708,6.178989676,13.34632426,5.443265157
20080709,-4.813464137,11.42464512,-4.521599646
20080710,-7.277029861,24.00421214,-8.430445186
20080711,-0.387847933,32.48962783,-3.750042202
20080714,-7.067809074,21.3434104,-2.757889826
20080715,-2.877896455,47.30733449,-9.19868135
20080716,11.1606032,26.97848751,12.12913377
20080717,3.475732575,36.08134555,5.818757756
20080718,0.801286339,16.53280236,1.893309324
20080721,-0.488080563,16.52767665,5.85098103
20080722,8.846465439,21.89853973,5.847482212
20080723,5.462108448,27.77023692,6.626758987
20080724,-8.792088137,18.05000711,-9.124867147
20080725,-4.206983848,30.06384281,-0.89571936
20080728,-12.0561587,17.64076354,-12.79335334
20080729,9.298143821,26.4926383,7.146615986
20080730,0.957663877,30.21556933,3.886943866
20080801,1.237593145,13.25466856,0.279929267
20080804,0.14998128,14.00142418,-0.523170102
20080805,5.930727764,12.69418406,11.25656688
20080806,0,12.26836939,-2.955880224
20080807,-6.296495669,20.7280696,-19.55116127
20080808,4.130865745,18.26949156,4.046973122
20080811,-2.073666498,16.34858096,-2.0132861
20080812,-4.693694289,9.595483174,-6.142095359
20080813,-2.193954129,17.99765934,-3.557511653
20080814,4.021989811,15.58773106,3.295044311
20080815,-0.673403218,6.284570117,0.480665116
20080818,-5.462645781,8.570116005,-5.833865772
20080819,-0.927514582,16.76600228,-5.949886939
20080820,1.648921938,18.58716333,1.942751728
20080821,-2.698814472,17.3345401,-5.182506786
20080822,-2.147398371,8.352576429,0.353982671
20080825,-2.054325603,7.123931141,-5.286204729
20080826,3.94446568,6.472592807,4.475252489
20080827,1.435612113,6.591056882,1.740490398
20080828,6.047908048,6.575697813,7.117436959
20080829,1.782411165,5.712717446,0.186133139
