20020102,0.587332132,2.742717543,0.699597089
20020103,1.132452373,1.7618222,1.522099401
20020104,3.287819718,6.042538835,3.534699558
20020107,-1.269858334,1.175509333,-0.425080343
20020108,-1.207258123,2.16931551,-1.36713026
20020109,-0.053850297,2.182732382,0.215691645
20020110,0.851295378,2.358660105,1.656020751
20020111,-0.453757618,3.644439636,-0.984967367
20020114,-2.074310182,3.632961396,-3.04205967
20020115,2.659659793,2.37213521,3.947525244
20020116,-1.998446201,2.880469332,-2.850421535
20020117,0.296216724,2.670113756,1.435366553
20020118,-0.350451902,2.025833802,-0.431151301
20020122,-0.669256949,1.789418899,0.538649296
20020123,-1.657421448,2.758626325,-1.98026273
20020124,0.054451403,3.542631269,0.65538192
20020125,2.354338143,4.768724372,0.597016699
20020128,-1.775760362,5.058761131,-1.856962153
20020129,-5.243906062,7.059726725,-5.161250044
20020130,1.370666804,9.88404433,2.309505216
20020131,2.380390092,6.664317473,1.268158464
20020201,-0.370212583,3.747620898,-1.865514813
20020204,-4.303312878,7.006503547,-4.732191305
20020205,0.596482532,9.639889982,0.596482532
20020206,-3.991000175,10.14398401,-2.16419628
20020207,1.158196427,6.739797432,0.273099851
20020208,2.05394927,5.215649726,2.808669834
20020211,0.627710924,2.723524341,-1.125937821
20020212,-1.385147109,1.067786095,-1.743356447
20020213,1.989081461,3.333641656,3.104726984
20020214,-0.144613185,2.97427459,1.545896325
20020215,-2.779988828,2.627266345,-2.490971286
20020219,-1.254871561,4.904062878,-1.314236359
20020220,0.147819687,4.594137025,1.758352559
20020221,-1.840360638,5.637371934,-1.398208112
20020222,0.357568915,7.899555625,0.716420975
20020225,2.894558089,3.294994598,4.16544855
20020226,-0.424869638,5.318535369,0.512237887
20020227,1.181116093,5.665817031,1.521156092
20020228,1.463912347,6.829269455,1.938045155
20020301,2.304561798,4.995119584,2.277138241
20020304,4.765906453,7.710434648,5.247190805
20020305,0.435842249,7.378675766,-0.586661547
20020306,1.336547446,3.324898549,2.101077164
20020307,-1.182552465,1.751066627,-1.032364702
20020308,1.118718939,3.690154687,2.351283908
20020311,1.945586662,3.244447925,2.610859535
20020312,1.348555438,3.374064734,-1.114082727
20020313,-0.469078752,2.334201969,-1.59571325
20020314,0.320710772,2.927967188,0.469078752
20020315,2.815054164,2.020751382,3.746661784
20020318,0,2.838786516,-0.475625153
20020319,1.373127635,1.684286258,1.373127635
20020320,-0.524560096,1.223331179,-1.659592381
20020321,-0.799907307,4.028863999,-1.784900256
20020322,-0.170461505,2.305426456,-0.146127644
20020325,-1.082954222,2.766925658,-1.522622736
20020326,0.966191091,3.690845431,0.370508019
20020327,2.111025865,2.769429733,1.49274765
20020328,-0.924580796,2.088057122,-0.633530384
20020401,-0.657122196,1.706947156,-1.763192216
20020402,-0.07521625,1.647799754,-0.811844839
20020403,-2.279372321,2.844109261,-1.008327172
20020404,1.031325957,1.967624108,1.233806411
20020405,1.6345089,2.755361376,1.859480873
20020408,0.740744128,2.124497781,-0.147492652
20020409,0.340881752,3.144109423,1.198204823
20020410,0.217417648,2.440731801,0.726571373
20020411,-2.77420516,3.020861597,-3.112614958
20020412,0.520382788,2.583453467,0.719338337
20020415,-0.991334017,3.06604996,-0.769139135
20020416,1.022155407,2.033961951,2.824005957
20020417,-0.869780791,2.449865254,-0.218155462
20020418,3.286849793,9.114569252,2.775961929
20020419,0.2998503,2.113076677,2.447959981
20020422,-2.047059153,2.389527163,-2.024030943
20020423,-0.13999069,4.432791696,0.655893661
20020424,-1.028527066,3.697454038,-0.632394659
20020425,0.423629723,3.22130998,0.046981443
20020426,-1.363764376,3.127681762,-0.801702007
20020429,-2.140791317,2.39084585,-2.662985716
20020430,0,1.384866904,-0.316571554
20020501,1.497974374,4.193569817,1.69290621
20020502,0.713439411,1.068307501,1.191909224
20020503,-0.951934842,2.088574855,-0.904552704
20020506,-1.615855729,2.757679902,-1.663691176
20020507,-1.027909197,3.25791972,-1.173894625
20020508,3.931417546,2.757892387,5.153926659
20020509,-1.319840041,4.54711765,-1.530341814
20020510,-1.098649694,2.78424779,-1.21734407
20020513,3.323818053,2.390229297,3.515756691
20020514,0.995033085,1.508284229,2.992115411
20020515,2.43749373,2.960883156,0.918362373
20020516,-0.58269999,2.729209509,-0.805914369
20020517,-0.811363477,2.139891444,-0.676592568
20020520,-2.126523485,2.568639329,-2.103896491
20020521,-3.256101605,2.585652921,-2.267246818
20020522,0.04727015,3.062083181,0.04727015
20020523,0.27978568,1.903031529,1.477686088
20020524,-1.168783758,1.623772206,-0.982693916
20020528,-1.97226305,3.544981886,-2.042826383
20020529,1.715962028,1.692330344,1.547834212
20020530,1.16681881,4.098712973,-0.189214815
20020531,0.094095514,2.084938988,0.684206987
20020603,-3.800194396,4.150435871,-3.541887337
20020604,-2.244514005,7.523374409,-2.366390924
20020605,1.300791442,2.472904364,2.268901275
20020606,-1.877931837,2.374276112,-1.610063663
20020607,0.012770577,7.745410957,-3.018717457
20020610,1.092074346,2.977538988,1.104843292
20020611,-3.109322856,3.298882236,-2.454738444
20020612,-3.230357663,7.484324958,-3.879626273
20020613,-3.153970462,3.18180025,-3.477420879
20020614,2.960046978,10.51211871,0.30602333
20020617,4.552325502,4.213588628,5.931657716
20020618,2.491932222,5.344623276,1.041676086
20020619,-1.046855936,4.880599759,-1.540299347
20020620,-0.639490589,5.160472204,-1.591123464
20020621,1.269772565,6.436982247,-0.428610353
20020624,0.026914278,11.1960434,-0.241903088
20020625,-2.01477003,4.878638858,-2.176364464
20020626,-0.892863074,12.02598856,-1.88789616
20020627,1.551684869,8.375382299,3.686799943
20020628,-1.228684399,7.808053679,-1.68895325
20020701,1.220354128,3.550148669,1.904819497
20020702,-0.569184353,5.951010741,-0.83909005
20020703,-0.385781685,4.558214277,-1.561461666
20020708,-1.129044252,6.379566462,-0.968530573
20020709,-2.649342445,5.859264659,-2.352406068
20020710,-4.245191189,9.964008532,-3.693161082
20020711,1.959152262,25.08403325,0.658367914
20020712,-0.543868523,15.59493479,-0.60094615
20020715,-1.762160135,19.52285346,-3.178573467
20020716,1.639136684,11.41101911,0.236756547
20020717,1.510916019,18.09376628,0.530661623
20020718,-1.216812758,10.65391228,-1.540771221
20020719,-3.693204834,14.79915905,-5.714084949
20020722,-6.738126759,49.52308252,-8.750010043
20020723,-1.967955795,22.62088768,-1.040592116
20020724,9.416292081,57.59734267,6.119874527
20020725,-0.692500706,28.70319574,-0.889480416
20020726,0.431679236,17.5379444,-0.13245035
20020729,7.725968232,14.85752722,10.40674335
20020730,2.112859434,12.58775246,1.393647464
20020731,0.941653413,10.55593634,3.614677172
20020801,-0.087374405,6.775239504,-2.560185855
20020802,-3.277028413,9.779063824,-3.861483613
20020805,-8.497611679,10.26945001,-8.497611679
20020806,3.644289024,9.203587271,5.344231889
20020807,-0.362319237,9.34039558,3.27444518
20020808,5.72423311,15.62641917,5.845152109
20020809,3.533936645,8.311881043,2.674332498
20020812,0.593977139,6.315824793,-1.511363781
20020813,-1.142869582,9.471586413,-1.878791387
20020814,5.282968244,11.80393574,4.330167619
20020815,2.870492237,13.6555299,3.035463405
20020816,-1.298719553,5.628246681,-1.995213126
20020819,2.635269465,3.474915634,2.580788396
20020820,-1.360565206,5.25496279,-3.181718912
20020821,1.16738125,5.912744214,1.495609115
20020822,3.084530631,3.827130274,3.03053495
20020823,-1.303730053,2.744584436,-2.250856312
20020826,1.590280002,3.754770705,1.831018383
20020827,-3.160533942,6.614736144,-2.583710108
20020828,-1.588639272,3.871139014,-2.29267684
20020829,1.648312217,4.753032569,-0.35956338
20020830,0.389105549,4.78720357,-0.110895492
20020903,-6.538275926,6.81161847,-7.934946674
20020904,3.119735054,5.550465505,3.569174012
20020905,1.031696697,6.287023691,-1.195175282
20020906,0.346021106,2.681227242,1.859437652
20020909,3.649507329,3.400782207,0.402183823
20020910,0.54449196,4.472032872,0.314870734
20020912,-1.262309437,3.399398545,-2.739098981
20020913,2.429029377,6.273670247,0.940906677
20020916,3.03053495,3.976740159,1.941808586
20020917,-5.931342507,4.937308501,-4.76140478
20020918,-1.071165559,8.773642035,-2.191201485
20020919,-0.25348556,7.643137226,-3.061782435
20020920,-1.09701774,5.44554828,0.664034061
20020923,0.095953949,8.80577388,-1.428368992
20020924,-1.060932632,14.91958045,-1.092907053
20020925,0.791018205,12.16438548,2.521276045
20020926,1.132029834,7.346703489,3.529778208
20020927,-4.476967705,8.842882517,-4.416140453
20020930,0.741102151,10.74096758,-0.958473791
20021001,4.345112319,10.55490007,4.82549755
20021002,-3.928234833,9.48008109,-4.665112592
20021003,-4.249005162,15.24543385,-4.088877025
20021004,-5.066107211,20.1444769,-5.032723802
20021007,-6.89177654,19.06450907,-6.716368672
20021008,3.783553434,16.364926,6.01164412
20021009,-1.376833344,19.10935101,-3.124693071
20021010,6.276292824,24.42346485,6.531348528
20021011,-0.420236597,11.48065704,5.356344292
20021014,2.746167994,8.80049267,0.45248946
20021015,3.155784041,12.20339172,8.615106938
20021016,-2.725631904,8.741751812,-4.818383915
20021017,0.589103324,4.108172218,5.555306925
20021018,0.266706337,9.576368195,-0.766513187
20021021,2.052858014,8.39613416,1.934409673
20021022,0.766061495,5.218284945,-1.109176579
20021023,-0.857105883,7.7370168,-1.121617425
20021024,-4.02698642,7.867541632,-3.258206762
20021025,1.919912698,14.42527431,1.582022651
20021028,2.928770197,20.96736986,3.470613786
20021029,1.707958728,12.6581702,1.562079781
20021030,2.705914811,6.859925386,3.164105762
20021031,0.192651773,3.49028778,1.13370494
20021101,0.248515936,7.786497556,-0.302905367
20021104,1.316338685,11.35096689,3.282540748
20021105,0.686156116,5.638430437,-2.458586622
20021106,-0.487673684,9.94391205,0.708642922
20021107,-1.676016886,5.461792644,-3.650847932
20021108,1.275346746,8.522224639,0.028165047
20021111,-0.397953908,2.143936959,-1.132835677
20021112,0.285306898,4.422877677,-0.028485971
20021113,0.940579829,9.855023293,0.426439879
20021114,2.38269522,3.014943898,4.710011814
20021115,2.501811721,5.698822682,1.850166732
20021118,-3.105174533,6.407329903,-2.311309554
20021119,0.268456537,5.082335064,1.403910747
20021120,3.140514065,4.081291143,3.140514065
20021121,1.687587992,2.946928358,2.438206244
20021122,0.304337034,2.76415794,0.126694556
20021125,0.178049138,4.307642371,-0.355150044
20021126,-2.7855504,4.481643173,-3.807270655
20021127,2.482030205,3.484065803,3.323254934
20021202,-2.835801214,5.094861725,-0.877198607
20021203,-0.787405643,3.336196777,-1.672367171
20021204,0.477834729,5.822410194,-0.501916256
20021205,-1.910379138,3.263434035,-1.145304835
20021206,2.805687138,7.352096357,0.694076465
20021209,-0.949159668,3.558094457,-2.396130252
20021210,0.515674911,3.111775569,0.651821971
20021211,0.656277991,1.949790725,-0.67907364
20021212,0.355823559,4.768136444,-0.245599796
20021213,-0.277777956,4.221812442,-1.791915624
20021216,2.307794728,2.816008457,2.391209164
20021217,-0.081510669,3.052098258,-0.081510669
20021218,-2.142939146,3.953492437,-2.142939146
20021219,0.869448753,5.311193807,-0.556949365
20021220,1.524668794,2.536468382,3.296096239
20021223,-0.486355998,2.759245077,-0.243473676
20021226,-0.411241155,2.854009678,-0.164699461
20021227,-1.669023444,2.219103075,-2.081962778
20021230,-0.614183952,4.066579659,0.168161475
20021231,-0.451722959,4.704982089,-1.041529471
20030102,2.401108868,5.625190983,3.694351519
20030103,0.272183075,2.895706701,0.326708703
20030106,3.663021474,4.325502197,3.472571137
20030107,-0.795760167,3.608139289,-1.427840228
20030108,0,3.971733926,-0.802143338
20030109,1.694507053,2.676797014,2.229983566
20030110,2.168823439,2.948819917,0.340715832
20030113,-0.620959304,3.212254511,0.807821983
20030114,0.208387676,1.755851372,-0.259875406
20030115,-1.605086426,2.749514844,-1.917831012
20030116,-1.144085913,3.016815675,-0.879185096
20030117,-0.35197004,3.249992533,-1.347003125
20030121,-3.7451418,2.774645839,-2.666091675
20030122,-2.005433682,3.011819178,-2.396168201
20030123,-0.282965667,11.38008097,0.682402421
20030124,-4.105977838,5.280961072,-4.788380258
20030127,0.748618558,9.569967537,-0.357355949
20030128,2.484958838,5.570951019,4.434799045
20030129,1.230520606,6.500006104,0.341880675
20030130,-1.259318302,4.506847195,-1.259318302
20030131,3.002369902,5.095670294,2.221680669
20030203,-0.028054426,3.153142341,0.393590612
20030204,-1.313554009,3.919487338,-2.413861344
20030205,-1.489145502,6.289462072,-0.374370488
20030206,-1.557251977,6.756039855,-2.601344989
20030207,-2.055872702,4.882739841,-0.207499704
20030210,0.029801818,4.693214312,-0.416295576
20030211,-2.149978305,3.905687901,-1.289566529
20030212,-1.892030807,2.874968583,-2.043065423
20030213,0.153727932,4.216004337,0.276880657
20030214,2.101493508,6.584739716,1.916991611
20030218,2.003602676,4.120368901,3.261480897
20030219,0.321778835,1.818626544,-0.116754246
20030220,-1.85272172,2.920491348,-1.619349386
20030221,0.148478127,4.053887041,0.029677994
20030224,-1.11497313,1.716219982,-2.099027589
20030225,1.521173232,4.384099845,0.362976805
20030226,0.152881852,3.568244026,-1.1845241
20030227,0.242130869,3.894584303,1.063678164
20030228,1.379745943,2.550560324,1.470394084
20030303,-1.911647222,1.99415949,-1.228848072
20030304,-1.152575695,1.714662392,-1.152575695
20030305,1.094235842,1.776155228,0.911029684
20030306,-0.977704091,1.396585508,-1.553725087
20030307,3.134860268,6.293833482,1.462994701
20030310,-2.172649086,2.620386318,-3.635643787
20030311,-1.008835794,2.71356885,-0.977463245
20030312,-0.142959281,4.319471819,-0.333254296
20030313,2.603117433,2.661064146,5.037091713
20030314,0.448230244,6.587079758,1.380988624
20030317,6.448251599,7.361724744,6.269200521
20030318,0.919098518,4.784407817,1.003073331
20030319,0.718433596,3.041887144,0.690705882
20030320,1.621137303,3.522458227,1.013568463
20030321,1.890616825,2.18134901,3.271069116
20030324,-1.556770481,2.167399814,-4.25710833
20030325,-2.10534092,6.747009381,-3.017831697
20030326,0.028405056,2.294087214,-0.113539609
20030327,-1.068910943,2.311579546,-2.240185582
20030328,0,1.192396805,-0.670263328
20030331,-1.316990002,1.328077667,-2.997701834
20030401,1.106967175,3.496455297,1.257501601
20030402,1.303421784,2.079382217,3.335593027
20030403,-1.289231437,2.57130783,-0.20164201
20030404,1.077107919,1.804804814,2.252411687
20030407,-2.293868714,3.252172665,0.842228449
20030408,-1.493195795,2.341983854,-1.521156092
20030409,-2.185250844,3.430917366,-2.384142797
20030410,1.038071605,2.799638041,1.328347571
20030411,-1.746644261,2.732280021,-0.690849034
20030414,2.789025398,2.67331289,2.875642987
20030415,3.287134789,3.205573072,3.230986556
20030416,-1.501734707,2.245332619,-1.23036412
20030417,1.933874785,1.103273634,1.961381318
20030421,-1.467018975,3.147148292,-1.440046621
20030422,3.915210487,4.076285743,3.641162631
20030423,-0.582628767,2.17035404,-0.648622302
20030424,-1.020965343,4.315460597,-1.660455932
20030425,-1.222011133,2.727302241,-1.168015452
20030428,1.504595821,1.798521933,2.429269257
20030429,-0.026493575,3.627565865,0.637960696
20030430,0.105680327,3.417123744,0.343870197
20030501,-0.238000906,2.181533103,-0.264410519
20030502,3.143002667,2.588720834,1.810360344
20030505,-0.831821797,2.096835869,-0.390778145
20030506,1.753074027,2.542812562,2.117847751
20030507,-0.281510103,2.380918284,-0.281510103
20030508,-0.495244072,1.840314912,-1.940803576
20030509,3.113290481,1.85910919,3.920061285
20030512,2.325395443,2.592374936,1.644691945
20030513,0.173632687,1.326200031,-0.272243702
20030514,-0.296369691,0.996674472,0.198068894
20030515,0.366614122,1.776783282,1.375605086
20030516,-0.147347767,1.204251028,-0.73457725
20030519,-1.15231736,1.125841843,-2.488309522
20030520,0.63171404,2.47959689,0.02519209
20030521,1.638347925,3.479211528,0.752826642
20030522,-0.349825444,1.690792788,-0.12507819
20030523,0.225309896,0.696711414,0.100075065
20030527,3.318253796,2.369732495,1.882641683
20030528,1.938984644,3.287735128,2.208559615
20030529,-1.548917704,3.363794763,-1.596936913
20030530,1.134318908,1.864755286,1.620937873
20030602,0.995033085,2.715443909,1.78385037
20030603,0.118049831,2.698631764,-0.09433963
20030604,2.163126556,1.895375569,2.516442199
20030605,0.414842724,1.811665222,0.046008742
20030606,-1.904382435,3.564694776,-0.715525269
20030609,-0.745576613,1.172774966,-0.954272341
20030610,0,1.786700022,0.722361291
20030611,1.475701209,0.862665566,1.42925439
20030612,-0.707684725,2.217907661,-0.091596068
20030613,-0.84931074,1.770705461,-0.620477689
20030616,1.513982144,1.128974981,2.751111324
20030617,-1.756010903,1.82557853,-1.263839887
20030618,-0.113830405,2.479264608,-0.295689969
20030619,-2.298423403,2.158153768,-2.048167329
20030620,-1.457852963,2.091430915,-0.256082086
20030623,-1.928564006,1.482794043,-1.858658376
20030624,0.944963327,1.323041814,0.992446709
20030625,-0.023515579,1.984014219,-0.023515579
20030626,0.047003526,1.476113554,0.094029156
20030627,0.236016159,1.780318826,-0.32948959
20030630,-1.327662935,1.645311819,-1.233412221
20030701,1.467254224,2.040792128,-0.047744093
20030702,0.569126507,1.164226686,0.974226548
20030707,1.420757367,1.059493319,3.08648503
20030708,1.504130454,0.892336413,1.400854296
20030709,-0.636944829,1.513158308,-0.886067367
20030710,-0.368919026,1.637773943,-1.216867271
20030711,1.512056299,1.222884699,1.581332367
20030714,1.018383829,2.633765686,3.177711992
20030715,-1.754430965,3.30846476,-0.441501821
20030716,-0.50400019,3.330804358,0.705470298
20030717,-0.712063534,2.38293647,-1.639017865
20030718,0.506999874,1.152675569,1.551105771
20030721,-2.168558707,1.495932717,-2.234543533
20030722,0.537635704,2.727490388,0.638764989
20030723,-0.46880318,1.150118008,-0.15651205
20030724,-1.610052669,2.34418924,-0.741160046
20030725,2.689349767,1.972301074,2.756955404
20030728,-1.826836322,3.329290023,-1.280088104
20030729,-0.666669136,2.390061561,-0.378324697
20030730,-0.561483788,1.200820358,-1.008411907
20030731,-1.194111294,2.583608883,-0.632627505
20030801,-1.78249692,1.552046389,-1.714523654
20030804,0.505399651,2.651085323,0.620620312
20030805,-1.706246839,2.380034114,-2.835421183
20030806,2.558279054,3.017695518,2.628975416
20030807,0.863838061,1.998480862,1.436249469
20030808,0.045085664,1.350434585,0.42913674
20030811,-0.700963865,1.51493746,-0.678428654
20030812,1.613299611,0.935919986,2.0660964
20030813,-0.44593162,1.128075127,-0.534879813
20030814,1.304606674,1.14631835,1.70603451
20030815,-0.548066701,0.870214141,-0.065926824
20030818,0.26338909,0.544987547,0.285369527
20030819,0.196742877,0.915887906,0.371950981
20030820,0.308031047,0.754943317,-0.591393685
20030821,0.677376129,1.160137085,0.874896219
20030822,-1.616461584,1.153516372,-1.11684069
20030825,-0.486618965,0.74845169,-0.68500986
20030826,0.534403409,1.421595859,-0.15533122
20030827,-1.095105368,0.522329929,-1.183974514
20030828,0.893461382,1.127653034,1.050641161
20030829,0.779948243,0.7619395,0.177738327
20030902,1.22362768,1.512082741,1.290198191
20030903,0.725357615,1.540904606,0.054767513
20030904,0.374243695,0.700016644,-0.329055907
20030905,0.132890385,0.888954101,-0.727757099
20030908,0.868185024,1.213834852,1.133437168
20030909,0.638417138,0.7836115,-0.273927745
20030910,-1.104495434,0.845097375,-1.21427698
20030911,0.485009769,0.549792954,0.994593236
20030912,-0.688203404,1.066892092,-1.283771504
20030915,-0.312639826,0.444799256,-0.401786255
20030916,1.28947985,0.772672371,1.24473712
20030917,0.419472963,0.457245189,0.264725502
20030918,3.127613926,1.479371319,3.676884779
20030919,-0.106145854,0.772269017,-0.021238186
20030922,0.321923231,1.0022039,-0.874672243
20030923,0.961648612,1.325516859,0.747148315
20030924,-2.432581471,2.17988998,-2.432581471
20030925,-0.524820798,1.628891755,-0.612023768
20030926,-1.063839821,2.030807098,-1.613472951
20030929,1.369581823,1.247091233,1.54767626
20030930,-0.597148739,2.064397985,-1.103033465
20031001,1.774611145,1.834017021,2.128907353
20031002,0.216919825,2.126354837,0.216919825
20031003,-0.577603488,1.110432412,0.991814944
20031006,-0.128865997,0.868670933,-0.171784453
20031007,0.944415691,1.310717846,0.599958946
20031008,-0.642951208,1.07217921,-0.642951208
20031009,0.382816291,1.108370528,1.281794948
20031010,0.442711801,1.099668637,0.908616922
20031013,0.478718783,0.51833228,1.295733907
20031014,1.708739465,0.80758803,1.708739465
20031015,-1.832646781,1.024976729,-1.791830454
20031016,0.165494452,1.148170034,0.538861408
20031017,-1.122439554,0.862373425,-1.122439554
20031020,-0.062584752,0.761999818,0.167084416
20031021,0.268900772,0.687682808,1.017345014
20031022,-1.914034665,0.767228852,-2.76457397
20031023,1.864855908,1.763046147,1.140215056
20031024,0.252844635,1.308849277,-0.231213976
20031027,-2.573981766,3.105886562,-1.548117018
20031028,2.21379837,1.697118936,1.506020616
20031029,-0.421585785,0.961994844,-0.337410695
20031030,-2.103551483,1.576693678,-1.639904709
20031031,-0.063986352,0.766826895,0.642125494
20031103,-0.359522434,0.88323953,0.701608066
20031104,-0.084817647,0.667548992,-0.127199508
20031105,1.041122758,0.455889518,0.359979214
20031106,0.645470735,0.782046203,0.200601873
20031107,-2.54520632,1.016694991,-1.820070465
20031110,-0.757169653,0.849727588,-1.079924102
20031111,-1.354028112,1.804572514,-1.245509382
20031112,1.333498829,0.912426911,1.245509382
20031113,-0.610156611,0.652730159,-0.653597098
20031114,-0.396301708,1.098636489,-0.922272677
20031117,-1.289173118,1.360977529,-3.137160697
20031118,1.289173118,1.017139441,1.289173118
20031119,1.029552514,0.663618489,0.917129793
20031120,0.383444701,1.317918874,-1.097066863
20031121,1.11958178,0.74348076,1.097066863
20031124,0.132949277,0.792087314,0.555125218
20031125,-0.044081993,0.47233635,0.441892014
20031126,0.92166551,0.743651131,0.92166551
20031201,0.130378115,0.599937329,0.609890804
20031202,-0.10922994,0.385760126,-0.653597098
20031203,0.021765154,0.344804605,0.436205708
20031204,0.784317746,0.814020465,0.282516759
20031205,-0.853303504,0.4926393,-1.244693436
20031208,1.004594603,0.787885707,1.114400258
20031209,-1.15306401,0.706168406,-0.697778671
20031210,-1.231867755,0.57939457,-1.144378686
20031211,0.486834332,0.607175426,0.265252145
20031212,-0.35304538,0.597151506,-0.132538124
20031215,-1.315808458,0.800628007,0.132538124
20031216,-0.506999874,0.558997067,-0.110436234
20031217,-0.664454272,0.491786808,-0.554018038
20031218,2.512042008,1.152635131,3.836564683
20031219,0.190819521,0.859966827,0.957759795
20031222,0.464920533,0.445003641,0.464920533
20031223,0.315424507,0.50426727,0.420787492
20031229,1.203084414,0.328835715,1.391074025
20031230,-0.144942566,0.323684556,-0.496073775
20031231,-0.331744032,0.368132763,-0.228192195
20040102,-1.43498355,0.520414917,-0.855151733
20040105,0.249273083,0.52486705,0.958940015
20040106,0.623702646,0.301002874,0.103680673
20040107,-0.103273788,0.297882701,0.289735302
20040108,-0.57923207,0.69405663,-0.393415975
20040109,0.1253133,0.50541949,-0.603477016
20040112,-0.250888695,0.740417372,-0.292642349
20040113,0.062741819,0.795591813,0.125523029
20040114,1.634124687,0.406264452,1.88469905
20040115,1.582504114,1.211224722,1.910238943
20040116,0.441856513,0.532514324,0.441856513
20040120,0.779302575,0.503120684,0.67905194
20040121,0.756824963,1.215533409,0.317965292
20040122,-0.418786134,0.574969159,-0.716848948
20040123,-0.419622956,1.05142145,-0.200040075
20040126,1.844375534,1.895972093,1.884415575
20040127,-0.887142339,0.79434774,-0.769310432
20040128,-2.588239242,1.716843934,-1.838580967
20040129,0.491884907,1.39175134,2.725723306
20040130,1.731729238,1.375806532,1.731729238
20040202,1.168707622,1.519121956,1.265111755
20040203,-0.095283476,1.212117973,-0.095283476
20040204,-0.019136925,0.902591291,-0.3820444
20040205,0.057609219,0.905277798,-0.306689909
20040206,1.328292774,1.486034829,1.82618733
20040209,0.434249715,1.072838217,0.05653444
20040210,-0.30234339,0.586336216,-0.453172981
20040211,1.974676293,1.384147175,1.614452186
20040212,-0.579820197,0.5849066,-0.728907068
20040213,0.467072311,0.937637376,0.635753824
20040217,0.372995584,0.579271578,0.130390258
20040218,-0.541601847,0.704658534,-0.597462569
20040219,-0.50453251,0.604913591,-0.037460199
20040220,-0.450197722,0.58038808,-0.356573522
20040223,-0.075357954,0.675191085,-0.244706004
20040224,0.207097881,0.547826509,0.207097881
20040225,1.012761845,0.431580843,0.786815599
20040226,0.074948476,0.329378729,-0.373902099
20040227,0.28103063,0.520047132,0.112317496
20040301,0.336386039,0.583981572,0.280243061
20040302,0.131122993,0.483943338,-0.336386039
20040303,0.205973296,0.350030983,0.074850303
20040304,-0.093676822,0.250609016,-0.205973296
20040305,-0.566573754,0.756611628,-1.036278704
20040308,0.509387008,0.379484911,0.641874962
20040309,0.188323973,0.327881523,0.018816446
20040310,-1.841882508,0.527240307,-1.841882508
20040311,-0.252011377,1.376234561,-1.272919791
20040312,0.982572205,0.946047553,1.234583582
20040315,-1.750336401,0.671020981,-2.307869327
20040316,-1.176945716,1.316750024,-0.57058689
20040317,0.039131286,0.463795685,0.864445462
20040318,1.268928691,0.934708975,0.837640039
20040319,-0.935314691,0.686916371,-0.91591793
20040322,-1.561142268,0.970577166,-1.717882112
20040323,-0.476853675,1.003175734,0
20040324,-0.697144542,1.112586884,-0.359138455
20040325,-0.498853673,0.909174903,-0.079984007
20040326,0.18001805,0.579980046,0.099970017
20040329,0.96886571,0.466728531,1.546729229
20040330,1.359244228,1.780026389,2.006495678
20040331,0.115852494,0.386918153,-0.057875954
20040401,0.653597098,0.558400434,0.711473052
20040402,-0.608482577,1.032936749,0.458804093
20040405,0.495616722,0.556423948,0.304704102
20040406,0.152700927,0.20570641,-0.304704102
20040407,-0.133549576,0.429496949,-0.09541075
20040408,-0.917087054,0.777926112,-0.535989032
20040412,0.45994715,0.461259664,0.383142231
20040413,-1.868493154,0.639399337,-1.677471128
20040414,-2.360986564,1.11721681,-3.20058927
20040415,-0.180886392,1.756780258,-0.200964698
20040416,1.194044037,0.822445863,1.675682536
20040419,-0.497068326,0.381047928,-0.754570697
20040420,-1.324256912,0.537486185,-1.324256912
20040421,1.536004329,1.32857544,0.704440872
20040422,2.607891399,1.933115745,2.044736251
20040423,-0.555116414,0.521430609,-1.16613635
20040426,-0.039785161,0.503696707,-0.079554499
20040427,-0.378072284,0.547905117,-0.199163579
20040428,-1.717387396,0.5452886,-2.197004622
20040429,-0.122274317,1.319715431,-0.061155847
20040430,-0.244698328,1.331805402,-0.12242401
20040503,0.81317789,0.468020365,0.833592303
20040504,-0.060808758,1.349353357,-0.141829626
20040505,0.688680056,1.155600754,0.445074577
20040506,-0.243852996,0.985875654,-0.790357747
20040507,-0.473398023,1.153814287,-1.393179674
20040510,-0.290275966,1.822139259,-0.641624886
20040511,0.103874529,0.931624699,0
20040512,0.519481688,1.406191214,0.186702678
20040513,1.1003952,1.244410883,0.372362863
20040514,0.801401597,1.057039915,0.883960941
20040517,0.555157178,1.021942969,-0.184369611
20040518,0.409165874,0.403017015,0.42966818
20040519,-0.490096958,0.818052925,-0.265767304
20040520,1.038600111,0.446635365,1.038600111
20040521,0.626327939,0.585078802,0.585801089
20040524,0.260599526,0.52546793,0.60241146
20040525,1.395835225,0.83216345,1.095083119
20040526,0.23899633,0.957468094,-0.456485858
20040527,0.826613642,0.459942237,1.480923501
20040528,-0.432986309,0.464807657,-0.629180212
20040601,0.158165316,0.444536873,-0.157915548
20040602,0.176834706,0.404179662,0.630171443
20040603,-0.098551304,0.325309746,-0.452533974
20040604,-0.058840837,0.408250635,0.511409455
20040607,0.643089033,0.325936385,0.995615838
20040608,0.855204435,0.317003191,0.368395957
20040609,-0.467563681,0.594231269,-0.894251682
20040610,-0.350945964,0.166676938,-0.019529343
20040614,0.490919003,0.283359238,-0.293398743
20040615,-0.447863664,0.441692096,0.371493242
20040616,0.642588133,0.191685371,0.544960477
20040617,0.13609412,0.215226259,-0.097096813
20040618,0.889754419,0.360848774,0.889754419
20040621,-0.52249756,0.349428974,-0.753845263
20040622,0.476631416,0.449093845,-0.029107845
20040623,-0.077911963,0.348499394,-0.398658703
20040624,-0.450230769,0.625295639,-0.68433154
20040625,0.664454272,0.464684779,0.723295109
20040628,-0.996393903,0.407744918,-0.801803455
20040629,0.645731624,0.288159142,0.66536449
20040630,0.507318161,0.731038919,0.214320589
20040701,-0.097380473,0.724939616,-0.116845193
20040702,-0.195007862,0.371918826,-0.17552418
20040706,-0.294551023,0.277700862,-0.744517546
20040707,0.372951654,0.739365795,0.372951654
20040708,-1.363522755,0.578461255,-1.540010692
20040709,-1.034629205,0.732664125,-0.518652669
20040712,-0.261122977,0.663843055,-0.561573879
20040713,-0.161485703,0.370924833,-0.443459707
20040714,0,0.897457647,-0.404858853
20040715,-0.996854964,0.582913388,-0.79422065
20040716,-0.918842605,0.710399853,-0.327667711
20040719,-1.006065359,0.729930306,-0.596648206
20040720,1.580006194,0.552665302,1.352756845
20040721,-2.005797904,0.730507721,-1.5386497
20040722,0.602348898,1.40797117,-0.165528695
20040723,0.20811662,0.83940204,-0.394232277
20040726,1.690064959,2.482957712,1.710852819
20040727,0.750739044,0.803698235,1.097571994
20040728,0.88585238,0.87343663,0.845415663
20040729,0.120096091,0.507814873,0.200240355
20040730,0.438772144,0.26005173,0.518756151
20040802,0.959239969,0.413173815,0.059683678
20040803,-0.718565966,0.261642764,-0.718565966
20040804,1.161406727,0.564543923,0.61907337
20040805,-1.223318174,0.335512995,-1.3428401
20040806,-0.444984553,1.088007073,-0.465164152
20040809,-0.040543281,0.385601619,-0.020273695
20040810,1.305895002,0.597500647,1.569132979
20040811,0.119712704,0.53889199,0.099750632
20040812,-0.965607985,0.531294409,-1.365208917
20040813,-0.283228998,0.334330013,-0.222604564
20040816,0.060771804,0.35160547,0.040510432
20040817,-0.08043435,0.225091413,0.666063619
20040818,0.762443501,0.420330293,0.641670539
20040819,-0.22068421,0.386484953,-0.480866485
20040820,0.622304528,0.266748089,0.36086647
20040823,-0.200883957,0.247504945,-0.481445263
20040824,-0.301053915,0.251930977,0.040209088
20040825,0.320770123,0.267517252,0.421222165
20040826,0.319680592,0.258703525,0.339694602
20040827,-0.179730453,0.138474325,-0.199680578
20040830,-0.301659354,0.218950534,-0.762443501
20040831,0.440794142,0.378561668,0.742453496
20040901,0.179838194,0.467862697,0.139846192
20040902,0.835659459,0.255675997,0.755771298
20040903,-0.278053804,0.308169373,-0.377171663
20040907,0.985229644,0.51171537,1.4218249
20040908,-0.353218578,0.348822192,-0.255227389
20040909,-0.078554599,0.307774465,0.058956472
20040910,0.821761619,0.34998184,0.821761619
20040913,0.369686188,0.2823095,0.330707431
20040914,0.136465564,0.296647692,-0.311223749
20040915,-0.626593004,0.222742763,-0.821600866
20040916,0,0.327132111,0.019640577
20040917,0.389940053,0.255643769,0.918782731
20040920,-0.078155533,0.237884498,-0.448562429
20040921,0.408918884,0.366812102,0.584683014
20040922,-0.411967233,0.340527263,-1.153144802
20040923,-0.176799967,0.309047407,-0.019659884
20040924,0.764484758,0.331787265,0.685806548
20040927,-0.895278743,0.906773212,-1.208206829
20040928,0.078693689,0.308892189,0.502736531
20040929,1.056761302,0.320761961,1.017422198
20040930,0.428099506,0.270795235,0.252746319
20041001,0.407174581,0.469703769,0.34890518
20041004,1.416291616,0.730701181,1.802541614
20041005,-0.151400483,0.431458956,0.34149151
20041006,0.980954857,0.310113292,0.886213022
20041007,-0.376152409,0.32585256,-0.376152409
20041008,-0.951844232,0.432335504,-1.499790808
20041011,0.515219153,0.344502376,0.49608955
20041012,0.952932692,0.497974457,0.342010594
20041013,-1.068100942,0.507322669,-1.087070875
20041014,-0.750653125,0.539110853,-0.750653125
20041015,1.16781264,0.86571987,1.495713406
20041018,0.551909289,0.661995452,0.285089996
20041019,-1.389572183,0.949665616,-0.991806719
20041020,0.115207386,0.691581234,-0.115074811
20041021,0.383509578,1.135315337,0.268302192
20041022,-1.306203742,0.738910932,-1.019533694
20041025,-1.069528912,2.386419557,-1.108206151
20041026,0.931864635,1.061937095,1.166193975
20041027,1.474981247,0.827507377,1.610155546
20041028,0.513455535,0.730088873,0.246890259
20041029,0.453344184,0.535039748,0.642845852
20041101,-0.226372479,0.55100438,-0.207527666
20041102,2.228765352,1.513871439,1.945077218
20041103,-0.861363339,0.998393331,0.627771633
20041104,1.633813304,0.853292475,1.080102034
20041105,0.090867794,0.758183092,0.236428227
20041108,-0.182381958,0.264550933,-0.491669933
20041109,-0.36529721,0.417527903,-0.237594921
20041110,0.109629099,0.564983261,0.20107858
20041111,0.833338156,0.291345104,1.216096301
20041112,0.36036075,0.221614877,0.306223782
20041115,0.734836177,0.612336282,0.716848948
20041116,-0.375704888,0.444329439,-0.375704888
20041117,0.285816558,0.572692758,0.482790388
20041118,0,0.486656588,-0.035682427
20041119,-0.518923952,1.007473065,-0.536769942
20041122,1.199978579,0.525400225,0.768478449
20041123,0.445832214,0.562902972,0.053395036
20041124,-0.03553029,0.453973454,0.142247535
20041129,-0.95378893,0.585240279,-0.509225204
20041130,0.01795171,0.508212423,-0.206213369
20041201,1.212352164,0.856020088,1.284126795
20041202,-0.532860941,0.410422041,-0.49742508
20041203,0.427655677,0.81142361,0.160156632
20041206,0.356189157,0.402022461,0.017779358
20041207,-1.343263683,0.840185946,-1.41440009
20041208,-0.089806921,0.654964908,0.342003753
20041209,0.036172907,0.886230837,-0.630916919
20041210,0.381091106,0.522157064,-0.162881223
20041213,-0.561341447,0.556659358,-0.253899302
20041214,1.077209698,0.523414831,1.674658746
20041215,0.356824643,0.66557614,0.267499045
20041216,-0.24968802,0.494146957,-0.267499045
20041217,0.053614513,0.588285583,-0.053585783
20041220,-0.500358442,0.357358848,-0.26836048
20041221,1.121706767,0.596571667,1.175436508
20041222,0.881995487,0.572467899,0.811148866
20041223,-0.54736607,0.563335175,-0.811148866
20041227,-0.248403251,0.374059678,-0.336969371
20041228,0.088770534,0.303875603,0.106534101
20041229,0,0.240701923,-0.17761994
20041230,-0.124477655,0.275829744,-0.088928418
20041231,0.212879271,0.278895607,0.408417508
20050103,-1.280245082,0.754227128,-0.979439759
20050104,-1.495658118,0.63896703,-1.441986053
20050105,-1.095901379,0.554611071,-1.150382448
20050106,-0.350263055,0.649546285,-0.552487593
20050107,-0.962613875,0.731358451,-0.722827723
20050110,0.390589169,0.930303264,0.204404048
20050111,-0.541804221,0.498819486,-0.913759272
20050112,-0.281241397,0.749376726,-0.225056359
20050113,-0.621646534,1.056638224,-0.640424114
20050114,-0.529702336,0.594695617,-0.378644905
20050118,1.135300746,0.635149358,0.812321459
20050119,0,0.452030198,-0.282619124
20050120,-0.380952842,1.27442653,-1.138532223
20050121,-0.805219075,1.192445644,-0.862487378
20050124,1.089148055,2.510973484,1.281455807
20050125,0.902601088,1.17737899,1.508893207
20050126,-0.572153697,0.820257699,-0.497303394
20050127,0.113636376,0.772213216,-0.613296256
20050128,-0.189214815,0.794025485,-0.056802046
20050131,0.112549252,0.504054439,1.017532804
20050201,1.921083627,3.545370806,6.214533354
20050202,-0.589972213,1.283666107,-1.759576189
20050203,-0.1803427,0.384137182,-0.665649665
20050204,0.845556895,0.732453937,0.755263435
20050207,-0.054019989,0.58364131,-0.538891191
20050208,-0.362319237,0.482495003,-0.759360004
20050209,-0.491490932,0.889416675,-0.54595222
20050210,0.108932473,0.580188876,0.564099394
20050211,0.05442177,0.917288566,0.05442177
20050214,-1.021347562,0.394044923,-1.075769332
20050215,-0.274851295,0.440310683,-0.091701061
20050216,0.412749955,0.431374926,0.229095175
20050217,-0.201483721,0.559566994,-0.1557276
20050218,-0.479086968,0.382892561,-0.736109323
20050222,-0.445187157,0.607247392,-0.64857079
20050223,0.389719339,0.600925921,0.371126795
20050224,0.84949726,0.724445861,0.719759497
20050225,0.698018999,0.388520852,0.45867432
20050228,-0.460618041,0.768208645,-0.882520896
20050301,1.362318565,0.676108614,0.992290391
20050302,0.917437628,0.842788403,0.109649134
20050303,-0.1277489,0.704144401,0.018263172
20050304,-0.236213429,0.538137815,0.382758145
20050307,-0.272603531,0.391339182,-0.036390102
20050308,-0.859787607,0.322926611,-0.95082084
20050309,-0.964041578,0.492255954,-1.387497978
20050310,0.836824967,0.718452965,0.59435539
20050311,-1.0311764,0.806322349,-0.846162471
20050314,0.409455253,0.663308951,0.549426348
20050315,-1.077877003,0.391733151,-0.596126952
20050316,-1.020224228,0.825113243,-1.619926175
20050317,-0.533030008,0.58742681,-0.514042065
20050318,0.076234042,0.750458546,0.190694184
20050321,-0.229051446,0.787571341,-0.305285488
20050322,-1.914766941,1.125939598,-2.163499491
20050323,-0.692044284,1.95133806,-1.59436504
20050324,-0.713298051,0.811423609,-0.218492489
20050328,1.517419992,0.753043313,1.656515891
20050329,-0.372585979,0.978381587,-0.450848554
20050330,1.270168518,0.653795825,1.171888411
20050331,-0.213945428,1.181412974,-0.272214829
20050401,-1.945586662,1.372195111,-0.899673583
20050404,0.254080074,1.136647871,0.646237439
20050405,0.058576591,0.511670642,0
20050406,0.388727409,0.66845281,0.622691251
20050407,0.038662285,0.706432584,0.367896629
20050408,-0.426026981,0.545092886,-0.406701442
20050411,-0.311344871,0.942146418,-0.427849739
20050412,2.131863684,1.127965009,1.623851649
20050413,0.172927318,0.844637458,-0.115118969
20050414,-1.783338597,1.213494227,-1.860158267
20050415,-0.765835849,2.263069955,-0.785395751
20050418,0.354261343,1.470228388,0.334547198
20050419,-0.591367779,1.01881178,-0.630668231
20050420,-0.577633316,0.594940412,-1.033395524
20050421,-1.164755049,1.705902303,0.597492317
20050422,-0.659540714,1.087432409,-0.977758962
20050425,1.4218249,1.101677437,2.240601317
20050426,1.9589265,3.014601455,1.072657774
20050427,1.06127383,1.376049091,1.06127383
20050428,-0.270374827,0.942411196,-0.751376235
20050429,1.184123843,1.930723864,1.839484709
20050502,1.04157745,1.068079101,0.775417597
20050503,0.094295151,1.777216019,-0.05653444
20050504,1.146521346,1.245575635,0.863368726
20050505,-0.300300526,1.285225137,-0.581015598
20050506,-0.733017097,0.858715132,-0.357782135
20050509,-0.189035973,0.459174043,-0.302286268
20050510,-0.588851545,0.906152191,-0.683503705
20050511,-0.267073795,0.831580058,-0.267073795
20050512,-0.649973613,1.246208287,-0.401952881
20050513,-0.539708326,0.904136938,-0.770123175
20050516,1.478379618,1.00919111,1.401040094
20050517,0.887706875,0.789738318,0.275967249
20050518,0.938974035,0.64984698,1.668040371
20050519,-0.841834548,0.943515191,-0.505950672
20050520,-0.188323973,0.705960264,-0.338728212
20050523,0.301716239,0.774662049,0.113036937
20050524,0.094562655,0.573170822,-0.396189557
20050525,-0.056942205,0.747309281,-0.435730537
20050526,0.303145363,0.487088881,0.360087568
20050527,0.678479798,0.226550204,0.716308435
20050531,1.006907631,0.368798989,1.232048439
20050601,0.946115953,0.727566285,0.481215069
20050602,0.647251451,0.604804042,0.166036382
20050603,-0.184467863,0.410762271,-0.166036382
20050606,-0.09224242,0.397400206,0.036920805
20050607,1.322819216,0.561408936,1.119585889
20050608,-0.65789711,0.419486351,-0.457331813
20050609,0.53167235,1.042326045,0.274649994
20050610,0.073152893,0.426384781,0.018283207
20050613,0.986850114,0.483418671,0.528764109
20050614,0.455581654,0.52202593,0.018183471
20050615,-0.127214919,0.371498815,-0.018183471
20050616,-0.091000097,0.443931759,-0.127376962
20050617,-0.835305383,0.847886958,-0.145772621
20050620,-0.109709281,0.51582023,-0.328767419
20050621,0.347699133,0.480819542,0.146252311
20050622,-0.291439186,0.383462681,0.146038726
20050623,-1.976239402,1.008136875,-2.231947304
20050624,-0.130317434,0.471080637,0.130487482
20050627,-0.67202045,0.828923876,-0.541703015
20050628,0.88393225,0.383182229,1.089751389
20050629,-0.59601592,0.493002999,-0.8278732
20050630,-2.009369931,1.208954229,-0.59958958
20050701,0.149532738,0.320304634,0.618268948
20050705,0.650862363,0.595830439,0.762865361
20050706,-0.878264078,0.344865257,-1.249666547
20050707,1.526747213,1.012803263,0.337268448
20050708,0.78198127,0.612548358,0.856775589
20050711,-0.203571829,0.4260771,0.111214099
20050712,-0.315019254,0.515805796,-0.185425605
20050713,0.55793338,0.425207635,0.074211506
20050714,0.055509299,0.766297938,0.259307424
20050715,-0.593473552,0.545328197,-0.556484463
20050718,-0.957484082,0.40908978,-1.404912122
20050719,0.413068556,0.94409487,0.676821535
20050720,1.401237313,0.728438293,0.988168757
20050721,0.98030934,1.046673117,0.794608265
20050722,0.551168031,0.453392608,0.459095472
20050725,-0.584583324,1.294776459,0
20050726,-1.008720153,0.752613376,-0.606452286
20050727,1.299789466,0.608010348,1.336649032
20050728,0.542006747,0.305121985,0.941353802
20050729,-0.77849583,0.558816808,-0.868626526
20050801,-0.309569582,0.401918119,-0.345926608
20050802,0.906624524,0.402960588,1.034210434
20050803,0.814852856,0.525396335,0.090212004
20050804,1.044301892,0.544968632,0.682964553
20050805,-0.035816619,0.271594359,0
20050808,-0.286841358,0.315160869,-0.233121239
20050809,-0.359066813,0.533112637,-0.179694568
20050810,0.496719134,0.779145778,1.623441239
20050811,0.635707597,0.523937893,0.529475293
20050812,0.406612423,0.598818675,-0.229095175
20050815,0.088456441,0.501926651,-0.229621226
20050816,-0.888894742,0.614359357,-0.977351183
20050817,0,0.417519123,0.053557084
20050818,0.303544559,0.557109587,0.107028194
20050819,0.017817372,0.495804345,0.071288543
20050822,0.124455523,0.388078129,0.266880329
20050823,-0.463046241,0.48502785,-0.463046241
20050824,-1.004853243,0.928678533,-1.022705604
20050825,1.300596368,0.65402189,0.485743512
20050826,-1.048644576,0.850175431,-1.264239342
20050829,1.785600692,0.828415708,1.658293228
20050830,-1.02712859,1.366414219,-1.313559148
20050831,-0.12661664,1.112434173,0.07242441
20050901,0.32596914,0.971222923,0.108538361
20050902,0.01805543,0.59623481,0.144534804
20050906,2.489017381,0.701793364,2.777461785
20050907,0.664919335,0.700101845,0.682477056
20050908,-0.104584287,0.2788078,0
20050909,1.557124887,0.886611493,1.574563199
20050912,0.83983697,0.661715972,0.581994111
20050913,-0.998974894,0.579390303,-1.409442376
20050914,-1.151443287,0.568183539,-1.359379595
20050915,0.540023958,0.706270052,0.995206817
20050916,2.866112253,1.488790958,3.247593555
20050919,-0.38894105,0.632734913,-0.742744806
20050920,-0.782982724,1.006079561,-0.850779336
20050921,-2.153608763,1.39716674,-2.701930905
20050922,0.52770571,0.998657906,0.070200073
20050923,-0.035155564,0.679267672,-0.210748234
20050926,-0.664803008,0.710675053,0.1581028
20050927,-0.493132384,0.74257074,-0.580936411
20050928,-0.423057215,0.63615638,-0.052980134
20050929,1.789207526,0.953525939,1.594706536
20050930,0.209095737,0.375405246,-0.121770912
20051003,0.019702492,0.813788832,-12.38063614
20051004,-1.98419208,1.183879599,-1.708764009
20051005,0.842363585,1.350606285,0.340102358
20051006,-0.279552898,1.169784421,-0.119904091
20051007,-1.157466524,0.937950469,-0.38064756
20051010,-1.938279942,0.772047337,-1.557632382
20051011,0,1.380820253,0.244349541
20051012,-1.389983769,1.419361773,-1.940612263
20051013,0.082918744,1.34237044,0.072550141
20051014,-0.748288671,1.270665077,-0.686144703
20051017,0.541893781,1.004796104,0.374844254
20051018,-0.187754306,0.779672619,-0.458334136
20051019,2.481003831,1.336777259,2.230115136
20051020,-3.300766698,1.517788201,-3.300766698
20051021,-0.105988351,3.568677304,-0.486618965
20051024,3.282345945,3.108348285,4.96482517
20051025,0.241546011,3.309927644,0.38271776
20051026,0.841014168,2.212613672,0.820907603
20051027,-2.603315215,1.550803891,-2.503663986
20051028,0.40444949,1.220503295,1.300038622
20051031,-0.140576386,0.773072027,0.422918765
20051101,-1.212136053,1.18906415,-1.131782493
20051102,1.451638394,1.299053025,1.532906176
20051103,-0.561011289,0.944403623,-0.381029239
20051104,-1.02730282,0.958054536,-0.766441832
20051107,0.14066113,0.685048372,0.826700948
20051108,-0.406091929,0.441670733,-1.313813744
20051109,0.182574348,0.75864669,0.385826451
20051110,0.774768679,0.915913826,1.098524526
20051111,0.836325066,0.400442999,1.086587972
20051114,0.769310432,0.802450451,0.908020451
20051115,-0.176695835,0.777945847,0
20051116,-1.722985489,11.90832406,-1.64441546
20051117,-1.045025587,1.193740216,-1.124961643
20051118,-0.080032017,1.323126263,0.925001568
20051121,1.22579629,0.905278331,1.844375534
20051122,1.617496046,0.894515429,1.637144341
20051123,0.958780116,0.680795562,1.286870731
20051128,-0.226757467,0.502892838,0.455063356
20051129,-1.579931979,0.597726495,-1.409815692
20051130,-1.831376486,1.001249686,-1.39105798
20051201,0.230858125,0.478387551,1.237448118
20051202,-0.733452429,0.474951017,-0.810345935
20051205,-0.135988365,0.725543599,-0.349311436
20051206,-0.135830039,0.509661365,0.116572774
20051207,-0.371130419,0.691911527,-0.779731046
20051208,-0.923113694,1.060123788,-0.825314176
20051209,0.785704297,0.998390575,0.844881733
20051212,-0.799614207,0.571997673,-0.078293212
20051213,-0.009843004,1.054262301,-0.539931612
20051214,1.625415203,0.910655066,1.339545818
20051215,-0.05828072,0.90489885,-0.038857587
20051216,0.250699196,0.458102875,0.889926554
20051219,-0.989434786,0.749320494,-1.220827099
20051220,1.145754839,0.813677453,0.970127903
20051221,0.920251893,1.037204324,1.170951089
20051222,-0.457753994,0.91188499,-0.171903394
20051223,-0.190839753,0.235063522,0.076437993
20051227,-2.044824334,0.830371485,-2.006627236
20051228,-0.213820667,0.573837066,0.155793605
20051229,-0.448912631,0.66444153,-0.526779093
20051230,1.134819457,0.578268078,0.546236239
20060103,1.687803779,1.252391815,2.269764684
20060104,-0.938794135,0.81898557,-1.205410176
20060105,1.130388509,1.009121556,1.034095772
20060106,0.075958986,0.803005401,0.361320161
20060109,2.079700248,0.870299348,2.345103247
20060110,0.558348743,0.524017802,-0.092755781
20060111,-0.22371374,0.315361618,-0.558348743
20060112,0.018661939,0.535009367,0.018661939
20060113,-0.485347229,0.636727293,-0.280295428
20060117,-0.169699296,0.420578909,-0.845631272
20060118,0.227660884,0.590726686,-0.416036909
20060119,-0.984856445,0.927272004,-0.436806316
20060120,-2.288781514,1.40740979,-2.19366118
20060123,-0.194363521,1.790300333,0
20060124,1.738177655,1.280488016,2.706239426
20060125,0.236373201,1.14304056,0.255307216
20060126,0.319339052,0.733418851,0.705785643
20060127,0.131443076,0.739410699,-0.0562799
20060130,-0.831291392,0.582819579,-1.094350544
20060131,-0.076204995,1.118994194,-0.456361317
20060201,0.266565276,0.73140768,0.22844099
20060202,-0.076074557,0.815715216,-0.057061342
20060203,-0.419367751,0.749151262,-0.400343686
20060206,0,0.29668133,-0.248637405
20060207,0,0.56723166,-0.230061451
20060208,1.356924785,0.981656087,1.107092812
20060209,0.188679301,1.302806753,0.699898818
20060210,-0.226073947,0.690782694,-0.05656642
20060213,0.05658776,0.560377787,0.018859029
20060214,0.467946572,0.591064251,0.975800574
20060215,0.927134399,0.462277193,1.169603976
20060216,0.792411776,0.396037787,0.552182518
20060217,-0.018357045,0.689459972,-0.018357045
20060221,-1.199829807,0.388778287,-1.144768779
20060222,1.580915279,0.540881491,1.803508581
20060223,0.532844623,0.504547787,-0.475320822
20060224,0.493376972,0.403969119,0.530020431
20060227,-0.237204746,0.348997989,-0.21897819
20060228,-0.720823748,0.375807414,-1.527871415
20060301,0.31461116,0.392240465,0.388781384
20060302,-0.574554449,0.48724787,-0.593033613
20060303,0.298062814,0.919269807,-0.074377095
20060306,0.074418608,0.443933342,0.018599461
20060307,0.018672393,0.655086701,-0.391317
20060308,0.465420183,0.803918098,0.521416451
20060309,-1.140092715,0.8134403,-1.195828899
20060310,1.842083904,0.828973885,1.936024728
20060313,-1.145191681,0.489096283,-0.758771106
20060314,0.352734052,0.446272788,0.241209877
20060315,0.203647205,0.239105214,0.203647205
20060316,0.221975674,0.486322428,0.092429991
20060317,0.440125412,0.249441639,0.974541132
20060320,-0.754442809,0.401491213,-0.937593044
20060321,-0.762723445,0.674422345,-1.095748729
20060322,-0.01867588,0.606633904,-0.01867588
20060323,-0.86272103,0.583434108,-0.84404515
20060324,0.075301208,0.500962126,0.094135374
20060327,0.337901579,0.502524638,0.413146128
20060328,-1.509462622,0.73961013,-1.434528186
20060329,-0.607327735,0.309355748,-0.133168478
20060330,-0.535783907,0.403809055,-0.783568271
20060331,0.956030226,0.628331768,0.821634507
20060403,-0.722162013,0.762957359,-0.228615074
20060404,1.477019845,0.641431693,1.457944976
20060405,-0.678351951,0.611767289,-0.584411127
20060406,-1.027993062,0.588149118,-1.198302499
20060407,-1.421187738,0.846327343,-1.077347858
20060410,0.270531566,0.622536693,0.231839362
20060411,-0.960752696,0.667669222,-1.057287118
20060412,-0.117141755,0.537135296,-0.165910349
20060413,-0.097703965,0.397237339,-0.078170807
20060417,-0.176315062,0.464994698,-0.293685967
20060418,2.302065099,0.978727354,2.497951548
20060419,-0.729229868,0.945979508,-0.71010758
20060420,1.092697539,0.894945447,1.015626245
20060421,-0.857066479,0.908587858,-0.324644609
20060424,-0.788541445,1.621342742,-0.941680832
20060425,-0.892516596,0.59934097,-0.931141548
20060426,0.754428571,0.678428319,1.124042843
20060427,3.105133983,1.642423201,3.316896503
20060428,0.390807234,0.640717168,0.372162692
20060501,-2.100602369,0.57646583,-2.026335749
20060502,-0.70189039,0.306734084,-0.436889288
20060503,-0.095374352,0.252975642,-0.247784364
20060504,0.9713437,0.50427864,0.684673652
20060505,1.405175346,0.365142676,1.859033916
20060508,-0.055933627,0.448528061,-0.24215342
20060509,-0.055985818,0.339642806,-0.093292291
20060510,0.466897851,0.528020561,0.18649763
20060511,-1.675333302,0.496888267,-1.861830931
20060512,0.51199505,0.697224253,0.360019337
20060515,0.793804962,0.855075914,0.471743492
20060516,-0.395517984,0.462577681,-0.245028866
20060517,-1.147240116,0.578961426,-1.885949792
20060518,-0.3270177,0.524291642,-0.192492841
20060519,0.326327192,0.711211287,0.538048954
20060522,-0.07713074,2.556600614,-0.653722766
20060523,-0.172232365,0.52182983,0.711199538
20060524,2.080256559,1.704066278,2.309833855
20060525,0.872557286,0.665219537,1.246179988
20060526,0.349811643,0.29202411,0.571377465
20060530,-1.09028152,0.610765151,-1.09028152
20060531,0.6460567,0.970641664,0.979946827
20060601,0.494189713,0.607262184,0.769798523
20060602,-0.109589052,0.810811856,-0.091332548
20060605,-1.682265387,0.735232065,-1.99342149
20060606,-1.083312798,1.492125933,-0.729725382
20060607,0.196436151,1.406064903,0.477730289
20060608,0.300018976,3.08263191,-0.177711313
20060609,0.037446172,1.140461641,0.018721333
20060612,-1.203700823,1.089546866,-1.072749537
20060613,-1.256919995,2.020889075,-1.275843261
20060614,0.972640451,0.612287393,0.972640451
20060615,1.032388334,0.796853068,1.619011267
20060616,-1.164113785,1.097667687,-1.126772485
20060619,-1.255246607,1.01882177,-1.33081812
20060620,0.628035179,1.176518244,0.876530002
20060621,0.755718692,1.192491657,0.79365496
20060622,-0.037900323,0.569996645,-0.698841261
20060623,0.209304615,1.108790378,-0.284711211
20060626,0.681691714,0.722466752,0.719700076
20060627,-1.177601453,0.514497415,-1.23423194
20060628,-0.573067471,0.747173508,-0.267840221
20060629,2.746598536,1.104169235,3.186243706
20060630,-1.361072564,0.738600805,-1.157161102
20060705,-1.042169546,0.822726367,-2.18546754
20060706,-0.095192773,0.630207351,0
20060707,-0.956945102,0.65039405,-0.956945102
20060710,-0.191754613,0.490801491,0.192123018
20060711,0.745630068,0.574848141,0.764822084
20060712,-0.610922099,0.612409339,-0.534760633
20060713,-1.394830828,0.636433215,-1.855484234
20060714,0.2733309,1.165615733,0.058508047
20060717,-0.253238667,0.503738278,-0.039001561
20060718,-0.509106249,1.244562798,-0.645731624
20060719,1.819287646,1.355198314,2.328393895
20060720,-0.231258534,0.459041867,-0.59632763
20060721,-2.227960046,1.510825523,-2.401755591
20060724,-0.668898815,4.813095314,0.118506828
20060725,-0.255377803,1.448575947,0.354680175
20060726,1.665812228,0.949514535,1.783759951
20060727,-1.278591614,0.558331193,-0.902524443
20060728,0.846647351,0.506351862,1.739510425
20060731,0.307810939,0.295945418,-0.249400609
20060801,0.288489478,0.504520617,0.019206761
20060802,-0.462606839,0.713826389,-0.597131698
20060803,1.371869646,0.579127949,0.673921873
20060804,-0.210224635,1.235933025,0.30657238
20060807,0.288212324,0.707493577,-0.287384047
20060808,-0.076511098,1.214589001,0.268250784
20060809,-0.517391209,0.38756788,-0.402646503
20060810,-0.230769333,0.714381539,-0.211558883
20060811,0.28999537,0.566808017,-0.269905697
20060814,-0.59621294,0.390631845,0.077190278
20060815,0.722299282,0.832169096,1.834913867
20060816,0.378000828,0.34175931,0.396938429
20060817,0.901076117,0.358606561,0.938797732
20060818,-0.524443982,0.425459354,-0.487074773
20060821,0.131344423,0.32270411,0.150122002
20060822,-0.018834165,0.303733405,-0.451043802
20060823,0.037728731,0.281002484,-0.131938573
20060824,-0.188076038,0.234421805,0.188430431
20060825,0.189107469,0.343847364,-0.35832193
20060828,0.245770045,0.219909123,0.056662576
20060829,-0.795609425,0.303857784,-0.720109233
20060830,-0.399429918,0.256782958,-0.20942416
20060831,0.514924376,0.160828364,0.190403713
20060901,0.038044513,0.301591758,0.019020447
20060905,0.992185205,0.575610304,0.171021419
20060906,-0.152788418,0.14101512,-0.666732635
20060907,0.440655948,0.487686693,-0.019114977
20060908,0.30458809,0.394237177,0.571865836
20060911,-0.038102496,0.301680233,-0.247407111
20060912,0.076045631,0.309407035,0.266413098
20060913,1.375952346,0.411279376,1.508893207
20060914,0.084202653,0.38609086,0.084202653
20060915,-0.260174835,0.305109885,0.513036898
20060918,-0.056069528,0.425606661,-0.466288264
20060919,0.037439162,0.280492051,-0.112233457
20060920,1.074681457,0.67822535,1.541492126
20060921,0.276778477,0.904131275,0.018428084
20060922,-0.018479165,0.754116827,-0.295257642
20060925,0.840648225,0.961581793,1.540466919
20060926,2.021364618,1.053112971,1.839215205
20060927,0.339680312,0.782230583,0.107142867
20060928,0.17879497,0.780269296,-0.089277749
20060929,0.500537334,0.477083291,0.178475864
20061002,-1.599746527,0.408284293,-1.599746527
20061003,1.403405545,0.625765356,1.403405545
20061004,1.003872864,0.557500343,1.057458648
20061005,0.637621714,0.468210964,0.132503001
20061006,0.602625007,0.663742068,-0.088315823
20061009,0.150582428,0.648144749,-0.176865982
20061010,1.46804454,0.786080405,2.015313979
20061011,-0.304255461,0.756721067,-0.364995626
20061012,0.658124994,0.200142191,0.866857023
20061013,0.207075139,0.166204013,0.138002437
20061016,-0.553443128,0.124696131,-0.605171727
20061017,0.794889273,0.307415914,0.760197165
20061018,-0.465077059,0.300673143,-0.310291578
20061019,0.103519678,0.303787635,0.120783381
20061020,-0.189475554,0.310221693,0.017242866
20061023,-2.011084654,1.39304252,-2.42573625
20061024,0.185307796,0.667231051,0.185307796
20061025,0.140845094,0.505482299,0.220157722
20061026,1.639666946,0.371541456,1.674847245
20061027,-0.799587086,0.3450404,-0.868815196
20061030,0.087252427,0.210474634,0.05234232
20061031,0.364299128,0.266070609,0.729930248
20061101,-0.535916228,0.435742668,-0.103950113
20061102,-0.147832541,0.461311786,-0.408181556
20061103,-1.097858897,0.800874981,-0.672344816
20061106,1.263757839,0.880985839,1.840329716
20061107,0.454409836,0.195639152,0.54898062
20061108,0.713560622,0.657051723,1.05514934
20061109,-0.203424379,0.158078616,-0.237288247
20061110,-0.11889598,0.068580094,-0.152840312
20061113,0.169692897,0.100313376,0.237650765
20061114,0.676249407,0.090880311,0.625371767
20061115,0.336700655,0.074823845,0.25241915
20061116,0.058771674,0.115862413,0.117577909
20061117,0.418655891,0.147509375,0.452224203
20061120,-0.393454109,0.486389852,-0.385098843
20061121,-0.02523447,0.598428001,-0.29400668
20061122,0.821531991,0.402587779,0.762626784
20061127,-1.416788752,0.68746173,-1.734488208
20061128,0.254907097,0.575949131,0.084896855
20061129,-0.280362105,0.444894584,-0.254907097
20061130,-0.068085109,0.734338397,-0.068085109
20061201,-0.357965097,0.613791524,-0.289879988
20061204,1.811262186,0.54202515,2.245767662
20061205,0.812774176,1.031676765,0.041734486
20061206,-0.301003572,0.516644353,-0.342738058
20061207,-0.865733501,0.647850587,-0.807134027
20061208,1.303799434,0.748942769,1.007903711
20061211,-0.939761909,0.463317006,-0.872928155
20061212,0.050748542,0.705929554,-0.303951602
20061213,0.451166276,0.598011141,1.427276349
20061214,3.167574251,1.358422719,3.150900637
20061215,-0.767835658,0.466721109,-0.445254733
20061218,-0.056581661,0.82583191,0.348277192
20061219,0.065082983,0.801230238,-0.583848561
20061220,-0.309370922,0.424221084,-0.260586467
20061221,-0.744531973,0.582848214,-0.711921504
20061222,0.312577371,0.605369002,-0.008212541
20061226,0.556921996,0.272824737,0.556921996
20061227,0.032462263,0.66383866,0.651255965
20061228,-0.749067173,0.596500641,-0.716615445
20061229,-0.731580263,0.481980484,-0.94429408
20070103,-0.231673114,1.076905432,-0.405076402
20070104,-0.482972044,1.041317758,-0.765012878
20070105,-0.992355297,0.969736012,-1.243086728
20070108,1.044835929,1.67722446,0.82485107
20070109,-0.989857927,1.153572767,-0.571622269
20070110,0.439561147,0.804157308,-0.050594486
20070111,0.227569739,0.898168922,0.185388104
20070112,-0.5742774,0.728143297,-0.599537367
20070116,0.559181327,0.625934684,0.245315861
20070117,0.405954549,0.648295352,0.101334243
20070118,-0.507615303,0.768987314,-0.490736242
20070119,-1.501991029,0.818705942,-1.366374802
20070122,-0.463878506,3.838495055,-0.137669958
20070123,-0.537682329,1.419625853,-0.986423158
20070124,2.109312534,0.552690624,2.456535105
20070125,-1.732907738,0.637367211,-1.970760381
20070126,-0.095052934,0.715388743,0.095143371
20070129,-0.147332869,0.37618729,-0.320388203
20070130,0.587728572,0.287242293,0.639753198
20070131,0.464836853,0.656732733,0.344115962
20070201,-0.309225465,0.703863826,-0.171909962
20070202,-0.223233543,0.652735287,0.085991922
20070205,0.120347302,0.460038316,0.051559681
20070206,-0.687287929,1.188870642,-0.344234419
20070207,0.73573777,0.990683482,1.1315053
20070208,-0.341413783,0.614078497,-0.307324811
20070209,-1.858597641,0.888161408,-1.568321675
20070212,-1.168176478,1.765056424,-0.95995152
20070213,0.531290715,0.584287944,0.942579853
20070214,1.80650074,0.936089896,1.875969308
20070215,0.544960477,0.568776937,0.391389932
20070216,0.033892561,0.478428423,0.237489509
20070220,-0.068108295,0.733502903,-0.526629944
20070221,0.49644885,0.419503781,-0.255820042
20070222,-0.43741225,0.925007389,-0.668211173
20070223,0.043094161,0.473830462,-0.249580576
20070226,-1.45835918,1.104382898,-1.466976527
20070227,-2.522336208,4.279509703,-2.820085793
20070228,0.520398087,2.295915512,2.214900417
20070301,1.084358683,7.40063931,-0.485031155
20070302,-1.219527309,2.01858403,-2.036148215
20070305,-0.924338253,2.210622105,-0.906295854
20070306,1.915733102,1.231589909,2.641425692
20070307,-0.482272972,1.623331774,-0.96223123
20070308,0.955083312,1.163619903,1.704284105
20070309,-0.22805027,1.224076929,0.228571528
20070312,0,0.883441529,-0.404751982
20070313,-2.700920393,2.465444953,-3.444286648
20070314,1.183125113,5.381743943,1.629290205
20070315,0.877748582,1.904055215,0.680031253
20070316,-1.207906244,1.694641162,-0.94074071
20070319,0.107123738,1.167033014,0.887221844
20070320,0.462881368,0.685252823,0.462881368
20070321,2.199050704,1.826507973,2.056853737
20070322,-0.052214778,1.043342267,-0.052214778
20070323,-0.234670483,0.959239815,0.034812881
20070326,-0.453832163,1.737293758,-0.523470049
20070327,-1.005033585,1.375880301,-1.285342108
20070328,-0.865574494,1.275853809,-1.140629012
20070329,0.479276679,1.452649522,1.211488183
20070330,-0.442282897,2.163472339,-0.124036518
20070402,-0.997870005,1.287868122,-0.997870005
20070403,0.277417512,1.005758093,0.19679763
20070404,0.552044853,0.644325633,0.641370451
20070405,-0.249955495,0.387802651,-0.659245149
20070409,0.551848307,0.752998838,0.694756513
20070410,0.372902856,0.610836359,0.159645267
20070411,-0.409216833,0.927218811,-0.586616205
20070412,0.389933142,1.83734342,0.781392717
20070413,1.209798222,0.752792416,1.492433987
20070416,1.792533346,0.843708909,2.001447071
20070417,-0.445435035,1.159557403,-0.513787738
20070418,0.171379648,0.380158625,0.274348595
20070419,0.970964106,1.69192904,1.005204818
20070420,1.782813809,1.860177182,3.547120684
20070423,0.130890071,1.494349027,0.06542362
20070424,-0.327546968,1.090934429,-0.327546968
20070425,1.864666917,1.136012031,2.094062397
20070426,-0.209053706,1.228503885,-0.209053706
20070427,0.27390656,0.780260427,0.048281968
20070430,-2.314314504,0.850511941,-2.443118257
20070501,1.346268897,1.053772242,1.098641861
20070502,1.932116133,0.952067934,2.241487055
20070503,0.759257048,0.899923682,1.18888616
20070504,-0.204934256,1.079834347,-0.141922282
20070507,-0.236910795,0.630065206,-0.205355099
20070508,0.491012311,0.693113031,0.079032645
20070509,0,1.030460137,-0.015801533
20070510,-0.445435035,1.189046866,-0.888894742
20070511,0.270334903,1.392991104,0.397804646
20070514,-0.503055319,0.550776844,-0.813207065
20070515,0.636438107,1.599709768,0.940171056
20070516,0.910381425,0.470880417,1.495502095
20070517,-0.533920866,0.619621373,-0.768570954
20070518,0.29736308,0.537183134,0.752944734
20070521,0.421053254,0.497842315,0.421053254
20070522,0.023352664,0.634189799,-0.031128405
20070523,-0.4838845,0.891394805,-0.515022598
20070524,-0.311915412,0.972057678,0.171969088
20070525,-0.626176122,0.456624755,-0.532499301
20070529,0.79619498,0.666968855,0.984459861
20070530,1.550418654,0.723027921,1.067212975
20070531,0.061557404,0.351689462,0
20070601,0.030764498,0.372393289,0.030764498
20070604,0.339035615,0.343182488,-0.030764498
20070605,-0.154202035,0.343733071,-0.308166654
20070606,-1.432600023,0.795160863,-1.617956888
20070607,-1.46508263,1.284071711,-1.716339044
20070608,0.644881022,1.095357047,0.525144428
20070611,0.484531708,1.184715295,0.150668123
20070612,-1.422771982,1.797255448,-1.581376298
20070613,0.890732786,0.887509698,1.660584223
20070614,-0.023746389,1.097339896,0.015834059
20070615,0.031352877,0.825197121,1.008200096
20070618,-1.384976497,0.89908549,-1.10324208
20070619,0.150489118,0.642294106,0.118788373
20070620,-2.089556846,0.804319949,-1.812931497
20070621,1.058890048,2.756219192,0.994394722
20070622,-0.660653386,1.717873938,-1.293034921
20070625,-0.314935456,1.939601079,-0.056599961
20070626,-1.55267554,1.692212024,-0.763176555
20070627,0.65199905,1.423277355,0.325468147
20070628,-0.065295464,1.063710148,-0.504928184
20070629,-0.342717594,1.764631265,-0.114369754
20070702,0.437566536,0.955679112,1.089353102
20070705,-1.502815711,0.812620051,-1.582976036
20070706,0.619904106,0.796287317,0.113904495
20070709,1.047974121,0.755699525,1.388911216
20070710,-2.734513404,1.147296086,-3.442708863
20070711,-0.024884907,1.435937306,0.0497884
20070712,4.518354866,1.22771211,5.031388677
20070713,-0.666669136,1.31117135,-0.935252914
20070716,-0.996472405,0.877300397,-1.411410759
20070717,2.042000654,1.363224352,4.577819491
20070718,1.344999792,2.10180001,0.477180925
20070719,-0.030543678,0.630298331,0.536030076
20070720,-1.906870019,2.022869371,-1.632312189
20070723,-0.709879524,1.89073746,0.248100608
20070724,-2.751802889,4.823793234,-5.213320914
20070725,-0.064819318,3.686550288,0.650514572
20070726,-1.747489242,6.310064376,-2.561295817
20070727,-3.342040671,5.91161446,-2.654240156
20070730,2.764376262,3.154524454,2.687495893
20070731,-4.048321505,4.238232277,-2.858421496
20070801,1.854649426,8.552452552,1.92305473
20070802,2.122447439,2.620676341,2.256608117
20070803,-5.779611351,5.391982776,-5.861679472
20070806,4.428580124,7.283768278,4.706551116
20070807,1.384162848,9.312060089,0.215535191
20070808,3.44610659,8.944437148,4.057022384
20070809,0.296589441,6.713900544,-3.396736063
20070810,1.586873328,18.70188307,-0.197628523
20070813,-2.732841693,4.186363087,-2.141123991
20070814,-3.597510246,7.148084063,-3.504921543
20070815,-0.841962525,5.953159223,-0.981602974
20070816,3.068097483,17.44679195,3.138532422
20070817,-2.054290123,10.17169709,0.340831959
20070820,-0.925028873,5.548284544,-0.229934102
20070821,-0.016901885,4.740452467,0.874331787
20070822,1.070065385,3.31139325,1.626324721
20070823,-1.289487201,3.949696326,-0.049904351
20070824,1.589963935,1.747892835,1.256630293
20070827,-1.473658592,2.457860746,-1.5065263
20070828,-3.489322691,2.969824313,-4.259587718
20070829,0.517064234,2.198754623,1.245475363
20070830,0.399202127,1.961190982,-0.759278885
20070831,0.15381989,2.568567407,1.418951442
20070904,3.659915245,2.32396596,3.762330548
20070905,-1.298882802,1.974336964,-2.531780798
20070906,-0.159804904,2.684016058,0.202224538
20070907,-1.80185055,3.605163343,-2.817087697
20070910,0.882043826,2.627435594,1.537897057
20070911,0.727645143,2.261214984,1.127560588
20070912,0.403904958,2.026506918,0.387042974
20070913,0.937571689,1.591601385,1.673853462
20070914,0.425351556,3.786657097,-2.754579955
20070917,-1.246920247,1.621420936,-1.229943759
20070918,4.451898319,6.050227918,4.50344914
20070919,-0.555556984,4.173751964,0.278940209
20070920,-1.519183775,2.754653466,-1.535570502
20070921,-2.18761333,2.106655117,-1.458167125
20070924,-1.883806238,2.036078725,-1.462611107
20070925,1.120004868,2.193044762,0.750984926
20070926,-0.304208448,2.209121347,0.458054919
20070927,0.505136619,1.417898754,0.775589792
20070928,-0.671481455,1.119638894,-0.285930731
20071001,2.607099531,1.631548692,2.083582335
20071002,-0.131774027,1.570441681,0.082447032
20071003,-0.450188338,1.11072773,-1.377500829
20071004,-0.624819794,1.73699893,-0.016712626
20071005,1.433657249,1.967299078,2.133193746
20071008,-0.722617695,1.246615335,-0.73898029
20071009,2.517841973,1.569315119,3.035701008
20071010,-1.029278949,1.652823381,-1.093258477
20071011,0.224395029,2.526192918,0.96525846
20071012,0.953144627,2.1590678,1.256877575
20071015,-2.223557978,2.364510383,-2.28681909
20071016,-2.450841903,3.041402669,-2.564138022
20071017,-1.569890954,3.564249164,-0.357454971
20071018,-1.322501473,1.971834157,-2.444697321
20071019,-1.864673948,2.542038375,-2.549725437
20071022,1.720053046,4.205514255,-0.412299369
20071023,-0.085142619,6.156154659,3.149594134
20071024,1.075554543,3.902067282,0.323157012
20071025,1.396271317,4.570612333,1.633720547
20071026,0.677744556,3.823183943,1.393519564
20071029,-0.337768579,1.977515905,-0.181383511
20071030,0.016568636,2.099956172,-0.380322906
20071031,-0.204808985,6.783632181,1.005530602
20071101,-3.481976516,5.16940782,-4.272364296
20071102,-0.222013583,8.586774619,0.11975025
20071105,1.05418759,6.443944468,-0.548604153
20071106,0.633726536,5.952700238,0.685286218
20071107,-3.632887622,8.681032389,-5.790189336
20071108,-0.240331239,11.64506619,1.490420837
20071109,1.838516756,13.81118678,0.772341715
20071112,-0.302949532,5.789607437,-0.906109069
20071113,4.529728558,5.024386501,5.435837627
20071114,-0.531803895,6.763884558,-0.143781477
20071115,-1.262815416,4.655378364,-1.440713722
20071116,0.256300866,4.647626611,0.633401073
20071119,-1.169097533,5.203605424,-2.069039326
20071120,-0.803497773,8.816372205,-0.664221984
20071121,-3.470651422,8.170062897,-5.026002677
20071126,-3.81897056,5.064868376,-3.792010326
20071127,3.228145721,7.724467188,3.953662809
20071128,2.343100235,6.344799858,3.022766596
20071129,-0.140449461,6.193462984,-0.892004165
20071130,0.577153189,4.107652434,3.724568444
20071203,-0.475867655,4.550590595,-0.645273083
20071204,-2.004666429,2.783960742,-2.868695073
20071205,-0.138169279,4.662917325,1.427352344
20071206,3.033634131,4.453354688,2.912579209
20071207,-1.188409652,4.901323364,-4.620830615
20071210,1.11655033,2.003106003,1.327298564
20071211,-5.351640881,6.545355323,-5.638310929
20071212,-3.359371729,9.412241845,-0.607568839
20071213,0.801570141,9.008041742,-0.536988606
20071214,-1.31143189,7.482480301,-2.996549466
20071217,0.182490566,5.246078796,-0.316167928
20071218,-1.343848214,3.396439908,-0.702973669
20071219,-0.250313022,4.944274401,0.250941161
20071220,-2.78225056,4.803428155,-1.613094933
20071221,0.870495873,3.651052976,1.709443336
20071226,-0.255041937,1.519095486,-0.706849934
20071227,-2.601568317,2.017599291,-3.532779911
20071228,-1.329702814,2.820974188,-0.451734049
20071231,2.392412072,3.265077597,2.392412072
20080102,-1.902600587,4.586871971,-1.960276259
20080103,-1.556221695,2.783438452,-1.282195296
20080104,-1.667126259,5.595890922,-2.60460196
20080107,-0.030359763,5.289369169,0.660068403
20080108,-3.431961188,5.057181134,-3.22973665
20080109,2.696026534,9.396860755,2.539098114
20080110,1.796270037,18.60487001,-0.388032755
20080111,-1.245064188,13.24601247,-10.72493912
20080114,1.242252,3.736790509,1.469783384
20080115,-2.241831812,6.905123506,-4.042458005
20080116,4.112298403,12.00501813,3.490996363
20080117,-3.497020703,11.97369594,-3.666445265
20080118,1.733145635,17.00264674,2.177019743
20080122,4.197900476,21.60280049,-0.528311784
20080123,9.246421174,27.15967568,6.07600883
20080124,1.261374287,15.36431763,1.995560267
20080125,-4.57799934,11.14747298,-3.458308758
20080128,2.868961488,11.23379285,4.114743089
20080129,0.672978355,9.805033933,0.69408208
20080130,-0.863254124,10.89617128,-0.884216287
20080131,5.697876129,12.11998796,3.77638234
20080201,1.748722887,5.816631602,1.012974626
20080204,-2.485629211,3.734175121,-3.968040356
20080205,-1.725209609,8.091222154,-4.274200631
20080206,-0.663514698,4.89822292,0.284153197
20080207,1.299563449,10.32225124,1.419539468
20080208,-2.091435615,4.874462155,-3.325618218
20080211,0.359066813,3.089181822,-0.692044284
20080212,-0.066467267,5.317681255,1.069528912
20080213,2.617780634,3.090274986,3.719841601
20080214,-2.707386417,4.304403243,-2.376948553
20080215,-0.794706169,5.173737645,-1.342893048
20080219,-2.32903951,5.399608363,-1.248901157
20080220,2.866295639,4.864590942,1.647043687
20080221,-1.913721065,3.551196312,-1.759314946
20080222,0.733744259,3.384312167,1.405488836
20080225,0.410769381,7.452004569,-0.022155755
20080226,2.674488063,4.919180695,1.582798486
20080227,1.672992932,5.175959846,0.565464752
20080228,-2.11565624,2.323505858,-3.711492927
20080229,-3.487103662,5.074574204,-4.983730237
20080303,-0.521328195,4.452485912,-0.42674318
20080304,2.552824886,7.104920174,1.321709116
20080305,-1.66650964,8.486971523,-0.942292013
20080306,-1.397276407,4.624699413,-2.468077834
20080307,1.797473704,12.05788931,0.773324299
20080310,-3.17759667,8.079937519,-3.503113867
20080311,4.45762749,11.85192593,8.823642204
20080312,-2.314918187,9.84805358,-2.566318159
20080313,1.844896224,17.02178077,-0.070282303
20080314,-4.39434872,29.43720337,-3.821816923
20080317,4.519433146,19.55392153,1.378331578
20080318,2.268615811,18.42437898,4.805799922
20080319,-4.556808791,11.10969835,-3.849769695
20080320,7.939867875,10.82562454,8.8279206
20080324,1.081550146,6.655029945,3.19324249
20080325,0.189693386,6.381908527,0.168598565
20080326,-3.720152167,6.035223173,-4.544768321
20080327,-1.77974078,7.838213837,-1.219392118
20080328,-4.27091017,5.98689907,-3.703706292
20080331,1.175264132,5.028059559,1.036278704
20080401,4.189435217,5.876375581,7.47950213
20080402,-0.95898444,6.707416177,-0.725413892
20080403,1.391683284,5.656335885,-0.064260471
20080404,-1.356463903,4.744424297,-1.163806239
20080407,-0.257842859,2.675794306,0.755861497
20080408,-1.016323271,2.629415657,0.043020005
20080409,-3.401243486,3.198625496,-3.079182016
20080410,0.155434693,3.807251054,-0.044365573
20080411,-1.463552307,2.659654988,-3.752700739
20080414,-0.466310008,3.239336981,-1.438539888
20080415,-0.393382435,3.936027682,0.791438023
20080416,-0.319780994,4.083039158,1.335809822
20080417,2.550435775,4.346408809,2.183715217
20080418,-0.678413807,5.252011355,1.917699959
20080421,1.409094209,2.218997598,0.438212796
20080422,-3.264318451,3.124336091,-3.878355468
20080423,0.700647007,2.846362298,0.904983552
20080424,1.492731293,6.202743628,1.829999741
20080425,1.785478735,7.960463871,5.443960008
20080428,0.083577105,2.443127177,0.271881376
20080429,0.333472589,2.53265124,0.375234962
20080430,-0.996479078,3.589162626,-0.270861714
20080501,5.884935111,3.351865819,6.902068945
20080502,-3.480052915,4.127202373,-1.867192611
20080505,0.277943399,3.910530829,0.069413459
20080506,2.121622159,3.65507057,1.045271326
20080507,-4.093285995,3.197069791,-4.545553013
20080508,-0.306466682,4.763133909,0.338201706
20080509,2.29088545,3.969133852,0.286064764
20080512,0.924815598,3.324902093,1.939846643
20080513,-1.879412699,5.577971068,-1.919444726
20080514,0.02019998,1.933802935,0.994629127
20080515,1.069960747,4.250243226,0.584031466
20080516,-2.276521077,3.307474551,-2.356874637
20080519,-0.452303403,3.134719984,-0.226407424
20080520,-1.237561678,2.71975678,-2.398196469
20080521,-3.755296672,4.948575067,-4.114743089
20080522,1.86168351,3.595686848,1.927639322
20080523,-1.420012938,3.187198819,-1.971634044
20080527,0.261495028,3.93366128,1.094102818
20080528,-0.162469573,3.329728592,0.380125356
20080529,1.248939576,4.591056306,1.303125435
20080530,-1.744385823,2.779717898,-0.892047401
20080602,-1.392337353,2.74634894,-2.237962514
20080603,-2.585390269,6.108412116,-2.232733963
20080604,0.285494868,10.52966362,2.914879859
20080605,3.414180241,4.397094865,3.808140042
20080606,-4.538759934,6.0620519,-6.070378898
20080609,-1.68448677,5.24544458,-0.969240091
20080610,1.10059544,8.630350771,0.361745816
20080611,-3.088200075,6.933509893,-4.017806588
20080612,0.865306812,10.59163038,2.230316632
20080613,1.554260368,5.028093086,2.753247041
20080616,1.444068415,6.787810784,-0.223763799
20080617,-4.906859937,6.317340881,-4.326112269
20080618,0.105963394,9.038074227,-0.610044126
20080619,1.32264564,7.366471465,0.305487254
20080620,-1.971691668,8.514778161,-3.437092507
20080623,-1.046365551,5.404242563,-0.73117557
20080624,3.377884476,8.948713139,3.059373855
20080625,-1.067971316,8.210725905,-2.815054164
20080626,-2.938407961,6.473592232,-5.208989219
20080627,-2.429479672,8.317019229,-2.288191356
20080630,-1.003971445,6.762052606,-0.951381383
20080701,5.198968697,11.16143505,6.202940142
20080702,-1.602839223,8.441906223,-1.154631301
20080707,-1.704301904,16.51631061,-1.704301904
20080708,4.649712212,11.83316792,5.028166051
20080709,-5.125481237,11.7095259,-6.505147319
20080710,1.159059981,18.52285098,0.179418221
20080711,2.68264733,31.41321912,0.612715728
20080714,-5.708423812,16.08094992,-4.796332361
20080715,1.059073035,33.64515995,-1.154840282
20080716,6.263029206,20.65738395,6.774952727
20080717,1.680915083,22.89168048,5.117338312
20080718,0.882323597,10.6637493,1.014146973
20080721,-3.693465382,9.489064091,-2.865939676
20080722,5.382766119,20.65083623,-6.745832649
20080723,2.681264,14.85712322,2.707397542
20080724,-8.217308319,14.11600981,-7.608632841
20080725,-0.477197715,12.49822985,0.424570932
20080728,-2.593925938,9.658178312,-3.320902598
20080729,4.861025233,11.37410095,5.831155864
20080730,-1.494242678,16.00988272,0.039976015
20080801,0.080656007,7.000493432,-0.856307079
20080804,-0.717334063,7.620682872,-1.080799497
20080805,2.994707637,6.656985207,4.851846195
20080806,-0.708385489,5.070577762,-1.722830396
20080807,-2.330097291,10.20655021,-4.029554018
20080808,4.345273143,9.802468656,3.408885139
20080811,3.247460325,8.213666436,3.578082858
20080812,-1.952932787,6.267769458,-2.825852323
20080813,-1.506214597,8.170804243,-3.016377089
20080814,4.294112538,6.990951032,3.423121729
20080815,0.54012477,8.060688694,2.073418842
20080818,-2.91603633,5.561636778,-2.50646197
20080819,-0.325733187,4.640299152,-3.315811788
20080820,1.967983718,9.775158276,1.831947784
20080821,0.895163986,5.486968432,-1.154530209
20080822,1.691647367,5.025006201,4.540236087
20080825,-1.36574677,3.534907859,-2.442490649
20080826,0.527149349,4.085586442,0.593238837
20080827,2.462825631,3.132472155,2.094113073
20080828,2.232067587,2.746206794,3.726825536
20080829,-0.326674496,3.602449453,-1.474105394
