20020102,-1.148238085,2.160015355,-1.82059645
20020103,0.855703393,2.278232621,1.640021139
20020104,1.70046608,2.778913796,4.048111536
20020107,-0.024393219,2.428591687,1.623252563
20020108,-2.886697506,2.290250073,-1.722483531
20020109,-1.270728448,3.264970804,-1.022835411
20020110,-0.750942202,1.759885623,-0.20080328
20020111,-2.903183268,3.3541042,-2.802731225
20020114,-1.065360213,1.259039206,-1.091203345
20020115,1.924369839,2.108479809,2.756840828
20020116,-1.485756511,3.374958421,-3.280676494
20020117,-0.598414691,3.059765007,0.628274318
20020118,2.142293827,5.906697218,2.168386456
20020122,0.012593665,2.319540658,1.382130668
20020123,-1.88993908,11.88599474,-0.999818491
20020124,1.030030461,2.985223126,1.765048344
20020125,0.821002248,2.451158932,0.870977262
20020128,0.122714459,2.66833139,1.010732135
20020129,-2.160653658,3.087082578,-1.184321763
20020130,0.275654854,5.884566964,-0.822434542
20020131,1.609941893,1.930362285,1.834913867
20020201,0.995033085,1.97193192,1.729430511
20020204,-1.235032044,2.329956268,-0.897519669
20020205,0.024476808,5.707375132,-0.439561147
20020206,0.611922115,4.964629575,0.293255342
20020207,-0.413776908,2.431723335,0.048792389
20020208,1.571029291,3.494875404,1.69290621
20020211,2.614681987,2.935999992,3.093151799
20020212,0.931322215,2.339996139,0.324977073
20020213,2.938064439,4.361866355,3.975537722
20020214,0.11179431,1.637588926,-0.334635003
20020215,0.223114774,2.933307342,0.267797527
20020219,-0.899727042,2.095343737,-2.630690796
20020220,-0.986585954,2.772814759,-0.769455419
20020221,2.150128576,5.580285271,1.87305613
20020222,2.008416827,5.976128803,1.28163643
20020225,0.512650181,3.889606403,0.490306309
20020226,1.155568414,3.218743604,0.620569367
20020227,0.698540278,3.740067596,1.556536961
20020228,0.021732044,5.534627494,0.108707479
20020301,2.628940887,3.092551132,3.774032798
20020304,2.347235619,2.979094318,2.78569545
20020305,-0.908534021,2.808137812,-1.910689868
20020306,3.143757568,3.336093002,3.164498001
20020307,-2.851517031,5.542799451,-2.771163471
20020308,-0.283228998,3.423250174,1.964056587
20020311,2.91263358,3.762423819,2.99363804
20020312,0.798726291,2.580370525,-1.146937627
20020313,-1.850414825,3.036179039,-2.049499103
20020314,-3.346037056,3.906991783,-3.406956949
20020315,0.460348166,5.317445516,0.607268121
20020318,-1.397748844,2.962954846,-0.628274318
20020319,0.85711824,3.533054682,0.920123597
20020320,-1.034746853,3.443118926,-1.95487045
20020321,2.03353756,5.322080469,1.22364396
20020322,-1.381844065,2.552914864,-2.839257125
20020325,-0.913248356,2.978925469,-1.248184653
20020326,0.108991836,3.356497555,0.261780254
20020327,2.720527641,4.538356901,3.046792204
20020328,1.419351734,3.850692918,1.946278867
20020401,-0.790682438,2.610246595,-0.790682438
20020402,2.452972624,3.937996879,2.557367665
20020403,0.164304822,4.005967858,-0.77678232
20020404,0.572950207,2.927128373,0.572950207
20020405,-2.394466184,4.262973966,-1.500696269
20020408,2.14795536,3.977164735,1.357766179
20020409,-1.025650017,2.269791959,-0.903126007
20020410,2.138792191,2.629511566,2.283018032
20020411,-1.864666917,4.169621745,-1.50256634
20020412,-1.658344893,5.066132719,-0.904239618
20020415,-1.095186957,1.858651823,-1.59187672
20020416,0.473592978,1.825966114,2.086111663
20020417,-4.516896837,7.118561222,-6.86554475
20020418,-3.772337725,21.35752427,-3.926471852
20020419,-3.041709148,7.597290988,-2.221285221
20020422,0.860770698,5.543722045,1.001055968
20020423,-1.751767323,6.881897625,-1.705449582
20020424,-1.195934057,3.690485695,-0.117882838
20020425,-0.522070479,8.364431039,-0.852883635
20020426,-1.197619105,3.656780361,-1.269022178
20020429,-0.045829515,3.548761889,5.00515599
20020430,2.101060006,6.052517472,2.489943031
20020501,1.173488502,4.01347,1.552826233
20020502,-1.595424933,3.40787298,-1.463440752
20020503,-0.156827634,3.624464227,-0.380441323
20020506,-3.551204322,3.143537628,-2.658341248
20020507,-1.060650939,2.726319267,-0.669980559
20020508,2.350901375,3.640069929,2.72110078
20020509,0.915082828,3.243831998,1.522303855
20020510,-1.451931132,4.075906095,-2.816452919
20020513,0.839292666,2.300279251,1.158708863
20020514,-0.285620319,2.220359584,2.630557388
20020515,-1.711343021,3.906061918,-1.865477148
20020516,0.35610988,1.975502041,0.892663816
20020517,0.309051019,1.263316489,0.796640637
20020520,-1.123731115,3.257387293,-0.530387984
20020521,-1.743060891,5.369550498,-1.720905136
20020522,0.450959051,3.825134137,0.202679948
20020523,0.727441262,3.40981033,-0.677203491
20020524,-1.534439817,1.655587597,-1.87476913
20020528,-0.810658753,1.732006244,-0.764512006
20020529,1.048349729,2.320946832,0.348230184
20020530,2.343222858,4.723706925,1.060406433
20020531,-1.912280366,2.997329194,-1.431895135
20020603,-3.612872409,5.621595261,-2.663681349
20020604,-0.143403466,5.425822498,-0.119517165
20020605,0.945633524,3.028440726,1.636853056
20020606,-1.396637686,3.24290754,-1.302564302
20020607,1.888630263,3.220807777,1.912465324
20020610,0.046554936,1.92571824,0.489911163
20020611,-1.708243247,2.864324563,-1.406163315
20020612,2.788080414,4.301446075,3.376386617
20020613,-1.911925807,2.44307073,-3.117105387
20020614,-0.468934036,7.181175158,0.164647809
20020617,3.294905306,4.169479769,3.271400781
20020618,-0.387553204,1.690205674,-0.421677074
20020619,-0.669361991,3.080740505,-1.379966701
20020620,1.701190452,4.370695607,1.585329009
20020621,-0.186089842,3.95863751,-2.119406675
20020624,-0.420266787,9.827752862,-0.490139854
20020625,-0.928080907,3.466626215,0.373657604
20020626,2.150112362,10.43690001,-0.280112228
20020627,4.212347281,4.470579569,4.725288485
20020628,1.3215558,3.057508667,0.200467825
20020701,-0.826174176,1.818464647,-0.759440773
20020702,0,5.166477776,-0.449438959
20020703,-0.818930873,4.687390517,-1.406237734
20020708,-1.396104639,3.756162537,-2.020270732
20020709,-1.881652579,6.178328618,-2.131397289
20020710,-6.282430497,12.95375557,-5.474951199
20020711,0.854184571,15.55970098,0.682762955
20020712,-2.753369606,17.82696405,-2.534896403
20020715,-0.238678588,19.87385415,-0.913934374
20020716,1.953331978,14.96933034,2.692637394
20020717,0.915177102,11.83466787,4.710972686
20020718,-4.412480491,10.40571448,-3.760557344
20020719,-2.400808293,8.647740711,-3.228869528
20020722,-3.554906993,33.91539826,-3.855960909
20020723,0.983444779,22.6351908,1.087530139
20020724,9.385457547,22.29893416,5.90023647
20020725,3.734277833,20.00788945,3.271933659
20020726,-1.254899858,12.36321281,-1.395976769
20020729,-2.142014343,10.93734894,0.142857167
20020730,-0.693036589,11.10659299,-0.788252021
20020731,-0.601903828,8.074046477,-0.697873125
20020801,-1.152962606,7.534448349,-2.147995692
20020802,-2.164532821,8.975530393,-1.918105885
20020805,-2.645014606,9.556920196,-2.922057977
20020806,1.37476707,9.795824144,2.392489219
20020807,3.064237766,7.627507479,3.819908868
20020808,1.067453125,7.080318468,0.848181506
20020809,-0.267998699,9.024999261,-1.091846343
20020812,0.867953372,4.588642809,-1.20261604
20020813,-6.845595872,11.01915148,-8.338160894
20020814,-1.311852648,18.34186019,-2.472616119
20020815,3.962127394,14.09451152,2.994600842
20020816,-1.246204647,10.54789811,0.066724497
20020819,2.423084048,6.330677834,2.503094721
20020820,-1.910802804,4.38805695,-1.547166039
20020821,-1.164650539,7.93276566,-0.742708984
20020822,2.10534092,7.141607952,2.211780525
20020823,-3.677176622,5.313162483,-3.417098452
20020826,-0.67558695,7.141089378,-0.621707638
20020827,-0.188857469,9.581783447,0.405899624
20020828,1.341221822,7.010129537,1.341221822
20020829,0.813453509,7.088021444,-1.341221822
20020830,0.297418091,4.659411337,0.027001485
20020903,-3.512043514,9.985856599,-4.162099975
20020904,3.460552918,5.448945574,3.376081563
20020905,-0.964859312,5.206093983,-1.784536032
20020906,1.54621282,5.26304589,2.867090582
20020909,0.482574663,4.437636587,0.643951783
20020910,-0.322234436,5.246194236,-0.56323067
20020912,-1.255132439,4.139162913,-1.768994286
20020913,-0.952388151,5.877401671,-2.474066427
20020916,3.610895572,7.051337755,4.646884118
20020917,-2.875164145,4.633250355,-2.392718825
20020918,1.975372874,7.174005313,1.285048442
20020919,-1.257878221,5.968280126,-3.482939114
20020920,1.438077881,5.498805825,2.417791805
20020923,-1.855549443,6.15417643,-3.293627323
20020924,-0.456621798,8.616283169,-0.797725028
20020925,0.426439879,6.474159448,0.826097847
20020926,2.045400219,5.261207779,3.621565694
20020927,-4.522215692,5.231569842,-5.208560184
20020930,-0.817284176,12.41664586,-1.671186173
20021001,4.751284747,9.951162769,5.335739947
20021002,-3.176687204,4.771782798,-4.547529765
20021003,-1.098594455,5.997807158,0.029073994
20021004,-6.967992064,13.46964256,-7.20082104
20021007,0.49535705,9.461237915,1.149259427
20021008,-3.139685406,18.971107,-1.243024084
20021009,-3.006529992,10.45109748,-4.836811441
20021010,3.406655456,12.78759832,2.847167408
20021011,0.659239556,9.09142298,1.927085382
20021014,2.477310521,7.453792739,-2.856430318
20021015,1.947297713,9.880622309,3.449163296
20021016,-1.852807756,12.41223625,-5.334171987
20021017,-2.535950158,15.51998284,-1.654023814
20021018,-0.617285911,7.909728592,-3.08237781
20021021,4.714677843,8.62849694,4.473589384
20021022,0.366239797,4.43771685,-1.024971777
20021023,2.390289355,6.126866151,1.990688424
20021024,-3.125768541,9.722019322,-2.557262177
20021025,0.863219172,7.146925274,1.096903137
20021028,-4.918471931,12.58469213,-4.358061696
20021029,2.865134591,7.789225022,2.657737351
20021030,1.268374815,9.017594858,1.369198214
20021031,-2.144542332,8.098326235,-1.318773808
20021101,2.059873496,5.121044375,2.177431659
20021104,-2.55700466,10.99540549,-2.261486468
20021105,5.31329136,11.21076277,5.783090882
20021106,4.694552945,10.39607664,6.394310582
20021107,-4.464689437,10.57010562,-3.870863464
20021108,0.788360663,6.58840474,2.461333455
20021111,-6.056811347,7.835896653,-5.845618026
20021112,-0.409642924,4.345038937,1.399068926
20021113,-0.761666646,11.14969649,-0.88804897
20021114,-2.364176306,7.551113199,-0.127510377
20021115,0.445576803,4.883842521,0.445576803
20021118,-1.791474655,4.759361911,-1.632820012
20021119,1.37668254,5.007153891,1.505714816
20021120,1.684451078,6.058422441,0.886362245
20021121,0.927363679,4.338097149,2.397748374
20021122,3.471324003,4.625437501,4.512043528
20021125,0.119154021,4.182964943,-1.213212099
20021126,0.266706337,2.805984653,0.59364971
20021127,2.955880224,3.000369495,3.575442613
20021202,-0.958334618,5.052211029,0.790981127
20021203,-0.029201343,4.360262832,-0.087578461
20021204,0.325203539,4.388847481,-1.056968149
20021205,-2.368571228,6.757033202,-2.753016474
20021206,3.009803116,6.764583942,1.296174891
20021209,-2.58963443,5.284486941,-3.009803116
20021210,-0.247601488,3.510496509,-0.402041673
20021211,1.240325978,2.42822589,0.556243709
20021212,0.405427033,3.324653367,-0.991027002
20021213,-1.170343898,2.772158965,-2.202732232
20021216,2.276418249,5.728251231,1.766050315
20021217,-0.500313739,4.961206679,-0.281734417
20021218,0.846267392,4.775090678,0.437911241
20021219,1.594531204,5.028141833,0.622279544
20021220,-0.731710582,3.352821711,1.355535235
20021223,0.335724411,2.276216781,0.427481567
20021226,-0.702614774,2.024526467,-0.091925853
20021227,-1.840542754,2.919193131,-0.985836696
20021230,1.565169285,3.155287947,1.658005436
20021231,1.156434068,2.877042108,0.637428171
20030102,2.602210536,5.707055773,2.450810053
20030103,0.23432934,2.552326071,0.911101086
20030106,0.234673032,2.084268779,-0.146391477
20030107,-2.432632564,6.229911823,-2.461936593
20030108,-0.029971527,1.944664848,0.18001805
20030109,0.531916148,1.327349411,1.694200131
20030110,-0.236197334,6.403305865,-0.2951596
20030113,0.438276816,3.188674376,1.379737138
20030114,-0.029286865,2.075715879,-0.467563681
20030115,-2.077226023,2.665869507,-2.3411945
20030116,-0.891536366,3.970113652,0.448766647
20030117,-0.180072077,3.185106696,-0.628838724
20030121,-2.709862879,3.302893977,-2.709862879
20030122,-0.846002226,4.066234705,-1.932126169
20030123,0.125707119,4.050075878,0.188619987
20030124,-1.884738748,6.300520582,-2.641362786
20030127,-1.102475499,3.915788404,-1.102475499
20030128,2.315215952,4.718480681,2.54319195
20030129,-0.876202263,3.799176872,-2.510592113
20030130,-0.9088021,7.621812131,-0.032599837
20030131,0.666986751,7.258563993,2.955563669
20030203,0.483482005,5.974868863,-1.563279563
20030204,1.45046862,3.492610673,0.4811557
20030205,-0.970253407,5.26389986,-1.547918685
20030206,-0.326690915,4.799882026,-0.684822504
20030207,-1.943727806,3.387119615,-1.649657997
20030210,0.497101272,2.502035324,0.630080015
20030211,-1.665594801,3.482396854,-1.599500945
20030212,-0.538359308,3.267877353,-0.43763746
20030213,0.135685231,4.773593184,-0.473453708
20030214,2.183126166,6.49981468,2.013490841
20030218,-1.686269085,3.033208896,-0.366117899
20030219,0.498754151,1.567516665,0.532093041
20030220,-3.43815462,7.205337947,-3.338701603
20030221,2.014063643,3.624839784,1.463855927
20030224,-2.735154058,5.141800261,-3.78833179
20030225,-0.511149434,2.955061428,-0.686803792
20030226,-1.742886017,3.691196869,-1.51342691
20030227,-0.606603109,4.27544047,0.250851233
20030228,-1.475112195,3.659441371,-1.26059656
20030303,-2.189868531,2.215423572,-1.791966034
20030304,1.246807497,4.019036191,1.246807497
20030305,-1.705640163,4.251599305,-2.584123118
20030306,-1.744450759,4.269208866,-2.269386348
20030307,0,4.944748769,-1.309221627
20030310,-0.62451413,3.615731992,-1.012864132
20030311,-1.811073123,3.554251294,-1.459304146
20030312,0.158919382,4.616203066,0.079428122
20030313,-0.315209087,3.110030313,0.593708453
20030314,1.141969488,6.843030354,0.786167571
20030317,5.493371882,6.377339774,5.336632038
20030318,1.630766344,7.075251359,3.214301551
20030319,0.179051077,5.39479033,0.466201311
20030320,-0.466201311,5.906539441,-0.466201311
20030321,-0.532577151,7.128388634,0.965845462
20030324,-0.736651582,2.937451486,-3.772663582
20030325,0.621915302,5.528887538,1.358566884
20030326,-3.456950807,4.867055746,-3.639465915
20030327,0.453515517,4.277665561,0.302115033
20030328,-0.304646085,2.622572151,-1.137668698
20030331,-1.227981365,4.877664909,-4.405311796
20030401,1.136598558,4.634878809,2.246399881
20030402,2.433580172,5.2732171,3.672945378
20030403,-1.722243991,4.777974469,-0.52730819
20030404,-1.088395056,3.742515233,0.075500192
20030407,-0.109469086,3.330119358,3.303325028
20030408,0.733948249,3.163661596,-0.146145441
20030409,0.510391192,4.385508735,0.54694758
20030410,-1.392473947,3.635760162,-1.465227679
20030411,-2.390849779,6.625264654,-2.427756958
20030414,2.866379004,2.734784722,2.97973628
20030415,1.256019467,2.988042915,-0.036703983
20030416,-2.5917778,2.973968937,-2.152216653
20030417,0.942514046,2.670940396,-0.037516414
20030421,0.149476859,2.293030933,0.486618965
20030422,4.412480491,4.097503467,3.738068043
20030423,0.463211233,4.691572737,1.180060181
20030424,-1.224358111,3.216487975,-1.902084978
20030425,-2.326531689,2.626711487,-1.496651408
20030428,2.17841363,2.410174873,0.696356122
20030429,0.687287929,1.739587858,1.306259503
20030430,-0.585653211,1.9509661,-1.818893361
20030501,-0.221075993,1.466119061,-0.478381777
20030502,3.67046369,3.535980033,5.280450899
20030505,-1.902767871,4.387358377,-3.525378427
20030506,2.300604701,2.512744363,1.973866346
20030507,1.025287398,3.931196777,1.025287398
20030508,0.498754151,1.91415555,-1.025287398
20030509,1.804977847,1.739875797,3.251466288
20030512,3.200818022,3.33709033,2.614306076
20030513,-0.77532834,1.96983318,-0.976603148
20030514,-0.709582298,2.17795787,-0.203252102
20030515,1.927164796,2.624491251,2.130416898
20030516,0.098797966,2.388433443,0.842910536
20030519,-3.281200832,2.194116588,-4.37338445
20030520,-0.550018575,2.967710181,-0.241005453
20030521,0,3.440572472,-0.726521099
20030522,1.070637062,2.191406457,1.070637062
20030523,3.28787453,6.270698374,2.9782235
20030527,-0.233683965,2.999672344,-0.233683965
20030528,1.524217713,3.619954476,1.624434858
20030529,-1.592073429,3.026833481,-1.657862905
20030530,1.642073021,2.695101833,2.606978195
20030602,2.727730171,4.026418967,4.02224663
20030603,0.530505223,1.615512306,0.530505223
20030604,4.266338654,4.589429232,4.235210249
20030605,0.446097394,3.791978399,0.535556174
20030606,2.057745408,4.559521031,3.384220273
20030609,-3.701384775,4.968252857,-5.029732346
20030610,0.262812241,4.642201048,3.381104984
20030611,2.57524961,4.905658496,3.185805366
20030612,0.673781325,3.599729642,0.955868959
20030613,-1.153480225,2.214913718,-1.125504284
20030616,2.136892744,2.090720765,3.010260741
20030617,-0.882520896,2.515805162,-0.882520896
20030618,-0.529175445,2.25180635,-0.806568133
20030619,0.14094435,2.232476309,-0.869448753
20030620,0,1.45742583,0
20030623,-1.782168468,2.710168383,-2.915325069
20030624,0.580384682,2.939331618,0.231749814
20030625,-0.377085291,3.321975683,-0.434972413
20030626,0.553695135,3.059068789,0
20030627,-0.204290163,1.784284849,-0.524476727
20030630,-0.697069334,3.876173975,0.233440433
20030701,1.600034135,4.515274825,0.986086877
20030702,1.0979596,1.127834239,0.431966114
20030707,0.372013593,1.504206116,1.235825471
20030708,-0.285144191,1.766678665,0.028559189
20030709,0.683373958,2.626496651,0.626247421
20030710,-0.373939743,1.588001773,-1.544211412
20030711,1.202419297,2.094135903,1.260039581
20030714,-2.343633988,2.387917727,-1.60646025
20030715,-1.011010693,3.130111982,-3.29247847
20030716,0,3.127774604,-0.179479558
20030717,0.060313633,2.240120997,-0.691004702
20030718,0.300661682,3.03671669,0.421179925
20030721,-1.989354052,3.463195227,-2.924363126
20030722,1.142516674,3.438517918,0.677759834
20030723,1.447292391,8.638171997,0.428922226
20030724,-1.234583582,2.015178059,-1.5714389
20030725,3.5189681,3.662084724,1.479681744
20030728,0.36652454,2.046585425,0.36652454
20030729,-1.654719577,3.462553213,-2.266342279
20030730,1.550418654,1.65831908,1.347499673
20030731,1.551361912,2.485923387,1.919912698
20030801,-0.92138244,1.789831417,-2.197219916
20030804,0.031051079,2.919774548,-0.619005381
20030805,-1.927085382,2.721642899,-2.706269626
20030806,1.901800584,3.225388288,1.582311494
20030807,0.565861302,2.243703785,0.156862777
20030808,0.997203652,2.097597171,1.091203345
20030811,-0.619197025,1.894084871,-0.155159069
20030812,1.452660377,2.015451899,1.20390403
20030813,-0.27782083,1.98491637,-0.73914719
20030814,1.405461571,1.851127878,1.868068409
20030815,-0.574801159,1.13550143,0
20030818,1.409952861,1.42690864,1.833810595
20030819,1.914356798,1.507093831,2.092928274
20030820,0.05824112,1.675619644,0.203992494
20030821,1.324522675,3.098274455,1.760253212
20030822,0,2.46515639,1.954459607
20030825,-1.21281983,1.837854961,-1.156734579
20030826,1.298352983,2.409286618,1.184781137
20030827,1.392780174,1.591197256,1.364733617
20030828,2.135312447,2.942445793,2.107646103
20030829,1.318818738,1.660440297,1.291729479
20030902,1.093490026,1.856433509,0.798939003
20030903,1.444542519,3.41910167,1.709443336
20030904,-1.232479217,2.131381155,-1.180341572
20030905,-1.443103612,2.291667092,-1.998734092
20030908,-1.2629484,1.310480373,-0.45865452
20030909,-0.902015136,1.677294453,-1.525915166
20030910,-1.391617226,2.688809176,-2.052776659
20030911,0.308339417,2.412930358,0.140036432
20030912,-0.140075664,1.896346192,-0.168067266
20030915,0.253843036,1.91609186,-0.477730289
20030916,0.953723919,1.290976615,0.897370015
20030917,-0.730545536,1.173524509,-1.010109599
20030918,1.253323745,1.530639558,1.871824451
20030919,-1.302498669,2.545911296,-0.777997811
20030922,-1.649639229,2.254134046,-2.771670636
20030923,1.317315728,2.380479082,0.799775757
20030924,-2.055362556,2.763125133,-2.769141461
20030925,-0.472255895,2.489379974,-1.147240116
20030926,0.560225555,3.536529482,0.619379653
20030929,-0.02903179,2.214169806,1.256408054
20030930,0.525702145,2.433972031,-0.319907209
20031001,2.29236399,1.627386607,2.786335647
20031002,0.938439988,1.204868305,0.084949743
20031003,-0.139606333,2.059506594,1.293606341
20031006,0.588154615,1.036299616,0.055865923
20031007,0.193718063,2.405677323,1.000286195
20031008,1.052932975,1.423974101,0.303657928
20031009,-0.353405288,1.493118883,1.205494051
20031010,-0.108166587,1.258166182,0.651468102
20031013,0.862074304,0.440316938,0.862074304
20031014,0.404585852,1.131910679,-0.349321865
20031015,0.297498529,1.264346982,-0.323537624
20031016,1.750886479,2.146713766,1.127831504
20031017,-0.534760633,0.992379186,-0.401338331
20031020,0.484653614,1.478980331,-0.187843877
20031021,-1.596570241,1.88689283,-1.542864547
20031022,-0.165883367,1.675766673,-1.428595725
20031023,-0.222469502,1.77800988,-0.610604173
20031024,2.231612832,1.83548852,0.914513787
20031027,-0.52522581,0.935382744,-0.470068611
20031028,-0.013870587,3.4929145,-0.097053734
20031029,3.218426028,5.926152313,6.640942907
20031030,-0.591489445,2.566732158,0.646916475
20031031,-1.085562483,2.102179199,-0.750812589
20031103,1.045373139,1.45030422,1.201176857
20031104,0.206665018,1.088240774,-0.501963857
20031105,-0.98040001,1.714013225,-0.465598358
20031106,1.217789373,1.569034667,0.671837152
20031107,-0.74254598,1.605635624,0.205814325
20031110,-0.411100271,1.228123472,-0.180064357
20031111,-0.806351098,1.790566033,-1.426187793
20031112,2.485886682,1.326265434,2.09337015
20031113,1.997790555,1.696479281,2.1255861
20031114,-1.91925083,2.023576351,-1.819150722
20031117,1.778954156,2.016398178,1.216436692
20031118,-1.101586649,2.091664611,-2.241560995
20031119,2.051353983,1.665625947,1.483023856
20031120,0.611934597,1.462509083,-0.152400334
20031121,-1.278789805,2.180533757,-1.253373615
20031124,-0.462013142,2.978855174,0.051466805
20031125,-0.935314691,1.741349644,-1.451178615
20031126,0.209205097,1.213560095,-0.078339213
20031201,0.832072423,3.451613627,-1.059733866
20031202,-0.342691781,2.988521965,-0.382157677
20031203,1.636483467,1.519281011,1.662886108
20031204,1.545625824,1.947785174,1.584574218
20031205,-2.211616095,1.262504585,-2.878456217
20031208,2.253105799,1.333072597,2.699359328
20031209,-1.236810407,1.580774935,-1.236810407
20031210,0.879240213,1.626651908,0.69758712
20031211,1.657144359,1.770389099,1.811505079
20031212,-0.405988885,1.549649967,-0.557810777
20031215,-1.240993513,1.694670621,-0.229095175
20031216,2.021802505,1.645378572,1.843253803
20031217,2.251177317,1.833001949,2.251177317
20031218,0.80204586,1.195533586,1.046365551
20031219,-0.43227733,1.993546444,0.579291989
20031222,0.264773292,1.114483038,0.120264597
20031223,0.45438318,0.916905889,0.742429467
20031229,1.101279984,1.167819064,1.269934403
20031230,-0.942292013,2.886749852,0.593473552
20031231,-1.110728659,1.582505521,-0.403178537
20040102,-1.207258123,2.079444341,-0.214107373
20040105,-0.332305077,1.00031361,0.166567558
20040106,-0.214515635,1.096940405,-0.357270834
20040107,0.783945101,2.276183124,0.831655025
20040108,0.936775,1.537427083,1.503081375
20040109,-0.386259039,2.031355899,-0.619631374
20040112,-0.564441762,0.891835054,-0.552714996
20040113,-0.165621711,1.928665041,-0.401749329
20040114,1.166874383,1.245851297,2.039212816
20040115,-0.39429484,1.772028642,-0.162545026
20040116,1.257878221,2.298225848,2.229208707
20040120,-3.007745524,1.943130192,-1.765493524
20040121,0.852245168,1.901891846,0.852245168
20040122,-1.158761517,1.26855611,-1.618532442
20040123,-2.385282529,2.236119049,-2.501900618
20040126,1.399951681,1.374908711,1.423849399
20040127,-0.830865314,2.62384247,-1.161288083
20040128,-1.006237527,2.238269064,-1.006237527
20040129,-0.779500817,3.31835394,1.529301012
20040130,-0.620971663,1.500120948,-1.024916611
20040202,1.995789694,2.605519409,1.827944072
20040203,1.284614186,1.745939009,1.355160926
20040204,1.038670619,3.156306486,1.061875167
20040205,1.659317535,1.703381284,1.842845918
20040206,-0.022545373,2.818085423,-0.022545373
20040209,-0.544465955,1.439038318,-0.883257922
20040210,-0.137017605,0.952859237,-0.455997142
20040211,1.975765417,2.580148148,1.609464641
20040212,0.135348543,0.875458594,-0.247664204
20040213,0.631486086,1.37104594,0.270148746
20040217,0.11204483,0.608371027,0.381465738
20040218,-0.715246679,1.028784692,-0.156897936
20040219,-0.849926834,0.985578128,-0.134680155
20040220,-0.651614484,1.589468949,-0.360036393
20040223,-2.178933231,1.989470327,-1.773983297
20040224,-0.115540163,1.676014902,-0.760109614
20040225,1.378698309,1.867012022,1.309310079
20040226,-2.924320703,5.431009609,-3.152787789
20040227,1.697123146,2.143609488,2.143604912
20040301,0.803586003,1.828347891,0.803586003
20040302,-0.575706829,1.375756935,-0.988173042
20040303,0.069629804,0.69539041,-0.46296379
20040304,-0.631802733,1.287933708,-1.166874383
20040305,0.375322983,1.866751985,0.257883158
20040308,-0.704724552,0.921877034,-0.681313572
20040309,-1.263877561,2.099581584,-1.78385037
20040310,-1.544805039,3.067412802,-1.353004452
20040311,-2.020270732,3.426480831,-2.288204152
20040312,0.77047728,1.983132917,0.521287019
20040315,-0.401304777,2.938763839,-1.496660514
20040316,0.279507233,2.469185264,-0.959603323
20040317,0.579857921,0.595398157,0.934468222
20040318,-0.125865341,2.029825276,-0.201308573
20040319,-0.808902287,1.317056747,-0.758537139
20040322,0.570837046,2.761762107,-1.921904127
20040323,0.461302715,2.563683407,1.183141373
20040324,0.784418605,2.2355349,-0.19195092
20040325,1.039167886,1.146075199,1.588444352
20040326,-0.40568007,1.668529472,-0.759305091
20040329,0.250941161,1.160320158,1.362625171
20040330,1.322869659,1.300522612,1.071928499
20040331,1.324522675,2.03903846,1.745159198
20040401,-0.733141114,1.587020708,-0.660068403
20040402,1.784469825,1.642585826,2.590630293
20040405,1.611791233,1.265059619,1.635688951
20040406,-0.118133505,0.809649066,-0.542262321
20040407,-0.90541481,1.088251574,-1.236932992
20040408,-1.488980439,1.26967558,-1.08291276
20040412,1.073355564,0.552325227,1.964605592
20040413,-0.857352239,1.491500882,-0.809913908
20040414,-0.263947364,2.139842618,-0.45547244
20040415,-0.863936259,2.466836593,-0.312838662
20040416,-1.365454201,1.35056492,-0.072332734
20040419,-0.433317963,0.729897767,-0.024122543
20040420,-2.24344937,1.417815662,-2.195210102
20040421,0.885179126,3.183178175,0.737104074
20040422,1.524928287,2.275733209,3.464383018
20040423,0.709055204,2.190097891,0.401180479
20040426,0.138953241,1.887922168,1.750949367
20040427,0.760284736,1.798329451,0.829689019
20040428,0,4.274456521,1.095651225
20040429,-1.602598402,2.54928535,-1.648011663
20040430,-1.303253261,2.483602879,-1.488053498
20040503,0.760109614,1.3409306,2.063362875
20040504,-0.667666806,2.541809253,-0.667666806
20040505,1.450134745,1.993967617,1.079849666
20040506,0.502398864,1.822489276,0.319416197
20040507,-0.563511353,1.527153889,-1.249228325
20040510,-0.773109157,1.823235446,-1.944748336
20040511,1.656787401,1.276019642,1.609739647
20040512,0.806920805,1.5735078,0.783775335
20040513,-0.091722089,2.289480458,0.091806295
20040514,0.785767852,2.445737841,-0.344709062
20040517,-0.070282303,2.035331805,-1.788457843
20040518,0.419287826,1.141254375,0.816902664
20040519,0.67060027,1.516624486,0.856387597
20040520,-0.394844317,1.098866867,-0.972680202
20040521,0.71585573,0.779271314,1.133877704
20040524,0.743497849,1.611661417,2.477117909
20040525,0.380867493,1.178176371,0.380867493
20040526,0.920217469,1.319392138,0.08940546
20040527,2.610083467,2.683414753,3.1448441
20040528,-0.239416808,1.213217896,-0.651609604
20040601,-0.065380846,1.271608704,-0.04359198
20040602,1.053886515,1.038432824,1.87890205
20040603,-0.712976986,0.739210278,-1.335363371
20040604,1.266247201,0.898469271,1.65577377
20040607,1.317597227,1.377049827,2.610125021
20040608,0.187324438,0.634837264,-0.083142803
20040609,1.09607136,0.733570648,1.09607136
20040610,0.246507931,0.766491385,0.246507931
20040614,0.657626702,0.562655145,0.164001677
20040615,-0.455581654,1.299283574,0.927678807
20040616,0.845415663,0.588041388,1.240372883
20040617,-0.201897908,0.380299143,-0.825203435
20040618,0.948448236,1.0278953,0.624561313
20040621,-0.221796643,0.739779491,-0.503373659
20040622,0.62620142,1.17912976,0.241935602
20040623,2.227530548,0.880965807,1.904819497
20040624,0.238473881,0.822672469,-0.465370413
20040625,1.222171728,1.449593206,1.301536811
20040628,-2.127739845,1.230510573,-1.619628531
20040629,1.113996004,1.067148002,0.654959174
20040630,1.18088363,1.039671709,1.101722731
20040701,-0.440088728,1.461508373,-2.436005197
20040702,-0.0201959,1.259568342,-0.744545144
20040706,-1.250268353,1.522344991,-0.465635015
20040707,-0.40444949,1.136970005,0.141944665
20040708,1.16748508,1.343238939,1.248505948
20040709,0.100070057,0.844084368,0.040016007
20040712,0.49925216,0.71870228,0.419204127
20040713,0.099552024,0.629957925,0.099552024
20040714,-1.867711687,1.615107124,-1.847813169
20040715,0.12212499,1.529458226,-0.345213055
20040716,-0.870715231,1.519827435,0.020339673
20040719,-1.366949776,1.002035189,-1.00154133
20040720,0.041076197,1.669770645,0.041076197
20040721,-2.032843286,1.491707835,-2.032843286
20040722,-0.884030173,4.701316494,-0.884030173
20040723,-0.572338605,2.088508683,-0.551199191
20040726,-0.212539931,1.838602443,-0.085070188
20040727,1.779220142,1.499341663,2.521141935
20040728,0.634013781,4.613374691,1.748116495
20040729,0.565201343,1.29696722,1.276225161
20040730,1.649644882,1.505740715,2.091501395
20040802,1.44371142,1.235998215,0.393468932
20040803,-0.590669172,0.829006345,-0.571036306
20040804,0.728564806,1.181708518,0.649544652
20040805,-1.920280722,0.825728548,-1.861439885
20040806,-3.33703395,2.884148163,-3.457033964
20040809,-0.061494314,0.754629775,0.906288386
20040810,2.181756435,1.547591019,1.647215689
20040811,0.829041246,1.938458351,0.161225347
20040812,-0.303859243,1.869171076,-0.747855936
20040813,-0.020122749,1.101241364,0.80824849
20040816,2.463374462,1.157444851,2.523730565
20040817,-1.753566754,1.186966939,-1.283714676
20040818,0.910536774,1.083552533,0.870775342
20040819,-1.08987505,0.954344156,-1.109581426
20040820,0.876150567,0.67368822,0.496870743
20040823,-0.177497335,0.69275772,0.435213348
20040824,0.452355969,0.627948097,0.590436669
20040825,2.60506772,2.207112588,2.977215833
20040826,-0.841466047,0.780208089,-0.822420242
20040827,-0.172794514,0.821559788,-0.057631353
20040830,0.07711587,1.019871099,-0.288656026
20040831,0.518882686,0.834802443,0.538152365
20040901,0.364019944,1.620373512,0.229753117
20040902,2.283333466,1.234609218,2.474391988
20040903,-0.541703015,0.827761443,-0.392560556
20040907,1.043228537,0.918925361,1.061956883
20040908,0.65074135,1.32760207,0
20040909,-1.249200546,0.855631782,-1.230670017
20040910,2.411557187,0.804051644,1.563695301
20040913,0.258207447,1.130560172,0.276676373
20040914,-0.665313857,0.497793965,-0.665313857
20040915,-0.668277965,0.757036485,-0.446014491
20040916,1.384424511,0.643097114,1.589094784
20040917,0.83697723,0.389118303,1.166406517
20040920,-0.091365927,0.729492917,-0.891806802
20040921,-0.054849622,0.627251649,-0.036569757
20040922,-1.148373428,0.703200707,-1.845751919
20040923,-0.395517984,1.029686031,-1.293727616
20040924,0.301545649,0.835244969,0.282672383
20040927,-0.606751956,0.89412436,-1.059412103
20040928,-0.305169033,0.959234332,-0.438388199
20040929,-0.663417067,1.292003069,-2.455890615
20040930,1.425387796,1.292645277,0.974096929
20041001,1.633238341,1.221434225,1.710757725
20041004,-0.438639017,2.356913914,-0.286287055
20041005,-1.005033585,0.943466505,-1.618532442
20041006,1.637328304,1.517809149,1.656751437
20041007,-1.776794522,0.820878589,-1.968035735
20041008,-2.015480198,1.616983773,-2.405953166
20041011,0.119213207,0.937409606,0.517620109
20041012,0.1391512,1.094308511,-0.039721947
20041013,-0.357782135,1.528885656,-0.238663598
20041014,0.219101771,1.261061127,0.079617839
20041015,-0.595830958,1.858593374,-0.119450542
20041018,0.050431188,1.241697648,-1.232665806
20041019,0.223782008,1.615481682,-0.759151376
20041020,-0.814668457,1.950450275,-0.63194584
20041021,1.339305734,2.016734123,1.441502983
20041022,-0.060624434,2.095299026,-0.282600107
20041025,-0.2245128,2.657762129,-1.077136723
20041026,2.22816591,2.07897149,1.982666605
20041027,-1.584191547,3.592500431,0.359928403
20041028,-0.480096941,1.834586011,-0.460138853
20041029,-0.160224348,0.993147251,0.040096231
20041101,-0.259818273,0.855482934,0.160224348
20041102,-0.480673868,1.2551549,-0.320705827
20041103,0.391389932,4.042116638,2.752376496
20041104,0.197824001,2.456621384,-1.178795575
20041105,0.686613781,1.39202525,1.08109161
20041108,1.744230266,1.706218989,1.744230266
20041109,1.302950029,2.174528289,0.91796399
20041110,1.09208391,0.955955948,1.6426311
20041111,1.67103777,1.054612666,1.689762608
20041112,-0.49939991,0.999665312,-0.70214627
20041115,0.315194476,1.16896398,0.166743902
20041116,0,0.599400124,-0.03703018
20041117,0.752228114,1.771427905,1.306246151
20041118,-0.545455898,0.9129385,0.255567865
20041119,-1.877125415,0.71189666,-1.877125415
20041122,0.352799549,1.001630824,0.222675913
20041123,0.683352922,1.423879889,0.701886886
20041124,-0.350327638,1.150450911,-0.350327638
20041129,-0.705928995,1.546652087,-0.705928995
20041130,0.224257242,1.330864159,-0.130584852
20041201,1.994894378,1.324057539,2.050880196
20041202,0.67660494,0.740497429,0.346873922
20041203,0.580974764,0.793283272,0.672057747
20041206,-0.872415566,0.817948344,-0.836216471
20041207,-1.806167788,1.323861432,-1.860947301
20041208,-2.135712499,1.347549331,-1.80151241
20041209,0.208590196,1.344799827,-0.037878788
20041210,-0.722573975,1.412146728,-0.741518751
20041213,-0.075958986,0.555676193,0.456969569
20041214,-0.41658837,0.534683332,0.113916853
20041215,-0.512870343,0.622225833,-0.36118279
20041216,-0.650969176,1.190720868,-0.860672808
20041217,2.036807826,2.355286294,1.921489727
20041220,0.338409798,0.734549031,0.394922939
20041221,0.225056359,0.831530317,0.187511774
20041222,0.501719904,0.990348201,1.062154773
20041223,-0.484894646,0.854990809,-0.856297116
20041227,-0.39410767,1.185033477,-0.581233473
20041228,0.527208903,0.777511747,0.131541877
20041229,-1.069324682,1.147353929,-2.202481283
20041230,-0.71065314,0.937957976,-0.403963231
20041231,-0.13530494,0.6688122,-0.347557793
20050103,-1.790279378,1.471795978,-1.500564062
20050104,-2.333966704,1.245682228,-1.902931554
20050105,1.607018018,2.114345154,1.667036025
20050106,-0.41522551,1.817288566,-0.671408525
20050107,-0.237906536,1.049476598,-0.178482943
20050110,1.622512839,1.210242611,1.125048874
20050111,-0.392696362,0.806305864,-0.235802821
20050112,1.807102513,1.093181216,2.14099264
20050113,-2.556486187,1.892074673,-2.614272955
20050114,0.689318338,1.438174029,0.709083136
20050118,2.657444383,1.698824823,1.770302044
20050119,-0.427268081,1.012238012,-0.929878843
20050120,-0.37251293,1.282242728,-0.918962377
20050121,-1.051910067,0.98740559,-1.563923789
20050124,-1.320019167,1.686629379,-0.901900091
20050125,0.261490645,0.993320508,0.221216782
20050126,-0.180198267,1.165556057,0.240770582
20050127,2.884911101,3.564331788,2.160853231
20050128,-2.121622159,2.183983605,-2.160853231
20050131,0.575455502,0.965059637,1.27440992
20050201,0.787405643,1.386578845,0.906053076
20050202,0.11487652,2.554941978,2.440562737
20050203,-1.810435347,0.999267994,-0.498754151
20050204,1.205410176,0.926470496,1.109210072
20050207,0.15249717,0.512696477,-0.15226497
20050208,1.629574986,1.00299708,1.914881884
20050209,1.115253195,0.890171744,1.087219742
20050210,-0.481571592,1.122996539,-0.444609847
20050211,0.722961718,0.97319451,0.51851968
20050214,0.074032948,0.681510739,-0.16637401
20050215,0.220953874,0.791570545,0.590298707
20050216,-0.40710641,0.453299048,-0.812562181
20050217,-0.964041578,1.688616243,-0.464641669
20050218,-1.653240735,0.925879254,-1.671871383
20050222,-0.325265761,1.121455394,-1.162249913
20050223,-0.075786286,1.109713732,1.105404814
20050224,1.316484164,1.401860481,2.146991014
20050225,2.542041466,2.228366528,1.974624475
20050228,0.091033233,0.568240434,-0.054580189
20050301,-0.876878107,0.988413426,-0.822297918
20050302,1.567087463,1.231333553,1.475302234
20050303,3.49109609,3.661995781,3.743895069
20050304,1.327262439,2.384878862,1.692321514
20050307,1.346937994,2.717161961,-0.171379648
20050308,-0.274772627,1.191400857,-0.257621439
20050309,-0.16435279,1.396946113,-0.681595322
20050310,0.311149776,0.940336916,0.31980666
20050311,-0.554690276,2.358267602,-0.710144147
20050314,0.364552092,1.372107522,0.312391785
20050315,1.151512251,1.126853076,1.393810743
20050316,-2.659407617,1.929521086,-3.036055897
20050317,0.334242549,1.703872918,0.299006467
20050318,0.122624172,1.093638962,0.315623618
20050321,-0.263504764,1.443182872,-0.473809783
20050322,0.385221979,1.521281393,0.648726743
20050323,-0.771798253,0.915886562,-0.754323373
20050324,-0.333772818,1.052547611,0.070410142
20050328,1.386504014,1.432058653,2.210130855
20050329,-0.852401438,1.090195662,-1.491270917
20050330,2.620387819,1.57807213,2.637856594
20050331,-0.648466436,1.657434504,-0.614441257
20050401,0.443081843,2.03537453,0.682480042
20050404,-0.461815582,1.134096511,-0.819536771
20050405,0.008573021,2.260653885,-0.008572286
20050406,-0.546449447,0.863888304,0.128507193
20050407,1.021285473,0.919297675,1.106865281
20050408,-0.680274732,0.943958799,-0.764984606
20050411,1.268515953,1.010906853,1.524161597
20050412,-1.595146669,2.659053397,-1.763355287
20050413,-0.017051752,1.150091138,0.30742979
20050414,-1.527268285,1.226719599,-0.830519779
20050415,-1.720136236,4.278898942,-1.900851401
20050418,0.528170242,2.049822011,-0.192965589
20050419,2.034322089,1.81387911,1.999197396
20050420,-1.508742744,1.821313859,-1.508742744
20050421,2.010762933,2.143684622,3.088284655
20050422,-0.995545469,2.138066548,-1.803544762
20050425,1.317809238,1.13290709,2.739431193
20050426,-1.498218412,1.808658026,-1.04606994
20050427,1.980597963,3.47969083,1.180253121
20050428,-2.054290123,2.265661819,-1.48601181
20050429,0.725802832,2.919639139,1.150215658
20050502,-0.201816416,1.8335261,-0.10095912
20050503,0.318018512,2.176082669,0.73801073
20050504,0.833338156,1.332551116,0.68282387
20050505,-0.55059787,1.172487993,-0.799870953
20050506,1.353379297,1.253303441,2.037000134
20050509,-0.263721926,1.108944769,-0.674400122
20050510,0.773093743,3.290887427,0.72356836
20050511,-1.120090775,2.103868966,-1.087325375
20050512,-0.016522098,1.667277024,0.248159611
20050513,-2.410155721,2.331608831,-1.800648851
20050516,1.182263375,1.104895625,1.618725374
20050517,0.593277943,1.095924928,0.742149032
20050518,0.8302856,1.378975629,1.338358479
20050519,-1.167139201,1.348505984,-0.569060962
20050520,0.21030502,0.939993211,0.892790607
20050523,-0.485437846,0.542070217,-0.372379609
20050524,1.342736343,1.307923357,0.936396897
20050525,-0.454620039,1.091837016,-1.261336257
20050526,1.503547198,0.831979981,2.475214762
20050527,0.015871756,0.466354813,0.031746032
20050531,1.324313852,0.893811976,1.324313852
20050601,-0.203490717,1.085305613,-0.046996163
20050602,0.897216863,0.833474194,0.865873813
20050603,0.838123795,1.130635498,0.503584252
20050606,1.118871355,0.619190757,1.396692185
20050607,-0.397250331,1.065322989,-0.442985525
20050608,-0.895344048,1.068475077,-1.278809508
20050609,0.972304905,1.158218113,0.956797423
20050610,-0.632279075,0.806545506,-0.724473304
20050613,-0.640014522,0.760447592,-0.007735448
20050614,-2.69524306,1.221888402,-2.625645563
20050615,1.518382462,0.942187115,2.214808196
20050616,-0.875415939,0.705375472,-1.062012168
20050617,0.776401416,0.965098682,1.496054083
20050620,-0.470589104,0.741608352,-1.637463487
20050621,-0.982731003,0.942469602,-1.297691893
20050622,1.352985223,1.079440726,0.745857619
20050623,-2.064238429,1.303958575,-2.238302877
20050624,-1.587205046,1.157235399,-1.992227875
20050627,2.293302796,2.907298721,1.830415542
20050628,0.530419953,1.238340567,1.015073567
20050629,-1.467886668,1.387889948,-1.355734129
20050630,0.760459939,4.25185702,6.996737213
20050701,-1.836317858,1.213229494,-1.912104145
20050705,1.711552073,1.049081188,1.014145139
20050706,-1.864604449,1.062529826,-1.727105382
20050707,1.766118717,1.487750953,1.282762354
20050708,0,0.694581567,-0.076810819
20050711,-0.353113133,0.610117292,-0.076869863
20050712,-1.052315498,0.834191062,-1.144637401
20050713,0.32606193,0.95380457,0.357170967
20050714,-0.571297779,1.135478245,0.108451479
20050715,0.247448317,0.7703506,0.247448317
20050718,0,0.66881016,0.015445208
20050719,-0.277307218,0.784939956,0.108049713
20050720,1.756709042,0.901143691,1.864642134
20050721,-0.743159559,0.970021152,-0.531391215
20050722,1.200713567,0.950747757,0.758268723
20050725,0.060587703,0.957190211,-0.226877508
20050726,0.285864936,0.941217895,0.784317746
20050727,-1.487016248,1.507700575,0.285050077
20050728,-1.070012469,1.05836939,-1.129955525
20050729,-0.272232473,0.895228911,0.045444218
20050801,-0.939543205,0.63645091,-0.531471906
20050802,0.80285215,0.537985181,0.909372741
20050803,1.010338082,0.255786265,0.556685407
20050804,-0.511510067,0.451097043,-0.526514943
20050805,0.105796126,0.417159211,-0.150943425
20050808,-0.536883591,0.373832237,-0.385940167
20050809,1.273902578,0.913604091,1.810786169
20050810,-1.877636837,0.715714574,-1.803204381
20050811,1.784021531,0.612854318,2.026335749
20050812,-1.105478841,0.720873858,-1.090621104
20050815,1.61342012,0.51208645,1.357723207
20050816,-1.675682536,0.821417989,-1.794306512
20050817,0.944463958,0.976083897,1.110288975
20050818,-0.509211824,0.97207839,-0.628650476
20050819,0.672397005,0.503850917,0.822434542
20050822,0.591805248,0.881836493,0.948576847
20050823,-0.325733187,0.893056331,-0.53246687
20050824,-0.223131368,0.835658022,-0.416109978
20050825,0.044679426,0.41623829,0.014890924
20050826,-1.258820759,1.257550919,-1.273711683
20050829,2.288292473,0.88143271,1.971095621
20050830,-0.820593937,0.815259884,-1.309737431
20050831,0.0747105,1.512386391,0.299177486
20050901,-0.98003046,1.17303963,-1.429133011
20050902,-0.341403187,1.337466193,-2.56286566
20050906,1.096959629,1.271522907,1.159119693
20050907,-0.526072697,0.78307152,-0.957240596
20050908,-0.262690408,0.765755984,0.263382289
20050909,0.875379928,0.803859967,1.184355919
20050912,-0.030703101,0.567592466,-0.41369859
20050913,0.398345862,0.652061926,0.41369859
20050914,-1.898351629,1.571939988,-1.883062278
20050915,1.284747955,1.025680019,1.300327919
20050916,-1.044395916,0.823963467,-0.385238168
20050919,-0.746968926,1.348257682,-1.164699865
20050920,-0.691500477,0.805092317,-0.957395683
20050921,-1.020742515,1.181022913,-1.637686653
20050922,0.208283341,1.469278246,0.160179435
20050923,1.096903137,1.58547688,1.224862208
20050926,-1.290737034,1.350023411,2.204764469
20050927,2.356985868,1.087807132,2.866049829
20050928,1.076887464,1.048229457,1.016755171
20050929,0.58083416,1.076866578,0.178359144
20050930,1.169603976,1.150821127,0.8870549
20051003,-1.155055045,0.70395597,-1.184497118
20051004,0.738555794,1.279188155,1.199214905
20051005,-0.639550034,0.761472008,-1.378105829
20051006,0.443132187,1.344135158,1.230830397
20051007,-0.62222423,1.377080395,-0.828774908
20051010,1.200636968,0.948575122,0.858247352
20051011,-1.266311148,1.493984429,-1.738915779
20051012,1.175696257,1.445844271,1.325509019
20051013,-1.151242438,1.458799591,-1.625809545
20051014,1.238359727,1.266860327,1.403636603
20051017,0.133938557,0.850711719,-0.297000515
20051018,0.089365511,1.174625767,-0.104158926
20051019,2.159847273,1.543726995,1.712218951
20051020,-1.826803896,1.842806891,-1.578320248
20051021,-1.82995957,1.583957131,-1.800228635
20051024,1.270095519,2.42801758,1.933948289
20051025,-0.506104087,1.495084899,-0.506104087
20051026,-0.490497611,4.341665799,-2.922457963
20051027,-1.610440503,0.941866663,-1.579713817
20051028,2.436512204,1.485190855,2.436512204
20051031,-1.778642412,2.873750712,-1.535185201
20051101,0.076893506,1.633213829,0.632279075
20051102,-0.030907124,0.645048278,-0.539500345
20051103,1.693650953,1.316848561,1.228894113
20051104,0.199187992,0.966329587,-0.259879379
20051107,0.335417299,0.654000616,0.564757664
20051108,-0.030750308,1.06194713,-1.025022361
20051109,-0.600880015,0.969658127,-0.493295281
20051110,1.926665101,0.934162815,2.019343514
20051111,-0.716848948,0.599846779,-1.065783535
20051114,1.505846387,0.606436589,1.383316122
20051115,1.39820364,1.314493742,1.110955729
20051116,0.520253868,0.852590172,0.699251529
20051117,-0.368759176,0.633835511,0.325636759
20051118,-1.482606846,1.019961528,-1.069687811
20051121,1.4877754,1.467883032,3.117441096
20051122,0.101383165,1.201297232,0.014477018
20051123,0.607289316,0.637659252,0.418924412
20051128,-0.552166471,0.57087067,-0.624593504
20051129,0.043405918,0.675724087,0.725903304
20051130,-1.845580249,0.826510852,-1.383752325
20051201,1.941527228,0.444531252,2.190556874
20051202,-0.531343248,0.774142891,-0.344976625
20051205,-0.317277451,0.539582397,-0.317277451
20051206,-0.10055305,0.482036246,0.504287503
20051207,0.100509736,0.642817202,0.143616282
20051208,0.62965291,0.980293614,0.60094615
20051209,-0.529442462,0.509884609,-0.572247627
20051212,0.328032812,0.52705658,0.75752524
20051213,0.895974137,0.919846305,0.567941325
20051214,0.617805953,0.924505653,1.140295315
20051215,-0.928015659,1.020672986,-0.914018878
20051216,-0.303062571,0.86171302,0.063548105
20051219,-1.122888637,1.195825443,-1.242957868
20051220,0.766287275,0.579593439,1.108753363
20051221,-0.777993881,0.982838988,-0.453387005
20051222,0.534159268,0.35708566,1.283968256
20051223,-0.641385355,0.431007096,0.224058349
20051227,-1.838777332,0.797871777,-1.266908837
20051228,0.183292261,0.390880793,0.565053064
20051229,0.070200073,0.380936426,0.36557971
20051230,-1.232048439,0.380210582,-1.513144899
20060103,-0.113700979,1.030582092,0.199288322
20060104,1.529341617,0.815419242,1.187460942
20060105,0.570614958,0.929807748,-1.215906398
20060106,-1.489572085,1.580757314,-1.432689262
20060109,-0.680718104,0.783563971,-0.709582298
20060110,0.420625756,0.65861298,0.406091929
20060111,0.256922779,0.940162803,1.522580405
20060112,-0.714288751,0.941661888,-0.571838585
20060113,-0.616975915,0.964681585,-0.387847933
20060117,-0.449830259,0.881294508,-1.041676086
20060118,-0.204439324,1.062667581,-0.510316774
20060119,-0.088066937,0.518937565,-0.454179962
20060120,-2.362490086,1.372832437,-2.362490086
20060123,0.089578985,0.726489488,0.748954969
20060124,0.370178849,0.901996838,0.965330137
20060125,-1.069052498,0.99688848,-0.995180883
20060126,1.880196398,1.027692463,2.549692316
20060127,0.262850619,1.891246696,-0.218515638
20060130,0.756037332,1.298931887,0.683092548
20060131,-0.990395512,0.939460564,-1.048349729
20060201,2.273948697,2.817743871,4.703217954
20060202,0.559051072,1.169890622,0.195312562
20060203,-1.150244131,1.405263134,-1.219954834
20060206,0.648986476,0.958969217,0.32396676
20060207,0.350017858,1.156004875,0.616853211
20060208,0.615644872,1.058149482,0.195476186
20060209,0.333843682,1.454618921,0.44537304
20060210,0.608408956,0.826096383,0.733313559
20060213,0.208261096,0.745287784,-0.608408956
20060214,0.468837042,0.663809461,0.814977921
20060215,0.069065546,0.680324528,-0.372131916
20060216,-0.192890663,0.808858641,0.124197905
20060217,0.474407023,0.448079012,0.529556617
20060221,0.109529036,0.654306043,0.253468195
20060222,1.830932004,0.85498232,1.80356099
20060223,-0.06763612,0.44534122,-0.687751346
20060224,0.797894557,1.137099708,0.459026052
20060227,0.107976795,0.978423891,-0.148277981
20060228,-1.650900446,0.942955129,-1.961648517
20060301,0.536046916,0.545336605,0.357045147
20060302,0.109905218,0.708250555,-0.164631674
20060303,0.820685772,1.287535117,0.793220789
20060306,-1.462473958,0.958437104,-1.06821065
20060307,0.644765249,1.193677321,0.686061966
20060308,-0.096134046,1.034985537,-0.47974871
20060309,1.405878612,0.851328742,1.364649998
20060310,1.373204131,1.724262068,1.359649404
20060313,-0.240288462,1.376328263,0.040104272
20060314,0.732213882,0.476489954,0.75894113
20060315,0.924098985,0.485793044,0.937362464
20060316,0.686165084,0.831168472,0.883080146
20060317,0.793475763,0.630708948,1.345514833
20060320,0.025568908,1.036651922,0.531899104
20060321,-0.700416744,0.894164402,0.025562372
20060322,-0.050903539,0.475777516,0.395383463
20060323,-0.907296493,0.960508681,-0.843671117
20060324,0.727647303,1.292092964,0.920016712
20060327,-0.369027587,0.830772522,-0.229211867
20060328,-1.077209698,1.087868993,-1.128217095
20060329,1.578243272,0.912075485,2.079819785
20060330,-0.673574384,1.40086634,-0.977103136
20060331,-0.830410393,0.691981236,-0.601140136
20060403,-0.281546129,0.67657251,0.102577262
20060404,0.728298115,0.97819404,0.664199657
20060405,0.303913112,0.833013518,0.685107983
20060406,0.616625625,0.656926141,0.780860391
20060407,-0.488753401,1.991043299,-0.138095559
20060410,1.372105847,0.849873491,1.39722832
20060411,-0.111683327,0.584469909,-0.223242062
20060412,1.671955594,1.681222835,3.285390433
20060413,-0.936268993,1.037798884,-0.373157219
20060417,-1.039033149,1.03010929,-0.701927123
20060418,1.026021434,0.821059615,1.123132391
20060419,1.434438679,1.579663561,2.009221725
20060420,0.869775112,1.591149494,0.575085207
20060421,0.289603446,0.518390347,1.163480257
20060424,-0.659610099,0.661962621,-0.370842933
20060425,-1.352474854,0.939834827,-1.097372675
20060426,0.709222831,3.562030239,-0.340996274
20060427,-0.533714129,2.156773788,-0.958643947
20060428,-0.881902987,1.457014143,-0.656209478
20060501,0.513955593,1.818117667,0.406164696
20060502,1.684984735,0.897871642,1.661138306
20060503,0.607052997,0.605260291,0.741804167
20060504,0.950180961,1.015140608,0.915258663
20060505,1.159367385,0.995882122,2.032033389
20060508,-1.056647904,0.645105776,-1.067949255
20060509,0.375961707,0.458595836,0.444470502
20060510,1.06251706,0.877012272,1.130722133
20060511,-1.407284694,1.386516612,-0.835502207
20060512,-2.261331515,1.429058163,-1.358390843
20060515,0.467017778,2.802877737,-1.342146723
20060516,0.592026803,1.708527312,0.638608847
20060517,-3.091272764,3.291538939,-3.091272764
20060518,-1.748128808,2.439490793,-1.176766702
20060519,1.921185514,3.792628184,2.174518179
20060522,1.399117526,1.706089297,1.221676183
20060523,-1.00456399,1.885456564,-0.550256028
20060524,-3.095556401,5.287128927,-3.342397549
20060525,0.241254641,1.740127937,0.749791879
20060526,-0.370614328,0.979635529,0.588625641
20060530,-1.508324221,2.62787741,-1.496347456
20060531,0.892970818,1.398934937,1.196461188
20060601,0.047835447,1.396422348,0.479387303
20060602,-0.250313022,1.612041963,0.179179406
20060605,-1.928002846,1.834808499,-1.928002846
20060606,-1.728263442,3.384337155,-1.959702731
20060607,0.76411513,1.924586156,1.05527222
20060608,-0.282746516,5.654989843,-0.270469799
20060609,-1.884640372,2.752426361,-1.002173559
20060612,-3.394433517,2.713419625,-3.170858713
20060613,-1.190028272,2.710470087,-1.369884436
20060614,3.400253118,4.368889442,6.437585339
20060615,3.215633989,3.253446522,3.276620756
20060616,0.527396476,1.683326872,1.01034694
20060619,-1.068147957,2.253512565,-0.951325514
20060620,-0.517465579,1.546053298,0.082571518
20060621,1.101100501,1.17998587,1.207163795
20060622,-1.768914048,1.876689878,-2.107323847
20060623,-0.626512387,2.897660568,-0.614615414
20060626,0.54951757,2.213300775,0.48365522
20060627,-2.218829722,2.145543992,-2.326106686
20060628,0.814346646,1.477918878,0.728954753
20060629,0.326185732,5.182951326,0.362494355
20060630,-1.261081342,2.398191191,-1.164637694
20060705,-1.437447303,1.812452379,-1.462050576
20060706,0.583961404,1.133169419,0.746086525
20060707,-0.486254932,1.633465803,-0.883474918
20060710,0.423940785,1.078322088,0.448934536
20060711,1.85534079,1.742703253,1.518828975
20060712,-0.665190923,2.118635721,-0.849183615
20060713,-1.372448243,1.85713274,-1.632333297
20060714,-2.906514349,2.985387783,-2.919077952
20060717,1.364208063,2.541491451,2.124472018
20060718,-0.604459717,3.021400496,0.252940567
20060719,3.675928997,3.572321477,3.865215443
20060720,-2.626105111,1.753428697,-1.827262809
20060721,-1.870148635,2.551524702,-2.006380001
20060724,2.473865982,2.319284439,2.795338729
20060725,3.659760446,3.22829284,2.808901376
20060726,-2.348686454,6.088156451,-4.655412728
20060727,-1.689186767,2.600904586,-1.626667228
20060728,-0.745847589,1.918063209,0.190512536
20060731,-1.489498519,0.708089399,-1.934593677
20060801,0.912896086,1.765957562,1.068015042
20060802,-0.190779072,1.261458181,0.536125869
20060803,1.869926647,1.695966231,1.013308227
20060804,-1.063507052,1.470190394,0.188857469
20060807,0.918649888,1.149461167,0.4142352
20060808,-1.6349138,3.058231799,-1.986275688
20060809,-1.415725061,1.787960918,-1.428503797
20060810,-0.81056791,2.439616423,-1.265261776
20060811,-0.420721104,1.18268318,-0.368227665
20060814,-1.657496509,1.243927719,-0.674204418
20060815,0.642667305,0.844275291,1.448537311
20060816,2.032316638,1.251235659,2.956261008
20060817,-0.292193564,2.603223267,-0.235092398
20060818,-1.356386758,1.479065063,-1.254657349
20060821,-1.244506599,1.400104168,-1.244506599
20060822,-0.103950113,1.239132803,0.338586077
20060823,-0.841190445,1.400873889,-0.737240332
20060824,-2.183722659,1.1623611,-1.537527402
20060825,-1.290861007,1.345131582,-1.744074259
20060828,1.741522246,1.40264428,1.117029312
20060829,-2.891590731,2.290893941,-1.245681529
20060830,1.328967811,1.24585563,1.606379268
20060831,0.080235361,1.139265254,-0.240320543
20060901,0.584952479,0.821479593,0.838607244
20060905,-0.582551628,1.171392993,-0.172471021
20060906,-1.268628886,1.19782391,-1.20225867
20060907,-2.145364019,1.542870032,-2.105054983
20060908,-0.725682653,0.999462369,-0.123600922
20060911,1.364091538,1.356388435,1.419044142
20060912,0.648388061,0.603666715,0.62128779
20060913,2.562370525,1.572561032,2.683476642
20060914,-0.17336805,1.471008379,-1.812099053
20060915,-0.837269826,1.08173236,0.01334668
20060918,0.159659427,0.967757979,0.386280867
20060919,-0.585653211,0.867312403,-0.412976008
20060920,0.92931959,1.013678754,1.727090075
20060921,-1.24062969,0.873640303,-0.151002885
20060922,1.43324929,1.446652373,1.564569073
20060925,-0.179879272,1.645600999,0.593320456
20060926,1.069120531,1.552640196,1.569410202
20060927,0.378215277,1.063390873,0.605832978
20060928,-0.804226501,0.891136674,-0.264600419
20060929,-0.795609425,0.601671042,-0.493266035
20061002,0.665706158,0.85052118,1.272458114
20061003,2.274510908,0.921265606,2.399620395
20061004,1.707593199,1.363359922,2.47462685
20061005,-0.477498818,1.115843855,-0.358337698
20061006,0.059776438,1.301552054,0.119588629
20061009,-1.214176123,1.022224746,-1.190275549
20061010,-0.437318481,1.125557806,-0.655262629
20061011,-0.513825452,1.573020159,-0.745405785
20061012,1.754589645,1.055921508,2.573014783
20061013,-1.050543985,0.935660034,-1.53585095
20061016,0.24245375,1.22924293,0.254591881
20061017,-0.206398422,1.040617822,-0.376054304
20061018,0.22998255,2.710766937,0.521244892
20061019,-0.448186808,1.662208331,-0.411922075
20061020,-1.433629219,1.363690626,-0.7922523
20061023,1.264454537,1.369568339,1.276690695
20061024,0.575955516,1.750877718,0.973858012
20061025,-1.802292394,3.82336423,-3.345607327
20061026,-1.730884803,3.502128803,-2.239413031
20061027,0.723660459,1.681852005,0.887999034
20061030,0.074738419,1.008123684,0.706010243
20061031,-0.934877485,0.914673879,-0.574427154
20061101,0.037488285,1.575389207,0.237663505
20061102,-0.953822492,1.32409855,-0.928838107
20061103,0.225309896,1.258591857,0.853847478
20061106,0.573496149,1.418889738,0.573496149
20061107,4.83594768,2.646214209,5.195816531
20061108,0.875729244,2.522502456,0.840316389
20061109,-0.760905047,1.288788468,-0.404585852
20061110,-0.895302765,1.324094092,0.609186514
20061113,-0.116754246,1.258104631,-0.023361757
20061114,0.058332849,1.556630738,0.163417802
20061115,0.806920805,1.021162004,1.573742269
20061116,0.826872242,1.581722946,1.763914866
20061117,0.504061555,0.723839826,0.954259276
20061120,0.078576644,0.395872421,-0.42548491
20061121,1.315735715,1.187433497,2.13151942
20061122,-1.159273264,1.372825436,-1.093389876
20061127,-3.01156239,2.254556262,-2.755679734
20061128,-0.238514509,2.109668309,0.696071733
20061129,0.870406219,1.828831371,1.029479085
20061130,-0.630490717,2.281911579,-0.34951273
20061201,-0.172947685,1.914064921,1.128686491
20061204,-0.323210089,0.845029418,0.039078856
20061205,1.286476654,1.683845347,1.297639237
20061206,-0.76712705,0.932813145,0.165152804
20061207,-1.500800626,1.26675701,-1.061721984
20061208,-0.055527793,1.366770679,0.088908652
20061211,0.016707973,0.730688179,-0.261394437
20061212,0.227379961,1.546455544,0.52764709
20061213,-1.362373622,0.788352302,-0.655812943
20061214,0.703010204,0.804116409,0.289532496
20061215,0.110326578,0.444545425,0.841550753
20061218,-1.414529202,0.600706889,-1.320847218
20061219,1.328218645,0.670508788,0.76799309
20061220,0.022175408,1.117124258,0.011087089
20061221,0.222469502,0.83658793,-0.221975674
20061222,-0.924505814,1.005295839,-1.314152842
20061226,-0.123741509,0.478774233,0.016885712
20061227,-0.168397458,0.214544612,0.179937071
20061228,0.045009565,0.418678032,-0.123671948
20061229,-0.511136564,0.393057478,-0.112561921
20070103,0.157179779,1.345654372,0.393413647
20070104,0.285546511,1.785743892,0.324802884
20070105,-0.576080343,1.133889703,-0.324802884
20070108,0.061841183,0.756340795,-0.196513356
20070109,-0.954728603,1.128940119,-0.994077658
20070110,1.342604925,1.118038648,1.291504853
20070111,-0.24758059,0.977784809,-0.539387756
20070112,-0.464143019,0.739840469,-0.701043124
20070116,-0.034096721,0.765917354,-0.181714985
20070117,1.223395413,1.41954524,0.96160026
20070118,-1.38244549,0.735780286,-0.927503539
20070119,0.169443701,0.977461929,0.679504313
20070122,-2.317687907,2.304082013,-3.549852944
20070123,2.698083655,1.465536357,2.117521989
20070124,0.285763468,1.197867599,0.308659862
20070125,-1.210040693,0.739763767,-1.564509077
20070126,-0.676703084,2.789988291,-0.96697905
20070129,0.539400933,0.923270613,0.105306275
20070130,0.337779134,1.255049356,0.571396809
20070131,0.352201622,1.708674553,4.09522186
20070201,1.260381527,1.848373136,1.577974774
20070202,-0.995033085,0.993188797,-1.126959226
20070205,0.248378767,0.852857012,0.774768679
20070206,0.132042273,0.770762297,0.264259128
20070207,-0.270800685,0.974960916,-0.650893136
20070208,-0.161961444,1.067334202,-0.99553115
20070209,0.724842872,0.914876863,0.607396479
20070212,-0.44767842,0.63165589,-0.948932602
20070213,0.11204483,0.694831413,0.168114357
20070214,0.747646176,0.561648779,0.725247251
20070215,1.74950823,0.804215588,1.905029257
20070216,-0.968464331,1.073514475,-0.810430457
20070220,-0.021963541,1.664972727,0.120885778
20070221,0.777698964,1.122841314,-0.049435611
20070222,-0.6273063,1.215329252,-0.468101193
20070223,0.099717475,0.575095082,-0.309597771
20070226,-1.643628388,1.331649389,-1.444491249
20070227,-0.913248356,3.017625351,-2.048821701
20070228,-0.223246322,3.510136853,0.057323017
20070301,1.445310775,4.953090539,0.639782829
20070302,-0.9205062,1.928010257,-0.869272316
20070305,0.172344502,2.574041254,0.068902162
20070306,0.628393956,0.719694232,0.788981281
20070307,0.690399437,0.704717888,0.974732868
20070308,-0.146190636,0.697284615,0.225326819
20070309,-0.150741173,0.557069601,0.706478969
20070312,1.87045462,1.595928828,1.892800989
20070313,-1.619019618,0.96997267,-1.937508713
20070314,0.591090775,2.263874466,0.535177997
20070315,1.061252498,1.036109602,1.116835847
20070316,-1.193384329,0.915987548,-1.083482131
20070319,-0.232313839,0.639644359,0.366158523
20070320,-0.155167668,0.48909679,-0.149630109
20070321,0.707341588,0.888882081,0.712887438
20070322,-0.314491693,0.782284534,-0.35304538
20070323,0.540452427,0.589301245,0.474117433
20070326,-0.121112043,0.83830609,-0.15411716
20070327,-0.253765238,0.627299333,-0.275801377
20070328,-1.191086603,0.966604157,-1.356933288
20070329,-0.389170447,1.248714151,0.513795389
20070330,-0.806636684,1.279396612,-0.962729925
20070402,-0.084395313,0.791899484,-0.078771174
20070403,0.658374302,0.56912502,1.208473922
20070404,0.377442722,0.472973936,0.377442722
20070405,-0.187710539,0.463308133,0.254523459
20070409,-0.972061117,0.505334911,-0.431966114
20070410,0.90123077,0.660482708,0.829054657
20070411,-0.950598514,0.562681614,-0.88457012
20070412,0.956892171,0.516165051,0.873561148
20070413,0.164971167,0.607102775,0.1869879
20070416,-0.827134575,0.505168483,-0.772204609
20070417,0.127272241,0.678749023,0.127272241
20070418,3.700709852,1.297482954,3.739412753
20070419,-0.670189893,1.689561857,-0.979639001
20070420,-0.353262691,0.778948008,0.327613816
20070423,-0.458007937,0.757464157,0.44939087
20070424,-0.660138684,0.977513007,-0.064075184
20070425,-0.074023162,2.272221079,0.978002905
20070426,-0.85655893,1.416188156,-0.392178149
20070427,-0.329419564,0.965172707,-0.223273709
20070430,-1.080051134,1.077744955,-1.005571161
20070501,0.064391503,1.111504791,0.214799782
20070502,0.909729611,1.012083384,0.694929829
20070503,-0.313938588,0.608116293,-0.042625747
20070504,-0.590568607,0.63866987,-0.127986366
20070507,0.743497849,0.566422018,0.850164526
20070508,-0.084817647,0.371969062,-0.233075643
20070509,0.138393592,0.939268411,-0.29742958
20070510,-1.157445137,0.711702389,-1.31714706
20070511,0.934736862,0.696691816,0.794507078
20070514,-0.016022645,0.617018514,0.106883294
20070515,0.328965119,1.00764393,0.829791995
20070516,0.879717002,0.912758182,0.996186918
20070517,1.561068229,0.823468669,1.566312755
20070518,-0.423248283,0.874131824,-0.180873929
20070521,0.444974088,1.04515031,0.191199707
20070522,-0.836479293,0.474926568,-0.434603333
20070523,-0.402246853,0.899606246,-0.948170688
20070524,1.078747977,2.067195829,1.943922498
20070525,-0.152555331,0.702107805,0.874037612
20070529,-0.050763999,0.724688364,0.223668251
20070530,2.169849069,1.239198365,2.169849069
20070531,-0.109257063,0.41343301,-0.004968821
20070601,-0.947212825,0.639588648,-0.80321717
20070604,0.140140163,0.459058063,0.150157694
20070605,-0.040188888,0.625842574,-0.461199935
20070606,-0.699622626,0.873431641,-1.243759397
20070607,-1.444919333,1.190523549,-1.434744841
20070608,1.922839562,1.008141947,1.343127794
20070611,-0.684689201,0.713580613,-0.684689201
20070612,-1.035798083,0.995844146,-1.025544302
20070613,1.375382777,1.153536462,1.989911293
20070614,0.015148072,0.455590361,0.572167945
20070615,-1.566875625,0.892628174,-0.892591381
20070618,-0.65500183,0.9566651,-0.777338475
20070619,-0.514669175,0.769035697,-0.504401708
20070620,-1.087248608,0.839613842,-0.881062968
20070621,1.164157502,1.273077844,1.190182225
20070622,-0.643623108,0.837943262,-1.221420836
20070625,-0.375704888,0.880434791,-0.396536051
20070626,-0.420168685,1.516393759,-0.671425099
20070627,0.327851809,0.852297101,-0.305730036
20070628,0.580017445,0.777392812,0.410937831
20070629,0.861736629,0.846415314,1.098050248
20070702,-0.041330854,0.534080089,0.632421371
20070705,0.801740539,0.485988399,0.69925001
20070706,0.822047558,0.311461746,0.643871524
20070709,-0.956277832,0.916733428,0.975617495
20070710,-0.303944029,0.949654855,0.284850646
20070711,-0.816574942,0.52287288,-0.184810622
20070712,0.317902116,0.366127173,0.806656767
20070713,0.8969554,0.504537761,1.075332219
20070716,0.058835067,0.581858425,0.098077685
20070717,0.176470634,0.708661525,0.078392949
20070718,-0.274563812,1.248605905,-0.245182293
20070719,-0.068349366,0.737917469,0.528842678
20070720,1.074498504,0.832478435,1.435245739
20070723,-0.441163082,0.68036465,0.173160216
20070724,0.395352716,1.137523415,-0.125030072
20070725,0.154094028,2.687175542,3.079790481
20070726,-2.563938102,2.957886695,-3.214613306
20070727,0.144571371,3.71903332,0.05780347
20070730,1.479105166,2.086871383,1.661929369
20070731,-2.217216211,1.417405026,-1.999588268
20070801,1.569679299,3.170539939,1.133864363
20070802,0.99715926,1.314603869,1.106978546
20070803,-1.20150201,1.922483101,-1.509085359
20070806,-0.057487785,2.644296877,0.095886478
20070807,-0.68702191,2.215094839,-1.302290146
20070808,-1.124369701,2.431775696,-0.389143404
20070809,-2.409996646,4.143113464,-3.971991172
20070810,1.422528209,9.044665226,-0.187812547
20070813,0.827300464,2.401715158,1.737685065
20070814,-2.92249931,2.767326618,-2.71798496
20070815,-1.558473102,4.171202884,-2.021317847
20070816,-2.194612421,7.479628049,-2.824866608
20070817,0.303204791,6.30159461,3.128071399
20070820,0.882973748,2.268957345,1.522950958
20070821,0.149650414,1.810113017,-0.303771633
20070822,0.58291314,1.911677328,1.133142076
20070823,-2.269107985,1.883334323,-1.375791721
20070824,1.832659431,1.068191317,1.884336348
20070827,0.549116694,0.935688118,0.040572067
20070828,-2.476906811,1.208795478,-2.995437789
20070829,0.762352973,1.588337714,1.122206291
20070830,0.756284361,1.696710512,0.113595303
20070831,-1.314727236,1.270083521,-0.175610809
20070904,-0.187480526,1.435297637,-0.830569559
20070905,0.685812703,3.524427658,-0.0886548
20070906,0.678534886,0.704765377,0.296944815
20070907,-0.257820248,1.242372827,-1.27210196
20070910,0.147027962,1.574558058,0.404848209
20070911,1.571254157,1.652921562,2.292750464
20070912,1.094696082,1.045557923,0.796816965
20070913,0.344234419,0.643661015,0.669305815
20070914,1.056392346,0.874891453,0.509112172
20070917,-0.273653442,1.126605595,-0.924365718
20070918,-0.187707738,3.633112353,-0.065991525
20070919,0.601807233,1.385580141,1.54690309
20070920,1.042348247,1.090061027,1.252128055
20070921,0.586511945,1.049765178,1.314646619
20070924,0.087340488,0.959197086,0.476446037
20070925,2.10777256,0.839032983,1.835795705
20070926,-0.915774787,1.526261854,-0.620971663
20070927,0.703558711,0.886933441,1.143414077
20070928,-0.104717036,1.325237823,-0.531966677
20071001,1.004891338,0.901326991,1.442071278
20071002,-0.772059197,0.921854493,-0.673530088
20071003,-0.789465269,0.869511687,-1.026039782
20071004,-0.620083074,0.95304288,-0.21030502
20071005,-3.129015799,3.660624102,-2.176627648
20071008,-1.533199567,1.686200204,-1.259735191
20071009,0.414979353,0.921246652,0.444686735
20071010,-2.592737826,6.998398721,-2.81483401
20071011,-3.11309186,2.489616995,-2.53165078
20071012,0.601723986,2.106428313,0.560109337
20071015,-1.553825502,1.354735645,-1.932074094
20071016,0.999929804,2.55778988,1.210611436
20071017,-1.093817875,2.577575124,-0.537986725
20071018,1.939176695,2.573093697,1.435132784
20071019,-3.127222302,2.803043728,-3.189192972
20071022,2.084516613,2.877538947,1.271068908
20071023,-0.871076505,2.618839056,-0.147461581
20071024,-1.359274919,5.045572511,-0.645061191
20071025,1.880999083,3.025668693,1.891607474
20071026,-0.265300439,2.167391416,-0.072897686
20071029,1.181850787,2.250049653,1.077618966
20071030,-0.046214281,1.199774139,0.329252278
20071031,0.574144808,1.122832695,1.367089237
20071101,-1.86316884,2.128117271,-2.233699426
20071102,1.224106218,1.535058555,1.338019138
20071105,1.025650017,1.676104645,0.194065737
20071106,-0.204352784,0.81730281,-0.234969715
20071107,0.429573934,1.885987101,-0.981584056
20071108,-0.611686112,3.548307289,-0.678847017
20071109,-1.382972689,1.480417154,-2.19742848
20071112,-1.475646965,2.277367805,-1.326932257
20071113,0.857454342,0.706644294,0.932832583
20071114,-1.639293151,1.636448576,-1.213307417
20071115,-1.111243595,1.078276969,-1.403340953
20071116,-2.100247632,1.752287406,-1.423315251
20071119,-1.203952658,2.026981387,-1.850554688
20071120,-0.861585649,2.446459068,-0.578987824
20071121,-0.045787547,2.137234094,-0.559457987
20071126,-0.941053167,2.065904236,0.401248866
20071127,1.095901379,2.389767465,2.036954546
20071128,1.560597781,1.168333128,2.039015569
20071129,-0.663885081,1.528878782,-0.599830419
20071130,-2.137061777,2.061647534,-0.527819397
20071203,-0.261238855,1.409490677,-0.911365753
20071204,-1.747804658,0.703227439,-2.042516436
20071205,-0.209285751,2.114467223,0.880477488
20071206,1.149375031,1.04817753,1.303628036
20071207,1.186637441,1.127836285,1.48006807
20071210,-0.43103515,1.080382575,-0.699491687
20071211,-4.652514535,3.309576521,-4.404442359
20071212,-1.200769188,4.632028126,-1.925656267
20071213,2.394331687,2.08270653,1.857920884
20071214,0.079243792,1.795751872,-0.20348187
20071217,-0.996449526,1.362859749,-1.132334498
20071218,-0.114744706,1.479784167,-0.31523167
20071219,-1.183241835,1.826091518,-0.650792748
20071220,0.218152679,1.309075835,0.754068906
20071221,1.236012011,1.766243767,2.211852208
20071226,0.155676669,0.766090035,-0.022219753
20071227,-0.772550447,0.89445538,-1.151043607
20071228,-0.751182544,1.158873514,-0.874896219
20071231,-0.729930248,0.702344225,-0.951276007
20080102,-1.261484618,1.454991348,-0.816049583
20080103,-0.028754637,0.915897703,0.322618093
20080104,-1.321605139,1.743729203,-1.436706441
20080107,-3.384126895,2.316473066,-3.255839514
20080108,-4.395502547,2.498766137,-4.028463415
20080109,0.869217241,4.018371009,0.793878212
20080110,2.359991534,4.519678877,2.478220601
20080111,-1.380182106,2.428286671,-2.123951919
20080114,0.226583887,2.557733435,1.41689058
20080115,-4.314320588,9.009971113,-4.940204695
20080116,3.203935374,8.17441787,2.688470316
20080117,-1.645101907,3.972831784,-0.426332934
20080118,-2.04578419,6.630289256,-1.519401223
20080122,3.300889075,12.0098924,-0.987250791
20080123,0.714452618,8.741893351,-1.368684811
20080124,1.159151719,3.877058054,1.433088755
20080125,-1.799534422,4.191408318,-0.723704373
20080128,0.335700767,2.446044616,0.620638144
20080129,2.787374429,1.839107068,4.017213143
20080130,2.52062776,7.776845727,2.446305943
20080131,1.62585479,5.876676894,0.39795048
20080201,-0.301622959,2.403319606,-0.39795048
20080204,0.459548517,2.069913995,0.144892563
20080205,-0.950299549,1.879473352,-1.446218316
20080206,-2.130111499,2.272796474,-2.228090686
20080207,0.610429509,2.784672856,-0.244383992
20080208,-0.119575835,1.82969458,-0.370848032
20080211,2.306116532,2.959396823,2.180092571
20080212,1.659914376,2.813944793,2.884669428
20080213,1.20156941,1.742347436,2.220011255
20080214,-0.607762507,0.701172078,-0.11716463
20080215,-0.12319246,1.445408105,-0.140779
20080219,-1.333236644,2.123072055,0.152501643
20080220,-0.664927646,3.098584137,-1.618942302
20080221,-2.313356175,2.291449245,-2.28953247
20080222,0.869885877,2.001306164,1.319871434
20080225,1.046258504,2.495257278,1.69374278
20080226,-0.44806112,1.79119294,0.082756995
20080227,-0.605522776,2.66527635,-0.77110531
20080228,1.056452345,2.715967002,0.853793874
20080229,-1.510820104,2.183168202,-2.293185404
20080303,1.347662024,4.674371923,-2.557496381
20080304,-0.288455709,2.095349376,-1.322539551
20080305,1.108148052,2.459810798,1.421647587
20080306,-1.411024222,2.244412466,-1.54732311
20080307,-2.574476077,3.557091613,-3.623724057
20080310,-2.768205366,2.158395893,-2.950925333
20080311,-3.058178237,6.742152687,-1.406569038
20080312,-1.951347991,3.464319378,-1.164476478
20080313,3.135739907,4.194584839,2.194295877
20080314,0.21030502,5.410099965,2.634181842
20080317,0.570899055,5.021045911,-0.824026549
20080318,0.537670956,2.513573611,1.217160327
20080319,-3.737754909,2.775577705,-3.921025022
20080320,1.51431369,3.742260014,1.799543085
20080324,0.82933405,1.622306165,1.885787183
20080325,-0.341880675,2.242065263,-0.473062643
20080326,0.803640449,1.510164399,0.381253338
20080327,-1.763808419,1.601344065,-2.699811562
20080328,-1.205241754,1.206158626,-1.057063644
20080331,0.404585852,1.762329175,1.21870161
20080401,0.873599202,2.115799525,2.104219334
20080402,0.699189309,1.741862315,1.185616351
20080403,-0.628644595,1.204011042,-0.876395407
20080404,-0.283650706,1.33473732,-0.559930319
20080407,-1.158684794,0.921245595,-0.80918396
20080408,0.233871344,1.27354321,-0.220007422
20080409,2.362289232,5.408751841,4.801756194
20080410,-0.470589104,1.640916297,-0.203769811
20080411,-1.483228326,1.354775592,-1.904819497
20080414,0.20097903,1.296682861,0.311365067
20080415,-2.204772629,0.881696193,-1.816924696
20080416,0.733948249,1.725417495,1.010573598
20080417,0.143126692,0.65516699,0.429996102
20080418,0.90660137,1.126972049,2.262598127
20080421,0.77396821,1.248608791,0.570379897
20080422,-0.279223433,2.177900346,-0.557669379
20080423,2.133693022,4.632905205,4.358381014
20080424,1.208162102,2.649157633,0.811928842
20080425,1.362984063,1.279965431,2.497075604
20080428,-0.264278527,1.736420794,0.088248278
20080429,0.562325755,1.682758061,0.673995225
20080430,-1.030816203,1.667231632,-0.785789536
20080501,0.046904316,0.810114653,0.434706671
20080502,-0.814242023,1.32967262,0.374444622
20080505,0.706923167,1.031026881,0.309029137
20080506,0.640467983,1.037216299,0.308077088
20080507,-1.690776452,1.002916645,-1.993031972
20080508,-0.282918967,1.025599698,0.307401519
20080509,-0.071437079,0.965036929,-0.889316349
20080512,0.911194992,0.797365665,1.10158058
20080513,0.099950033,0.819280341,0.229445607
20080514,0.450622562,0.791168284,0.638493221
20080515,-0.186763215,1.625306977,-0.046723514
20080516,-0.661614287,0.833517143,-0.556517063
20080519,2.40499538,1.566449981,2.316840456
20080520,-2.046107187,1.64543635,-2.287472743
20080521,-5.184124129,3.468876886,-4.750487353
20080522,0.548014056,1.666506057,0.289026429
20080523,0.479558251,1.042879371,0.116603775
20080527,1.105654906,1.980569452,1.509646396
20080528,-0.86591113,1.506756082,-0.660708571
20080529,0.36603262,2.132808067,-0.127795545
20080530,0.764984606,3.079763241,0.679696754
20080602,-1.693763932,0.947429353,-1.942045768
20080603,-4.531438572,2.40455385,-3.757431391
20080604,0.37215314,1.966004866,-0.025614754
20080605,-1.210107455,2.094649119,-1.107687781
20080606,-4.267920814,2.655774699,-5.38801588
20080609,0.637419938,1.959890571,1.101078208
20080610,0.551753724,1.925033012,-0.494664739
20080611,0.061414584,1.253121855,-0.422056447
20080612,-0.215720725,5.325254457,1.078817669
20080613,0.386950913,2.410201994,1.340682368
20080616,0.588079749,1.596659472,-0.066608941
20080617,-1.003151594,1.06450273,-0.869978049
20080618,1.402018112,5.753546084,0.415856794
20080619,2.340980127,2.247178064,2.941582533
20080620,-1.294897434,1.905533598,-1.268903153
20080623,-0.93514017,1.379655988,-0.514750691
20080624,-1.170693163,1.872288935,-1.117776109
20080625,-3.591682449,6.255257158,-6.925097671
20080626,-1.216551154,4.09594859,-2.189286424
20080627,-0.981420517,2.175519964,-1.923990087
20080630,-1.388701562,3.434381745,-1.703002502
20080701,0.713165862,4.637613179,-0.541056759
20080702,-2.394861462,2.685896014,-2.295575548
20080707,-0.58969755,4.23209266,-0.341827555
20080708,2.271081191,3.607004474,2.550845129
20080709,-0.654442637,5.07888589,-0.639271583
20080710,-0.40089309,3.839167162,0.7302634
20080711,-2.343857297,4.838590105,-4.210496563
20080714,-1.196111207,3.122472943,-0.142393822
20080715,2.969178981,7.670019873,1.196111207
20080716,2.532171728,4.694660827,2.579094385
20080717,1.778494504,3.288068311,2.037345048
20080718,1.703366371,2.136375137,1.703366371
20080721,0.18327779,1.777259108,0.256683064
20080722,0.767730286,3.796862763,1.504771606
20080723,-0.791226043,5.316235106,-3.794014815
20080724,-5.061415008,4.084902039,-6.373947994
20080725,1.596240925,4.792751932,1.867438348
20080728,-1.678973198,2.574904813,-2.331773503
20080729,1.145232813,1.459838643,1.465694551
20080730,0.455653236,3.016567545,0.881756618
20080801,1.046280683,3.401725873,-2.894604128
20080804,-1.174816024,2.286937261,-1.005522582
20080805,4.954232667,5.154805395,6.040406919
20080806,0.636432007,3.927816149,0.375234962
20080807,-1.076105696,4.380606622,-1.099038846
20080808,4.447857582,2.754327817,4.694847519
20080811,-1.624597919,2.348612137,-1.875613185
20080812,-1.086639126,2.436025142,-0.981510333
20080813,-2.228290429,1.367725183,-2.380150747
20080814,1.978411752,3.775094794,0.743152514
20080815,-1.065071425,2.457937704,-0.603390088
20080818,-1.821487271,2.754070023,-1.233523331
20080819,-1.073581514,1.52987031,-1.026459861
20080820,0.364299128,3.90039709,0.396040122
20080821,1.435108872,3.213529456,0.418097087
20080822,2.439145312,2.817279786,3.18421758
20080825,-1.070856823,2.302631568,-2.282992876
20080826,-1.199496958,2.343344391,-1.090335154
20080827,1.593783736,1.844982742,1.743525656
20080828,2.786036617,2.42754273,2.646425953
20080829,-0.030478513,2.36835949,-0.955638672
