20020102,1.053649594,1.443878308,0.238492839
20020103,-0.015884362,1.952739789,-0.031766201
20020104,1.165551075,2.162974942,1.43524268
20020107,1.036278704,1.8446713,-1.276512488
20020108,-1.025978862,1.573404665,-1.582640339
20020109,-0.563835565,1.716297651,-0.258147933
20020110,-0.402739167,1.604051785,0.080742838
20020111,-2.110467942,1.306755723,-1.627375215
20020114,-0.23018754,1.007681326,-0.328677371
20020115,0.688414455,2.057526402,0.77068513
20020116,0.32948959,2.499557401,-0.688414455
20020117,-0.0327654,0.900805376,0.377575758
20020118,-0.131665588,1.685449199,-0.509241347
20020122,1.932427283,2.550135199,3.208831455
20020123,0.191265599,1.538960985,0.159362584
20020124,0.6118146,1.714551553,1.799007016
20020125,-0.505849956,1.858902736,-1.322437408
20020128,0.5596956,1.277546493,0.797131406
20020129,-7.272086718,5.802533871,-7.075754146
20020130,2.515959397,7.004384197,3.840260035
20020131,1.518692765,2.43363569,2.327366103
20020201,-2.002327514,1.953184423,-2.766784175
20020204,-2.491823279,3.638375389,-3.080733864
20020205,0,6.651113484,-1.099376823
20020206,0.153204558,5.111308821,-0.017008249
20020207,0.169779328,3.861651871,0.271785457
20020208,1.77260914,3.898109667,2.785276022
20020211,1.149437943,1.52558472,1.042146223
20020212,0.442950441,1.381338243,-0.261566276
20020213,1.125563525,3.377078008,1.631728374
20020214,0.096727398,2.981176677,-0.056381138
20020215,-0.898331889,1.677737415,-1.804780309
20020219,-0.660509905,2.882334256,-2.231439276
20020220,2.26512123,3.172389846,2.591741008
20020221,-0.571476778,2.225596053,-0.163612602
20020222,0.334899231,3.640685428,0.400376398
20020225,2.879223709,2.597620334,3.099156189
20020226,0.583275871,3.024997285,0.591181322
20020227,0,2.998735473,0
20020228,0.172157488,2.786099712,0.51736417
20020301,1.256707254,1.726851122,1.412957285
20020304,1.829319305,3.048727353,2.044936206
20020305,-1.495982715,2.431895318,-1.798554807
20020306,1.960772913,2.227080994,2.543507272
20020307,-0.565393561,1.857217097,0.486109472
20020308,-0.132635787,1.737516976,1.171859439
20020311,0.93423976,1.789849916,-0.088521694
20020312,1.752346592,2.633595964,0.265330344
20020313,-0.170389344,1.74078176,-0.731359223
20020314,-0.580747668,1.41421013,-0.706874479
20020315,2.117640286,1.053063639,3.290543644
20020318,0.305565898,1.320089677,-0.536116621
20020319,-0.217596372,1.446354371,0.04357615
20020320,-0.176730532,0.917555557,-1.492346643
20020321,0.559318503,1.552240384,0.42656533
20020322,0.790865282,1.595850834,0.614576122
20020325,-1.427347274,0.980412524,-0.555882063
20020326,1.603299174,2.059000441,1.441807544
20020327,0.758463379,1.655100894,-0.492826045
20020328,-0.776162643,1.945105976,-1.169262079
20020401,1.436316985,1.246607391,0
20020402,1.397595386,1.570667382,0.630177216
20020403,-0.68648484,1.008286694,-0.321920091
20020404,1.113891042,1.633732782,0.555394588
20020405,0.232625868,1.406504969,0.363716121
20020408,2.533993163,1.585437229,0.982666867
20020409,0.273086767,0.792853201,0.186768246
20020410,0.530581298,1.101532667,0.358192231
20020411,-1.792473548,1.667640622,-1.964245706
20020412,1.107367324,1.227230795,1.964245706
20020415,-1.062007685,3.341357506,-0.876253542
20020416,1.067245989,1.180378844,1.91489132
20020417,0.396264317,1.238092066,0.212089157
20020418,0.624381197,1.711932688,-0.155488052
20020419,0.701757266,1.000666747,1.139332952
20020422,-0.168681513,1.069359903,-0.589144641
20020423,0.981087056,1.468886007,0.868474432
20020424,-0.474331246,1.625322596,-0.265344755
20020425,-0.309684932,1.541722994,-0.814382485
20020426,0.797374302,1.584597098,1.177308623
20020429,-0.322196819,1.558256753,-0.699107993
20020430,1.559702973,1.582084175,1.531636736
20020501,0.249549554,2.303273255,-0.207483303
20020502,1.992508377,1.653606503,1.756839037
20020503,0.749067173,1.229245817,0.271739298
20020506,-1.808516205,1.402921331,-1.876381833
20020507,-0.301081382,1.190566515,0.86723649
20020508,-0.424171651,0.888924752,1.557166064
20020509,1.215409965,1.094968842,0.531611898
20020510,-0.849233384,1.103955838,-0.849233384
20020513,1.545210456,0.376474401,1.5181322
20020514,0.833503536,0.777505994,1.192857087
20020515,1.032574703,0.940246591,0.039517882
20020516,0.565679335,0.810789572,0.394322278
20020517,0.065040653,0.505493593,0.875079051
20020520,-1.089607104,0.572598731,-1.493542763
20020521,-1.390843005,0.869350614,-1.048241536
20020522,0.585030255,1.822112931,0.611704035
20020523,0.780869482,1.017908528,1.402030535
20020524,-0.406318142,0.439582312,-0.465162826
20020528,-0.473934536,0.922357955,-0.473934536
20020529,0.935386571,0.838545344,0.631414884
20020530,0.580476564,1.739457863,-0.315209087
20020531,-0.342150617,0.994456091,-0.21069273
20020603,-1.757467681,1.165467478,-1.876177713
20020604,-0.067362751,1.431271686,-0.336360896
20020605,-1.222011133,1.390668599,-1.356872921
20020606,-5.128610529,2.688041097,-5.11495026
20020607,3.00666886,2.794905087,1.922451517
20020610,0.18293117,0.932304492,0.323875521
20020611,-1.12518768,1.645493708,-0.606361584
20020612,1.267622608,2.965045877,1.055233147
20020613,-2.172300938,2.457542772,-2.522809533
20020614,3.377539136,4.032900915,1.975478155
20020617,3.115516778,2.444976066,3.1717914
20020618,0.816331064,1.679097393,0.611622702
20020619,0.367422336,1.902372866,-0.244200366
20020620,-2.131397289,2.369196964,-2.294529462
20020621,-1.12836176,2.276972721,-2.035872352
20020624,0.498754151,4.304273272,-0.212992626
20020625,-0.950833815,2.867949357,-0.313212101
20020626,-1.033219524,4.683281452,-3.970564463
20020627,0.467563681,2.179941927,1.764751681
20020628,2.085656327,1.979866829,2.376777348
20020701,-1.373805236,2.486762277,-1.21734407
20020702,0.216372245,5.517253272,0
20020703,-0.014441476,3.952180047,-0.23081372
20020708,1.59689624,2.944344269,1.67458809
20020709,-3.133819294,2.158971328,-2.69011363
20020710,-3.872197133,3.582021491,-3.146783242
20020711,2.337579045,7.666726086,1.99817047
20020712,-0.958891555,6.122051375,-1.08893998
20020715,1.037815097,7.964425834,-1.027155032
20020716,-1.019346257,6.847839624,-2.131704779
20020717,-3.402974859,8.161958228,-2.085787726
20020718,-3.60823456,7.983815868,-3.762199179
20020719,-1.584255573,7.511728023,-1.984416171
20020722,-1.350704113,20.34628183,-1.758901267
20020723,-4.548159394,18.62567633,-4.217033264
20020724,5.209511188,22.55839556,2.206915332
20020725,2.335526702,18.99183586,1.144023244
20020726,2.396700405,8.039645563,3.080207275
20020729,1.741083899,3.611687729,4.224191054
20020730,1.126596175,6.589115324,-0.062218076
20020731,2.823537437,5.598871067,3.335682578
20020801,-2.746815897,5.115632274,-3.048247926
20020802,-1.608530035,7.384698988,-1.461248896
20020805,-2.357547863,5.933119878,-2.357547863
20020806,0.912817166,5.668887276,2.844396096
20020807,0.538255817,4.520603581,2.123616966
20020808,3.966525639,5.652879996,4.79133557
20020809,0.875279111,4.746625765,0.655740055
20020812,0.74153271,3.80605331,-0.721551179
20020813,-1.60521818,3.41897688,-1.466334345
20020814,2.405513466,3.973805404,2.405513466
20020815,0.028814292,3.477516828,0.606850584
20020816,-0.319581911,1.665595498,-0.99892253
20020819,2.0028045,1.772664818,1.973700891
20020820,-0.548262807,2.440959512,-1.407866954
20020821,0.403807875,3.648833672,0.519481688
20020822,1.690342496,1.582319499,1.315432179
20020823,-1.077519225,1.431305506,-1.675896847
20020826,1.047871384,3.116423186,2.510472736
20020827,-0.112107635,1.562027699,0.463777094
20020828,-0.894955899,2.358406734,-1.753934637
20020829,1.865190371,3.749312597,0.384533693
20020830,-0.314106483,1.671994258,-0.598804184
20020903,-2.401234912,3.44397402,-4.17578916
20020904,0.543702229,2.682139115,0.364624432
20020905,1.242252,3.803533513,-0.126351795
20020906,1.762480988,2.392232353,2.974796249
20020909,0.435414331,2.559083285,-0.303665912
20020910,-1.103539586,4.463560484,-0.814313065
20020912,-1.897813487,2.068475272,-1.956088547
20020913,1.506452946,2.408924923,1.313187443
20020916,1.343870648,1.988896834,1.020863467
20020917,-2.596418243,2.638602159,-1.270368256
20020918,0.180831876,3.185060924,-2.424451315
20020919,-2.338376227,4.015793872,-4.653435451
20020920,-0.347771454,4.102619786,-0.395101265
20020923,1.786750039,5.467941349,1.039706908
20020924,-2.195442935,8.827973748,-2.60373496
20020925,0.773545573,5.198838062,2.2583657
20020926,2.101787885,3.825324733,3.522687737
20020927,-2.238265856,4.98617126,-2.786295847
20020930,-0.42230453,9.353835892,-0.406695383
20021001,2.871157535,5.941323808,3.496159569
20021002,-1.392133852,5.636689112,-2.871157535
20021003,-5.841076216,9.095250533,-7.016177869
20021004,-3.568772944,13.95598558,-3.485265633
20021007,-4.136093282,13.94363979,-3.790669796
20021008,1.581755298,9.695873385,3.009076585
20021009,-3.986034929,9.185382926,-5.833865772
20021010,4.636890878,13.34445535,4.729269637
20021011,1.955013392,6.735750635,4.616734414
20021014,2.744482829,6.687295165,1.967057923
20021015,2.074603795,4.252099957,8.189486546
20021016,2.443031751,4.172715715,1.449519566
20021017,0.61305111,1.785620837,2.968541095
20021018,1.526747213,3.097139179,0.840462852
20021021,2.082660554,2.095838041,1.503787736
20021022,0.359583271,2.154128807,-1.000008333
20021023,0.9893263,2.882670206,0.629743029
20021024,-2.76754475,3.594683103,-2.411495096
20021025,2.87434507,3.347885483,2.111430572
20021028,-1.853224813,2.970630208,-0.54527327
20021029,-0.215594766,3.603068132,0
20021030,0.805622295,1.933481209,1.307955608
20021031,-1.210409936,3.079051332,-0.877229888
20021101,1.534410258,3.815645856,0.671095544
20021104,-1.132354633,1.909076977,-0.028465699
20021105,1.291622527,2.165220598,0.93511591
20021106,-1.372501206,8.785639006,-1.020561657
20021107,-2.591842864,3.014441941,-4.041247588
20021108,-0.756848608,2.866298187,-0.416233691
20021111,-0.373552919,2.1878408,-0.492795741
20021112,0.267459298,2.167250607,0.879355842
20021113,0.22329745,5.805721695,-0.207962048
20021114,0.627144183,1.698261047,2.249598652
20021115,1.081565644,2.137821054,0.014538053
20021118,-2.822443695,2.295570328,-2.011667573
20021119,1.893827869,2.926290563,1.194264102
20021120,1.92117683,2.097504281,1.657014657
20021121,1.918794761,1.984581071,3.108176124
20021122,0.972592063,2.3118103,-0.378019351
20021125,0.337695551,2.006092647,-0.140370601
20021126,-0.816447993,1.803937901,-2.3594045
20021127,1.345153026,1.830719114,2.23290227
20021202,-2.98954648,3.015183758,-1.163722637
20021203,0.884640676,3.072213313,0.086667635
20021204,0.742307462,3.631131391,-0.434091262
20021205,-2.135520674,1.772757101,-1.932710233
20021206,1.551564188,4.033555295,0.824504082
20021209,-0.088144563,1.946940602,-0.234879732
20021210,1.307208157,1.839219913,1.834913867
20021211,1.216172511,1.988484432,0.273795113
20021212,-0.530733513,2.075288697,0.057545678
20021213,-1.016711736,2.178359158,-1.492456884
20021216,2.485271078,1.759536526,2.558237152
20021217,-0.917832343,1.051565582,-1.238516744
20021218,-0.24830218,1.678813286,-1.495056514
20021219,0.219058138,2.224424696,0.24830218
20021220,1.189381363,1.097546736,2.378490502
20021223,0.500179678,1.709042279,-0.071250448
20021226,-0.371907166,1.305946436,0.043001506
20021227,-0.992885342,1.536903638,-0.906937765
20021230,0.546449447,1.822794558,0.835258312
20021231,-0.45950684,2.365338223,-0.359169986
20030102,1.067094141,1.735854932,1.684070056
20030103,0.042756361,1.415761759,-0.681627178
20030106,2.383429606,1.331319206,1.625362613
20030107,0.591217938,1.325842195,-0.112217714
20030108,-0.084483249,1.203136556,-0.36557971
20030109,0.836824967,0.823466527,1.412709696
20030110,0.685173624,1.780927369,-0.333890127
20030113,0.069372185,1.253142613,0.472682654
20030114,0.595033929,0.792839444,0.525661744
20030115,-1.459068474,2.223067507,-1.445272517
20030116,-0.393535294,2.557475035,-0.603722437
20030117,1.39487996,1.449683431,0.645706904
20030121,-0.633581845,1.349129894,-0.941878053
20030122,0.240674003,2.252083788,-0.113058237
20030123,0.784867379,1.293253721,1.27855623
20030124,-2.119416506,1.554291247,-2.932429114
20030127,-1.447203261,2.127097634,-1.389715475
20030128,-0.02894775,1.804300611,0.697271855
20030129,1.519456192,2.736232189,0.793025568
20030130,-0.66695912,2.442523912,-1.286423753
20030131,2.296959056,2.790922075,1.84496441
20030203,-0.099978584,1.51682063,-0.057142859
20030204,-1.288285893,1.587620421,-1.933403176
20030205,-0.741875539,2.807433482,-0.218770597
20030206,0.336429777,2.373728205,-0.014601738
20030207,-1.243342281,1.666577482,-0.79167691
20030210,0.513838024,1.660761656,0.513838024
20030211,-1.118152006,1.977159838,-1.030329986
20030212,-0.814517646,1.161614055,-0.504302463
20030213,0.296296513,2.088653619,0.519096457
20030214,2.097927747,2.369480556,1.875787707
20030218,1.05165559,1.110812633,1.298157564
20030219,-0.315684004,0.90094338,-0.287026603
20030220,-0.423835985,0.89672165,-0.179810887
20030221,1.142869582,1.016144222,1.351420231
20030224,-1.903720602,1.290969103,-2.473522713
20030225,1.237729671,1.589738642,0.609669474
20030226,-0.656696997,1.38167884,-1.16449642
20030227,0.944431284,1.605271532,1.236829153
20030228,-0.274745311,1.237604759,-0.130236615
20030303,-1.406533737,1.581844571,-0.843396013
20030304,-0.862893837,0.64318693,-0.585824757
20030305,1.266398901,1.438819684,0.381176242
20030306,-0.087976545,1.406850246,-0.249066131
20030307,1.961421194,2.025400792,1.195698118
20030310,-2.087573034,1.181631005,-3.165986283
20030311,-2.116481119,1.745283806,-2.101521137
20030312,0.533334598,3.344482631,0.533334598
20030313,1.625809545,2.279326231,2.684020478
20030314,-0.606107259,3.338600046,-0.222172942
20030317,2.595643926,3.317054276,2.402693958
20030318,-0.930239266,1.584651935,-0.872352144
20030319,1.595392794,1.746600187,1.478502074
20030320,0.721503851,2.491257602,0.07191658
20030321,0.697859416,1.010622836,1.299925454
20030324,-0.637406185,1.480506276,-2.36960897
20030325,0.346771045,1.39541023,0.752862974
20030326,-1.188075406,1.518678204,-1.043941625
20030327,0.352061388,1.585728644,-0.467495373
20030328,1.040531115,1.269153032,0.438340854
20030331,-1.882513163,1.814221946,-2.599466999
20030401,0.797405288,0.9175292,1.720855402
20030402,0.805412091,0.81751661,2.641663044
20030403,-1.265111755,1.204175143,-0.993314149
20030404,0.630645633,1.138651829,1.250825021
20030407,-1.798250255,1.533001402,-0.788930435
20030408,2.010189578,1.350947628,2.010189578
20030409,-0.92166551,1.720437567,-0.92166551
20030410,0.846864624,0.847620417,1.34420135
20030411,-0.712343259,0.971804303,0.266685539
20030414,0.557881503,1.446824878,0.78190848
20030415,1.051330751,0.759956814,1.06523799
20030416,-1.236160902,0.982708216,-0.988772101
20030417,1.187531216,0.642271103,1.236160902
20030421,-0.082304531,0.659964725,0.027449904
20030422,2.384471579,1.208864914,1.903007
20030423,1.012495993,0.873773372,0.242065745
20030424,0.013591573,1.290389164,-1.175450945
20030425,-0.823388761,1.20090633,-1.382163639
20030428,1.434940918,1.218397413,1.545118591
20030429,-0.040702802,1.597717157,-0.013569442
20030430,0.338960395,1.27602573,0.257505055
20030501,0.703085644,1.050714515,0.45915003
20030502,1.141334981,0.935739415,0.912023489
20030505,-0.564821297,0.740099564,-1.006382194
20030506,0.417480911,1.002995488,0.350027283
20030507,0.0269324,1.19813364,-0.188323973
20030508,-0.122025641,1.025567276,-0.756862648
20030509,-0.270087943,0.789865944,0.325071396
20030512,1.243763499,0.838240426,0.646989722
20030513,0,0.559509096,-0.094092352
20030514,-0.808629743,0.727567222,-0.62053349
20030515,0.296057275,0.735801624,0.701189496
20030516,0.311042241,0.800097387,-0.484914743
20030519,-1.668072584,1.045107027,-2.087530611
20030520,-0.110177673,1.155589313,0.055134391
20030521,0.949439537,1.079632226,0.618176294
20030522,0.328227866,1.004759591,0.300834358
20030523,1.15245573,0.615290529,0.687147651
20030527,2.267609648,0.812142523,1.594114806
20030528,-0.643951783,0.912956699,-0.844339265
20030529,-0.650496941,1.133938702,-1.014550468
20030530,0.418721487,0.637971649,0.866392315
20030602,-0.779469072,1.242103064,-0.094396878
20030603,1.920058986,0.743103758,2.135692492
20030604,1.79117129,0.810117782,1.168529019
20030605,0.824450132,1.076717208,0.156514966
20030606,-0.558189286,1.953685776,0.117225673
20030609,-0.63108282,0.660557184,-1.310291283
20030610,1.464269854,0.860933263,1.609245168
20030611,1.426301083,0.491942549,1.711423101
20030612,0.114744706,0.656117414,0.127502249
20030613,0.025497195,0.472279873,-0.038233608
20030616,1.539656866,0.508974586,1.768839548
20030617,-0.21285928,0.56069486,-0.087702818
20030618,-0.100338651,0.676461591,-0.112873907
20030619,-1.618444734,0.623684099,-1.568262823
20030620,0.304646085,0.57780141,0.571974867
20030623,-1.198382521,0.553607501,-1.185709053
20030624,1.572379871,2.374374436,-0.527230695
20030625,1.602084891,1.722879778,1.395579913
20030626,0.831972529,0.677894199,1.275994825
20030627,0.12565973,0.508496182,-0.037667148
20030630,-0.767058146,0.563676345,-0.516211408
20030701,1.384540682,0.711968836,0.979784248
20030702,0.574427154,0.483247618,0.386751153
20030707,0.856562869,0.329046234,1.10621972
20030708,0.925075977,0.49810988,0.677551098
20030709,0.957179967,0.682813884,0.526542575
20030710,0.564903872,0.786975008,-0.26904749
20030711,1.05538676,0.52991401,1.470882897
20030714,0.065925507,1.072493093,0.703444957
20030715,-0.656914874,1.119327523,-0.005991432
20030716,-1.183516863,0.825288919,-0.860492116
20030717,-0.794091278,0.665997384,-1.467167827
20030718,1.528599459,0.509678788,1.859218753
20030721,-1.429287897,0.768697399,-1.320991154
20030722,1.197908934,1.053688609,1.417260716
20030723,0.432744996,0.750991334,0.27625986
20030724,-1.741487959,1.063260771,-1.693520576
20030725,1.641954068,0.649284902,1.86130585
20030728,-0.361228569,0.688545225,-0.733132302
20030729,-0.048303346,1.28808843,-0.132778099
20030730,-0.108649736,0.683887325,0
20030731,-1.048644576,1.42758028,-0.314541755
20030801,-2.328251229,0.877396121,-2.291907416
20030804,1.233061246,1.096767913,1.158647252
20030805,-1.842911079,1.420587589,-2.519212458
20030806,0.759796892,0.895701366,1.273743495
20030807,0.373459914,1.275033,-0.136586598
20030808,0.369686188,0.570130943,1.01373102
20030811,-0.569238018,0.720237063,-0.889553679
20030812,1.073355564,0.703042999,1.122983357
20030813,-1.022617179,0.705881954,-0.912235123
20030814,0.554632592,0.935690154,0.752578964
20030815,-0.036852774,0.367279315,0.03686636
20030818,-0.110967276,0.366868843,-0.406279414
20030819,-0.613273111,0.897671613,0.271036263
20030820,1.342467356,0.598861529,0.564349431
20030821,-1.104983619,1.012226412,-0.909432346
20030822,-3.670481549,1.949014636,-3.300795361
20030825,-1.088707519,1.024010416,-0.922965147
20030826,0.733735673,0.976306788,0.411258773
20030827,-0.334362451,0.409847893,-0.43701869
20030828,0.884111083,0.508326191,0.974241778
20030829,1.435948175,0.598286663,1.103721956
20030902,0.075538213,0.960733042,0.252016262
20030903,-1.467330952,1.213700524,-2.11123192
20030904,-1.496936511,1.723368004,-2.01240157
20030905,0.539794609,1.309402544,-0.1181025
20030908,0.469117358,0.954364863,0.992953024
20030909,-0.719662903,0.520637754,-1.006084138
20030910,-1.247859017,1.177363783,-1.708537686
20030911,1.024149405,0.933527536,0.943967656
20030912,0.316957476,0.940209117,0.356647891
20030915,1.150038812,0.629095052,1.465994841
20030916,0.518538886,0.964122396,0.492547982
20030917,0.811703226,0.384478264,0.759970168
20030918,2.105875106,0.789834537,2.19565899
20030919,-0.728737991,0.563055361,-0.452944911
20030922,0.446287001,0.799675964,-0.886642921
20030923,0.519613361,0.605241748,0.64675896
20030924,-1.003119325,0.737274106,-0.952569596
20030925,-0.191022026,0.680389147,0.11478861
20030926,0.266649895,0.917352379,0.521264927
20030929,0.91978165,0.852312682,-0.279365261
20030930,-0.230385357,1.036871857,-0.765896008
20031001,0.976731301,0.759830458,1.500727644
20031002,0.291047342,0.617482417,-0.101035624
20031003,-0.438734643,0.641731668,0.579565689
20031006,0.661551436,0.560136215,0.975129617
20031007,0.64870487,0.766552179,0.049751245
20031008,0.031147797,0.366091456,-0.180466149
20031009,-0.012384668,0.823254959,0.577587545
20031010,0.729343736,0.643517373,0.555797145
20031013,0.576582595,0.467960851,0.68737229
20031014,0.243161214,0.969269116,0.731264685
20031015,-0.782509831,0.783171501,-0.297954068
20031016,-0.268456537,0.492556131,-0.32327943
20031017,-0.573977273,0.592578014,-0.232430223
20031020,0.529460081,0.711142512,-0.269806394
20031021,-0.332533098,0.567274012,-0.455413428
20031022,0.569449422,0.669816611,-0.061701736
20031023,1.256019467,1.00493512,0.872616611
20031024,0.551640994,0.897845185,0.097847366
20031027,-0.879275195,2.631920842,-10.56322179
20031028,-1.354237234,0.840788253,-1.354237234
20031029,2.366813419,1.583526243,2.421887081
20031030,-0.066511476,0.950193004,1.0164592
20031031,0.37091048,0.799462834,0.636691367
20031103,0.145109187,0.676619482,0.303650639
20031104,-0.145512295,0.548809447,-0.422721898
20031105,0.85679032,0.676737712,0.85679032
20031106,1.428689351,0.796220417,0.849511742
20031107,-1.045078094,0.472609177,-0.902025856
20031110,-0.659198168,0.425840472,-0.724879616
20031111,0.14578228,0.349782682,-0.119118537
20031112,0.887599389,0.489429754,0.409701227
20031113,-0.317838964,0.415257097,-0.568746986
20031114,-0.880357827,0.429218376,-0.999808368
20031117,0.228233972,0.421211891,-0.093827498
20031118,-1.063195534,0.453859598,-0.889014476
20031119,0.593393515,0.389214533,0.620449792
20031120,0.013507125,0.891507485,-0.444714701
20031121,0.080721113,0.557127626,0.431267515
20031124,0.656003424,0.581995453,0.776963051
20031125,0.15993606,0.543961541,0.199960075
20031126,0.504984462,0.608310777,0.465024421
20031201,0.696592158,0.372646542,1.21229578
20031202,0.209150403,0.323875894,0.300791438
20031203,-0.607904608,0.304078595,-1.499830772
20031204,-0.039769338,0.250693125,-0.026514649
20031205,-0.265780887,0.378452862,-0.358637563
20031208,1.072502833,0.358048915,1.032574703
20031209,-1.015906884,0.428057563,-0.687197101
20031210,0.304777285,0.253115005,0.225180571
20031211,0.263852396,0.266402697,0.422498648
20031212,-0.065897861,0.187013763,-0.065897861
20031215,-0.483566256,0.54268524,0.630834002
20031216,1.5734022,0.427700748,1.534091448
20031217,0.450596192,0.26457842,0.437693799
20031218,1.162580964,0.612360235,1.124037892
20031219,0.088680566,0.622294833,0.304375631
20031222,0.380228595,0.299158483,0.101253015
20031223,0.588367243,0.229097492,0.271610564
20031229,0.486922742,0.144578405,0.875662338
20031230,0.57328173,0.22464357,0.223936396
20031231,0.049831819,0.266668481,-0.223936396
20040102,-0.881617801,0.622545666,-1.556451654
20040105,0,0.468225034,0.340974
20040106,0.101061151,0.220752887,-0.151400483
20040107,-0.012651022,0.191819615,-0.202224538
20040108,-0.025316456,0.183631409,-0.063279126
20040109,-0.813012608,0.363402152,-0.749733482
20040112,0.459301649,0.219167876,0.203873669
20040113,0.280755672,0.377950632,-0.114627791
20040114,1.180591307,0.385448759,0.976483569
20040115,-1.28166211,2.38046435,-1.193361883
20040116,0.405782956,0.520641492,0.915338199
20040120,0.879402652,0.344544712,1.17004543
20040121,2.198705173,0.650545635,2.348686454
20040122,-0.158953387,0.752095021,-0.158953387
20040123,-0.931151055,0.608997589,-0.589103324
20040126,1.322090502,0.417086833,1.211246227
20040127,-0.365186042,0.502003355,-0.280095172
20040128,-2.027719244,1.889899263,-1.784113764
20040129,-0.135894764,1.876145278,0.421209741
20040130,0.813513669,1.205819372,0.702189519
20040202,0.073628669,0.721249668,0.073628669
20040203,0.13504391,0.473010477,-0.012267681
20040204,0.712446202,0.9688135,0.232828976
20040205,0.403103215,0.439774142,0.403103215
20040206,0.886304594,0.496418168,0.849725919
20040209,-0.877626306,0.488463592,-1.277311935
20040210,-0.146986798,0.433265234,-0.122503997
20040211,0.820529985,1.069030639,0.501315472
20040212,-0.134647184,0.485936924,-0.427795067
20040213,0.122624172,0.966677881,-0.049007597
20040217,0.146591768,0.557276597,0.391389932
20040218,-0.196150608,0.720104476,-0.526284796
20040219,-0.306955855,0.791835755,-0.208832457
20040220,0.122940758,0.776259984,0.086042658
20040223,0.78316602,0.595295007,0.795451787
20040224,-0.012263168,0.706141355,-0.611323581
20040225,0.35519665,0.613432399,0.306128936
20040226,0.476744378,0.345064837,0.256426052
20040227,0.085433581,0.507727895,-0.03659206
20040301,-0.036529681,0.411059592,0.170648506
20040302,0.42509325,0.370219386,0.48596864
20040303,0.863174772,0.38285919,0.121124046
20040304,-0.303859243,0.307588305,-0.558389409
20040305,1.239986712,0.830597496,0.751883241
20040308,0.036401141,0.347854676,-0.411622857
20040309,-0.402758828,0.492740293,-0.803902015
20040310,-2.200608026,0.898675267,-2.18837935
20040311,-0.778018732,1.742094996,-0.778018732
20040312,0.574427154,0.536031824,1.164769885
20040315,-0.702197243,0.578692337,-1.051455425
20040316,0,0.620353716,0.85202871
20040317,-0.497204256,0.654888088,0.124688295
20040318,0.287626035,0.90063027,-0.2120627
20040319,-0.711480253,0.307277605,-0.312676135
20040322,-0.872263921,0.839951813,-1.349411989
20040323,-1.12709355,0.92352582,-0.305188436
20040324,-0.293124533,0.793013937,-0.216740061
20040325,1.351286584,0.592092179,1.733452654
20040326,0.576226071,0.271805516,0.425585822
20040329,0.333601347,0.289730523,1.253662544
20040330,0.90909717,0.400363644,0.859744917
20040331,-0.983050433,0.510494208,-0.970821757
20040401,0.270403311,0.583352092,0.603264372
20040402,-1.842803991,1.769925347,-1.011604975
20040405,0.927249025,0.91152833,0.753508599
20040406,1.017602112,0.512893765,0.882142452
20040407,-0.526413654,0.35003957,-0.624046075
20040408,-1.129123434,0.536817732,-0.553881655
20040412,0.821234008,0.271841402,1.104712352
20040413,-1.858858226,1.078592761,-1.773445494
20040414,1.054358958,2.085217042,-0.485770402
20040415,-0.286336953,0.898941669,0.149719304
20040416,0.384592001,0.612091847,0.683359807
20040419,0.518583703,0.756414086,0.543345372
20040420,-1.189900009,0.72159462,-1.23917323
20040421,0.571927457,1.416602908,0.571927457
20040422,0.888346373,0.9939385,0.925532614
20040423,-0.049121946,0.482666898,0
20040426,-0.233544449,0.244618122,-0.184422503
20040427,0.465744193,0.342531293,0.637882438
20040428,-0.615993078,0.373322697,-1.057170264
20040429,-0.667658267,2.357167215,-0.3838301
20040430,-0.248200673,0.911807003,-0.161400494
20040503,0.930470084,0.607514222,0.619350425
20040504,0.71411286,0.877677425,0.65235015
20040505,0.417793677,0.619877145,0.049061696
20040506,-0.993673559,1.042500305,-1.781563884
20040507,-1.377937231,1.58574697,-1.953802618
20040510,-0.269248191,1.831642104,-0.856508911
20040511,1.140380095,1.052279205,0.767365321
20040512,1.581358254,1.074227058,2.292291806
20040513,0.287230919,1.215531667,-0.149532738
20040514,-0.161923184,1.305338512,0.037404152
20040517,0.716668686,1.561437524,-0.499876072
20040518,0.744882401,0.494588182,1.28214864
20040519,-0.593033613,0.785532895,-0.185701075
20040520,0.616144894,0.361649925,0.863669773
20040521,0.012272197,0.415642771,0.110504032
20040524,-0.269179167,0.302213289,0.159401665
20040525,1.490923376,0.493391681,0.999642604
20040526,0.981647585,0.445221954,0.580553155
20040527,-0.531530606,0.893203818,-0.435098583
20040528,0.663572442,0.414727856,0.724116126
20040601,0.337593762,0.396227961,-0.096246398
20040602,0.446133253,0.397962898,0.048134778
20040603,-0.048175359,0.269338573,-0.132426432
20040604,0.335771991,0.523066016,0.62447663
20040607,1.04538847,0.404716896,1.296479652
20040608,-0.189978685,0.405609388,-0.568856713
20040609,-0.43000544,0.330015304,-0.715651909
20040610,0.828791674,0.355945061,0.792874284
20040614,-1.359255907,0.390795994,-1.960788348
20040615,1.265990872,0.562611676,2.026083812
20040616,-0.368631133,0.318765446,-0.380499865
20040617,0.047806861,0.331883066,-0.298276186
20040618,0.843586064,0.359165767,0.98686967
20040621,0.507525433,0.131315879,0.495693214
20040622,-0.248036506,0.484706881,-0.448378332
20040623,0.508485693,0.693313002,0.259832436
20040624,0.586856144,0.368412075,0.787174364
20040625,-1.041094014,0.439328591,-1.041094014
20040628,-0.129724648,0.414332922,0.206727577
20040629,-0.15354636,0.415816749,-0.165347859
20040630,0.200791422,0.948926899,0.177147965
20040701,-0.782922149,0.780063479,-0.924615407
20040702,0.190295015,0.633586086,0.226015679
20040706,-0.34579418,0.335028017,-0.524185141
20040707,0.333174987,0.3758267,0.547946576
20040708,-0.417786343,0.586387358,-0.691384325
20040709,-0.22617711,0.435109671,0.370127579
20040712,0.900586724,0.440194153,1.019691074
20040713,0.565106284,0.376697166,0.482495787
20040714,-0.390833683,0.775108597,-1.074073471
20040715,-0.748177589,0.504912693,-0.451951293
20040716,-0.059154098,0.508472536,0.72451175
20040719,0.669920822,0.34654713,1.024321666
20040720,0.129100423,0.816928255,-0.128933969
20040721,-1.806744547,0.579488395,-1.584144725
20040722,1.221190112,1.088598521,1.113887569
20040723,0.094317385,0.686841435,0
20040726,0.858879331,0.666361394,0.587476722
20040727,-0.223044056,0.455158293,-0.316808713
20040728,0.471532172,0.574348644,-0.070538446
20040729,-0.152698685,0.378028442,0.047031159
20040730,0.176668087,0.300845456,-0.10585123
20040802,0.974014624,0.343749229,0.761975435
20040803,0.408759693,0.289359066,0.198331746
20040804,-0.492380831,0.531426663,-0.830948663
20040805,-1.524221628,0.568372674,-1.301177572
20040806,0.05961252,0.941963919,-0.107213066
20040809,-0.095226766,0.214662356,0.083397872
20040810,1.183585837,0.508307716,1.207401032
20040811,0.904452046,0.341315836,0.621666421
20040812,-0.011726766,0.349768436,-0.292757396
20040813,-0.352361182,0.394091039,-0.328909024
20040816,1.344656332,0.308419585,1.297580892
20040817,0.727864111,0.275472103,0.890333684
20040818,0.665598051,0.289099138,0.642572492
20040819,0.365672902,0.259483591,0.274129241
20040820,1.01188971,0.303130007,0.829220404
20040823,-0.181056969,0.160497771,-0.124511873
20040824,0.440703578,0.207158477,0.452029247
20040825,0.124188557,0.184250228,-0.067674264
20040826,-0.395905726,0.211842889,-0.452335952
20040827,0.766719282,0.270290832,0.902635035
20040830,-0.492391326,0.598885941,-69.19124046
20040831,0.490415606,0.5779005,0.893461382
20040901,-1.8390801,1.302158949,-3.002143982
20040902,0.022802417,0.81175993,0.502858202
20040903,-0.867387314,0.427519808,-0.548698222
20040907,0.702871049,0.691196748,1.456557385
20040908,0.181529435,0.660317891,-0.339482051
20040909,0.248279103,0.472061327,0.565164837
20040910,0.742828402,0.546240768,0.517145616
20040913,0.044974141,0.340273804,-0.24699687
20040914,0.248167076,0.436001132,-0.225073244
20040915,-0.406596449,0.453021136,-0.451671951
20040916,0.045146728,0.180410664,0.293818722
20040917,0.392575234,0.44683549,0.797981194
20040920,-0.090130696,0.315174542,-0.685203467
20040921,0.718619755,0.410355653,0.741160046
20040922,-0.55634546,0.891992113,-1.749381558
20040923,-0.822861786,0.916312499,-0.788710724
20040924,0.867783477,0.770012481,0.9366145
20040927,-0.591313981,0.568918889,-0.318834249
20040928,-0.137236984,0.375344951,-0.342739968
20040929,0.045913683,0.661955145,-0.275040283
20040930,-0.82759093,0.809103799,-0.5754418
20041001,1.368946772,0.855366308,1.852540115
20041004,-0.180383363,0.515786215,0.407056193
20041005,0.694058535,0.559504442,1.144408316
20041006,0.709852138,0.435073214,0.932718288
20041007,0.220750642,0.532918699,0.242852531
20041008,-0.386463243,0.756588408,-0.342371531
20041011,0.132391899,0.304074194,0.342371531
20041012,1.083003181,0.534799726,0.308234502
20041013,-1.259824376,1.025350124,-1.1719316
20041014,-1.370962028,1.182078484,-1.727468644
20041015,1.072875736,0.643842959,1.771942739
20041018,0.579453371,0.537353455,0.044454324
20041019,-1.454978101,1.429313476,-1.454978101
20041020,-1.453249917,2.340974549,-1.430704545
20041021,0.227686801,1.976402494,0.570191988
20041022,0.022828444,1.66562126,-0.364548137
20041025,-0.160495277,1.139819338,-0.526377231
20041026,0.639855931,0.872243502,0.731599056
20041027,1.406875939,0.951488949,1.087459742
20041028,0.970333688,0.795704071,0.337420183
20041029,0.13434843,0.615579235,0.358664361
20041101,0.422082155,0.378357924,0.935418847
20041102,0.022145942,0.683332466,0.110778786
20041103,-0.240779366,0.898018818,1.035365566
20041104,1.132662948,0.819813736,1.176484158
20041105,-0.563748241,1.468532029,-0.390625497
20041108,0.152322954,0.511198857,0
20041109,-0.542594929,0.528797197,-0.087013275
20041110,0.238172679,0.656923658,0.629137556
20041111,1.345742834,0.501274958,1.906451657
20041112,0.974790512,0.658841511,0.61343397
20041115,0.296233818,0.351088012,-0.189973672
20041116,-1.211620731,0.846398476,-1.211620731
20041117,-0.918711728,1.009083794,-0.364221078
20041118,0.475060276,1.448538013,-0.365552498
20041119,-0.630231359,0.904576395,-1.191909224
20041122,1.372122148,0.651906667,0.781762939
20041123,0.779056093,0.463634027,0.345498076
20041124,0.625743761,0.5130229,0.215331694
20041129,0.194405505,0.907795332,-0.344679359
20041130,0.303030535,0.531797719,-0.151171609
20041201,1.452285198,0.807053744,0.431314018
20041202,0.021544759,0.682862691,-0.107654225
20041203,0.281172457,0.81615978,-0.258843975
20041206,0.929033365,0.46436387,0.43103515
20041207,-1.128729153,0.770901618,-1.494990469
20041208,0.065125369,0.69661245,0.587660849
20041209,0.325274059,0.48140633,0.238430805
20041210,-0.130662039,0.639131129,-0.651609604
20041213,-0.108754769,0.401528998,0.130662039
20041214,0.130890071,0.455809813,-0.174254019
20041215,0.457866275,0.217611792,0.217770121
20041216,0.544248649,0.682699841,0.195588457
20041217,-0.439561147,1.345526831,-1.443278935
20041220,-0.021975607,0.606546485,0.220022091
20041221,1.270306426,0.644400232,1.840108537
20041222,1.009567161,0.558022297,0.955609355
20041223,-0.25635562,0.329281752,-0.085524914
20041227,0.171453107,0.413140733,-0.107009106
20041228,0.81214381,0.304056952,0.597781456
20041229,0.256246136,0.282120149,-0.191754613
20041230,0.021319689,0.194943302,0.042643924
20041231,0.319932021,0.327117778,0.106530318
20050103,-0.40803235,0.895101803,-1.048923242
20050104,-1.279427623,1.21018856,-1.408626607
20050105,-0.836088479,0.773825824,-1.229703682
20050106,-0.441306983,0.839815198,-0.088417336
20050107,-1.266261504,0.946342662,-1.089504941
20050110,1.110382272,0.814771046,1.222101645
20050111,0.088554356,0.659446193,-0.198961047
20050112,-0.265957604,1.081931365,-0.288088842
20050113,-1.316836348,1.104560828,-1.228105198
20050114,0,0.710076681,0.760970548
20050118,1.365359242,1.677871691,1.921225042
20050119,-0.576242729,0.763318783,-1.609559607
20050120,0.9083922,0.887780351,0.774940223
20050121,-0.35413937,0.814500183,-0.530739857
20050124,0.221239028,0.724456405,0.332042364
20050125,0.483730055,0.537620711,0.748572408
20050126,0.174787023,0.513371632,0.481401367
20050127,-0.065868923,0.496109983,-0.613095855
20050128,0.57067758,0.516246538,0.350800623
20050131,0.84516702,0.513712395,1.412606343
20050201,0.666454149,0.359243806,0.709604096
20050202,0.558180925,0.510428402,0.085671455
20050203,-0.193944679,0.493421068,-0.752125604
20050204,1.202247199,0.53176916,1.072741461
20050207,0.06424671,0.354011717,-0.320615857
20050208,0.663742936,0.435220403,0.320615857
20050209,-0.921863105,0.359869177,-0.921863105
20050210,0.577109649,0.264365584,1.049822175
20050211,-0.213310661,0.38736119,-0.192000059
20050214,0.042643924,0.307158285,0.170684914
20050215,0.554018038,0.350250108,0.319251096
20050216,-0.021383513,0.438183075,-0.63952467
20050217,-0.880873673,0.551785864,-0.90226176
20050218,-1.237397749,0.667272493,-1.215820448
20050222,-0.74923224,0.5252664,-1.252901322
20050223,0.416256489,0.749202036,1.165488729
20050224,1.089335391,0.716103191,0.892377235
20050225,1.485655488,0.71354698,1.377254393
20050228,-0.021484585,0.659161127,-0.5357347
20050301,0.768741774,0.40922924,1.004818716
20050302,0.43010819,0.696029429,-0.87598039
20050303,-0.387597384,0.764160827,-0.537924912
20050304,0.406896375,0.297316674,0.944821287
20050307,-0.407682144,0.340247454,-0.600216164
20050308,0.010810226,0.703031888,-0.549777701
20050309,-1.02363956,0.639199618,-1.250900088
20050310,0.152721749,0.850561626,0.415074326
20050311,-0.239991388,0.701921618,-0.196399408
20050314,0.240253474,0.73833609,0.130975788
20050315,-0.361703688,0.577816851,-0.667581139
20050316,-0.888894742,0.564535603,-1.62731216
20050317,-0.245289453,0.568600031,-0.02232392
20050318,0.133600554,1.006047967,0.334336654
20050321,-0.741993286,0.949250757,-1.411788155
20050322,-1.702845097,1.07813577,-1.454901771
20050323,0.937900047,1.731468524,0.57084297
20050324,-1.044989064,0.858512081,-0.296431639
20050328,0.588769817,1.241892479,1.135343712
20050329,-0.998193406,0.815639253,-0.975617495
20050330,0.546449447,0.807277291,0.409556886
20050331,-0.113443007,0.837461294,0.022704053
20050401,-0.950018455,0.984652331,-0.113571846
20050404,0.567860697,1.365636938,0.340329313
20050405,-0.090232354,0.677801182,0.361745816
20050406,0.089726341,0.629537181,0.652347381
20050407,0.066867271,0.535565885,0.625840219
20050408,-0.924437168,0.624775144,-0.435438638
20050411,0.111172885,0.645277316,0.702461494
20050412,1.349428728,1.240256809,1.126959226
20050413,-0.618786505,1.110709292,-0.882813061
20050414,-0.735707253,0.933923403,-0.935418847
20050415,-0.631628538,1.904538224,-1.12512438
20050418,0.156687217,1.277220021,1.16986711
20050419,0.289758366,0.673037567,0.490853284
20050420,-1.525035163,1.336366113,-1.525035163
20050421,-0.022525059,2.10570211,0.315884739
20050422,0.293222269,1.587516349,0.022525059
20050425,0.223363953,0.979103312,0.941499893
20050426,-0.224215341,0.874351051,-0.604231446
20050427,1.323334328,1.055830328,0.73801073
20050428,0,1.183685839,-0.49140148
20050429,0.378240522,1.687171559,0.82506879
20050502,1.109150679,0.764304903,0.664013064
20050503,0.110314407,1.354131292,0.044111161
20050504,0.677524174,1.142741051,1.22727817
20050505,0.065452168,1.870179966,-0.130775956
20050506,-1.248510359,1.284039489,-1.052410503
20050509,0.658474723,0.66968759,0.746599867
20050510,0.11024144,1.03983949,-0.724561299
20050511,0.527357847,1.10660058,0.549391559
20050512,-0.352268088,1.056870676,-0.637574986
20050513,-0.949548925,1.802255245,-0.597280838
20050516,1.560985857,0.816076373,1.69402357
20050517,1.394965951,0.629314487,0.782272568
20050518,0.840069561,0.471223891,0.904983552
20050519,0.237043533,0.61570397,-0.343790627
20050520,0.193361324,0.323897446,0.279419849
20050523,0.171895186,0.398667252,-0.021466137
20050524,0.279179823,0.4093427,0.107284636
20050525,0.408998525,0.307072421,-0.17171071
20050526,-0.04280822,0.271602749,0.343127079
20050527,0.193153832,0.298646764,-0.149973247
20050531,-0.452051141,0.371907162,-0.623725003
20050601,0.715295127,0.734604388,-0.107933092
20050602,-0.129870148,0.265996979,-0.281172457
20050603,-0.08733625,0.544289751,-0.848292199
20050606,0.327403981,0.210500259,0.239991388
20050607,-0.195971756,0.482179315,-0.021793615
20050608,-0.217627942,0.482337371,0.043582481
20050609,0.587405148,0.747203853,0.434783294
20050610,-0.195461024,0.349093826,-0.217155351
20050613,0.261723159,0.534500859,-0.195843823
20050614,0.326690915,0.310596444,0.174102329
20050615,0.948896488,0.444509818,1.296194428
20050616,-0.322546242,0.422523518,-0.34401238
20050617,-0.534703445,0.946287805,0.429830879
20050620,0.622787367,0.376012119,0.171416369
20050621,0.76775809,0.297296346,0.76775809
20050622,0.084961772,0.516055292,0.063714561
20050623,-0.876167588,0.633004071,-1.088707519
20050624,0.36453348,0.809129898,0.278641269
20050627,-0.729930248,0.488055093,-0.665738527
20050628,0.107123738,0.326968867,0.622921142
20050629,0.341661661,0.361500454,0.448670767
20050630,-1.932532187,0.96581874,-2.810388162
20050701,-1.69663649,0.928296399,-1.346450095
20050705,-0.022175408,0.580558433,0.199800266
20050706,-1.001677824,0.347273739,-0.868699081
20050707,0.089545562,0.640905129,-0.022373867
20050708,0.867732667,0.478890621,1.001900844
20050711,-0.176834706,0.492732515,0.132831545
20050712,0.220848146,0.404011945,0.287197811
20050713,-0.043734967,0.577814566,0.856677397
20050714,-0.261609044,0.401168311,0.196656897
20050715,0.348584231,0.164709785,0.370411144
20050718,-0.419565593,0.493943512,-1.733069591
20050719,-1.021096552,0.477858227,-0.822135505
20050720,0.066897092,0.513020211,0.089206072
20050721,-0.581267007,0.461533492,-0.581267007
20050722,0.245618076,0.292197977,0.536673918
20050725,-0.569293272,0.33482035,-0.391040105
20050726,-0.067332513,0.254365155,-0.280253532
20050727,-0.767151777,0.257250304,-0.879473478
20050728,-0.181488253,0.242105279,-0.24946152
20050729,-0.890315206,0.363464344,-0.981183
20050801,-0.274536892,0.376418388,0.091680043
20050802,0.319052231,0.197197505,0.684934185
20050803,-0.342270728,0.343645816,-0.456101133
20050804,-0.205784913,0.376018027,-0.137236984
20050805,-0.898106209,0.353304459,-1.058454428
20050808,-0.927220366,0.387709799,-0.673090623
20050809,-0.186306528,0.295058389,-0.093196652
20050810,-0.954716764,0.906867655,-0.373657604
20050811,-0.140121462,0.549013339,0.116918054
20050812,-0.490712516,0.49750633,-0.233972966
20050815,0.837214193,0.583328797,1.141272432
20050816,0.458716401,0.972168629,1.197067701
20050817,-0.137111539,0.873793776,0.068626332
20050818,0.091428578,0.60345346,0.091428578
20050819,-0.844850327,0.386770313,-0.366216935
20050822,-0.045682961,0.559687478,0.366216935
20050823,-0.918490958,0.568753995,-0.964194798
20050824,-1.112152334,0.799925744,-0.996878546
20050825,-0.185657979,0.443253251,0.302431311
20050826,-0.349447065,0.496950904,-0.465658583
20050829,1.393427097,0.728820586,1.183171209
20050830,-0.60115788,0.60593937,-0.555043053
20050831,0.58282016,1.169323491,-0.232180276
20050901,0.162507291,1.631708127,0.208986492
20050902,-0.812540744,0.604403609,-0.488316283
20050906,0.694125878,0.584481587,1.089613191
20050907,-0.0923148,0.381713956,-0.138440262
20050908,-0.533087367,0.26409669,-0.648600838
20050909,-0.255784351,0.23255084,-0.186089842
20050912,-0.443874108,0.253728328,-0.560356358
20050913,-0.046871339,0.193682802,-0.117137181
20050914,-0.093764658,0.480438378,-0.046893319
20050915,0,0.459685294,0.21084698
20050916,1.615544022,0.457488266,2.198908178
20050919,-0.666133163,0.63761063,-0.666133163
20050920,-0.879838971,0.910246716,-0.902888412
20050921,-1.176484158,0.751010332,-1.759576189
20050922,-0.023693875,0.902198055,-0.118413276
20050923,0.118385239,0.857937205,0.142079115
20050926,-1.394656809,1.017144013,-0.593332701
20050927,-0.333413026,0.662752986,-0.214464517
20050928,-1.171001552,0.819552546,-0.766287275
20050929,1.338772087,1.170518266,1.218507491
20050930,-0.023727607,0.700196165,0.07121662
20051003,-0.993855791,0.843013235,-0.213802196
20051004,-0.547294644,0.892340265,-0.333492448
20051005,0.071488148,1.128525464,0.166885246
20051006,0.522442414,1.462920058,0.570072803
20051007,-0.612775898,1.005041561,0.189304363
20051010,-0.733817946,0.724054889,-0.497690327
20051011,-0.618754949,1.041691491,-0.476304782
20051012,-0.023869197,1.345060344,0
20051013,0.333651406,1.412229022,0.333651406
20051014,-0.261313844,0.757667432,0.023789699
20051017,-0.379867503,0.486308879,0
20051018,-1.194757342,0.489716532,-1.052137874
20051019,1.376386228,1.42838892,1.975549195
20051020,-0.826158364,1.366539504,-0.567243308
20051021,-0.118245254,1.078597466,0.165778605
20051024,2.002861548,0.814906108,2.592694566
20051025,-0.046307016,0.996945654,-0.439053276
20051026,0.301309766,1.221554725,0.069452486
20051027,-0.092614038,0.784926553,-0.092614038
20051028,1.167462041,0.616446851,1.767925739
20051031,-0.592661867,0.524385823,-0.456205171
20051101,-0.320513095,0.791503941,-0.297653339
20051102,0.682907275,0.635111298,1.071968299
20051103,-0.566573754,0.855096254,-0.181653093
20051104,0.203643016,0.722024845,0.54397233
20051107,0.112549252,0.505835438,0.473560475
20051108,-0.022530134,0.371177471,-0.157604446
20051109,0.134831481,0.531378127,0.337420183
20051110,1.490406856,0.548316719,1.692313823
20051111,0.452015543,0.276461072,0.363656801
20051114,0.681845818,0.469928657,0.362339128
20051115,-0.704538361,0.536564442,-0.792257665
20051116,-0.951650426,0.5654944,-0.642803942
20051117,0.752715531,0.556788897,0.81940443
20051118,-0.906862265,1.213375508,0.473074209
20051121,0.524935589,0.459340312,0.623668524
20051122,0.936519967,0.304664894,0.630642516
20051123,1.467124482,0.54169138,1.206651141
20051128,-0.897441921,0.395665715,-0.854888729
20051129,0.171159648,0.306074755,0.406983533
20051130,-1.266319211,0.734196321,-1.888171756
20051201,-0.565096048,0.418231504,-0.054475133
20051202,0.608432994,0.451492415,0.608432994
20051205,1.061190251,0.417825277,0.561677865
20051206,-0.323380685,0.719045948,-0.237248035
20051207,-0.825015535,0.616346458,-0.954661188
20051208,-0.141898185,0.975481869,-0.207321805
20051209,0.305343749,0.657501304,0.316266145
20051212,-0.501472761,0.409713122,-0.370896029
20051213,1.9751049,0.909619914,1.690547414
20051214,0.385356932,0.391201513,0.578593707
20051215,-0.021415569,0.40459961,-0.235319394
20051216,-0.063850167,0.396022952,0.597909106
20051219,-0.235925042,0.761101451,-0.855254304
20051220,-0.064219204,0.351936132,0.278760768
20051221,-0.470488464,0.615293509,-0.107123738
20051222,0.277511118,0.501605347,0.555794505
20051223,-0.085142619,0.249731977,0.106530318
20051227,-1.216534051,0.364357581,-0.833961853
20051228,-1.053433368,0.497476958,-0.646275408
20051229,-0.302506713,0.430674076,-0.129757804
20051230,0.151992213,0.48390814,-0.260021815
20060103,1.594554626,1.057086768,2.157083154
20060104,-0.897633725,0.476531232,-1.099557382
20060105,0.128727759,0.748868078,0.128727759
20060106,-0.51413995,0.748965693,-0.171673862
20060109,-0.300107406,0.290363849,0.042946103
20060110,-0.636429525,0.470473952,-0.808324712
20060111,0.108495183,0.62294327,-0.205817112
20060112,-0.934687818,0.298153012,-0.696411955
20060113,-0.087317185,0.379992049,0
20060117,-0.088144563,0.602063432,-0.943506725
20060118,-0.132479595,1.349055278,-0.220701921
20060119,-0.530387984,0.734905025,-0.287642637
20060120,-2.171808187,0.802914811,-2.127501585
20060123,0.938114648,1.529161098,-0.613011342
20060124,0.362319237,1.106718221,0.748727264
20060125,1.103739102,0.987274819,0.900096086
20060126,-0.088928418,0.652413551,0.714288751
20060127,-0.245289453,1.084710797,-0.378830537
20060130,-0.740162625,0.527837014,-0.829508175
20060131,-0.990329948,0.73912271,-0.473881063
20060201,-0.329339915,0.342774211,-0.578462454
20060202,-1.098157913,1.005648937,-1.10953383
20060203,-0.602271915,1.195402292,-0.994112915
20060206,-0.27624327,0.372862585,0.786858955
20060207,-0.229621226,0.79850502,0.27624327
20060208,0.263716257,0.62715505,0.378592777
20060209,0.125635331,0.42810947,0.320110025
20060210,0.387641575,0.928712301,0.307710084
20060213,0,0.60004329,-0.547696485
20060214,0.567602841,0.810056191,1.069772351
20060215,0.63334299,1.569034026,0.406688315
20060216,0.651175536,0.320500624,0.741326545
20060217,-0.223563697,0.497701665,0
20060221,-0.358583979,0.509990078,-0.313831237
20060222,1.385187474,0.499668508,1.182917487
20060223,0.309324153,0.823336611,0.575222825
20060224,1.100121106,0.54933297,0.812923295
20060227,0.326690915,0.340962292,0.632568365
20060228,0.174634404,0.501042347,-0.304878285
20060301,0.527821766,0.491027023,-0.568680448
20060302,-0.199093086,0.610070709,-0.947665494
20060303,0.243713425,0.537121445,0.066408414
20060306,0.287833698,0.635926673,0.088476007
20060307,1.102790179,0.762107349,0.792781074
20060308,0.614576122,0.616872559,0.240990367
20060309,-0.328767419,0.288086112,-0.328767419
20060310,1.049419338,0.577324929,0.939589563
20060313,-0.021760418,0.299514041,-0.065267053
20060314,0.585240643,0.314391093,0.693995412
20060315,0.843339413,0.370433488,0.366735391
20060316,0.536424417,0.305106648,0.622519988
20060317,-0.149142459,0.289918194,0.363131874
20060320,0.427259783,0.322557127,0.021319689
20060321,-0.450209786,0.383963223,-0.791871447
20060322,0.897825612,0.320701889,0.962265524
20060323,-0.320547341,0.366913086,-0.576247459
20060324,0.277511118,0.227341704,0.405853382
20060327,0.064095718,0.231900222,-0.192041028
20060328,-1.186765466,0.79437842,-1.614848311
20060329,-0.390625497,0.907956308,-0.17379974
20060330,-0.48150673,0.865179043,-0.895495773
20060331,-0.438308832,0.581799969,-0.109757447
20060403,-0.371463335,0.67589703,0.3289116
20060404,1.129710038,0.558034261,1.32653897
20060405,0.733077884,0.708444499,0.560104868
20060406,-0.32428955,0.561288298,-0.79801998
20060407,-1.022526042,0.904623821,-0.979226626
20060410,-0.458566149,0.425682436,-0.087508209
20060411,-0.32840752,0.773131493,-0.197173905
20060412,0.240832081,0.636877158,0.284682115
20060413,0,0.472868581,0
20060417,-0.547946576,0.380395334,-0.504221171
20060418,1.115863236,1.03170479,1.005912702
20060419,0.369927524,1.090431657,0.173913087
20060420,-0.495850967,1.302856806,0.498321907
20060421,0.277985852,0.394481509,1.203022028
20060424,0.489727371,0.267562604,0.53242592
20060425,0.19122496,0.470882046,0.063701032
20060426,1.328713,0.4403843,1.307483831
20060427,3.270835975,1.393790811,2.829890378
20060428,1.94220145,0.764529076,1.636234868
20060501,-1.34325102,0.933034346,-1.483601921
20060502,0.40518694,0.713178655,0.577889782
20060503,0.162238932,0.611537532,-0.222649621
20060504,0.784002408,0.381536809,1.188451897
20060505,0.935609492,0.721792817,1.05568155
20060508,-0.199401861,0.237371172,-0.735809226
20060509,0.099730735,0.297717129,0.119688823
20060510,0.2794413,1.082875743,0.019934217
20060511,-0.64205678,0.550291976,-0.981480087
20060512,-0.607904608,0.895847875,-0.970881413
20060515,1.096012595,0.99275231,0.688680056
20060516,0.100755676,0.574502444,0.221796643
20060517,-1.605105257,1.225125413,-2.312536201
20060518,-0.807708647,0.867263424,-0.879877319
20060519,-0.18631617,1.158064163,0.352880491
20060522,0.041425021,1.585401288,0.062143969
20060523,-1.051664502,0.739940348,-0.103594747
20060524,0.43473829,1.782226542,0.351785153
20060525,0.409417153,0.705978233,1.109296502
20060526,0.976411337,0.424938858,0.915105522
20060530,-0.98080067,0.480480702,-1.427139411
20060531,0.082695891,0.904879348,-0.638584928
20060601,0.617921637,0.340843204,0.638584928
20060602,0.071084034,0.760348342,1.133185522
20060605,-0.959876664,0.778677028,-1.071602845
20060606,-0.523911004,1.756322228,-0.380365403
20060607,0.69858513,1.085380235,0.605844642
20060608,0.757501831,2.364697681,0.388270642
20060609,-0.14339857,0.937697896,-0.511196288
20060612,-0.781736135,1.004558472,-0.740744128
20060613,-2.332283465,2.859896792,-2.891464792
20060614,-0.747786841,2.24565089,-0.875419277
20060615,2.196034196,1.009020469,2.645376987
20060616,-0.420168685,0.53262158,-0.796816965
20060619,-1.03409173,0.99825825,-0.760781353
20060620,0.127551038,1.055063528,-0.148604209
20060621,0.572459954,0.763332655,0.487444008
20060622,0.506009935,0.628161083,0.527149349
20060623,0.042185194,0.912970586,-0.273770835
20060626,0.274175011,0.441694047,0.12644891
20060627,-0.316556136,0.500457874,-0.35868801
20060628,0.547024297,0.694088347,0.737078203
20060629,1.848251138,2.252408737,1.953105924
20060630,-1.611272207,0.95940662,-1.200594011
20060705,0.759991334,0.555678009,0.122850138
20060706,0.367647473,0.688790412,0.367647473
20060707,-0.092198951,0.754020865,-0.541729745
20060710,0.061056275,0.294275724,0.745395803
20060711,0.366898088,0.58510481,0
20060712,-1.268689004,0.668448529,-1.207669984
20060713,-1.222179895,1.550902729,-1.201588934
20060714,0.643756766,1.099049893,0.685432115
20060717,0.238750308,1.016389574,-0.176101977
20060718,0.455770418,1.609351793,0.320894639
20060719,2.001077383,1.026523254,3.233632017
20060720,-0.442478598,0.529111243,-0.723039904
20060721,0.619939992,0.468776328,1.102547001
20060724,0.87354139,0.478187367,0.853603198
20060725,0.275807897,0.518162733,0.473280315
20060726,0.728134674,0.661232654,0.333890127
20060727,-0.469025679,0.504117422,0.097991189
20060728,0.972581096,0.597363072,1.187824306
20060731,-0.329745231,0.401225628,-0.3684674
20060801,0.36939869,0.33555271,0.116504868
20060802,0.598284135,0.236261744,0.850246668
20060803,0.182982668,0.395337854,-0.009621398
20060804,-0.419928084,0.650059237,0.604347372
20060807,-0.057487785,0.292865159,-0.210627172
20060808,-0.536297014,1.043573816,-0.191864986
20060809,-1.465227679,1.067523504,-1.120135312
20060810,0.35019491,1.025542382,0
20060811,0.097361511,0.696853315,-0.213862238
20060814,-0.992902151,0.579171835,-0.52688189
20060815,0.673403218,0.411551626,2.014400867
20060816,0.373724741,0.45941217,0.239406387
20060817,0.153521427,0.352577752,-0.239406387
20060818,0.515612715,0.319886238,0.668898815
20060821,0.209863666,0.174959159,-0.05715919
20060822,0.038109757,0.348874082,0.038109757
20060823,-0.038109757,0.284094514,-0.038109757
20060824,0.095210899,0.284343906,0.133320656
20060825,-0.095849715,0.327169276,-0.764237575
20060828,0.230149699,0.223873995,0.115008638
20060829,0.133830438,0.503921545,0.267840221
20060830,-0.30899986,0.246898541,-1.230311559
20060831,-0.658279241,0.181785643,-0.426439879
20060901,-0.347893664,0.347165791,0.329681284
20060905,0.309478003,0.282347577,0.251377876
20060906,0.252109122,0.305426096,-0.290107543
20060907,-0.193986482,0.613758302,-0.252109122
20060908,-0.038692204,0.433228492,0.34890518
20060911,-0.04884005,0.565320341,-0.981972793
20060912,0.796198011,0.386045729,1.020664997
20060913,0.560550419,0.273659239,0.347557793
20060914,0.618239991,0.227206041,0.077071295
20060915,-1.082763865,0.416254788,-0.928799247
20060918,0.813957982,0.459632783,0.71671009
20060919,0.30792942,0.573964508,0.442947282
20060920,0.611388989,0.538035867,0.880051595
20060921,-0.74378144,0.391738968,-0.496468463
20060922,0.24830497,0.365236594,0.343971293
20060925,0.520267928,0.534122371,1.090937158
20060926,0.958203668,0.530033113,0.911018275
20060927,-0.131418399,0.860611227,-0.468560505
20060928,0.355639121,0.783613789,0.543326864
20060929,0.055975372,0.421518054,0.168020202
20061002,0.186636859,0.400611362,0.037299516
20061003,1.499056479,0.623174267,1.499056479
20061004,1.007980678,0.482648866,0.732067691
20061005,-0.110031187,0.661916306,-0.621915302
20061006,-0.184162115,0.768984296,-0.459770925
20061009,0.810317509,0.509650223,0.496461441
20061010,0.109930388,0.440059257,0.164940934
20061011,-0.369549571,0.723519417,-1.08626678
20061012,-0.110456565,0.369731424,0.498569955
20061013,0.349940499,0.579497977,0.184026552
20061016,-1.073885528,0.421653072,-1.239494178
20061017,0.616882038,0.680506693,-0.111752666
20061018,-0.20421431,1.02054118,0.27914785
20061019,0.18796998,0.77584952,-1.046151891
20061020,0.51433227,0.799881791,0.664454272
20061023,0.654758676,0.538552977,0.046626569
20061024,-0.074850303,0.431294412,-0.392340531
20061025,0.81845695,0.486478926,1.042839991
20061026,0.351299243,0.427923736,0.369822907
20061027,-0.500975164,0.511605495,-0.778214044
20061030,0.595239853,0.31863174,0.297177039
20061031,-0.537187547,0.451160817,-0.148478127
20061101,-0.650862363,0.72624875,-0.446761726
20061102,0.31808428,0.495882776,-0.130682367
20061103,-0.168208618,0.327643829,-0.130853369
20061106,0.964041578,0.312387991,1.374719773
20061107,0.349811643,0.330429553,0.386705205
20061108,0.421902855,0.527918095,0.403522191
20061109,0,0.344136376,-0.201557558
20061110,0.457582934,0.430794513,0.439239359
20061113,-0.165061936,0.259369838,-0.512633858
20061114,0.566677323,0.620558182,0.695082367
20061115,-0.51254002,0.349237827,-0.676728691
20061116,0.328347613,0.185996738,0.76782827
20061117,-0.018233203,0.129531356,-0.12756266
20061120,0.182149413,0.261737105,0.200382616
20061121,-0.583092031,0.304831087,-0.419440754
20061122,-0.036583136,0.254157391,-0.109709281
20061127,-1.161410419,0.474258282,-1.161410419
20061128,0.554837747,0.941296886,0.536293472
20061129,-0.129569662,0.420389326,-0.425099984
20061130,-0.296626098,0.79388432,-0.241075685
20061201,-0.633621203,1.377655415,-0.689336684
20061204,0.266311742,0.729668386,-1.601843353
20061205,0.265503664,0.558232755,0.30349037
20061206,-0.416983167,0.408275077,-0.284495213
20061207,-0.256886112,0.454848175,-0.313882409
20061208,-0.675352302,1.271740416,-1.603721892
20061211,1.283665486,0.681746054,1.68942394
20061212,0.636611965,0.546923776,0.493734387
20061213,-0.244475909,0.712133972,0.60434556
20061214,0.075301208,0.999683953,0.05647059
20061215,0.206475906,0.594421158,0.356908428
20061218,0.420109846,0.375968368,0.635516158
20061219,0.373762349,0.738139043,-0.111856835
20061220,-0.037250885,0.346061686,0.130487482
20061221,-0.763149353,0.345646286,-0.298507684
20061222,-0.532736434,0.668257839,-0.308772175
20061226,0.653292104,0.512401609,0.737597294
20061227,-0.213486877,0.355564342,0.111565649
20061228,-0.279251787,0.453554037,-0.316426509
20061229,-0.65451379,0.620265221,-0.635872724
20070103,0.084431733,1.371718905,0.037516414
20070104,0.767004041,1.110246877,0.635634969
20070105,-0.71161349,0.915078479,-0.842149639
20070108,0.694642801,0.660622998,0.450028886
20070109,-0.056080009,0.772868777,0.056111476
20070110,0.608359778,0.979952139,0.196142593
20070111,-0.412217185,0.358538167,-0.608359778
20070112,0.187441479,0.309582279,0.262516558
20070116,-0.037418148,0.154070986,0.074878326
20070117,-0.355772307,0.539027774,-0.243559839
20070118,-0.29996273,0.464035886,-0.093835045
20070119,0.29884221,0.549022064,0.673655242
20070122,0.111898557,0.64714512,0.055933627
20070123,-0.056248244,0.904953457,-0.616997377
20070124,-0.506235261,0.860073971,-0.225309896
20070125,-1.477019845,0.639679408,-1.477019845
20070126,-0.937357413,1.760913483,-0.746772259
20070129,-1.024658554,0.696767952,-1.101566845
20070130,1.371604619,0.60237544,1.27439454
20070131,1.033106568,0.935228946,0.8026032
20070201,0.227186769,0.386212193,0.645041129
20070202,-0.151543882,0.307507499,-0.246142319
20070205,0.265101462,0.3236983,0.246142319
20070206,0.839825649,0.523952231,0.622115306
20070207,-0.037495314,0.237530842,0.2252676
20070208,0.018756448,0.458330966,-0.01875293
20070209,-0.808199118,0.485033047,-0.620827881
20070212,-0.301148355,0.303976711,0.113164856
20070213,1.047129987,0.350759905,1.329483115
20070214,0.463607692,0.509168177,0.537984787
20070215,-0.111317266,0.346401823,-0.333580739
20070216,0.715184398,0.290109069,0.28731657
20070220,0.278061167,0.341562518,-0.009255403
20070221,0.31577996,0.279247025,-0.185288176
20070222,-0.390371348,0.367936645,-0.427470217
20070223,-1.567297813,0.485816613,-1.557985526
20070226,-0.604573918,0.488128514,-0.170406176
20070227,-2.952243927,11.03955168,-3.942539584
20070228,0.17718284,3.084030584,0.216599474
20070301,0.258372399,2.834520084,-0.90891754
20070302,-0.199880139,1.096806848,-0.797134552
20070305,-0.040330712,1.660223592,-0.80353988
20070306,1.671403197,1.262808636,2.784587234
20070307,-0.826776363,1.151497623,-0.767947064
20070308,-0.334481374,0.83759566,0.296062587
20070309,-0.411402285,0.888015853,0.393391538
20070312,0.274402367,0.642405613,0.294031379
20070313,-2.615180477,1.46755572,-3.282897019
20070314,0.493579446,4.017007417,0.645163528
20070315,0.922589777,1.856781922,0.660993894
20070316,-1.251580793,0.868748632,-0.932664836
20070319,0.757277433,0.637981364,1.490102075
20070320,0.810681652,0.383756095,0.810681652
20070321,2.046655593,1.804577255,2.046655593
20070322,-0.511608819,1.031680101,-0.318856254
20070323,-0.01933488,0.876787714,0.096730516
20070326,-0.096965003,1.179967391,-0.338966961
20070327,0.551231994,0.665720428,0.590029279
20070328,-1.40957698,2.192390403,-2.193818788
20070329,0.372148113,1.33742669,0.844218227
20070330,-0.303371569,1.925366877,-0.264278527
20070402,-1.515329596,1.117221845,-1.153347104
20070403,0.49285462,0.437721342,0.829388641
20070404,-0.235710186,0.670744482,0
20070405,0.255930842,0.466926177,0.01966375
20070409,-0.078600908,0.282538194,0.019659884
20070410,0.313602766,0.402347291,0.451113837
20070411,-1.162002243,0.648854509,-1.220727898
20070412,-0.099413469,0.455681963,-0.416874053
20070413,0.377396416,0.384614872,0.337603339
20070416,0.724711819,0.758221993,1.573596593
20070417,0.038978757,0.551487313,0.156006272
20070418,1.06641825,1.041699776,1.027439493
20070419,-0.411886431,0.965855254,-1.888501564
20070420,-0.351837736,1.254572401,0.372732163
20070423,-0.994347351,1.229051685,-1.053107513
20070424,0,0.997560741,0.247047905
20070425,0.518769822,0.663155448,1.089581331
20070426,-0.805268026,0.552718118,-0.990932808
20070427,0.088683062,0.70615251,0.108401095
20070430,-0.147369482,0.570785764,0.177130532
20070501,-0.411523215,0.776567682,0.137551604
20070502,0,0.375522838,0.18637506
20070503,0.117141755,0.451905506,0.44979053
20070504,-0.467108673,0.431481982,0.019510292
20070507,-0.174978172,0.183442517,0.253288007
20070508,0.340782181,0.299176655,0.097247893
20070509,0.13614706,0.63077657,0.019438235
20070510,-1.705422104,0.693129102,-1.705422104
20070511,0.255478178,0.522034967,0.728851843
20070514,-0.628192093,0.497316906,-0.334218339
20070515,-0.019613612,0.718829327,0.393082267
20070516,-0.195388886,0.549359309,0.293801014
20070517,0,0.34063182,-0.019559902
20070518,-0.039009168,0.231640893,0.273491087
20070521,-0.156067141,0.214595086,-0.078064016
20070522,0.623297694,0.504912737,0.54517269
20070523,-0.679284514,0.372170282,-0.29168713
20070524,-0.410196883,0.622451194,-0.507615303
20070525,-0.058565155,0.449464329,0.234604213
20070529,-0.058553725,0.481373428,0.01952553
20070530,0.354820006,0.343660911,-0.784010288
20070531,-0.550748835,0.456403837,-0.236406729
20070601,-0.432560643,0.420808001,0.098570732
20070604,0.118087004,0.188722449,0.17718284
20070605,-0.039455514,0.255419215,-0.315209087
20070606,-0.396825918,0.211021854,-0.752627835
20070607,-1.079578658,0.566872423,-1.09946135
20070608,0.608936246,0.611186647,0.980105856
20070611,-0.119832249,0.410288176,-0.398883656
20070612,-0.321672975,0.682786107,-0.762290552
20070613,0.888096442,0.451743358,1.340154071
20070614,-0.58756331,0.413959709,-0.537903478
20070615,-0.099710847,0.299091929,0.119784402
20070618,-0.220154197,0.171798563,-0.419874655
20070619,0.754570697,0.517918662,1.274156198
20070620,-1.588911283,0.694689698,-1.194044037
20070621,-0.220154197,0.596797244,-0.080112161
20070622,-1.740582296,0.561449971,-1.880933196
20070625,-0.652797096,1.286562474,-0.245298569
20070626,-0.694163669,1.252642643,-0.102385593
20070627,1.216846141,1.009348622,0.785678242
20070628,0,1.035947787,-0.193295752
20070629,-0.754412794,0.749474212,-0.489996897
20070702,0.162337698,0.4494223,0.937061247
20070705,-0.444624823,0.263781101,-0.363930851
20070706,-0.416392213,0.337350505,-0.487310609
20070709,-0.673815719,0.282507734,-0.653463628
20070710,-0.577321191,0.722495717,-0.926218415
20070711,0.536636995,0.960884947,0.453889783
20070712,1.382135823,0.535424627,1.956850049
20070713,-0.101020314,0.570994398,-0.141399882
20070716,0.485241551,0.529641778,0.222110137
20070717,0.190849337,0.442901644,0.492933949
20070718,-0.384421313,1.839267109,-0.998445085
20070719,-0.829208917,0.969282141,-0.182611393
20070720,-1.948579754,1.447868572,-1.968890509
20070723,-0.920521575,0.382125747,-0.331950512
20070724,-1.232827373,1.549846881,-2.015181544
20070725,1.006508812,3.527199481,1.61955375
20070726,-0.336700655,3.022767336,-1.027585848
20070727,-0.315956029,3.47541249,-0.084352599
20070730,-0.449251134,1.682264186,0.735683823
20070731,-1.465994841,2.186116437,-0.735683823
20070801,0.801016087,3.673890944,0.484058611
20070802,0.335289501,1.509632281,0.356282468
20070803,-1.719360957,2.231966147,-1.698442643
20070806,2.119479192,4.406569011,2.448758793
20070807,1.823506806,6.662345202,1.115022909
20070808,1.277519149,3.886113995,1.891645951
20070809,0.68372793,9.150531618,-2.447603318
20070810,0.825939033,11.0226842,0.4121168
20070813,-1.393179674,2.494070191,-0.329557456
20070814,-1.453815845,2.675548277,-1.391941036
20070815,0.874641144,5.588358669,0.895559458
20070816,4.14525011,9.340054735,4.083028808
20070817,0.387222168,11.02322249,2.961290999
20070820,-1.143312522,4.532868897,-0.853876719
20070821,1.136821338,2.674855675,0
20070822,-0.241697802,1.769201774,0.670133135
20070823,-0.327458638,2.343975385,0.33821359
20070824,0.260605331,1.313931668,0.077145616
20070827,-1.600658809,0.748228633,-2.045061047
20070828,-1.63610992,1.016585044,-2.208385779
20070829,1.354332591,1.226854348,1.675682536
20070830,0.059814577,1.369151072,-0.754570697
20070831,-0.845047772,1.66013624,0.991678099
20070904,0.904627605,0.963471376,0.805901168
20070905,-0.579364322,0.933819678,-2.317164768
20070906,-0.621306739,0.817829952,-0.341194511
20070907,-0.346338331,1.487178771,-1.498914026
20070910,-0.55029182,1.815933736,-0.142959281
20070911,0.882940734,1.469947158,1.127888805
20070912,0.020253165,0.956606951,-0.212410943
20070913,0.261018118,0.709008475,0.987413564
20070914,0.662453492,0.784178253,0.220330585
20070917,-0.644384026,0.547167874,-0.965025583
20070918,3.032036485,3.477959504,3.435262838
20070919,-1.071195363,1.50735402,-0.312805729
20070920,-0.452355969,1.389792091,-0.667978908
20070921,-0.17559267,0.96003106,0.94173739
20070924,-1.100856409,0.738355728,-1.218089717
20070925,0.049758671,1.131399224,-0.664388383
20070926,0.168843463,1.339685243,0.258346726
20070927,0.178023981,0.814450842,0.425806456
20070928,-0.792711246,0.45345603,-0.674204418
20071001,1.012214656,1.483284611,0.753224572
20071002,1.265470017,1.099460063,2.052256137
20071003,1.005616674,0.806093843,0.540228981
20071004,0.8235228,0.430390701,0.881231756
20071005,0.228093617,0.485587442,0.456708691
20071008,-0.161989649,0.356080755,-0.456708691
20071009,0.285415473,0.648051927,0.380735278
20071010,-0.30566458,0.472005192,-0.695936838
20071011,-0.142959281,1.926137174,0.30566458
20071012,-0.793844731,0.79472252,-0.679460961
20071015,-0.861365113,0.957059111,-1.217288725
20071016,-1.640839423,1.072016317,-2.499884143
20071017,-1.359754959,2.409477233,-0.269447795
20071018,1.301267974,3.706160951,-2.642790369
20071019,-2.265502691,1.649399792,-2.409254641
20071022,0.850711427,2.666478921,0.503251219
20071023,-0.646846283,1.171546983,-0.083699524
20071024,0.063204469,3.897751432,-0.608925766
20071025,-1.037156085,4.222450186,-1.016096803
20071026,0.909715062,3.263043648,2.178231015
20071029,-0.70642305,1.399511953,-0.15625817
20071030,0.083437635,1.27084272,0
20071031,0.186663955,4.399909923,0.623573004
20071101,-2.698490775,3.068742269,-5.45047623
20071102,-1.528257989,5.965377911,-1.255108406
20071105,0.485520064,8.482256208,-1.653299499
20071106,2.082024266,3.13920091,2.733199801
20071107,-3.943406925,4.26332372,-5.311779633
20071108,-0.606930005,11.1097587,0.622193504
20071109,2.713949119,10.89189494,0.812222048
20071112,0.524217725,6.145748144,0.238975932
20071113,3.374502741,6.26119639,5.031532144
20071114,-2.625049461,5.404185108,-1.261709146
20071115,-2.803243469,4.602255173,-3.418089499
20071116,-0.202908423,4.592707681,0.373071486
20071119,-2.559807704,4.078301496,-3.443866505
20071120,0.28103063,9.569340242,-0.1168634
20071121,-0.852883635,7.584320445,-1.721943714
20071126,-2.955068162,3.876984775,-3.071010204
20071127,2.164281137,6.585224286,2.65298823
20071128,3.076469723,5.927125992,4.371285501
20071129,-0.31305929,4.576153687,-0.536074547
20071130,-0.755535164,3.988228207,3.304265363
20071203,-1.755291728,3.210091524,-1.506414252
20071204,-0.357382556,1.743292429,-1.708305548
20071205,1.828367543,3.01377422,1.267387726
20071206,2.032255365,3.510649165,1.578287913
20071207,-1.726630153,2.292606621,-1.357585992
20071210,2.362229246,5.242144159,2.889934956
20071211,-4.473449218,8.445915637,-4.602039034
20071212,-4.587135113,11.18833047,-2.566864381
20071213,0.65207497,5.905466559,-0.878212254
20071214,-0.591507699,3.851926499,-2.206144391
20071217,-0.598016374,3.145985746,-1.097601093
20071218,-1.649374071,3.401101577,-0.45689631
20071219,0.096223245,5.065654884,0.240731941
20071220,-1.057193893,2.478036737,-0.457887292
20071221,0.549123977,1.72095416,1.438873745
20071226,0.712253723,0.903793968,-0.023654642
20071227,-1.259084923,0.959579084,-1.995168028
20071228,-1.606217733,1.462337563,-0.884800633
20071231,0.609386407,2.050395489,0.194599915
20080102,-1.783798062,3.133776647,-1.444156784
20080103,-0.790713287,2.182687215,-0.618278215
20080104,-0.400701763,1.503391467,-1.147717189
20080107,-0.100200409,4.081011942,0.125391866
20080108,-3.975218268,7.837887366,-3.975218268
20080109,1.011550578,8.753506553,1.050661458
20080110,2.732128701,16.0437765,1.485683064
20080111,-2.362719051,13.82425969,-2.184896065
20080114,0.961114594,3.087001076,1.866566389
20080115,-1.924017207,4.598182725,-3.556968954
20080116,2.012350672,8.888874477,2.131217489
20080117,-5.222016943,8.148620055,-4.538716405
20080118,-2.38530843,11.67727759,-2.453017824
20080122,11.89182233,56.92875169,3.864426428
20080123,10.02521222,22.35609497,7.97551802
20080124,-1.71838371,10.89488315,-1.891074021
20080125,-2.154931796,6.362907126,-0.832392245
20080128,3.96091381,5.1390056,4.264404179
20080129,0.262561316,4.620454484,1.804017656
20080130,0.832842411,8.609591772,0.594178813
20080131,5.960600365,9.932150681,4.528594988
20080201,2.13132016,4.281135721,2.006681313
20080204,-1.802256486,3.121790154,-2.381064869
20080205,-1.661051175,5.674131074,-3.704985
20080206,-1.092907053,5.327881216,-0.177085224
20080207,2.993675384,9.039583915,2.531780798
20080208,-2.32105133,5.623768909,-2.898753687
20080211,-1.321085503,5.849360222,-0.118666206
20080212,1.268218031,6.405573759,1.742040287
20080213,0.671221129,3.883201048,1.160105818
20080214,-2.632500658,4.751854906,-2.747907479
20080215,1.167259613,4.860938113,1.131687193
20080219,-1.037607677,3.730649377,0.023441163
20080220,2.161738315,5.862034025,0.828621185
20080221,-2.332638144,3.035803382,-2.019321961
20080222,0.966418836,4.204648393,1.108632654
20080225,1.629865475,10.24202816,0.840929973
20080226,0.035118525,3.732051542,-0.630033586
20080227,1.24341778,3.854890261,0.397150388
20080228,-2.713160235,2.75246292,-3.415081695
20080229,-3.146549688,3.465100107,-4.238131175
20080303,-1.242882201,4.994287564,-1.394015731
20080304,0.206451686,7.158644515,-1.000393106
20080305,-2.485171616,9.521193501,-3.235595631
20080306,-1.440829602,4.827262502,-2.794646941
20080307,1.923136193,13.86315312,0.627816993
20080310,-4.09069166,8.786636959,-3.954729709
20080311,1.739174271,14.04899519,6.506916588
20080312,-1.605600454,9.495288191,-1.685207729
20080313,1.848883553,18.61565772,0.134789076
20080314,-4.574260387,26.48796897,-3.956560021
20080317,4.547529765,31.80173956,0.865081438
20080318,4.421772948,17.74985906,7.620952133
20080319,-1.646127705,13.43618217,-0.723517368
20080320,7.252961369,8.822563712,8.259291626
20080324,1.698075594,6.33469251,1.387182123
20080325,-1.428768705,9.075479519,-3.510814053
20080326,-0.426119206,4.51140489,-2.945392969
20080327,-4.082199452,8.666608934,-2.983012767
20080328,-2.439778426,4.66897811,-1.512414748
20080331,-0.38180548,7.457020955,-0.408083236
20080401,3.618610655,4.419328752,7.35990519
20080402,-1.391048466,6.110919982,-1.146250302
20080403,1.77260914,5.501425203,0.18577007
20080404,-2.059339475,3.880893944,-2.505768788
20080407,-0.920155229,3.02210787,0.190126174
20080408,-1.768358439,3.178351125,-2.799361017
20080409,-1.918993683,2.551210871,-1.205307399
20080410,-0.45003385,3.646742783,-0.647936151
20080411,-0.391601338,3.413612802,-1.969385104
20080414,-2.182309137,2.305056629,-3.7917274
20080415,-1.282426274,3.816447059,0.168492036
20080416,1.308277041,3.562818737,3.555562626
20080417,1.697467674,4.483301626,1.344829305
20080418,-2.411609947,3.123209023,2.844542591
20080421,-0.477454488,5.135274859,-2.364797534
20080422,-1.583713144,4.616862351,-1.743372571
20080423,-1.079050125,2.98484464,-0.243803453
20080424,2.003004607,3.873552724,2.543985098
20080425,0.104493217,3.590631937,1.261183296
20080428,-0.522740344,2.225736238,-0.366204961
20080429,-0.447781599,1.806412372,-0.736457826
20080430,-0.835160949,3.022529879,-0.848361398
20080501,4.168888466,2.761514799,4.858729355
20080502,-1.000258402,3.694050004,0.908867655
20080505,-1.122747186,2.195483183,-2.082350509
20080506,2.031701619,2.774683896,0.792336414
20080507,-3.463773512,2.576606655,-3.260314643
20080508,-2.364551086,3.965569207,-1.630795174
20080509,-1.152789602,2.277999241,-2.025454065
20080512,1.533731127,2.738571142,2.145686529
20080513,-2.308262029,2.873193708,-2.254871745
20080514,-0.190088312,1.90405511,0.47680766
20080515,-0.163532334,2.540994548,-0.353982671
20080516,-1.618469013,1.677123407,-1.373270689
20080519,-0.179968208,1.691954758,-0.2076269
20080520,-0.99656941,1.19392019,-1.789506722
20080521,-2.510114673,2.298929975,-2.355064956
20080522,0.100813719,2.551165678,0.33162744
20080523,-1.767630568,1.545046352,-2.359561842
20080527,0.587200748,1.772145318,0.69031632
20080528,-1.611756502,3.250884684,-0.911636956
20080529,2.018497666,3.909716047,1.988951204
20080530,-1.923136193,2.111586255,-1.576214769
20080602,-0.860667132,2.13791036,-1.302950029
20080603,-1.460315028,3.52226087,-0.717921121
20080604,-1.150331354,3.477724936,-4.07469448
20080605,-0.467654788,3.02385732,0.062519539
20080606,-3.612130841,3.054558976,-4.964990864
20080609,-2.720804861,4.426441827,-2.392935715
20080610,0.423048266,8.859670926,-0.40444949
20080611,-3.943406925,8.36673486,-2.63488297
20080612,1.195573592,6.619827119,2.093059768
20080613,0.538178225,7.00411546,1.214999759
20080616,2.336554896,5.353965979,1.663378338
20080617,-4.906707547,4.71531959,-3.628211195
20080618,-1.640811816,6.495719988,-2.845438326
20080619,-0.902900708,8.61859789,-1.043795412
20080620,-0.700722026,9.896668167,-3.972590921
20080623,-5.060799594,5.645369243,-4.194833796
20080624,2.279733988,16.06455672,2.703381839
20080625,-0.915295453,11.96174688,0.093870278
20080626,-3.17865458,8.396011131,-7.296827225
20080627,-1.76853484,10.20685292,-0.445074577
20080630,-5.162965497,10.31325627,-3.633760647
20080701,2.035693707,17.47274776,0.168067266
20080702,-5.856171552,10.49054712,-5.479049798
20080707,-5.477721383,13.4566967,-4.147324821
20080708,8.863193528,22.37198311,9.281118445
20080709,-7.3557748,20.67517756,-6.595314862
20080710,3.989132903,52.1836626,1.349851767
20080711,0.300127202,34.66271225,-3.109293932
20080714,-12.50461907,26.0691056,-7.513697961
20080715,-5.480823649,58.09946192,-8.610811616
20080716,15.87293748,42.94614397,20.32282416
20080717,5.114865583,62.71746973,11.86668183
20080718,0.091182645,26.68106701,7.413601596
20080721,-5.690514817,27.32456277,3.89682906
20080722,15.81710966,34.02909286,12.75528273
20080723,3.447565349,46.02091864,2.874941329
20080724,-9.587064353,24.32542705,-7.906852348
20080725,-1.340502647,36.25072822,-3.871451218
20080728,-4.077930417,23.77025783,-5.299941551
20080729,12.19244754,31.55271642,13.14837623
20080730,0.476758948,34.14523025,4.810668792
20080801,0.905256635,11.22484124,-1.045878352
20080804,0.368550786,12.2759989,-2.033145439
20080805,0.597194967,9.512967991,2.930280643
20080806,1.432365235,9.844849932,-0.567250364
20080807,-2.618603488,13.37186402,-5.350184553
20080808,3.96858655,14.17574461,1.861901553
20080811,3.302547499,12.32113597,3.023130987
20080812,-5.353544779,12.76692602,-6.396716988
20080813,-3.266151864,15.76517842,-7.557671837
20080814,5.063082335,11.22207204,4.281896173
20080815,0.915338199,10.38667061,1.80599228
20080818,-4.155098415,7.642964615,-4.611720213
20080819,-2.963829391,8.473707137,-4.370853289
20080820,3.608996807,14.99009408,4.35381316
20080821,2.055105417,10.63981226,-1.14835438
20080822,0.831813148,6.380868398,3.971122442
20080825,-3.617000106,5.746458432,-4.281896173
20080826,0.30965103,6.585482998,0.672126615
20080827,2.1454935,4.665461691,1.939166054
20080828,3.979651049,4.911056943,5.218575317
20080829,0.596343132,4.191045015,-0.496915345
