20020102,1.940270727,2.804180782,0.985229644
20020103,0.629180212,2.457735661,0.039207999
20020104,1.590413662,3.359141159,1.844891631
20020107,-1.219173301,2.322899694,-1.180696964
20020108,-2.90741307,3.616260036,-3.708903042
20020109,-0.780706598,1.996933659,0.544081947
20020110,-0.320513095,2.181427243,0.160642605
20020111,-1.995832804,2.929663983,-1.475519443
20020114,-0.347045362,2.576136825,-0.428528357
20020115,0.706003941,2.507568354,1.723306712
20020116,-1.101377644,2.609171718,-2.010015899
20020117,-0.240288462,0.817580347,2.27098162
20020118,0.14018226,0.947214868,0.180270454
20020122,-2.547014251,2.226888753,-1.491963159
20020123,-0.363269824,3.760126012,0.466106832
20020124,0.040032026,2.71122763,1.025856326
20020125,-0.201816416,2.590926713,-0.945015578
20020128,-1.149553851,2.679509737,-0.404858853
20020129,-5.438273556,7.332558275,-5.417991637
20020130,2.127739845,13.50089246,1.698554637
20020131,-0.820452693,6.016034563,-0.337410695
20020201,-1.30608858,4.611407331,-2.005614485
20020204,-4.150157321,7.159640812,-5.015963595
20020205,1.830766468,10.96228592,1.171448404
20020206,-1.824580406,11.62782163,-1.489197196
20020207,0.545208075,6.13399204,0.340406547
20020208,1.640107686,5.105503192,3.012612075
20020211,0.722657256,3.08714952,0.744637694
20020212,-1.627124728,2.311194473,-1.58349471
20020213,-0.33094349,4.880116863,0.309871873
20020214,0.109950533,3.806384883,0.550965581
20020215,-2.08364209,3.421469155,-2.966650035
20020219,-2.457701234,3.383335535,-4.562560457
20020220,1.316872444,6.564335403,3.194861909
20020221,-1.294815778,5.233517995,-1.386664234
20020222,-1.19846341,6.183329656,-1.571511173
20020225,1.914044366,3.48414247,3.439000604
20020226,-0.455581654,5.783079615,0.045672529
20020227,-0.248335154,4.470578466,0.999553983
20020228,0.932097294,3.838425118,2.301520423
20020301,0.591652871,3.873965077,1.098429322
20020304,2.574336397,3.628058673,3.941396854
20020305,1.434926499,6.138703539,0.251730781
20020306,1.447801918,3.383278382,2.011889907
20020307,-1.692708918,4.458656219,-0.16440612
20020308,-1.036700005,3.612816586,0.656008913
20020311,0.614756034,2.964755398,0.020431096
20020312,0.814668457,3.345293763,0.712471207
20020313,-0.843713205,3.28989923,-1.863090024
20020314,0.65789711,1.680267212,0.843713205
20020315,0.565429616,0.953544377,1.746946722
20020318,-0.823380493,2.764721527,-0.141057958
20020319,-0.260338587,1.766954895,0.563041906
20020320,-1.312487291,1.569725542,-1.352599606
20020321,0.484653614,3.629527977,0.890333684
20020322,0.120530348,2.694188174,0.341880675
20020325,-1.812492342,1.953989671,-2.335842973
20020326,0.7984483,3.148925122,0.777895427
20020327,1.327186181,1.952617208,2.058599438
20020328,-0.823380493,2.54110263,-0.94330855
20020401,0.689378237,1.702933713,-0.201857154
20020402,0.873722921,2.404479917,-0.121310164
20020403,-1.425395748,1.89242176,-1.364722271
20020404,-0.267572456,2.086501304,-0.493422054
20020405,-0.533225217,1.748513941,0.226454034
20020408,1.324522675,2.481283796,0.020561324
20020409,-0.204499049,0.830061727,0.430814083
20020410,-0.266584799,1.718360246,-0.30753484
20020411,-3.777201015,3.216310429,-4.065089348
20020412,0.106326432,3.544956133,0.618272943
20020415,-2.218245364,4.748883099,-2.431011402
20020416,3.060924982,1.993450004,4.63814251
20020417,-0.939954701,3.244152703,-0.939954701
20020418,-1.058210933,4.17503505,-1.373502839
20020419,-2.10623678,2.751839891,-1.048025847
20020422,-1.594442427,2.453330649,-2.371480656
20020423,-0.088144563,3.101560221,-0.132187726
20020424,-2.299460148,2.905046813,-1.443346917
20020425,0.340329313,4.319969438,-1.26042632
20020426,-2.103415455,4.487592579,-1.990229251
20020429,-0.58105916,4.142409432,-0.88188086
20020430,0.579711768,4.41540026,0.812540744
20020501,1.421716219,4.63259758,1.537256382
20020502,1.285683662,4.028203437,1.58123918
20020503,-1.501765308,3.212843282,-0.764908116
20020506,-4.260863283,4.113074556,-4.102903191
20020507,-2.344773308,4.425346278,-0.826939148
20020508,2.740518015,3.900310441,6.0080199
20020509,-0.428555973,4.040090002,-1.168552623
20020510,-3.601340379,3.350830329,-2.009200008
20020513,2.565417832,3.678485137,1.96398183
20020514,0.286880921,2.393226557,2.589430392
20020515,1.253452365,5.774327461,0.833886772
20020516,1.281094494,2.884871205,1.281094494
20020517,-0.512493114,1.806027312,0.77369825
20020520,-1.819019406,2.232146613,-2.054792744
20020521,-2.377170055,2.428263329,-0.988258839
20020522,0.579324258,1.117819029,-0.664307137
20020523,0.287388282,2.064010533,0.642234518
20020524,-1.175831628,1.737879175,-1.087570369
20020528,-3.006058557,2.701557401,-2.028924422
20020529,0.576370472,1.622426453,-0.938114648
20020530,0.439357858,3.772202948,-0.368494199
20020531,-0.462535515,4.408307609,-0.462535515
20020603,-2.682376566,3.445863206,-1.966355491
20020604,-0.380318975,5.550192666,-0.735559136
20020605,0.806264742,3.067571874,0.830077101
20020606,-0.952388151,5.260151184,-1.283592618
20020607,0.611622702,6.944015499,-1.932427283
20020610,1.452810056,3.733782935,1.452810056
20020611,-2.687487733,3.299155599,-2.064432758
20020612,1.590247579,6.71163632,1.098241667
20020613,-1.556932475,5.514070307,-2.581581596
20020614,2.438225599,12.05157137,0.298433447
20020617,4.348511194,3.104690954,6.023014738
20020618,1.873591106,2.862406706,0.768607487
20020619,-1.064468951,4.694328152,-2.466361069
20020620,-2.849334363,5.699535346,-3.805136144
20020621,-0.025160398,6.396324989,-1.844978786
20020624,0.126502231,7.930685937,-0.479254291
20020625,-2.096830644,5.4671292,-0.965454654
20020626,2.29080102,18.06389888,-5.456375618
20020627,3.906746819,6.144536427,5.405303094
20020628,-0.638164259,5.73310159,-0.255754615
20020701,-1.735120573,4.928756428,-1.99153097
20020702,-2.552434316,7.625156903,-2.005344245
20020703,0.459274075,7.891932506,-1.125715452
20020708,-1.212448749,5.966614995,-2.612853558
20020709,-2.820801234,5.144912484,-2.976645422
20020710,-3.741287515,9.524442442,-3.261158559
20020711,2.629568108,18.51886043,2.158848701
20020712,-2.287058574,8.969345751,-1.855442042
20020715,2.497042896,11.73918601,1.611836562
20020716,0.276625349,10.54829724,-1.915243221
20020717,-1.446582954,8.473679031,2.347910203
20020718,-0.946592599,7.65094501,-0.704037568
20020719,-1.526747213,9.191176329,-2.894757603
20020722,-4.456031663,29.65540246,-10.95651469
20020723,-12.84257886,81.61050733,-17.11482562
20020724,16.23208901,69.10878986,9.53101798
20020725,0,89.00862709,-0.506330196
20020726,3.545178284,17.60211022,3.883016443
20020729,3.359094444,10.63290896,8.064348871
20020730,2.720239467,17.53445846,1.815255915
20020731,-0.891536366,13.66753382,-1.216451731
20020801,-2.578411716,15.03328303,-4.082199452
20020802,-3.248693336,18.86981087,-4.029093738
20020805,-4.402690216,10.56330195,-7.493008453
20020806,2.73259255,15.0407183,5.959786443
20020807,0.700416744,12.02088345,3.552197816
20020808,3.146326946,11.09420552,7.27927494
20020809,3.078076684,7.393698038,1.202184248
20020812,0.943681435,6.703276541,-0.70196252
20020813,-2.917741958,12.97873174,-2.888394929
20020814,5.752571104,17.39033598,6.264851868
20020815,0.30773559,8.962409127,1.576609234
20020816,-0.99929454,5.748667905,-2.68947562
20020819,3.646967978,4.494445296,4.076460406
20020820,-1.664393484,7.989860672,-1.526747213
20020821,0,9.950351457,-3.994825047
20020822,2.444406394,8.571419309,2.444406394
20020823,-0.147167061,6.354339279,-3.61572286
20020826,1.199020067,5.044055556,1.316771037
20020827,-0.262735518,7.207003463,-0.553856539
20020828,-1.291891184,3.727455163,-3.3891472
20020829,1.223256844,7.93929001,-0.515386922
20020830,-0.39652332,5.657014033,-0.548614604
20020903,-4.000533461,7.680074348,-10.69918374
20020904,3.526813884,10.50831754,3.015303817
20020905,0.478306344,9.143897506,-3.21959398
20020906,0.895974137,5.82604139,3.120535032
20020909,3.940102561,6.790767657,2.576369469
20020910,-1.255852925,8.588402866,-0.645997079
20020912,-3.112565203,4.380793286,-3.411916832
20020913,0.853976155,7.973249241,1.025650017
20020916,3.223349457,6.583201439,1.853465022
20020917,-2.418537628,7.107119344,-0.435001522
20020918,2.117767048,6.871484452,-2.409755158
20020919,-2.717364194,7.794316633,-5.362836953
20020920,-2.754995177,7.754317697,-2.718756727
20020923,3.936639019,9.319451896,2.246457938
20020924,0.923367595,19.42001059,-0.951342704
20020925,-0.24968802,13.3959486,2.898753687
20020926,3.372652761,12.80617135,5.387923368
20020927,-1.74274016,13.9785449,-1.844314572
20020930,4.735635125,17.29742978,2.080921071
20021001,2.986276049,11.5839249,4.327677786
20021002,-2.565524683,13.83026752,-4.293922511
20021003,-3.787027406,13.7029172,-3.888327431
20021004,-3.306667775,18.28080004,-1.912916991
20021007,-1.777166358,21.23081036,-4.349305983
20021008,3.025563384,19.46572991,3.955110884
20021009,-0.445435035,15.27527326,-3.545045072
20021010,7.275935428,22.56189049,5.852157162
20021011,2.095536518,11.90361072,6.388040989
20021014,2.262238856,8.524190555,0.065811124
20021015,0.734757163,11.57579582,11.63199776
20021016,0.891536366,7.304359849,-1.030178353
20021017,2.406343993,7.152373403,5.608946665
20021018,0.085922961,6.381926693,-2.320421032
20021021,3.144014317,6.14782676,1.731276391
20021022,1.531076124,4.65239048,0
20021023,3.356115925,10.31042052,-0.253556975
20021024,-3.182991073,8.799044668,-2.340289456
20021025,4.203621033,9.211924346,3.071040319
20021028,-2.047853134,7.862167669,1.500861969
20021029,0.274348595,7.31164674,0.687287929
20021030,0.757579381,4.391206325,1.630470902
20021031,-0.10845988,6.276313584,-0.649001737
20021101,2.153515255,5.185217177,1.854642597
20021104,-0.794706169,3.743017112,0.133067219
20021105,1.084523261,4.339925674,1.084523261
20021106,-1.04987841,17.42004193,-0.289817091
20021107,-2.036730282,4.883025745,-3.900965363
20021108,1.117025645,5.975216101,1.254105859
20021111,-1.864531544,3.00866576,-3.613687918
20021112,0.690515104,5.092483428,2.029820838
20021113,-2.571126234,9.957872516,-3.901154153
20021114,1.530997197,3.058603559,3.542681413
20021115,2.957778033,6.688125483,1.87458455
20021118,-3.830837778,3.86878226,-2.846139729
20021119,1.242252,3.861751075,1.659789141
20021120,2.654667219,2.973643427,3.610305891
20021121,1.995660374,2.823489267,3.074760199
20021122,-0.877878088,2.268067602,-1.057664961
20021125,-0.515465059,2.853616209,0.362413029
20021126,-2.817836623,3.963889022,-4.249220853
20021127,2.813418174,2.971738648,4.841777012
20021202,-1.910721698,4.12342034,-1.346472958
20021203,-0.976647594,4.584238431,-1.735515556
20021204,1.196027546,6.48584054,0.397088543
20021205,-2.316089154,3.568892785,-1.920571169
20021206,2.75395374,5.71849547,1.124811002
20021209,-2.053460244,3.524960717,-3.799642961
20021210,1.038544453,4.065152811,1.727727057
20021211,-0.794851382,3.132500523,-1.203515621
20021212,0.658438593,3.103274791,0.630916919
20021213,-0.388027094,4.358598731,-1.54315545
20021216,2.847650044,2.372955673,3.787402676
20021217,-0.724154968,1.649498847,-0.670693326
20021218,0.566726655,4.175953724,0.026914278
20021219,-0.995300752,3.038494012,-0.45853081
20021220,1.587334916,2.091017935,2.956667629
20021223,0.053106746,2.936266588,-1.135026043
20021226,-1.30991187,2.879638065,-1.30991187
20021227,-1.971894879,2.415120542,-2.458852363
20021230,0.198384648,3.29494691,0.482475748
20021231,0.2840911,4.85802802,-0.198384648
20030102,1.804351519,4.480979367,3.072867472
20030103,-0.110711332,1.869200336,-0.662436869
20030106,2.6335172,1.974261273,3.295954069
20030107,-0.673403218,3.739642185,-0.861146333
20030108,0.382305217,3.421033482,-0.841367428
20030109,0.243276238,1.744688212,0.949417141
20030110,1.77998227,3.68605344,0.993963858
20030113,-2.162679404,2.289898371,-0.966969662
20030114,1.916991611,1.601774978,2.321032564
20030115,-1.511363781,1.987586945,-1.300615547
20030116,-1.417704633,2.642055446,-0.8316614
20030117,-0.189882059,2.246739977,-0.784317746
20030121,-2.459140314,2.46057825,-1.863578185
20030122,0.251011148,2.591462839,-0.693965311
20030123,2.701760732,2.822553945,3.395726043
20030124,-3.566907621,4.154337769,-3.674666252
20030127,-0.738220275,6.048788811,-2.003170381
20030128,0.707717037,3.991504476,1.020706338
20030129,1.2757083,5.645749949,0.14094435
20030130,-3.136496495,5.264580028,-3.701469749
20030131,1.376907648,5.923308153,0.466609187
20030203,0.549849454,3.853781958,0.811363477
20030204,-1.037815097,2.536393337,-3.226086222
20030205,-1.477131732,6.17091968,0.148920355
20030206,0.150715929,4.677199632,-1.197619105
20030207,-2.074950401,5.205546796,-0.877331297
20030210,-0.151860318,4.72813055,-0.030390518
20030211,-3.369384579,4.883681254,-2.461662764
20030212,-2.049575135,3.520079774,-2.236665928
20030213,1.296460847,4.25298907,1.391987044
20030214,2.178735418,6.507546982,2.0215274
20030218,0.542333357,1.73009663,2.433210066
20030219,0.15030816,1.68089874,0.030043563
20030220,-1.418891729,3.076957796,-1.208839139
20030221,0.120409406,4.265141383,1.058530979
20030224,-1.52908178,3.056403939,-2.405352684
20030225,2.810995893,5.193917376,1.164228836
20030226,-1.321672843,3.619817112,-1.565649786
20030227,0.949325764,4.305475507,1.504711332
20030228,0.481059256,2.565059943,1.602453035
20030303,-2.482556087,3.02274888,-0.964443883
20030304,-2.805917536,2.109969811,-2.111784675
20030305,2.254818258,3.439680199,2.625303399
20030306,0.03051106,3.253950646,-1.243005242
20030307,3.088458284,8.562910084,1.303246207
20030310,-1.265644306,2.212143721,-3.119519008
20030311,-1.730963754,3.976789216,-2.166829948
20030312,0.475060276,6.247175757,0.475060276
20030313,2.281467777,4.920950103,4.931661851
20030314,0.02963402,5.312049705,1.492565022
20030317,2.33427647,5.251539117,1.441413396
20030318,1.071387112,4.507215704,1.392133852
20030319,1.477719416,3.45186882,2.080736319
20030320,1.123607327,5.631578682,0.982464043
20030321,2.182897044,3.4415954,3.432045834
20030324,-1.252625982,2.900325828,-3.711766296
20030325,0.669832256,3.868922952,0.697839538
20030326,0.390843602,2.931510026,-0.167037901
20030327,1.094133513,2.142419482,-0.139411705
20030328,0.141143284,2.030114755,-1.094133513
20030331,-0.722024797,2.698757836,-2.716392894
20030401,2.592368501,2.590362709,3.026208661
20030402,1.551684869,1.698847976,4.02368965
20030403,-2.594740164,2.613925242,-1.359825142
20030404,0.673766193,1.980557047,1.925483216
20030407,-3.468249666,3.120381662,-0.295897997
20030408,0.667113882,2.04287201,1.284814248
20030409,-2.346148668,4.264270775,-1.419603323
20030410,-0.405132222,2.361081549,-0.324236977
20030411,-0.347454579,2.984870278,1.076726418
20030414,1.469071541,2.219564242,2.772454801
20030415,1.750817122,2.944317649,2.010895292
20030416,-2.553330201,2.994194682,-2.323884593
20030417,1.990501288,2.16989063,2.042734248
20030421,-1.130536193,1.803029526,-0.951530903
20030422,3.932086839,2.845870923,3.153872795
20030423,0.723465797,1.842247904,0.723465797
20030424,-1.192453556,2.500318391,-2.644657345
20030425,-1.316317883,1.775083988,-1.776794522
20030428,1.075279178,1.761814163,2.006240129
20030429,-1.270665127,3.374886793,-0.43384016
20030430,-0.305266073,3.141040697,0.382897724
20030501,-0.128123016,2.952972996,-0.63897981
20030502,1.575235824,2.792234507,1.70335884
20030505,-1.031585447,1.491792694,-0.328241678
20030506,0.957427319,1.96204173,0.856212735
20030507,0.877748582,1.920752313,0.425372842
20030508,-0.811981117,1.62230088,-2.017722929
20030509,-0.941123568,1.482933254,-0.306200801
20030512,0.815914776,1.285547215,0.636863699
20030513,0,1.493249176,-0.458132641
20030514,-1.530642128,1.510635948,-0.768249617
20030515,0.713560622,1.739253578,1.226382259
20030516,-0.306200801,1.651528663,-0.636863699
20030519,-1.685069035,1.612812485,-2.274587595
20030520,0.755507045,2.7820782,0.729359837
20030521,1.557259604,2.78318343,0.775598511
20030522,-0.103279121,1.800092811,-0.309517915
20030523,1.055215042,1.013860802,0.900096086
20030527,3.278152169,1.538443305,2.764804019
20030528,1.740026746,2.784088576,2.471994533
20030529,-1.291598314,1.477317986,-0.952039413
20030530,1.025399609,2.627008692,0.976331895
20030602,-0.313896189,2.116942618,0.436258569
20030603,2.008675857,1.864161171,2.129521793
20030604,1.805653466,1.587054411,1.852990745
20030605,1.505529305,2.273966515,1.086339124
20030606,-0.796816965,2.921719137,0.573067471
20030609,-0.766999693,1.170577055,-2.055262276
20030610,0.954494501,1.742268977,0.697515034
20030611,2.341704798,1.502341269,2.086513846
20030612,-0.791948929,1.903634606,-0.113520276
20030613,0,1.77125977,0.113520276
20030616,1.452052766,1.40330763,2.288121358
20030617,0.461996202,1.361134134,1.036964615
20030618,-0.111370988,1.632828958,-1.526071859
20030619,-2.681246572,1.839708335,-2.436393917
20030620,-0.226603315,1.416921519,0.660068403
20030623,-2.092270828,1.433412414,-2.387624899
20030624,1.672124422,1.966939654,0.87902486
20030625,-0.762744944,3.151693643,-0.739716734
20030626,1.408311398,1.583208692,1.199276366
20030627,-1.502050192,2.113497545,-1.547911234
20030630,-0.302783508,1.8435289,-0.186436782
20030701,3.342929665,2.339291763,2.146153677
20030702,0.882458493,1.60481744,1.338040146
20030707,1.525035163,1.250314529,2.364708768
20030708,1.421614346,1.486454998,0.9083922
20030709,0.610555756,2.05039589,1.445175141
20030710,-0.198478398,1.923844031,-1.5334364
20030711,1.461791056,1.272014088,1.902320403
20030714,-0.80321717,1.746887962,2.036730282
20030715,-1.062709257,2.265453932,-0.681433642
20030716,-1.631357549,1.377785995,-2.59754864
20030717,-0.23360598,1.805851043,-1.558128655
20030718,1.056347851,1.112132524,1.733413537
20030721,-1.87581358,1.302636417,-1.744551255
20030722,0.330724588,3.017841787,1.195762698
20030723,0.329200341,1.254613106,0.461184522
20030724,-1.855176881,1.604748658,-1.72379959
20030725,1.387534649,1.4449862,1.898930983
20030728,0.722657256,1.719697018,0.240305959
20030729,-0.986309366,2.089081997,-0.942679347
20030730,-0.705004022,1.59498373,-0.375152156
20030731,-1.483805321,2.730720362,-0.910611512
20030801,-3.521808662,2.480697854,-2.943386583
20030804,1.031527771,2.998939,0.755411627
20030805,-1.612195214,2.731489499,-1.794801975
20030806,0.691246992,2.064640291,1.108300423
20030807,1.369884436,1.343178991,1.255007915
20030808,-0.089988757,1.138896214,0.74551345
20030811,0.022464338,0.995192647,0.202360946
20030812,1.337812595,1.214464879,1.405175346
20030813,-1.369884436,1.379589845,-0.443951895
20030814,0,1.327179266,0.510375012
20030815,-0.599535492,0.560789659,-0.621671629
20030818,-1.356028337,1.374039848,-0.491182055
20030819,-0.939814481,1.28509088,-0.448632426
20030820,-0.271247906,0.686118476,-0.676745195
20030821,-1.380893476,1.830684055,-0.704148281
20030822,-2.497552203,2.376665367,-1.770771807
20030825,-0.093066549,1.042106848,-0.325354691
20030826,1.301133598,1.301345947,0.834497193
20030827,0.372613379,0.822453702,-0.694929829
20030828,-0.347504114,1.370026198,0.162582779
20030829,0.277072447,0.992980178,0.647700622
20030902,1.896549477,1.781869501,1.850424014
20030903,-0.112498606,1.859262284,0.541762047
20030904,0.157710971,0.928814511,0
20030905,0.045197741,1.732043276,-0.360848384
20030908,0.54042014,1.436071311,0.608178471
20030909,0,1.262386723,-0.585587259
20030910,-0.159145197,1.0625433,-0.725462261
20030911,-0.384051076,0.810099543,0.521957386
20030912,0.45248946,1.134525734,0.271247906
20030915,-0.339175,0.767183662,-0.339175
20030916,1.260710079,0.862480059,1.238057457
20030917,0.133630309,0.72808766,0.513222146
20030918,2.914516861,1.262624689,3.756720421
20030919,0.448191979,0.942854795,0.662324823
20030922,0.151236931,0.944679607,-1.372234226
20030923,1.303298012,1.097855161,1.691145945
20030924,-1.684654406,1.682828232,-1.303298012
20030925,-1.319080646,1.707703434,-1.211611533
20030926,-1.335542566,2.693670053,-1.248510359
20030929,1.223791497,1.617350558,1.465949018
20030930,-0.874513663,2.05359314,-1.091952322
20031001,2.478308071,1.247182623,3.11309186
20031002,0.360590061,1.604903597,0.530730468
20031003,-1.556942875,1.989938691,-0.148320824
20031006,0.402159501,1.059960443,0.380952842
20031007,1.622967439,1.32092333,1.029745361
20031008,-0.753299231,1.20475122,-0.461023449
20031009,-0.250313022,0.863407095,0.565505748
20031010,0.041771095,0.707157299,0.020883366
20031013,1.006478662,0.90627557,2.148399095
20031014,0.102092913,1.155513023,0.142959281
20031015,-0.368023315,1.515171911,-0.368023315
20031016,0.388508821,1.280989365,0.368023315
20031017,-1.418171954,1.273500094,-1.418171954
20031020,0.104069111,2.149924329,-0.498029666
20031021,-1.233164336,1.68253077,-1.087649291
20031022,0.509338962,0.65771966,-0.654079766
20031023,1.51965778,1.550215931,1.052862958
20031024,-0.063177848,1.390554119,-0.567168835
20031027,-2.157900529,1.627479585,-1.506979596
20031028,1.589858607,0.875384765,1.675365239
20031029,-0.105141425,1.417789154,-0.042069837
20031030,-0.504096846,1.259386965,-0.084192806
20031031,-0.651742032,0.817274848,-0.168598565
20031103,0.920123597,0.77877957,1.32008203
20031104,0.643222469,1.26877867,0.643222469
20031105,0.72426597,0.704659386,0.309757604
20031106,1.276000025,0.609618067,0.821359854
20031107,-2.357429271,1.534017247,-2.296098389
20031110,0.627617123,0.589637547,0.334238874
20031111,-0.861440352,0.510278287,-1.174756535
20031112,0.168918959,0.852153518,0.021099272
20031113,-0.613823496,0.611872962,-0.634922768
20031114,-1.369884436,0.915825727,-1.497354179
20031117,0.628319692,1.129522095,-0.215749814
20031118,-1.697168674,1.601747179,-1.589235582
20031119,1.845395075,1.301372403,0.808659199
20031120,0.393873595,2.558340969,-0.327047059
20031121,0.5192569,0.951511682,1.193979234
20031124,0.021392662,0.658647992,0.880873673
20031125,-0.085142619,1.050740445,0.448191979
20031126,-0.679119758,1.121972246,0
20031201,0.378947822,0.85374384,1.162435154
20031202,-0.633715682,0.861502014,-0.844064939
20031203,-1.122298704,0.930270413,-0.488583022
20031204,0.339630978,0.618061602,0.488583022
20031205,-1.150907844,1.170048104,-1.150907844
20031208,1.811064734,0.81154992,1.510506328
20031209,-0.677107961,0.992660807,-0.550498955
20031210,0.423281055,0.799433102,0.529381861
20031211,0.844421315,1.208965856,0.463549081
20031212,-0.126129931,0.671838939,-0.063084851
20031215,-0.396536051,0.719480134,0.58725001
20031216,0.334308711,0.579930345,0.250626698
20031217,-0.567049719,0.628894386,-0.964165926
20031218,0.734294708,0.674216541,0.75535399
20031219,0.457476365,0.608931451,0.749691141
20031222,0.579831817,0.302470545,0.476043536
20031223,-0.849305986,0.444369115,-0.746117451
20031229,0.768036988,0.307754813,1.039294327
20031230,0.103316468,0.478985841,0.123992576
20031231,-0.391551247,0.56288908,0.020650491
20040102,0.040858019,0.60698894,1.088418179
20040105,0.644643651,0.598359552,1.701134583
20040106,0.643994981,0.392324902,0.100351238
20040107,0.220595698,0.298686054,0.140322765
20040108,0.2998503,0.384961976,0.359928403
20040109,-0.220242356,0.796969434,-0.420042622
20040112,0.221038973,0.499591859,-0.140407204
20040113,-0.422493335,0.686916714,-0.44256761
20040114,0.441059256,0.33888184,0.783215169
20040115,-1.085874333,1.13824504,-1.065872333
20040116,-0.362903624,1.308917096,0.101040728
20040120,-0.807269773,1.21306573,-0.323690349
20040121,2.350213626,0.943668607,2.045799388
20040122,0.912161788,1.504805748,0.574088482
20040123,-1.186019042,1.245099672,-0.733039439
20040126,1.98026273,0.813027692,1.401938254
20040127,-1.622833952,1.053152119,-1.74055027
20040128,-2.328487376,2.761621179,-1.771382871
20040129,0.060636687,2.102209053,0.506432765
20040130,0.486126135,0.970477203,0
20040202,-0.526636826,1.663156711,-0.506432765
20040203,-0.489696959,0.605444274,-0.713342473
20040204,0.185356865,0.945628628,-0.594934568
20040205,-1.566396413,1.739465171,-0.951009855
20040206,2.214566616,1.006777679,2.401346788
20040209,-0.447155217,0.721211153,-0.447155217
20040210,-0.12252401,0.434586162,-0.306029006
20040211,1.51963212,1.382423691,1.601331471
20040212,-0.020183671,0.665420017,-0.382794867
20040213,-0.343330641,1.227533786,-0.222289674
20040217,0.280786386,0.41946083,1.006449719
20040218,-0.763055911,0.970024446,-0.64295982
20040219,-1.695982504,1.002665015,-1.012974626
20040220,-0.244948071,1.095815004,-0.367197475
20040223,0.34528317,0.990108438,0.7938973
20040224,0.405269045,0.789707221,0.263237977
20040225,0.522929591,0.434514544,0.805643834
20040226,0.501254182,0.471729396,0.300450902
20040227,0.298953885,0.651487053,0.498754151
20040301,-0.31670652,0.636665457,0.377396416
20040302,-1.376855034,1.022733116,-1.337211823
20040303,0.321414499,0.79529712,0.180668522
20040304,-1.207258123,1.095703333,-0.92686539
20040305,0.80321717,1.48006946,1.207258123
20040308,-0.479713093,0.518639776,-0.180162195
20040309,0.241157673,0.871421775,-0.180487365
20040310,-0.869834553,1.154994025,-1.211646487
20040311,-1.226758382,2.321514864,-1.247077391
20040312,1.429470941,1.533774839,1.450040724
20040315,-1.194225305,1.512976688,-0.426699824
20040316,0.884072465,1.043934778,1.776030537
20040317,0.75054668,0.568249459,1.646699247
20040318,1.196444595,0.593664184,0.920582351
20040319,-1.477131732,1.745527861,-1.750462632
20040322,-0.822389551,1.383729188,-1.499278459
20040323,-0.360794138,1.299833636,0.301659354
20040324,0.060234918,1.238495713,0.04015258
20040325,0.079601994,0.885899194,0.899196787
20040326,0.119832249,0.609270469,-0.338746961
20040329,0.900906994,0.666304497,2.347479331
20040330,0.909009257,0.801290901,1.259340483
20040331,-0.482486703,0.676835881,-0.482486703
20040401,0.518086163,0.895543581,1.077555164
20040402,-1.66654561,2.031167672,-0.922905993
20040405,0.575927873,0.901003965,0.903765405
20040406,0.84583357,0.69384963,0
20040407,-1.170501707,0.887842302,-0.826530414
20040408,-1.253511737,1.01250961,-0.541901849
20040412,0.30769255,0.37562055,1.061683556
20040413,-1.724013644,0.974313047,-1.743216717
20040414,0.689997809,1.512308163,-0.548590718
20040415,-0.798407435,2.266522652,-1.98419208
20040416,-0.179479558,0.724519742,0.400000533
20040419,-0.060018007,0.680252239,-0.259818273
20040420,-1.471355779,0.748215998,-1.451345774
20040421,0.101781179,1.29997758,-0.203252102
20040422,0.62620142,0.857632151,1.032293349
20040423,-0.608274382,0.741931867,-0.991609866
20040426,-0.326065094,0.955699889,-0.366748577
20040427,0,0.927442611,0.020410246
20040428,-0.761712381,1.053724598,-1.252711731
20040429,-0.68273773,2.98232583,-0.455676016
20040430,-0.187013042,1.421490289,-0.187013042
20040503,0.931201763,1.223917594,0.972790451
20040504,0.493016611,1.684684758,0.513611812
20040505,-0.287061915,1.554558197,-0.205128277
20040506,-0.984198082,1.268689762,-2.452835503
20040507,-1.170599724,2.525557915,-1.719240054
20040510,1.170895958,2.340859988,-2.558682517
20040511,-0.043773255,1.275378278,0.3289116
20040512,1.196576879,2.572918109,1.218465902
20040513,-0.195588457,3.015227222,-0.585621455
20040514,-0.720448482,2.411532441,-0.720448482
20040517,-0.266904073,1.396679064,-1.634673025
20040518,-0.066408414,0.738306251,0.577394453
20040519,-1.390290517,1.351164525,-0.354924951
20040520,0.575477462,1.054131765,0.686526891
20040521,-0.264433825,1.431590483,0.022067748
20040524,-0.482880657,0.858429296,0.286438446
20040525,2.194547604,1.580916581,2.348444523
20040526,0.021503064,1.267567348,-0.042992262
20040527,-0.79204096,1.393318578,0.042992262
20040528,-0.450789644,0.731368904,-0.107515331
20040601,0.66502444,1.126892022,0.621985919
20040602,-0.08499788,0.578669177,0.575633185
20040603,-1.306368295,0.596162385,-1.391438483
20040604,-0.685374283,0.98225174,0.301334709
20040607,1.185952062,0.561026933,2.063244518
20040608,0.400042643,0.567020653,0.189294409
20040609,-0.972112474,0.427252505,-1.056199088
20040610,0.571611591,0.331656647,0.592845268
20040614,-0.490981881,0.556464118,-1.360276022
20040615,-0.382084948,0.57755038,0.61866864
20040616,-0.191265599,0.656157373,-0.021269808
20040617,0.425351556,0.520241064,0.233719431
20040618,0.570042713,0.41635598,0.80321717
20040621,-0.507400666,0.427746147,-0.675963706
20040622,0.021274333,0.979317697,-0.360972894
20040623,0.573067471,0.61947807,0.50923089
20040624,-0.423460298,0.70132168,-0.2542913
20040625,-0.615778567,0.586598771,-0.382653528
20040628,-1.026527406,0.539247985,-0.9200878
20040629,0.17286089,0.734383193,-0.430849439
20040630,0.366103564,1.052995336,0.430849439
20040701,-1.015895476,1.416222553,-1.058896982
20040702,-0.631741563,0.73959984,-0.588301076
20040706,-0.460880877,0.58808101,-0.657752865
20040707,0.792781074,0.789695351,0.28555758
20040708,-1.167799985,0.963907199,-1.036278704
20040709,-0.487481577,0.606989325,-0.221877171
20040712,-0.222469502,0.588384266,-0.266904073
20040713,0.886727158,0.374687245,0.908996393
20040714,-0.464654006,1.138710354,-0.486726625
20040715,-2.082242476,2.644929435,-1.993570335
20040716,-1.681857826,0.773974101,-1.297980195
20040719,0.444217372,1.217865323,0.833100396
20040720,0.363967645,1.148612251,0.102232076
20040721,-1.019838867,0.796829166,-0.318399177
20040722,1.468455168,2.121702074,1.559529856
20040723,-0.595942619,1.006242445,-0.573518581
20040726,-1.202783137,2.091325733,-1.214061545
20040727,-0.477327875,1.343526057,0.205268632
20040728,0.750259288,1.491342045,0.590642335
20040729,0.271309233,1.227920847,0.316599089
20040730,0.022668027,0.662658442,-0.384572355
20040802,2.180417973,1.035701752,0.880068864
20040803,-0.633773058,1.009035678,-1.061557117
20040804,0.904983552,1.088375017,0.814115758
20040805,-1.200875426,0.762862982,-1.200875426
20040806,-0.94459866,2.202085524,-1.539021993
20040809,0.576370472,0.678378666,0.692044284
20040810,0.955856163,0.739311145,1.483198896
20040811,0.451978171,1.391528147,0.451978171
20040812,-0.817072181,1.367995014,-1.065407335
20040813,0.022709209,0.872890378,0.363967645
20040816,1.66745639,0.911534648,1.599313287
20040817,0.466097836,0.5186919,0.912029456
20040818,1.057278571,0.763013886,1.057278571
20040819,0.242531262,0.604573371,-0.505217988
20040820,1.072103038,0.569968356,1.182150369
20040823,-0.087183964,0.590768342,-0.196057137
20040824,-0.369445166,0.46317926,0.152522091
20040825,0.54165445,0.40670444,0.759140399
20040826,0.388015145,0.597859232,0.431221022
20040827,0.579462937,0.424158898,0.536424417
20040830,-0.644193767,0.340112504,-0.665595587
20040831,0.032211306,0.444456086,0.333351564
20040901,-0.171932129,0.985095241,-0.182668079
20040902,0.961648612,0.790489174,1.133580741
20040903,-0.191672937,0.449350081,-0.234217077
20040907,0.105988351,0.643243474,0.616302025
20040908,-0.808343053,0.668991083,-0.808343053
20040909,-0.085106388,0.642643989,0.341151717
20040910,0.850164526,0.575025648,0.573067471
20040913,-0.445813285,0.510098667,-0.530505223
20040914,0.48816822,0.41205544,0.48816822
20040915,-0.297872561,0.343831856,-0.63721541
20040916,0.467191336,0.512776337,0.573676279
20040917,-0.679119758,0.286840776,-0.509771707
20040920,-1.213859292,0.831846393,-3.279337195
20040921,0.285119175,1.100573787,0.471983753
20040922,-1.542447033,0.516707596,-2.820842226
20040923,-0.907035697,0.666433398,-1.109989876
20040924,0.159036726,0.859510418,0.34110323
20040927,-0.935545899,0.676647728,-0.980959161
20040928,1.37494354,0.846980099,1.558177673
20040929,1.446352897,0.599086495,0.596344946
20040930,-0.857212558,0.596314487,-0.969458613
20041001,0.850878398,0.888063276,1.595718768
20041004,-0.691272682,0.669263312,-0.357382556
20041005,-0.403316702,0.573295307,-0.336210112
20041006,0.448431245,0.689311355,0.358583979
20041007,-0.156442092,0.551249649,0.022368863
20041008,-0.537635704,0.781058523,-0.425866384
20041011,0.581137085,0.358781944,0.783089358
20041012,0.671895025,0.797828602,-0.156128057
20041013,-1.950078606,0.810009472,-1.393594143
20041014,-1.160026655,1.979716012,-1.069528912
20041015,-0.476786009,1.137980173,0.524815808
20041018,0.362565546,0.831794123,0.612594088
20041019,-1.546891628,1.311233025,-1.343524706
20041020,-0.530016219,1.995215399,-0.782512624
20041021,-1.111122543,1.35437456,-0.742118434
20041022,-0.77238535,0.820219137,-0.935460517
20041025,-0.070530155,1.529755471,-0.094029156
20041026,1.161723103,0.887080409,1.794710798
20041027,1.237980047,0.990356666,1.376484225
20041028,1.297389314,1.168284192,0.749067173
20041029,-0.112676068,0.730005517,0.293553333
20041101,-0.338028491,0.861730838,-0.11280317
20041102,1.099035398,0.698051639,1.189288112
20041103,-0.418641131,1.341137976,1.02086994
20041104,1.620000402,0.969693204,1.664150513
20041105,-0.368005611,1.480805392,0.130208352
20041108,0.238172679,0.627785834,0.281537815
20041109,0.021619284,0.802454644,0.043243244
20041110,-0.379919046,0.616618345,-0.617988631
20041111,0.2162163,0.600231275,0.70441906
20041112,1.844358521,0.538763357,1.628142221
20041115,-0.704604175,1.012928711,-0.832182334
20041116,-0.260247382,0.319842531,-1.337379726
20041117,-0.021656741,0.672388758,0.260247382
20041118,-0.564360083,0.396108288,-0.499403926
20041119,-1.773833874,1.14172686,-1.491255706
20041122,-0.176952048,0.513335942,-0.199049054
20041123,-0.243120907,0.526229672,0.044267376
20041124,0.219780308,0.247368328,0.793480028
20041129,-1.039947419,1.116192171,-1.017933109
20041130,-0.535118334,0.696771974,-0.512878814
20041201,1.913618275,0.929605612,2.582069962
20041202,0.06555228,1.046448552,-0.261780254
20041203,0.482139878,1.060402495,-0.087412593
20041206,0.980720512,0.617210361,0.805665762
20041207,-0.736252784,0.596495224,-0.217108205
20041208,0.172973016,0.500267332,0.606719088
20041209,0.843704302,0.716313145,0.28044458
20041210,-0.564727826,0.815002532,-1.104744259
20041213,1.161053679,0.488526514,1.877280289
20041214,0.29889006,0.389872768,0.277511118
20041215,0.593347789,0.481471788,0.891347158
20041216,-0.424629088,0.43224161,-0.699674221
20041217,-0.150069703,1.682091841,-0.833249133
20041220,-0.277748282,0.621502781,0.278521873
20041221,0.807827522,0.632592367,1.04289548
20041222,2.790488415,0.949082206,2.302320195
20041223,1.05079776,0.685408621,0.947288797
20041227,-1.325066894,0.506319361,-0.895574466
20041228,0.186085033,0.523766916,0.113677478
20041229,-0.311688564,0.296175267,-0.746426854
20041230,0.041657989,0.37540647,-0.062454462
20041231,0,0.339778621,0.228809252
20050103,-1.459579823,0.80606649,0.331881657
20050104,-0.831951554,1.271614772,-0.85266192
20050105,0.829020292,0.828847417,1.183445765
20050106,0.245599796,0.881925159,0.965397248
20050107,-0.879621096,0.779729611,-0.512348697
20050110,-0.37174764,0.748933488,-0.701033799
20050111,-0.186393344,0.762493936,-0.186393344
20050112,-0.010395551,0.987232341,-0.301033081
20050113,-0.836824967,0.792127875,-1.034546037
20050114,-0.46179763,0.759078689,-0.147167061
20050118,1.569890954,0.970107369,1.296004762
20050119,-0.062389521,0.78050451,-0.166285634
20050120,0.65051116,1.10745424,-0.542345927
20050121,-1.182218477,0.794897321,0.250679053
20050124,0.165562952,0.502454584,0.893141258
20050125,-0.082423248,0.493601537,0.309693651
20050126,-0.411692636,0.591520022,-0.06186205
20050127,0.103060918,0.653437246,0.123685854
20050128,-0.165084643,0.51249748,-0.247524879
20050131,0.183504996,0.469062036,1.374239656
20050201,0.344234419,0.266324032,0.771107717
20050202,0.282258252,0.469798579,0.403470388
20050203,-0.203293422,0.497159648,-1.072776203
20050204,1.233460184,0.480272009,1.253808134
20050207,-0.050253783,0.380354633,-0.050253783
20050208,-0.563835565,0.38939934,-0.433228223
20050209,-0.669170093,0.58412631,-0.749978178
20050210,-1.076480386,0.432773211,-0.366898088
20050211,0.853490245,0.640988374,0.914733485
20050214,-0.253305774,0.236801012,-0.273542544
20050215,0.10120434,0.290998252,0.29377522
20050216,0.142406697,0.392061561,-0.486717651
20050217,-0.775514091,0.480523201,-0.775514091
20050218,0.061772884,0.484554235,-0.472328633
20050222,-0.727275933,0.735417674,-1.305312224
20050223,0.041373604,0.574087386,0.830742057
20050224,-0.268789576,0.588876821,-0.103466124
20050225,0.518942524,0.436911107,0
20050228,-1.209355857,0.722956641,-1.312929144
20050301,-0.104373248,0.627400867,0.439561147
20050302,0.856760021,0.856308667,0.375234962
20050303,-0.913627618,0.715562887,-0.25000013
20050304,0.455581654,0.650272922,0.954958472
20050307,-0.247524879,0.429440821,0.041313779
20050308,0,0.523298562,0.103209835
20050309,-0.541442389,0.654398638,-1.20383355
20050310,0.5206718,0.634973091,0.5206718
20050311,-0.823736476,0.879831561,-0.802965887
20050314,0.875005583,0.661597074,0.948269493
20050315,-1.163770408,0.67787231,-0.770435878
20050316,-0.210748234,0.663963325,-0.923988094
20050317,-0.316890516,0.663960257,-0.295795694
20050318,-0.702803447,1.264666886,-0.999476688
20050321,-1.517808843,1.470328849,-2.204065021
20050322,-3.165031254,1.95652494,-2.881405014
20050323,0.247999225,1.639618782,-0.135013522
20050324,-0.179332036,0.799832384,0.359631765
20050328,-0.111544908,0.641996862,0.514715246
20050329,-0.583877697,0.686940457,-0.896866998
20050330,1.051816791,0.685763944,1.164366043
20050331,-0.122296974,0.771089706,0.055639016
20050401,-1.885801863,1.425004092,-0.65852127
20050404,-0.112095068,1.81934573,-0.156897936
20050405,0.178332638,0.895986923,0.715246679
20050406,-0.1549873,0.437595241,0.510941909
20050407,0.440529347,0.724096102,0.816511212
20050408,-0.68049873,0.61504578,-0.220022091
20050411,-0.153391068,0.703466253,0.439561147
20050412,1.760341012,1.183548297,1.782268433
20050413,-1.516822147,1.129584958,-1.344630973
20050414,-1.095301202,1.571624304,-0.877198607
20050415,-0.609890804,1.534006771,0.811674962
20050418,0.43384016,0.962575143,0.935094342
20050419,-0.36586719,0.690860959,0.388853374
20050420,-0.151630052,1.070724567,-0.540483426
20050421,-0.215982805,1.177119374,0.259796639
20050422,0.389273848,1.055365175,0.172823547
20050425,0.79339968,0.746985104,1.052076263
20050426,-0.385356932,0.890287402,-0.428082846
20050427,1.133338336,1.132206107,0.875606235
20050428,-0.744540801,0.925983617,-1.856376073
20050429,1.523798129,1.651371531,1.686127043
20050502,-0.87691718,0.925115834,-0.855620193
20050503,0.06424671,1.347069308,0.343127079
20050504,0.34129726,0.888178232,0.533790101
20050505,-0.127741129,1.405128213,-0.04259851
20050506,-0.556032228,0.870252713,-0.66260796
20050509,0.599445169,0.428485066,0.470689786
20050510,-0.258398077,0.886861889,-1.008267686
20050511,0.536769942,0.881656555,0.687583285
20050512,-1.071821622,1.055659772,-0.644470544
20050513,-1.727904761,1.700686043,-1.083434217
20050516,1.767668359,0.837242894,1.941808586
20050517,1.174098235,0.672218231,0.681433642
20050518,0.882544077,0.744701063,1.432810015
20050519,-0.146183591,0.536559236,0.10454784
20050520,0,0.650842889,0
20050523,0.168102582,0.569622691,-0.460830309
20050524,0.735683823,0.644645712,0.251625211
20050525,-0.147352937,0.369156117,-0.588113436
20050526,-0.126528908,0.416861194,-0.168669658
20050527,-0.04229224,0.465934621,-0.232386288
20050531,-0.317695915,0.57150418,-0.296547559
20050601,1.223385855,0.990822659,1.180950039
20050602,0.104876779,0.44588948,0
20050603,-0.314894771,0.380371623,-0.293932607
20050606,0.231019739,0.358942023,0.231019739
20050607,-0.146735169,0.586781095,0
20050608,-0.06278121,0.249663389,0.209555819
20050609,-0.104723017,0.761734158,-0.104723017
20050610,-0.335289501,0.602707466,-0.167785274
20050613,0.231311217,0.630141347,-0.062992128
20050614,-0.231749814,0.377955909,-0.420964629
20050615,-0.399958432,0.422359594,0
20050616,-0.126182982,0.322083818,0.231749814
20050617,-0.525487284,0.468839043,-0.147415
20050620,0.190295015,0.366815098,-0.232092097
20050621,0.200941319,0.286693486,-0.031690699
20050622,-0.042158517,0.32096332,0.221624279
20050623,-0.764659631,0.617517085,-1.123726444
20050624,0.159752949,0.463840877,0.181072638
20050627,0.064136827,0.534019849,-0.415889696
20050628,0.04254414,0.165383357,0.490353823
20050629,-0.76645042,0.252710411,-0.490353823
20050630,-1.225426492,0.650216546,-1.204056688
20050701,-0.668898815,0.522837659,-0.086561356
20050705,0.820916254,0.515208662,0.62587881
20050706,-0.817912437,0.495127635,-0.452830962
20050707,0.542006747,0.756389611,-0.043233896
20050708,0.517354032,0.490254536,0.560587928
20050711,-0.798709049,0.474652619,-0.798709049
20050712,-0.455581654,0.323345922,-0.325627119
20050713,-0.762115828,0.437896414,-0.523218983
20050714,0.972875471,0.635565052,1.583032082
20050715,0.194195767,0.454963895,-0.193819378
20050718,-1.706620006,1.131196582,-2.98660277
20050719,-1.341701701,0.886634113,-1.35280726
20050720,-1.058210933,0.622575276,-0.541762047
20050721,-0.339175,0.409152495,-0.067927094
20050722,0.247999225,0.26580167,0.587174225
20050725,0,0.271774981,0.314748461
20050726,-0.313339558,0.404535296,0.134589522
20050727,-0.247441359,0.389319176,-0.47185797
20050728,-0.862465628,0.304979997,-1.200875426
20050729,-0.664454272,0.273271743,-0.846977708
20050801,0.251975852,0.579094664,0.481597078
20050802,0.227272825,0.299122301,0.774844351
20050803,0.181859564,0.421831389,-0.045413261
20050804,-0.091116179,0.335068756,-0.341258436
20050805,-0.251745184,0.430337827,-0.548447444
20050808,-0.529528117,0.225491598,-0.735973883
20050809,-0.114613193,0.495479062,0.644272822
20050810,-0.678904857,0.604383889,-0.678904857
20050811,0.483816172,0.589343163,0.472269495
20050812,0.575044713,0.479322617,0.206635362
20050815,0.34305351,0.541178313,0.457666703
20050816,0.272479733,0.857596542,0.682596507
20050817,0,0.699093442,0
20050818,0.181200503,0.59966307,0.203873669
20050819,-0.519599045,0.39443506,-0.090559209
20050822,0.226500663,0.415162551,0.113186203
20050823,-0.8683784,0.566092804,-1.435594895
20050824,-1.200660926,0.79996834,-1.200660926
20050825,0.577435488,0.453542587,0.855793358
20050826,-1.245116386,0.582888551,-0.739716734
20050829,1.179068104,0.774436512,0.946779962
20050830,-0.299988687,0.713327711,-0.55312425
20050831,1.08059449,1.063452413,1.057481119
20050901,0.274851295,1.118568464,-0.022870212
20050902,-0.113882258,0.601115878,0.36529721
20050906,0.724640852,0.555329745,0.997740703
20050907,0.360523148,0.4436366,0.31538661
20050908,0.790517951,0.521344002,-0.022494658
20050909,0.494271957,0.506579231,0.381722704
20050912,-0.332779009,0.207190599,0.848030077
20050913,0.622777814,0.337417965,0.221975674
20050914,-0.266429998,0.297618428,-0.266429998
20050915,0.044434571,0.350466319,0.088888895
20050916,0.662692949,0.240813964,0.88457012
20050919,0.176522552,0.490424332,-0.132187726
20050920,-0.309460901,0.818589271,-0.419750975
20050921,-0.37849316,0.840348754,-0.75555915
20050922,0.799826526,1.023782431,0.799826526
20050923,0.309597771,0.701837926,0.221043414
20050926,-0.662985854,0.754148299,-0.420401106
20050927,-0.354217771,0.635216586,-0.022175408
20050928,-0.220994565,0.722655783,0.243659441
20050929,1.255938069,0.892609731,1.034454036
20050930,-0.438404911,0.600579826,-0.328983738
20051003,-0.416256489,0.533468373,0.065883389
20051004,-0.594126514,0.808919671,-0.528286503
20051005,-0.353123298,1.242555074,-0.176717519
20051006,0.242424361,1.705868532,0.441209628
20051007,-0.745944661,1.186954761,-0.044033466
20051010,-0.264900817,0.887180726,-0.375069386
20051011,-0.71127217,1.045951961,-0.910409308
20051012,0.381722704,1.250525485,-0.469536916
20051013,0.965974039,1.352359997,0.246222844
20051014,0.088849406,0.855298254,0.690656639
20051017,-1.197884776,0.983848464,-0.511965503
20051018,-0.47090568,0.613825716,-0.716688398
20051019,1.389845282,1.281012663,0.961868505
20051020,-0.875328224,1.567294118,-1.254496739
20051021,-0.022555543,0.727468126,-0.067651373
20051024,1.137770221,0.875531548,1.677704041
20051025,0.710956116,0.880203788,0.199446049
20051026,1.279241088,1.010896878,1.013224527
20051027,-0.30782786,1.287647631,-0.483304983
20051028,0.74366047,1.014124632,1.05148833
20051031,-0.457566982,0.783196432,-0.218150174
20051101,-1.204174375,1.165258571,-0.855362162
20051102,0.329851866,0.397316368,0.329851866
20051103,0.110071558,0.76240751,-0.219780308
20051104,-0.197217112,0.76580679,0.30755736
20051107,1.366171091,0.596980781,1.825740781
20051108,0.775364643,0.621844074,0.386930835
20051109,0.321027563,0.498609318,0.406809254
20051110,2.008736534,0.637142088,2.051462448
20051111,0.480318351,0.378494081,0.480318351
20051114,0.540654259,0.512219021,0.457286185
20051115,-0.710111589,0.666234971,-1.063285323
20051116,-0.376727109,0.694059748,-0.041928722
20051117,1.027585848,0.725163069,0.501988086
20051118,0,0.857381203,0.996479078
20051121,0.371901255,0.443212444,0.165118717
20051122,1.545625824,0.597809666,0.841980536
20051123,1.060152641,0.547451869,0.834950376
20051128,-0.384421313,0.457189037,-0.384421313
20051129,-0.406587265,1.131940299,-0.487706718
20051130,-1.289284205,0.987306995,-1.106115333
20051201,-0.224925972,0.866889367,0.616018375
20051202,0.020506511,0.455775239,-0.163900877
20051205,0.574832213,0.660894438,0.163900877
20051206,-0.092048076,0.596300074,0.03070153
20051207,-0.143663442,0.883330689,-0.35877236
20051208,-0.308801069,1.145144196,-0.390987225
20051209,0.903126007,1.005961603,0.903126007
20051212,-0.67588583,0.62441697,-0.573772066
20051213,1.857385777,0.726378006,1.610472071
20051214,0.403633242,0.745566507,0.403633242
20051215,-0.528241781,0.715998567,-1.134304242
20051216,0.060734894,0.249867497,0.649748479
20051219,-0.182908292,0.550422203,-0.507254816
20051220,0.345915494,0.749944845,0.142290907
20051221,-0.364594287,0.537712565,0.101512546
20051222,-0.121901681,0.257451007,-0.182796842
20051223,0.142204189,0.266435918,0.142204189
20051227,-1.508693244,0.569682502,-1.184412457
20051228,-0.596402796,0.476998912,-0.411692636
20051229,0.092587836,0.457900234,0.298646018
20051230,0.165323452,0.692328723,-0.401834552
20060103,1.204219063,1.543338931,1.76017643
20060104,-1.212136053,0.626773972,-1.863471554
20060105,0.350335237,0.748027277,0.474276588
20060106,-0.553904381,0.976827286,0
20060109,-0.474178808,0.324881949,-0.453609025
20060110,0.330101393,0.57328527,0.330101393
20060111,0.676024289,0.802952344,0.881785679
20060112,-0.142667914,0.215265121,0.102030414
20060113,-0.367272398,0.592207775,-0.224604484
20060117,-0.206355831,0.483467656,-1.047990687
20060118,-0.123966958,1.11527185,-0.082661712
20060119,-1.201588934,0.835761749,-0.809552942
20060120,-3.360212752,1.716554296,-4.978065037
20060123,0,1.480364021,0.763778945
20060124,-0.628455855,0.506849983,0
20060125,0.238121121,0.732436827,0.542006747
20060126,0.938773696,1.157010449,1.79992003
20060127,-0.319591196,1.800856337,-0.489623118
20060130,0,0.534633821,-0.106757777
20060131,-0.02146153,0.876780268,-0.471092948
20060201,-0.538040682,0.792950231,-0.538040682
20060202,-1.581060603,1.112313194,-2.535100796
20060203,-0.243767434,1.094635489,-0.243767434
20060206,-0.176912917,0.379478084,0.243767434
20060207,-0.310215183,0.624978869,-0.265957604
20060208,0.066159447,0.675454274,0.663572442
20060209,0.569802111,0.805069073,0.877968765
20060210,0.523789936,0.896057383,0.392585019
20060213,-0.839379213,0.787016604,-0.5785095
20060214,0.739938088,0.610253098,0.969559314
20060215,0.519931847,1.303181766,0.346320692
20060216,0.280384094,0.428876526,0.323589971
20060217,-0.625608771,0.623102692,-0.474957715
20060221,-0.129954534,0.729878035,-0.151597214
20060222,1.008267686,0.700882147,1.527075594
20060223,-0.213538411,0.665823308,-0.149524753
20060224,-0.063986352,0.608587604,0.192205078
20060227,-0.469184055,0.487011257,-0.192205078
20060228,-0.408734569,0.718170261,-0.837184239
20060301,0.312079887,0.647439033,0.312079887
20060302,-0.454890853,0.60054725,-1.025982325
20060303,-0.174064448,0.800935608,-0.304414238
20060306,0.412909421,0.875199548,0.412909421
20060307,1.170872006,0.581416827,0.605407255
20060308,0.688026795,0.658423475,0.60176412
20060309,-0.407857172,0.50719386,-0.386432426
20060310,0.833427198,0.640822004,1.069757741
20060313,-0.319727439,0.541942012,-0.319727439
20060314,0.573920164,0.43281231,0.723253525
20060315,-0.212404498,0.432220407,-0.318437802
20060316,0.32805998,0.487555703,0.625300114
20060317,-0.231749814,0.253469496,0.179447982
20060320,-0.084334814,0.482082529,0
20060321,-0.169276384,0.403134612,-0.401564526
20060322,0.843175316,0.549083027,0.885521283
20060323,0.419463702,0.733812641,0.293439741
20060324,0.062807497,0.535518771,0
20060327,0.020992967,0.343792751,-0.293439741
20060328,0.189214815,0.890277887,-0.062992128
20060329,0.041999161,0.84073309,0.041999161
20060330,-0.48518184,0.45754754,-0.716395816
20060331,-0.285518092,0.395478353,-0.158721794
20060403,0.042176298,0.792258443,0.454330117
20060404,1.589659076,0.79612206,1.589659076
20060405,-0.082850046,0.443041769,0.145152954
20060406,-0.375234962,0.51765603,-0.790517951
20060407,-0.878115615,1.497290073,-0.544503963
20060410,0,0.816749905,0.586266336
20060411,-1.089472331,0.770867514,-0.901757185
20060412,0.063058331,0.627322055,0.252472257
20060413,0.605366633,0.766693475,0.961948028
20060417,0.207039411,0.548386764,0.622408648
20060418,0.082542308,1.321838716,0.268511986
20060419,-0.496278934,0.735838507,-0.496278934
20060420,0,0.452754166,0.124300824
20060421,-1.015658021,0.494095149,-0.623054975
20060424,0.062506513,0.437574702,0.020831163
20060425,-1.047129987,0.494685736,-1.06796115
20060426,0.609181592,0.550501825,0.524935589
20060427,2.013490841,1.485571471,0.854973407
20060428,2.271442211,1.706510746,3.489081856
20060501,-1.106094736,1.088146558,-0.845756149
20060502,-0.100755676,1.041571187,0.302877566
20060503,0.140519947,0.711196286,0.502766268
20060504,-0.947301249,0.464494155,-0.947301249
20060505,1.158391224,0.54689025,1.965172526
20060508,-0.47723296,0.57522621,-0.377997068
20060509,0.398089698,0.47417827,0.338275121
20060510,0.398406901,0.820647105,-0.07949126
20060511,-1.603240753,0.945619406,-1.603240753
20060512,-1.016268909,1.116000669,-1.11733006
20060515,1.055633027,1.144369225,1.15772594
20060516,-0.262229096,0.685447744,-0.0201959
20060517,-0.77519768,1.179206756,-1.38297913
20060518,0.020527558,1.042276476,-0.225525467
20060519,-0.265984812,0.680670942,0.18455865
20060522,0.575068334,1.556851371,0.040966817
20060523,-0.922988811,0.641809059,-0.616271466
20060524,0.185280547,1.628731305,0.185280547
20060525,0.275355842,0.604249041,0.972222773
20060526,0.576545369,0.563342509,0.972947778
20060530,-1.115064772,0.885806158,-1.064648839
20060531,0.101471343,1.227807749,0.508389504
20060601,0.867028317,0.484194259,1.029168604
20060602,0.199680578,1.312039338,0.640386419
20060605,-0.762749583,0.804696617,-1.002414168
20060606,0.261385491,1.586364293,0.341949443
20060607,0.300752106,0.859086259,0.300752106
20060608,0.080128209,2.03673402,-0.020022024
20060609,-0.361011222,0.708296168,-0.340989198
20060612,-1.169132446,0.797990771,-0.908271457
20060613,-2.155034656,2.381178917,-2.297065724
20060614,-0.95774207,1.566930147,-0.833338156
20060615,1.406725721,0.782383874,1.824262862
20060616,-0.679924325,0.85503704,-0.638848128
20060619,-1.392519644,1.182812382,-1.227264494
20060620,0.334029538,1.011677868,0.417711551
20060621,0.518404479,1.842716844,0.768196449
20060622,-0.311042241,0.911325246,-0.414508366
20060623,-0.313643749,0.907668429,-0.834207132
20060626,1.228286495,0.787149931,1.207341893
20060627,-1.019673802,0.564328417,-1.081766322
20060628,0.188068178,0.685335853,0.188068178
20060629,1.504717662,1.583433975,2.025281045
20060630,-1.440354119,0.725565116,-1.297248708
20060705,0.163298669,0.771192068,0.122448995
20060706,0.11170349,0.61868014,0.478153411
20060707,-0.406752645,1.020171987,-0.396603967
20060710,0.040535063,0.456468023,0.568991578
20060711,0.525572263,0.9412942,0.505306785
20060712,-1.584754824,0.831248455,-1.564595566
20060713,-1.986820322,1.259077867,-2.048276843
20060714,-0.565861302,1.443965828,-0.544960477
20060717,-0.965154945,0.738957511,-2.511304564
20060718,0.322615615,1.202054339,0.365709776
20060719,0.850164526,1.342153193,1.449609695
20060720,-0.317965292,0.678839052,-0.317965292
20060721,-0.975617495,0.790925672,-0.382897724
20060724,0.984499562,0.662788163,1.154857355
20060725,-0.483346533,0.733045284,0.010533523
20060726,0.210526394,0.852943409,0.168385643
20060727,-1.009472295,0.815196378,-0.506009935
20060728,1.501279239,1.286520559,2.112386398
20060731,0,0.556339336,0.020693223
20060801,0.402830685,0.584640993,0.361439956
20060802,0.041059331,0.533052,0.442273799
20060803,0.475649744,0.561177822,-0.514457354
20060804,-0.52444976,1.034139225,0.051564999
20060807,-0.186354749,0.556263607,-0.506487206
20060808,-0.351276319,0.999269297,0.124275078
20060809,-1.88469905,0.931725883,-0.998552087
20060810,0.250574364,0.962322782,0.250574364
20060811,-0.617512036,0.584104382,-0.680096788
20060814,-0.50177818,0.528977398,0.178318608
20060815,-0.092922416,0.755731079,1.446209464
20060816,-0.1235585,0.397958666,0.257904925
20060817,0.103039679,0.271607081,0.041203132
20060818,-0.051432393,0.280723814,0.092645022
20060821,-0.123660362,0.220204579,-0.216305384
20060822,-0.473788094,0.234677841,-0.12381347
20060823,0.144255563,0.323379865,0.268069034
20060824,0.041076197,0.226749133,0.287888334
20060825,-0.164304822,0.409358401,-0.102722146
20060828,1.269988392,0.413938719,0.981803755
20060829,0.142175306,0.452528166,0.284553038
20060830,0.526423568,0.374737141,0.506125182
20060831,-0.364151728,0.398410062,-0.364151728
20060901,-0.686455351,0.339789625,0.04052685
20060905,0.283515783,0.50874754,0.182167847
20060906,-0.16270087,0.332114231,-0.649221189
20060907,-0.738919618,0.447034981,-1.208164588
20060908,0.390906783,0.495168285,0.329082979
20060911,0.368777308,0.478268218,0.409836639
20060912,-0.040824659,0.423189653,0.163465504
20060913,0.651070459,0.43374671,0.671484871
20060914,0.020277806,0.358959694,0.020277806
20060915,-0.587819672,0.338666397,-0.263932749
20060918,0.687983288,0.418130725,0.809884969
20060919,0.22157326,0.259733428,0.22157326
20060920,0.160417119,0.466457065,0.421645038
20060921,-0.281011827,0.580262475,-0.321091988
20060922,-0.302572092,0.479204041,-0.503779403
20060925,0.681092376,0.52579217,1.184871779
20060926,0.279162694,0.65617438,0.259196636
20060927,-0.020002,0.719642365,-0.45903683
20060928,-0.120096091,0.466505455,-0.120096091
20060929,-0.662187631,0.288947266,-0.522089539
20061002,-0.362976805,0.592563018,-0.342845954
20061003,1.023180759,0.643665643,1.204833852
20061004,1.939118931,0.599345277,1.839268699
20061005,-0.313418474,0.731568815,-0.117647072
20061006,0.137187675,0.58944555,0.176418746
20061009,0.127369831,0.284720432,0.009791922
20061010,-0.725280059,0.339489033,-0.461259957
20061011,-0.237906536,0.580150233,-0.889246053
20061012,-0.715424355,0.804228746,-0.477517819
20061013,0.338073306,0.706191977,0.457666703
20061016,-0.29865627,0.392897598,-0.437724535
20061017,0.17998205,0.657832095,-0.199600865
20061018,-0.635679534,1.017876424,0.259403518
20061019,-0.100250635,0.696073914,-0.659804453
20061020,-0.020054146,0.723404346,0.020058169
20061023,1.61342012,0.5691269,1.493010713
20061024,-0.019803941,0.548149672,-0.237388836
20061025,0.888894742,0.638572691,0.710482562
20061026,-0.058991251,0.362448632,-0.019667617
20061027,-0.544421043,0.238145863,-0.918842605
20061030,-0.239091566,0.399729066,-0.487538899
20061031,0.059838438,0.448708209,0.039888313
20061101,-0.91415581,0.47314556,-0.119712704
20061102,-0.14066113,0.468876435,-0.721301464
20061103,-0.763209168,0.426601907,-0.2617539
20061106,1.222337632,0.579588019,1.222337632
20061107,0.496574662,0.611976073,0.516489031
20061108,0.336734001,0.818403042,0.197941474
20061109,0.098824003,0.49346247,0.098824003
20061110,-0.236733194,0.403606021,0.019753086
20061113,0.434697385,0.316776563,0.177602415
20061114,-0.137890301,0.850847012,0.019714145
20061115,-0.148478127,0.464537916,-0.503928738
20061116,0.138244319,0.397301488,0.385585529
20061117,0.513226551,0.340259884,0.236546533
20061120,-0.068989309,0.568626186,-0.147775999
20061121,-0.45342611,0.350783367,-0.20725396
20061122,0.059154098,0.404682961,0.236826635
20061127,-0.878249158,0.914757631,-0.858374369
20061128,-0.211704298,0.737176433,-0.67387733
20061129,0.160674869,0.540391919,0.573586478
20061130,-0.502665178,0.639992143,-0.442478598
20061201,-0.46488209,0.933464325,-0.505204672
20061204,0.662453492,1.096324291,1.248254581
20061205,1.254871561,0.730418186,1.074637208
20061206,0.59230183,0.281949233,0.55270571
20061207,-0.059224165,0.659149994,-0.315457675
20061208,2.677771644,4.266167943,2.361315684
20061211,1.948113557,0.935395373,1.948113557
20061212,0.08616151,1.377330866,-1.17961794
20061213,-0.571647898,0.545408878,0.152992954
20061214,1.308199527,1.768155403,1.441876621
20061215,1.228836912,0.809139301,1.77359265
20061218,2.169836246,1.102471018,2.557684179
20061219,0.036238449,0.716799819,-0.43384016
20061220,0.054402032,0.414215831,-0.072490036
20061221,-0.727672849,0.779116659,-0.709545413
20061222,-0.730596857,0.887518136,-0.402488652
20061226,0.910255693,0.42333007,1.148285651
20061227,1.824411182,0.845917202,2.222313678
20061228,-0.784597463,0.725634749,-0.997514506
20061229,-0.071851988,0.707812088,-0.37664828
20070103,-0.766356363,1.168183463,-0.730423916
20070104,0.090867794,0.890979962,-0.35359754
20070105,-0.419058644,1.279293133,-0.509926437
20070108,0.82124743,0.911113749,0.45541567
20070109,-0.930408974,0.895621666,-0.839574196
20070110,-0.26756486,1.223798983,-0.809721023
20070111,-0.165975142,0.625050179,0.110803335
20070112,0.719361213,0.498647439,0.423612384
20070116,0.549653271,0.648579908,0.586404466
20070117,-0.97838297,0.876377547,-0.577215401
20070118,-0.293793821,1.123356255,-0.064341194
20070119,0.848244068,1.378870167,0.147004804
20070122,-1.000827206,1.115992318,0.403152461
20070123,-0.293201603,0.644626359,-0.348081326
20070124,0.621915302,0.660901057,0.64026561
20070125,-1.417680008,0.691420358,-1.673294534
20070126,1.159913584,1.278104612,1.289627306
20070129,-0.709582298,0.825868727,-1.039615601
20070130,0.720957,0.373896779,0.415302152
20070131,2.069860507,1.22554518,1.589800501
20070201,-0.355791097,0.945396169,-0.819154485
20070202,-0.45649673,0.682605408,-0.128029281
20070205,0.311156104,0.771169959,0.146305805
20070206,0.364498308,0.627252393,0.455830856
20070207,0.090966985,0.49145099,0.036376865
20070208,-0.494733029,0.806297184,-1.005217274
20070209,-1.752722571,0.559868237,-1.844609006
20070212,-0.056090494,0.581009129,0.046766123
20070213,0.373134761,0.427986155,0.429225255
20070214,0.666730871,0.526106905,0.880654591
20070215,0.055335241,0.588422152,0.101471343
20070216,-0.101649503,0.477487179,-0.276982912
20070220,-0.147574275,0.63753483,0.166281794
20070221,-0.463951839,0.752667677,-0.759755345
20070222,-0.66952082,0.716018601,-0.316721271
20070223,0.316662274,1.008376817,0.335320731
20070226,-2.175629699,1.607455927,-1.93415099
20070227,-2.92076837,7.01972879,-4.12249957
20070228,-0.928768656,4.019403456,-0.475342547
20070301,2.458490198,4.460052129,1.360565206
20070302,-2.082375691,2.375199711,-2.298040906
20070305,-0.809721023,2.402253979,-1.412737926
20070306,1.273142321,1.391114072,2.786030481
20070307,-0.664454272,1.666602053,-0.674338136
20070308,-0.493828164,1.202766765,0.496278934
20070309,-0.860411776,1.499271297,-0.317334657
20070312,0.397970876,1.408186311,0.029792939
20070313,-2.470261264,1.53556315,-3.177752631
20070314,0.612872194,3.855404907,0.653864201
20070315,2.036155417,1.318854043,2.036155417
20070316,-1.583675476,1.277969424,-1.244996001
20070319,0.460599593,0.830402327,1.12518768
20070320,1.141961668,0.906850947,1.171927207
20070321,2.788520349,2.245510188,2.650194075
20070322,-0.404196489,1.079119311,-0.288878391
20070323,0.144976588,1.023425155,-0.154410376
20070326,-0.715462783,1.551642053,-0.464666857
20070327,-0.273758481,1.163817278,-0.896692168
20070328,-0.058840837,1.858462665,-0.196001631
20070329,0.175284883,1.4526861,0.820637665
20070330,-0.29168713,2.082282172,-0.077866463
20070402,-0.625185195,1.452289037,-0.634922768
20070403,0.448387534,1.073340991,0.751699737
20070404,-0.058405531,0.75303533,-0.116776969
20070405,0.739302978,0.56728566,0.466291888
20070409,-0.116256553,0.549008415,-0.01938548
20070410,1.615730475,0.677796551,1.596341236
20070411,-0.864475655,1.969553505,-1.112828061
20070412,0.155038791,0.719832994,-0.367256622
20070413,0.087196634,0.579855947,-0.019366709
20070416,1.17715428,2.158288634,2.581158495
20070417,-0.720382262,1.48111398,-0.795910967
20070418,0.491959365,0.912263024,0.795910967
20070419,0.547739588,0.872326542,0.207410275
20070420,-0.03742515,1.164741074,0.638379937
20070423,-0.694121537,0.645755121,-0.58188808
20070424,-0.622937361,0.921088751,-0.585293845
20070425,1.517025066,0.785312991,1.857290045
20070426,-0.447177939,0.993272544,-0.465767027
20070427,-0.149784713,0.961162492,-0.336700655
20070430,0.130633591,1.190491702,0.467334246
20070501,0.722292241,1.207295715,1.057425677
20070502,0.378002571,0.72657918,0.267219694
20070503,-0.212992626,0.880309711,-0.738896869
20070504,0.036961745,0.721887409,0.342418548
20070507,-0.77648754,1.082650535,-0.444445176
20070508,-0.111627919,0.605551327,-0.297397989
20070509,1.077276392,1.313064922,0.760318915
20070510,-0.953011044,1.22951874,-1.620298042
20070511,-0.310077768,0.930887679,-0.244383992
20070514,-0.584631557,0.81045458,-0.490567022
20070515,-0.368394126,0.821917721,-0.066222035
20070516,1.709443336,1.159342476,3.779290118
20070517,-0.16421863,0.677311698,-0.200675065
20070518,0.054590121,0.523413915,0.382758145
20070521,-0.545455898,0.476523383,-0.218539515
20070522,0.381922807,1.126367917,0.436602476
20070523,-0.217944147,0.866393502,-0.163502625
20070524,-0.562768119,0.96575986,-0.127353788
20070525,0.272553998,0.689174772,0.327154054
20070529,-0.671447945,0.849320029,-0.3453607
20070530,0.763778945,0.692738115,0.508537238
20070531,-1.1858207,0.630792684,-1.294575469
20070601,-0.238117156,0.893293709,0.073381034
20070604,-0.166005756,0.365074687,-0.662375927
20070605,-0.351819639,0.624535614,-0.481126021
20070606,-0.793914411,0.732066853,-1.100449415
20070607,-1.494400269,1.741664199,-1.606991761
20070608,1.74131399,1.627097632,1.560094044
20070611,0.552979524,1.026234672,0.374567345
20070612,-1.312391966,1.515503924,-1.668197585
20070613,1.67124348,1.410623083,2.050678577
20070614,-0.093170602,1.16446002,-0.11179431
20070615,-0.259163418,0.861595066,0.576263329
20070618,-0.425021429,0.499063839,0.092635486
20070619,0.62811956,0.69256508,0.554018038
20070620,-1.790151223,1.003024775,-1.624542573
20070621,0.51385174,1.969926061,0.429586017
20070622,-1.88684843,1.418886449,-2.176149178
20070625,-1.667823573,1.974392043,-1.477528558
20070626,-1.897810638,2.060959527,-1.127539162
20070627,1.839915617,2.133169552,1.330310438
20070628,-0.346754345,2.123594301,-0.028942164
20070629,-1.75968961,1.589950851,-1.08654542
20070702,0,1.295990551,0.835361827
20070705,-0.30899986,0.61394469,-0.251135069
20070706,-0.13530494,0.620486588,0
20070709,-0.28066798,0.385494795,-0.212992626
20070710,-0.74306169,1.431951737,-1.248309559
20070711,1.154498686,1.463108358,0.879341279
20070712,2.372408951,1.063654181,2.857611262
20070713,-0.370810979,1.312971049,-0.759160981
20070716,0.019158923,0.945892808,-0.554018038
20070717,0.286177816,1.238450973,0.554018038
20070718,-1.108819151,2.622737585,-1.76825672
20070719,-1.243217255,1.861027602,-0.798213135
20070720,-1.741556589,5.020738932,-0.982133214
20070723,-0.804004723,0.886902248,0.256284024
20070724,-2.335828719,2.308817804,-2.987682879
20070725,-1.010109599,3.951763845,-0.091328841
20070726,-1.473514261,6.706279516,-2.925630993
20070727,-1.405868512,6.49954264,-1.814395765
20070730,-0.338553011,3.167608371,0.446097394
20070731,-3.008064121,3.23544493,-1.451776139
20070801,0.920481721,6.892751483,0.920481721
20070802,0.850164526,3.037231841,0.679552413
20070803,-3.193991596,5.205670734,-3.215157857
20070806,4.930239962,9.334068617,5.475141049
20070807,1.490402252,10.95337649,0.701033799
20070808,1.076480386,7.510578053,1.690984573
20070809,-1.33236612,9.83612473,-5.246356954
20070810,1.372528516,11.97111936,-0.042589438
20070813,-2.988460181,3.262892413,-1.006109311
20070814,-2.34080909,5.293795916,-1.911439602
20070815,-0.065883389,7.272173554,-0.17559267
20070816,6.362569588,19.22840549,5.679220737
20070817,-1.746591922,11.19832938,1.299121271
20070820,-0.9468988,5.00734206,-0.9468988
20070821,-0.052015606,3.607647057,-0.622408648
20070822,-0.165084643,2.718367836,0.767081609
20070823,-1.192203227,3.840191205,-0.123992576
20070824,0.537524552,1.857674102,0.28907722
20070827,-1.166436887,0.98765209,-1.600366693
20070828,-1.781736519,1.976655386,-3.32298945
20070829,1.220964081,2.263985395,1.717886352
20070830,-0.345274404,2.228301631,-1.523144324
20070831,-0.618272943,2.09685328,1.07504798
20070904,1.064972792,1.329057597,0.936575599
20070905,-1.189331783,1.177204708,-2.640488277
20070906,-0.926588632,1.538155203,-0.687587975
20070907,0.805877298,2.456085241,-0.395040566
20070910,-1.209204577,2.394984591,-0.58444231
20070911,1.288931007,2.428287657,1.884367764
20070912,-0.371138948,2.321919525,-0.762614002
20070913,0.768526811,1.154384372,1.411685948
20070914,1.40315308,0.911983366,0.602022889
20070917,-0.671216118,1.28310298,-1.337956946
20070918,3.893999286,6.590227217,5.103256086
20070919,-1.245576863,2.182836132,-0.351566901
20070920,-2.656226436,1.595813928,-2.284017569
20070921,-0.39911827,1.441678052,0.697014122
20070924,-2.020270732,1.144206119,-2.041321148
20070925,0.086393094,1.248730929,-0.495317046
20070926,-0.021493821,1.998320032,0.430849439
20070927,0.042689435,1.115043044,0.728210543
20070928,-0.704604175,0.768100545,-0.406287312
20071001,3.432806953,3.624624427,2.203945957
20071002,0.041788551,0.551644169,0.334798388
20071003,0.271881376,0.981597812,0.020887729
20071004,-1.023935391,1.007193148,-0.565505748
20071005,0.769314533,1.18996983,1.397457302
20071008,-0.584186932,0.626900025,-1.020098364
20071009,-0.450050474,1.514504358,-0.261903664
20071010,-0.518656892,0.841396601,-1.160595429
20071011,1.819562905,2.453447762,2.380440613
20071012,-0.020879006,2.656424719,-0.748911343
20071015,-1.887253097,3.47395311,-3.614338991
20071016,-2.228934823,1.398646431,-3.033199564
20071017,-0.979308962,9.069029509,-0.223413855
20071018,-0.683218326,1.612241981,-2.147703213
20071019,-3.026301712,2.376650786,-3.369669338
20071022,1.00183524,4.788267813,0.765204746
20071023,-1.029730606,1.259106851,-0.293616982
20071024,-1.142053812,4.929661902,-1.708226591
20071025,-1.278203825,4.63499591,-1.42188201
20071026,0.635371004,5.237173826,3.411997442
20071029,-0.700119546,1.452318342,0.164068946
20071030,-1.15690111,2.384661917,-1.391367806
20071031,-1.082248775,4.804275116,-0.703011534
20071101,-0.077992985,5.371109342,-8.389643088
20071102,-2.216229411,11.00706294,-1.361634025
20071105,-0.417362876,7.011277059,-5.598046612
20071106,-3.254144075,6.356826046,-2.241582543
20071107,-3.408085419,7.416852768,-4.699536859
20071108,-1.953480602,21.70081136,-1.535943461
20071109,3.258818959,24.92566286,0.333283144
20071112,-0.386962828,12.69254579,1.411646809
20071113,4.03349194,5.868673758,6.885368296
20071114,-3.278982282,9.077123557,0.222469502
20071115,-3.246298729,7.526620459,-4.111138824
20071116,-2.61642832,6.973061919,-1.751869621
20071119,-3.046858244,5.999458856,-5.91529512
20071120,-1.425202271,14.24697063,-2.052163572
20071121,-0.536281451,10.746133,-2.144033124
20071126,-6.315147092,6.371160586,-6.315147092
20071127,-1.732918958,10.18227912,1.864235081
20071128,3.398690868,8.684653641,6.387867288
20071129,0.247601488,6.118382846,0.092778729
20071130,-2.04724551,6.50532379,3.074355654
20071203,-0.648520484,4.567224185,-0.948730857
20071204,-0.199646845,5.147785745,-1.586124452
20071205,2.129335212,5.831520002,3.548881296
20071206,1.96862535,3.620079173,1.96862535
20071207,-0.784773683,4.12677682,-0.291375498
20071210,0.982950961,3.506668928,1.419696451
20071211,-5.136859276,11.25077513,-4.591742447
20071212,-7.314562259,12.14122368,-5.065937994
20071213,0.808150511,9.51348063,-1.596967826
20071214,0.081639322,12.60093644,-1.377767154
20071217,1.772863242,6.956275393,0.309622996
20071218,-3.016281849,6.733530292,-1.178409708
20071219,-0.627582572,6.033631124,-0.627582572
20071220,-1.461820051,3.848370912,-0.999009308
20071221,-0.066050201,1.902202373,1.296776277
20071226,-1.095408648,1.521577955,-1.840592722
20071227,-0.742243624,1.390133726,-2.952921202
20071228,-1.797572567,2.139303667,-1.055328943
20071231,1.080350043,2.525927532,0.324592409
20080102,-2.541281124,3.424381568,-1.270185289
20080103,-0.569114238,2.191866716,-0.12099215
20080104,-1.54551724,4.319877052,-2.309409844
20080107,-0.300009049,5.075806873,0.141492772
20080108,-4.667093245,9.448636948,-4.27901726
20080109,1.462548922,11.46566583,1.628432289
20080110,3.422077376,16.6654408,1.941110552
20080111,2.837069713,13.34692201,1.799307671
20080114,0.552487593,3.983989414,1.526747213
20080115,-4.868378685,9.541350738,-7.803599886
20080116,-2.751257007,10.69606955,-2.602447455
20080117,-6.095424299,11.51604966,-4.653821184
20080118,-1.421343725,16.65174736,-2.144528878
20080122,8.229657606,42.29184629,-0.081833065
20080123,9.610731018,28.76437343,7.584612504
20080124,1.659024226,9.483098429,3.705851856
20080125,-4.337320773,11.62029214,-2.70537159
20080128,3.685015323,6.160893246,3.760118593
20080129,-0.429492428,5.513584819,0.864558699
20080130,0.70213629,10.86688074,-0.03587444
20080131,4.246691453,13.74305991,0.964121019
20080201,4.373222243,9.097577256,5.328136661
20080204,-0.920095092,3.932867121,-1.59623019
20080205,-5.540985595,8.320039057,-7.756375611
20080206,-1.585286656,7.962617493,-0.444939555
20080207,-0.149700627,11.73428273,-0.783439933
20080208,-1.942548228,4.68495093,-2.656702738
20080211,-0.810033359,7.395787741,-0.69471526
20080212,0.267328782,8.15689086,1.537309292
20080213,-1.021575286,8.060978813,0.285632871
20080214,-1.887211797,4.134719956,-2.210990767
20080215,-0.039223378,5.773525449,-0.898268098
20080219,-2.109453218,4.056636786,-0.629675437
20080220,1.581060603,5.927203364,0.668898815
20080221,-2.056221121,3.36075359,-1.860334672
20080222,0.358637563,4.606766638,0.438509772
20080225,0.384654792,10.59116887,-1.583675476
20080226,1.941023333,7.459890373,0.905165589
20080227,4.046565574,6.700819536,2.959379508
20080228,-1.704023796,3.929597694,-2.759339433
20080229,-4.056847696,4.651826402,-5.546708151
20080303,-2.520962385,6.239516816,-2.394299924
20080304,-0.878482956,15.86474575,-4.468781576
20080305,-0.495384936,12.90454432,0.225988797
20080306,-3.623248164,6.963789647,-4.667051605
20080307,0.287769983,16.54922471,-1.237521743
20080310,-6.288908855,10.69061416,-5.715841384
20080311,2.734729594,15.95004744,8.641958596
20080312,-1.681496881,14.42324957,-1.263765942
20080313,1.920366263,20.40842289,-0.9465286
20080314,-8.058701001,31.74680037,-6.127866352
20080317,0.619697524,36.65838776,-6.070361887
20080318,3.68079096,23.11852619,10.20512588
20080319,-3.242481008,18.71017433,-1.392133852
20080320,8.664829075,13.42784807,10.27501268
20080324,1.166571882,14.746502,3.274686842
20080325,0.815280208,9.901426841,0.51413995
20080326,-1.952266649,8.894982099,-5.874337964
20080327,-2.095748686,11.75429324,-1.575914766
20080328,-4.476601387,7.612817332,-4.568724839
20080331,2.395466137,12.84265301,2.780266996
20080401,5.078543918,8.884749226,11.05963745
20080402,-0.249896007,10.52917374,0.627485849
20080403,2.664603942,9.21699861,1.490093796
20080404,-1.812987441,8.997146238,-1.198609101
20080407,-0.848318559,4.86948019,2.464190394
20080408,-1.911150815,4.995663675,-3.341205829
20080409,-2.223712355,5.856064191,-1.139012525
20080410,0.719275367,6.860076516,0.634385718
20080411,0.256959456,6.618333331,-1.443761809
20080414,-2.41186872,5.758095501,-3.70332016
20080415,0.175361728,5.007140299,1.32277061
20080416,-0.149428996,5.189294811,2.487421421
20080417,3.942859175,7.772794616,2.73932004
20080418,-2.008336845,6.944315824,4.411732801
20080421,1.163036972,4.28844561,-0.23894874
20080422,0.63897981,5.213283794,0.159362584
20080423,-2.089268441,5.150003326,-1.969912947
20080424,3.24139049,6.421406,4.291480915
20080425,1.972749864,5.507406855,3.478279169
20080428,-0.149086871,4.329824244,0.711213928
20080429,-1.845974437,4.357713622,-1.920601306
20080430,-1.101939525,4.619425909,-3.995101778
20080501,3.084374892,3.858983292,2.886315806
20080502,-1.803204381,6.324698787,1.412506783
20080505,-2.434702837,3.605951354,-2.358916551
20080506,2.21239375,4.640219303,1.100078642
20080507,-5.910403936,5.04503106,-6.584455597
20080508,-1.99639957,5.838304103,-0.369686188
20080509,-2.585631949,6.325393959,-2.626792682
20080512,-0.126715962,4.918915102,-0.042256498
20080513,-3.285979448,2.912255186,-2.612008911
20080514,0.043057051,2.656154306,0.777877734
20080515,1.745839531,3.731470444,1.960847139
20080516,-2.964918043,2.871055066,-2.543687429
20080519,-1.169603976,2.849933039,-0.629820738
20080520,-2.940078136,3.517834437,-3.683575985
20080521,-5.366690101,5.5504875,-5.005678878
20080522,2.325686216,5.411095162,3.318836967
20080523,-2.913619456,3.996354463,-2.844677709
20080527,1.863118634,3.228294202,2.476183511
20080528,-2.109202445,4.982911297,-0.416185572
20080529,1.880358085,6.18047734,1.972993571
20080530,-2.059129207,2.639141137,-0.638106085
20080602,-1.502050192,4.12609541,-1.822636682
20080603,-1.532419122,5.78901348,-0.490139854
20080604,-1.64748372,7.572638715,-1.413784151
20080605,-0.424028904,4.73082424,0.520711236
20080606,-4.776736518,4.940206496,-5.58261905
20080609,-2.129605723,5.735427031,-1.433085494
20080610,3.795855983,10.43347868,2.624166573
20080611,-5.921284243,9.174449033,-5.527389101
20080612,2.181166866,8.749629491,3.835806477
20080613,1.227009259,6.73809059,2.819875192
20080616,1.937106576,7.019662149,1.69290621
20080617,-3.703236335,6.667076036,-2.132897142
20080618,1.531272202,9.34037442,-0.049007597
20080619,-1.331708953,20.31294617,-1.282701356
20080620,-2.26230728,11.11862399,-4.623632769
20080623,-4.291826232,9.188803128,-3.411675585
20080624,1.652930195,14.76724724,1.733607892
20080625,-1.680711832,9.718993264,-0.158772195
20080626,-1.848274401,9.790452744,-6.510365255
20080627,-2.858971165,10.61059476,-2.576724294
20080630,-2.71243044,9.760153431,-3.002875024
20080701,3.56544005,22.19258124,2.362779734
20080702,-2.583819606,10.85292327,-1.885736492
20080707,-3.920897269,13.08445948,-2.650757612
20080708,5.39070393,21.6406128,5.695489293
20080709,-5.989107077,16.99870214,-5.299449171
20080710,0.245851384,27.96843058,-0.947005703
20080711,1.334801752,37.18322856,-0.461468285
20080714,-9.973787806,23.03228627,-6.727635955
20080715,-2.854424171,47.49487608,-4.416696264
20080716,9.500710358,26.00444536,12.85638871
20080717,2.750889795,44.4993354,6.994220349
20080718,-2.752467339,38.40695296,8.96929113
20080721,0.05087764,12.78211995,1.589369524
20080722,9.650878956,21.31917459,5.972660637
20080723,1.769111403,38.77718594,1.096031939
20080724,-9.27093981,24.18573774,-9.176197975
20080725,-1.502994674,27.68915795,-2.259092658
20080728,-7.238729493,17.86712898,-7.558048551
20080729,8.357004819,41.08354147,5.626658043
20080730,-0.846118216,32.2035381,1.984511359
20080801,0.211752329,17.11042599,0.423954
20080804,2.636687584,13.24781955,-0.423954
20080805,2.439145312,9.395739086,5.627290949
20080806,-0.228455487,13.54473904,-1.237545785
20080807,-3.511912063,13.6404887,-5.59184325
20080808,4.433443712,16.34650339,4.029511562
20080811,2.300126959,12.83540942,2.14512822
20080812,-4.873901458,10.61519756,-6.094048777
20080813,-2.489755162,14.28037315,-4.223276362
20080814,1.919658337,10.03366848,1.639153244
20080815,1.002310978,8.022591366,2.207474839
20080818,-5.126501344,7.96170355,-4.803573184
20080819,-2.070824647,9.761581587,-2.723401796
20080820,1.499451392,10.91477397,1.52850849
20080821,2.497951548,7.593198988,-0.229226461
20080822,0.165517279,6.297773504,3.992658516
20080825,-2.218880529,6.181880605,-2.993649208
20080826,0.871894147,4.505154265,1.410062844
20080827,1.387369645,3.901535729,1.611145962
20080828,3.526006296,3.751010979,4.867206091
20080829,0.555189794,4.50635738,-0.447192643
