20020102,-1.365537134,2.895003356,-1.174332487
20020103,1.288603272,0.971562556,1.327325441
20020104,2.748149606,1.343718933,2.8818267
20020107,-1.179016184,1.308546831,-1.383458222
20020108,-1.733479463,3.221044997,-3.15543915
20020109,-0.522093422,3.068317565,0.213488679
20020110,-0.526676337,1.953047678,-0.876259136
20020111,-0.978481388,1.435808843,-0.54912866
20020114,-0.533334598,1.823230111,-0.710482562
20020115,-1.335612399,1.449107388,-1.315808458
20020116,-3.372828649,2.540557604,-3.533503518
20020117,2.464190394,2.08494591,2.464190394
20020118,-0.651070459,1.000627656,-0.63078854
20020122,-1.666533786,4.397145469,-1.625717459
20020123,2.197890672,4.76308014,1.155128356
20020124,1.020417017,3.362546915,0.999906301
20020125,1.569764574,2.069781424,1.671235917
20020128,1.562995514,1.462256134,1.702674276
20020129,-1.946436823,1.800585976,-2.142939146
20020130,1.425583826,6.430906344,0.599881823
20020131,0.43816043,2.822319877,0.318471607
20020201,0.01980002,2.949622023,0.376872409
20020204,-2.557272144,4.230969752,-2.973898082
20020205,-0.470300427,4.954923926,-0.490698184
20020206,-0.16413627,4.560944069,-0.184634374
20020207,-1.873103671,2.530427857,-2.284626885
20020208,1.377029896,3.455617364,1.377029896
20020211,3.021254494,2.23560093,3.000531253
20020212,1.282068843,2.502797934,1.020314943
20020213,0.950878797,2.038725163,0.950878797
20020214,-0.473093727,1.90023477,-0.21711249
20020215,-1.588911283,1.92434783,-1.312668013
20020219,0.140463553,2.293603204,-0.160288554
20020220,1.816078337,3.267071531,2.475619051
20020221,1.241047536,4.101158875,1.495028331
20020222,2.635528132,3.576160113,1.491994012
20020225,4.656249562,5.012251778,6.219811602
20020226,-0.214132844,3.964478926,-0.124966543
20020227,-0.482876732,3.103405808,-0.357910189
20020228,-0.700119546,2.824011755,-0.48521975
20020301,1.803459289,5.015621594,1.785442894
20020304,4.659254685,3.169485701,4.464409172
20020305,-1.71090572,3.983891633,-1.948113557
20020306,2.139576697,2.421057055,1.880397286
20020307,-1.91094003,1.918427873,-0.816192254
20020308,0.320702444,1.675071714,1.306099476
20020311,-0.050791502,1.672457815,-0.489907222
20020312,0.852520082,1.43308131,-0.254345199
20020313,-1.961184481,2.061735815,-2.301320864
20020314,1.838066005,2.877443194,2.046327101
20020315,1.533694847,1.86455075,1.754726987
20020318,-1.194596523,1.731049934,-1.194596523
20020319,-0.471064128,1.745280498,0.371684834
20020320,-2.0633352,1.548333462,-2.147687799
20020321,-0.802516519,2.723625272,-1.650345804
20020322,0.017511601,2.635219769,0.03502627
20020325,-2.957441381,2.410238081,-2.016339977
20020326,0.873523693,3.164661599,0.658892954
20020327,1.757514482,2.465081633,1.863954088
20020328,-1.446900514,1.41446632,-0.787061343
20020401,-0.17559267,2.784760084,-0.087834876
20020402,-0.882306765,2.627576452,-0.847163556
20020403,-2.233119989,2.954536266,-2.712822428
20020404,0.906295854,3.408552526,0.924505814
20020405,2.75733269,2.367646618,3.440665686
20020408,0.712365101,2.874815594,0.694929829
20020409,-0.086348335,2.813457001,0.207540718
20020410,1.951695382,1.98139476,2.760441079
20020411,-0.987074046,2.005122544,-1.746251036
20020412,-1.66350605,1.788602138,-0.591793828
20020415,-0.241254641,2.30918604,-0.284274646
20020416,-2.302561171,3.266061531,-2.250814727
20020417,-1.246676877,2.056460579,-1.547110079
20020418,-0.887606588,2.594938341,-1.516822147
20020419,-0.670110268,0.800740742,0.127284316
20020422,-2.185779002,3.216227899,-2.167608747
20020423,-1.401237313,2.758806417,-1.308429881
20020424,-0.338919549,3.310416099,-0.244890393
20020425,1.125715452,4.292073012,1.087986722
20020426,0.166067019,2.740410917,1.186957556
20020429,-2.372834353,2.694615551,-2.520435855
20020430,2.450921048,2.650498581,3.035332175
20020501,-0.938110439,4.245308036,-0.754859517
20020502,0.293685967,3.430335827,0.828200188
20020503,-1.159700066,2.553530683,-1.013179893
20020506,-2.058812922,2.829221293,-3.026262328
20020507,-0.568721912,2.152262453,0.380952842
20020508,2.113078163,1.488855738,4.461706549
20020509,-2.113078163,2.828919133,-2.113078163
20020510,-1.968752066,1.806070856,-1.950183688
20020513,-0.094741836,2.461951481,-0.113679436
20020514,0.166067019,1.3232438,2.785487128
20020515,2.608371024,2.529995698,3.06822652
20020516,-1.4414664,2.208723768,-1.495119267
20020517,-0.89018664,1.50754154,-0.54595222
20020520,-1.378318246,2.357143145,-1.396568086
20020521,-1.596469771,1.767968357,-1.116498386
20020522,1.52249506,2.224130499,1.541205885
20020523,-0.073759915,1.346259484,-0.11061948
20020524,-0.517752636,1.127476085,-0.499307556
20020528,-1.393427097,1.787604428,-0.912568024
20020529,-1.868507697,1.855333575,-1.812396221
20020530,0.134654248,2.445495477,-0.899441524
20020531,0.72811205,1.744106767,0.689657906
20020603,-1.457639924,2.611929118,-1.190718889
20020604,-1.951281422,5.750178141,-1.970603227
20020605,1.490808309,2.909686209,1.194804146
20020606,-2.457126073,5.579054793,-2.184911244
20020607,0.575455502,2.048513507,0.575455502
20020610,-0.55270571,3.011107449,-0.039580448
20020611,-2.939051895,3.821550276,-1.797531922
20020612,0.224146808,5.103681689,-0.992413208
20020613,0.509945011,2.004295618,0.040700041
20020614,1.380469023,4.178017858,-0.571313531
20020617,-0.746581651,3.732336656,-1.712971407
20020618,1.432982555,3.680358243,2.385962629
20020619,-1.36168805,2.744164904,-2.178019114
20020620,-0.375704888,2.407920324,-0.666947032
20020621,0.884030173,3.417108291,-0.20933648
20020624,0.781171501,7.515895547,-0.356880824
20020625,0.12479203,3.597376645,1.170826672
20020626,1.714146299,5.911123433,-0.939758404
20020627,1.596385099,3.829357585,1.994249722
20020628,1.836786333,2.581541799,1.692708918
20020701,-2.365148808,2.954153755,-2.871992265
20020702,-2.268528283,8.297686805,-2.060628
20020703,-1.825064076,5.148903449,-1.973889446
20020708,-0.896119365,4.863676157,-0.979072502
20020709,-1.137333237,3.980823272,-1.179209284
20020710,-4.444221735,6.736287655,-3.579511085
20020711,-0.288025014,12.10469547,-1.0593787
20020712,0.685161261,7.479701871,0.729526834
20020715,-0.639402465,10.75071398,-0.419380374
20020716,6.609011183,15.40636181,-5.011818561
20020717,0,7.81849145,0.579711768
20020718,-0.421447592,3.396199392,-1.467360671
20020719,-3.044230321,5.746291744,-2.880122911
20020722,-1.405461571,27.92568916,-1.913875691
20020723,-1.462775555,11.75758448,-1.45046862
20020724,8.184079986,21.594295,7.457168651
20020725,0.257279992,17.94255841,-0.76789208
20020726,1.038670619,7.122877284,1.713798314
20020729,3.300775897,5.76436953,5.233752511
20020730,-0.637294762,5.992354921,-1.161656899
20020731,-1.595071479,6.300477137,-1.286904825
20020801,-2.739897419,11.14448058,-3.592111592
20020802,-4.101446878,7.613689141,-3.870232902
20020805,-2.32426365,4.828936218,-2.830838126
20020806,3.231879126,10.15459086,4.949712779
20020807,-0.721017195,6.620778416,0.914533282
20020808,2.756124802,7.187112362,3.824163745
20020809,0.540298478,5.081972427,0.06737788
20020812,0.090661838,4.568359413,-0.9021261
20020813,-1.593927561,5.72637713,0.113211831
20020814,1.339559138,4.201265396,0.338868505
20020815,-0.699067003,6.754131659,-0.338868505
20020816,-1.053123286,2.556670399,-1.688766743
20020819,2.584005965,3.369919147,2.813891123
20020820,-0.270941688,2.978989287,-1.034647107
20020821,-0.471434255,3.42792526,0.473667289
20020822,2.337335119,4.339521105,2.247285585
20020823,-1.086364747,1.691915131,-1.306629153
20020826,0.644518288,2.976562486,0.62222423
20020827,-2.44532506,3.360596007,-0.666817319
20020828,-1.280484754,4.06311544,-1.369730632
20020829,-0.391570234,6.09338284,-2.055805613
20020830,0.897692759,3.675510032,0.712892521
20020903,-2.249891958,3.784147069,-2.341593019
20020904,0.046904316,3.812690585,0.046904316
20020905,1.230493519,3.939969014,-0.305272046
20020906,0.46457691,2.523636073,1.470786406
20020909,0.255487307,2.391746573,-0.092742877
20020910,-0.835853485,2.299207145,-0.511629023
20020912,-0.940077428,3.017202357,-1.243709566
20020913,-2.651900933,4.218817247,-4.318606182
20020916,-0.17235016,4.669192435,0.049297511
20020917,-5.484209406,5.127138352,-3.001726119
20020918,0.333633057,5.495222642,-0.892749202
20020919,-1.170219126,5.337274607,-3.188921218
20020920,0.264270767,5.880673274,0.224585602
20020923,1.416567854,5.422539563,-0.555777532
20020924,-0.702325956,4.945767422,-2.11889381
20020925,1.431625724,4.825580899,2.938245559
20020926,2.072613052,3.87382699,2.623867893
20020927,-3.665331765,5.044736454,-3.922071315
20020930,1.570145955,5.560702683,-0.722604509
20021001,3.36962651,4.35897102,3.691428879
20021002,-1.051258039,4.934223518,-2.039819679
20021003,-0.931477127,9.60755112,-1.196027546
20021004,-4.534508325,13.12169173,-3.815176596
20021007,-0.860041367,4.501108232,-0.30602333
20021008,0.606731039,9.196509805,1.328555384
20021009,-4.811528647,10.87548435,-7.091938922
20021010,2.92308469,6.13074846,3.423600971
20021011,2.832735925,6.310932689,4.079917623
20021014,-1.582706924,3.041925447,-2.186938369
20021015,2.53515912,4.047788492,6.027883181
20021016,-1.282068843,8.760659812,2.086125196
20021017,1.120111275,2.942991351,4.169902917
20021018,2.317086655,3.524664652,1.57174159
20021021,4.55328323,4.525606406,4.455769814
20021022,-0.429492428,4.023045773,-2.5730205
20021023,2.364735397,5.40554653,2.292973643
20021024,-5.523783329,5.267253719,-3.993141201
20021025,0.362976805,5.856390837,0.690786241
20021028,-3.039747718,5.300802118,-2.197890672
20021029,0,5.670897667,0
20021030,0.80952239,4.793825341,1.056131639
20021031,-0.840904352,4.636938928,-0.183407767
20021101,3.207799458,4.979583262,3.073086315
20021104,-0.442942792,3.575499325,1.57780266
20021105,0.139502464,2.905258528,0.559181327
20021106,-0.321617553,4.580020662,0.971105897
20021107,-2.625920603,4.541438386,-2.30430305
20021108,1.188686645,3.550703642,1.611619606
20021111,-3.622984144,1.85962383,-3.994386613
20021112,2.351931667,3.123697927,2.664920968
20021113,1.145006083,6.543180811,1.051043192
20021114,1.204149504,1.941108678,2.840319199
20021115,1.789756946,3.757605851,1.834913867
20021118,-1.355726954,2.845403968,-0.913248356
20021119,0.803575753,3.313806659,0.646818359
20021120,3.367910701,3.869189906,3.323436606
20021121,2.616182964,3.133233279,3.21652782
20021122,0.891659614,4.106443769,0.870832789
20021125,-0.143840567,3.336600943,0.391470573
20021126,-2.910895504,3.513075585,-3.281724112
20021127,4.186272262,3.046683068,4.589199326
20021202,-3.203477133,3.384471416,-1.514415616
20021203,-3.893486469,3.600980036,-4.260384557
20021204,-0.042744177,1.725605527,-0.681723987
20021205,-1.457376845,2.423683607,-0.988192789
20021206,1.265287386,3.427609191,-0.41103357
20021209,-2.389154735,2.048497753,-2.30248084
20021210,1.280653405,2.814379602,1.103033465
20021211,0.24120174,3.223655449,0.175361728
20021212,-1.232681248,3.66433319,-1.123236124
20021213,-0.644804902,2.24302505,-0.71127217
20021216,3.03053495,1.937837244,3.075137983
20021217,-0.99892253,2.027494302,-0.890826097
20021218,-0.766622964,2.646262781,-0.744800814
20021219,-0.486296272,3.207557154,-0.772545504
20021220,1.088150019,2.007227494,2.343258425
20021223,-0.280082053,2.058749768,0.324149392
20021226,-0.43150013,1.621758278,-0.323799527
20021227,-2.454110892,3.147732815,-2.562277479
20021230,0.198434637,2.792613116,0.707341588
20021231,0.06555228,1.811459765,0.833520948
20030102,3.653862287,3.589175227,4.024515715
20030103,-0.589351316,1.264846477,-0.610335473
20030106,1.502846068,1.670569224,1.882113274
20030107,-1.540734205,2.38071859,-1.2717778
20030108,-2.661146923,3.141097066,-2.787117966
20030109,1.554380279,2.442179398,2.092305191
20030110,0.890780015,3.782995457,0.063364666
20030113,-0.460830309,1.809952632,0.568482424
20030114,-0.021077037,3.686760663,-0.399706012
20030115,-0.907466394,1.767421108,-0.570765739
20030116,0.65810661,2.166271629,0.190617446
20030117,-0.063782292,1.766043635,-0.509122865
20030121,-2.824321231,1.406475541,-2.019402672
20030122,-2.672764891,4.20983486,-3.939433934
20030123,1.486109196,8.460737946,2.496785963
20030124,-3.399253935,5.299452933,-3.267240714
20030127,-1.33304663,4.579661311,-1.697677846
20030128,1.10118112,3.050380201,1.401516335
20030129,1.80596976,5.836841042,0.70478864
20030130,-2.862244618,3.895376724,-2.500416995
20030131,2.847947132,4.883571983,2.148643583
20030203,-0.214434933,2.461668062,0.611969272
20030204,-0.432753209,2.640686502,-1.01062576
20030205,-1.093155955,4.166963376,-0.320073433
20030206,-1.202604688,4.288328318,-1.592647628
20030207,-1.747277999,3.96520826,-1.005503619
20030210,0.305774671,3.786452633,0.070480445
20030211,-1.168237585,2.279368026,-0.070480445
20030212,-1.440572793,2.606068926,-1.205830901
20030213,0.285646469,3.349848407,0.071335159
20030214,2.647454611,6.009420958,2.766233578
20030218,2.730545069,2.761996236,2.961492054
20030219,1.204174375,2.023858995,3.094169488
20030220,-0.390795113,2.508905563,0.043516102
20030221,0.517019678,2.420039776,1.232314806
20030224,-1.195276645,1.461001506,-1.733896928
20030225,0.832972813,2.480432796,0.15292193
20030226,0.109469086,2.105491058,-0.240411
20030227,1.638674011,2.912521605,2.29298387
20030228,0.127713938,2.949742696,0.533220843
20030303,0.148793736,0.984106068,0.148793736
20030304,-3.559403525,1.579143124,-3.942464219
20030305,0.858752387,3.432775591,0.770335052
20030306,-1.114838748,2.937476981,-2.23931317
20030307,4.470017892,5.187201585,2.54579327
20030310,-1.231365051,2.509969921,-2.109526567
20030311,-0.671895025,2.332723355,-0.660733688
20030312,-0.451978171,3.367053667,-0.789626212
20030313,3.760086541,3.205065286,5.999821822
20030314,0.29774586,4.076455047,0.446951899
20030317,6.772831651,6.395448526,6.47508579
20030318,-0.759396135,4.170781538,-0.779302575
20030319,0.48367688,4.249671135,-0.220905803
20030320,2.237408554,3.311583765,1.753731674
20030321,2.662194257,4.329815035,3.703767985
20030324,-1.759576189,2.083554903,-3.545852437
20030325,0,2.330143302,0.589972213
20030326,-1.561142268,3.848828654,-1.561142268
20030327,1.852089185,2.943819049,0.931714541
20030328,-0.337871732,2.14205815,-0.891889769
20030331,-0.182908292,2.957993772,-2.153217306
20030401,1.031249661,3.59314708,1.112583541
20030402,1.561007307,1.3140986,3.828407546
20030403,-0.807852057,1.744415685,0.251377876
20030404,-0.985991555,2.504049461,-0.600486066
20030407,-1.555181579,2.777159822,0.407174581
20030408,0.17309361,3.070227815,0.694179417
20030409,-1.095848706,2.82321539,-0.597476963
20030410,1.971921845,1.811227898,1.952588834
20030411,-0.938974035,2.896861714,0.47281412
20030414,1.485967341,1.210138489,1.051060727
20030415,-0.869242057,1.554128687,-1.63768366
20030416,-3.516509852,4.211031171,-2.459297815
20030417,2.688124461,2.680722524,1.198776923
20030421,-0.711336269,2.235654215,-0.38513431
20030422,3.3891786,3.334338347,2.166218585
20030423,0.378716605,1.810581066,-0.103896113
20030424,0.818818247,2.291456821,-0.340780337
20030425,-1.643767898,2.031906448,-1.605846016
20030428,2.10534092,1.472065091,1.738509733
20030429,-0.79848333,2.626903004,-0.779545729
20030430,0.228876697,2.777813064,0.190694184
20030501,-1.338452103,1.610228678,-1.034095772
20030502,1.152750517,1.689907716,0.767021977
20030505,0.36090836,1.495050014,0.742224361
20030506,1.691133877,2.17146923,1.748000526
20030507,-0.131049349,2.385020878,-0.541804221
20030508,-2.377215681,2.086647861,-2.696195217
20030509,2.356627495,1.753813114,2.433580172
20030512,1.915803038,1.326864041,1.934584144
20030513,-1.715180004,1.595185061,-2.047344915
20030514,-1.187908755,1.827465941,-0.868749562
20030515,0.168713134,1.35370335,1.262857232
20030516,-0.808503041,1.592022005,-0.789774696
20030519,-2.208443091,1.804358305,-2.814390789
20030520,-0.408600627,1.34265549,-0.408600627
20030521,-1.438873745,1.496903722,-1.810004164
20030522,1.020417017,1.98500493,1.673432101
20030523,-0.44979053,2.074825829,-0.391236806
20030527,3.390155168,2.225507122,2.859545688
20030528,-0.152207031,1.453483029,0.038087984
20030529,-3.724247314,2.519193037,-3.724247314
20030530,2.210677578,2.084742262,2.998083221
20030602,-0.707257082,1.79421576,-0.019180973
20030603,1.464879234,1.982129945,1.560747327
20030604,1.887730105,1.587849737,1.982114256
20030605,1.350996767,2.259455994,0.719493926
20030606,-0.054929966,3.472870656,0.366972889
20030609,-0.606898415,1.690538294,-0.716848948
20030610,-0.146359338,1.669572125,0.753472277
20030611,3.228980075,1.709603361,3.649187143
20030612,-1.326865995,1.556434873,-0.886530629
20030613,0.142653377,1.049805995,-0.053442595
20030616,1.988900173,2.040282461,3.105240286
20030617,-0.38009721,2.465665925,-0.20750483
20030618,-0.890913396,1.592604068,-1.359379595
20030619,-1.319860779,2.081876377,-0.952052325
20030620,0.507837533,1.089571128,1.407235184
20030623,-1.027090625,1.453012321,-1.027090625
20030624,0.354924951,1.82594746,-0.380144559
20030625,-0.586199387,2.080247314,-0.568486164
20030626,1.205474623,1.370736063,1.098522741
20030627,-1.441434335,1.547084428,-1.70610145
20030630,-0.268793281,2.304741437,-0.107604028
20030701,-0.600711736,5.750628989,-1.737600279
20030702,1.245615889,2.142962978,1.755542326
20030707,0.213106101,1.599883412,1.42936148
20030708,0.743103207,1.193223073,0.636606924
20030709,-0.389105549,1.717944393,-0.530223936
20030710,0.480812964,1.157094547,-0.248403251
20030711,2.345166104,1.419590765,1.917891108
20030714,-0.757579381,0.949471154,0.833048899
20030715,-0.90855172,1.602622106,0.362287984
20030716,0.256169553,1.266651723,0.959733159
20030717,5.732506662,5.875146538,8.042311787
20030718,2.672180001,3.740872385,3.205849452
20030721,0.13785711,1.780014911,-0.42767745
20030722,-1.345415794,0.920999375,-1.698095758
20030723,0.960651949,1.01780542,0.960651949
20030724,-1.739444385,1.047151065,-1.585361149
20030725,1.565802086,1.541635521,1.831780495
20030728,-0.658854754,0.882884099,0.061510074
20030729,0.398590134,1.274387762,0.475424559
20030730,1.638883419,0.902463313,1.638883419
20030731,0.222469502,1.419914812,1.582831313
20030801,-0.474707908,2.071703747,-0.37105794
20030804,0.179077797,1.767266314,-0.268016837
20030805,-0.940375614,1.705817933,-0.583179223
20030806,-0.828130909,1.510554886,-0.813135033
20030807,1.727418094,2.034903185,1.515521542
20030808,1.194616375,1.115623708,1.56622587
20030811,0.364830759,1.280145046,0.642995055
20030812,2.24599133,2.101643345,2.289681711
20030813,-0.042683361,0.876013033,0.042701588
20030814,0.368637877,1.437508563,0.553467673
20030815,-0.25348556,1.598610043,0.367283928
20030818,2.186938369,0.767732788,2.945475508
20030819,-0.315349545,1.293155821,-0.301659354
20030820,0.221637437,1.451044118,-0.758153745
20030821,1.507910683,2.421952352,1.687630092
20030822,-2.640054334,1.542231683,-2.381884478
20030825,-1.354551259,2.10678508,-2.98402965
20030826,1.098118245,1.810919361,-0.100538608
20030827,0.987909817,1.179964546,0.858497189
20030828,0.205317074,1.515407988,0.71689983
20030829,1.148311176,0.760335666,1.578813975
20030902,0.609673497,2.32050845,0.790517951
20030903,-0.235800095,1.768768561,-0.526317004
20030904,-0.644982606,1.167448012,-1.285831832
20030905,0.157131666,1.1782603,-1.459466217
20030908,0.526204727,1.059513915,0.626069205
20030909,-1.231577932,1.323228509,-1.572584231
20030910,-0.13042535,1.112019673,-0.636024116
20030911,-1.474586906,2.225771815,-1.416599082
20030912,0.41243246,1.589094103,0.058814882
20030915,1.077941974,1.145155409,1.444753331
20030916,0.951564274,0.618756206,0.966051778
20030917,0.270867654,0.760473851,0.786111388
20030918,1.000642554,1.562110941,1.511862071
20030919,-0.643989346,1.174612275,-0.154375162
20030922,-0.692925066,1.977810159,-1.030573108
20030923,1.083678187,1.025775141,1.367084923
20030924,-1.451036236,1.476708269,-1.367084923
20030925,-2.420454719,2.423156078,-2.137047983
20030926,-0.817284176,2.582833126,-1.078570433
20030929,1.148351888,1.871632185,1.382544033
20030930,-0.203045755,3.271873676,-0.449048339
20031001,3.366456823,2.54803199,3.439020501
20031002,0.828848508,2.525682237,1.944775837
20031003,-0.149771966,2.391233235,0.958386306
20031006,0.148739126,1.685070581,0.841253265
20031007,0.783258562,0.908973997,0.444894566
20031008,0.42604245,1.059139785,1.243248418
20031009,-0.15770801,2.005347953,1.004635019
20031010,-0.263504764,1.256824113,-0.302970659
20031013,1.138234307,1.225139932,1.401739071
20031014,0.417319333,0.702575341,-0.039034546
20031015,1.60064881,1.38093551,2.417191484
20031016,0.04039588,3.43224506,-5.805551626
20031017,-1.054491318,1.257846415,-0.946848681
20031020,-0.162184114,1.006315271,0.474544989
20031021,-0.751626361,1.115551827,-1.403006055
20031022,-1.331134464,0.698531796,-1.743506182
20031023,-0.251818824,1.228946834,-0.349577368
20031024,0.521973394,1.516134353,-0.449249668
20031027,0.265381816,0.711408335,0.868596103
20031028,1.478642293,1.265105222,1.673737115
20031029,0.957468674,1.384873176,0.765240138
20031030,0.040581671,1.388992976,0.651291312
20031031,-0.720160732,1.22037345,-0.82841514
20031103,0.894436103,1.339364243,1.071559931
20031104,1.021102517,0.633997156,0.926616447
20031105,0.4950174,1.671071497,0.160277849
20031106,-0.187592176,0.667264204,-0.4950174
20031107,-2.461872039,1.135825457,-2.636380439
20031110,-0.842604612,1.515448535,-0.732502757
20031111,-0.25000013,0.471957448,-0.25000013
20031112,2.05627533,1.208041591,2.458746208
20031113,0.040858019,1.267343385,-0.353405288
20031114,-1.287512649,1.443121349,-1.233061246
20031117,0.221177862,0.528849847,-0.165562952
20031118,-1.528869252,1.229121698,-1.418463499
20031119,1.818105732,0.76068741,1.818105732
20031120,0.082496911,1.132445526,0.068742699
20031121,-0.137023864,0.795096513,0.233372335
20031124,0.491602793,1.092401297,0.656008913
20031125,1.89636508,1.820511358,2.222762758
20031126,-0.132538124,1.175733671,0.451948131
20031201,0.705700785,2.004559694,0.968340464
20031202,-1.248948069,1.142815234,-1.575042404
20031203,-0.620914869,1.019824768,-0.172128477
20031204,-0.704462274,0.608496239,-0.651468102
20031205,0.642667305,1.671301238,2.007197982
20031208,0.31343894,0.745118669,0.261130844
20031209,-0.768883699,0.657499849,-0.32652024
20031210,-0.564046881,0.54563414,-0.550965581
20031211,1.957161817,1.619825404,2.455785078
20031212,0.205075694,0.972568889,0.24357425
20031215,-0.635003404,0.969744215,0.498117129
20031216,3.107630099,1.345595177,3.209502004
20031217,1.722059775,1.310530047,1.165299908
20031218,1.9886163,1.608801037,2.171376022
20031219,0.592068041,1.256431547,1.068259417
20031222,-0.9854636,0.868791133,-1.056326955
20031223,-0.095522395,1.294823706,-0.119388744
20031229,0.830865314,1.075800636,1.057582194
20031230,-0.59942611,0.557145831,-0.717699335
20031231,-1.624498218,0.620269179,-1.143485384
20040102,-0.542529512,1.238498686,-0.386100866
20040105,1.309221627,1.114210014,2.666029378
20040106,-1.15704756,0.823705687,-1.907309534
20040107,-1.216955798,0.730673821,-1.037153532
20040108,-1.081485722,1.117533221,-0.778877006
20040109,-0.494744361,1.95167285,-1.476949925
20040112,1.699411275,1.444250038,2.25582693
20040113,-0.54397233,1.897703006,0.012121947
20040114,1.46849052,1.042838829,1.43212027
20040115,-0.716848948,2.250054834,-0.347118668
20040116,0.225935051,2.089375714,0.942783998
20040120,-1.336644622,1.021185353,-2.039907548
20040121,1.46111396,2.444646877,1.12110149
20040122,0.53715438,1.283324816,0.692871007
20040123,0.023784041,1.476368254,0.118976814
20040126,1.552991913,2.903032254,1.076232965
20040127,-3.312709492,5.85911592,-3.312709492
20040128,-2.346330715,3.853079438,-3.250208861
20040129,-3.446205356,3.416895808,-2.957513198
20040130,1.519864393,1.399858571,1.208862458
20040202,-1.014715533,1.136525432,-0.989153161
20040203,-0.491846707,1.658747933,-0.50475743
20040204,-0.394218645,1.558521421,-1.463887075
20040205,0.722973902,2.640736762,0.525280262
20040206,2.711592862,2.544423435,2.777059312
20040209,-1.063499036,1.355558512,-1.114467437
20040210,-1.27191851,1.137859321,-1.387920327
20040211,3.350397123,2.320878721,3.023321539
20040212,-0.076219516,1.186859992,-0.279187999
20040213,-1.320786014,2.034824722,-1.56253179
20040217,1.087517041,1.664410485,2.599203527
20040218,-0.582353842,1.203898711,-0.947754614
20040219,-0.887204806,2.30459539,-0.266988907
20040220,-2.045482006,2.548177872,-2.070946738
20040223,0.051800053,2.102810593,0.389156024
20040224,-0.130293178,1.55433458,-0.701574919
20040225,0.753837726,1.955918401,0.688627421
20040226,1.303160175,0.939196397,1.004904102
20040227,-2.541681298,1.818255074,-2.939857921
20040301,1.151242438,1.847720407,1.480732027
20040302,1.742113742,2.051698278,0.919278824
20040303,-0.193486033,1.439721373,-0.180598604
20040304,-0.129836424,0.928557243,-0.621683132
20040305,0.347621115,1.720059879,-0.789125952
20040308,-0.648090408,1.145932013,0.698140049
20040309,-0.975617495,1.598042978,-0.521513568
20040310,-4.652001563,2.763667301,-4.000533461
20040311,-0.286709187,3.607633335,-0.49099935
20040312,2.078347414,2.424511686,2.337786352
20040315,-0.108020534,1.661589311,-1.141794928
20040316,0.599003455,3.143636868,1.780859811
20040317,2.186380212,1.791843395,2.451456576
20040318,0.363118023,2.444749756,0.038842494
20040319,-1.1331935,1.887815615,-1.184986846
20040322,-0.25147257,2.033721804,-1.159433278
20040323,0.290199386,1.879632978,0.607743977
20040324,0.328623365,1.925706793,0.368130839
20040325,0.846083798,1.355335287,1.239011612
20040326,0.763807196,1.023030156,0.504235343
20040329,1.304559062,0.830287602,2.458565971
20040330,0.804024432,1.134196787,0.564654239
20040331,-0.416168077,1.90777946,-0.993406472
20040401,-0.177035959,1.949563385,-0.151764289
20040402,1.164532486,1.724659844,2.721766014
20040405,1.834913867,0.922204306,1.600620647
20040406,1.12776312,1.109580972,0.519858512
20040407,-0.49748328,1.153645513,-0.87199293
20040408,-0.935437788,1.158785769,-0.341172501
20040412,1.844203415,0.967123027,2.173211206
20040413,-2.218562178,1.537783422,-2.063421625
20040414,-0.78672809,2.695749362,-1.214366349
20040415,-0.555385568,2.005066864,-0.284249095
20040416,0.281122229,1.409238595,1.388825863
20040419,-1.153670135,1.157702892,-1.129262031
20040420,-1.700531266,1.603236496,-1.404709529
20040421,1.390290517,3.008618292,1.54040313
20040422,1.249644349,2.72158328,4.14135355
20040423,-2.58941426,2.003527047,-3.111175197
20040426,-1.251703666,1.98620206,-1.202911277
20040427,0.600897019,1.665758683,0.995277614
20040428,-2.932834099,1.459721297,-2.676408048
20040429,-3.433106805,2.640726848,-2.595235336
20040430,-0.282449796,4.135016056,0.244577582
20040503,1.869451023,1.999625452,2.023613438
20040504,-0.441947812,2.239795784,-0.441947812
20040505,-0.240826531,1.454633709,-0.278798812
20040506,-0.768249617,2.381969193,-1.277156568
20040507,-0.362413029,1.812116494,-0.877878088
20040510,-4.419495646,3.876784157,-5.75093419
20040511,-0.17770492,1.492232846,0.383825009
20040512,2.012357731,2.916385915,2.299262771
20040513,0.174391351,3.368626362,-0.240963972
20040514,1.558265532,3.363904374,1.410723422
20040517,-1.096160918,3.894986747,-2.923243817
20040518,-1.01113096,2.403964936,0.420938907
20040519,-0.876311641,2.150043514,0.067727737
20040520,-2.094962631,2.168800374,-2.162690368
20040521,0.631957042,2.043802793,1.032427093
20040524,-1.994577869,2.180604162,1.279103029
20040525,1.104983619,1.803890362,0.888416127
20040526,0.334336654,1.290490311,0.374532273
20040527,-0.106368844,1.247351102,0.359832467
20040528,0.146072664,1.019338967,0.252441508
20040601,0.858941521,1.679282437,0.845671002
20040602,0.32797668,0.990469182,0.459469138
20040603,-1.164188304,1.211027432,-1.584191547
20040604,-0.211836436,2.055524107,0.398406901
20040607,1.897886161,0.892981857,2.887013909
20040608,-0.116648319,1.323721263,-0.710735046
20040609,-2.100366002,1.055055314,-2.269098601
20040610,-0.066115705,0.759038494,0.291429535
20040614,-1.11733006,0.941542479,-1.11733006
20040615,0.50538743,1.595435538,0.825900525
20040616,-1.887227262,0.875746746,-1.834176863
20040617,0.941373278,0.703556867,0.941373278
20040618,-0.134408622,0.870493586,-0.483027908
20040621,0.133422301,0.801991674,0.870444063
20040622,1.710568025,1.015851092,2.176149178
20040623,1.514102041,1.015458578,1.566273686
20040624,1.20843549,0.893044793,1.567410235
20040625,-0.827766586,1.077455176,-1.131679698
20040628,-1.410279784,1.161198261,-0.963708069
20040629,1.856053281,0.983766927,1.791474655
20040630,0.834075352,1.658700455,0.770643698
20040701,-1.437043869,1.770501472,-1.764789025
20040702,-1.911215199,1.315467979,-1.770415176
20040706,-0.05215124,0.870481356,-0.02607902
20040707,1.28614959,0.810490139,1.024984647
20040708,-1.052709702,1.355993553,-1.207728465
20040709,-0.025943702,0.892743791,0.703036355
20040712,1.429791859,1.033257153,1.429791859
20040713,1.308038207,0.734838889,1.359182563
20040714,-0.329865815,1.21439042,-0.721750522
20040715,0.733530543,0.801410886,0.847838043
20040716,-2.110695013,0.822324191,-1.959599542
20040719,0.487117999,1.426052314,0.487117999
20040720,-0.230444347,1.609441473,-0.230444347
20040721,-2.112663917,1.539637342,-1.563036407
20040722,3.332950415,6.710583492,-4.377736196
20040723,-0.449806524,2.59568561,-0.436205708
20040726,-0.864025124,1.600870878,-0.823049914
20040727,-0.483259484,1.671172833,-0.483259484
20040728,1.757804118,2.150906813,1.66087134
20040729,-0.108239762,1.651220761,0.556575115
20040730,-0.583329335,1.319092997,-0.502138532
20040802,-0.081956022,0.785134534,-0.436324663
20040803,-2.003521248,1.116539011,-2.112900532
20040804,-0.396618827,0.893007292,0.090677647
20040805,-3.009339187,1.736507741,-2.821271009
20040806,1.720472545,3.56269613,0.899556291
20040809,-0.844545668,1.140502517,-0.277570371
20040810,1.684280138,1.262563749,1.54877393
20040811,1.467839313,1.681325073,1.130428617
20040812,0.390843602,0.908741658,-0.38932196
20040813,0.111591586,0.820185412,-0.069681558
20040816,1.5214678,1.175515301,1.54934625
20040817,-1.655417788,1.854300156,-0.495391133
20040818,0.37310898,1.107657452,0.013794055
20040819,-1.781288401,1.036229508,-1.781288401
20040820,1.676016886,1.324060161,1.366636805
20040823,-0.608829887,1.093283237,-0.207972345
20040824,-0.986570343,0.856710204,1.480998311
20040825,0.693078809,0.662834392,0.973028464
20040826,-0.216831634,0.665602572,-0.176211499
20040827,-0.162601662,0.540120469,0.04069176
20040830,-1.783312005,0.598105782,-2.041306581
20040831,0.2894757,0.90513985,0.552106302
20040901,-0.34366657,1.765636482,-0.041302403
20040902,0.548171854,0.414828382,0.754513491
20040903,0.068004083,0.483751101,0.517994615
20040907,1.603669274,1.082373853,2.523962682
20040908,-0.093091303,0.713815643,-0.358589932
20040909,-0.466512009,0.683031691,-0.413306368
20040910,-0.133067219,0.936867325,0.33344479
20040913,0.846342,0.778745612,1.112299603
20040914,-0.369101395,0.539203346,-0.290122846
20040915,-1.331577598,0.802897618,-1.490181913
20040916,0.294275226,0.523114038,0.361276903
20040917,1.188917571,0.768873698,1.69518031
20040920,0.263852396,1.001400154,-0.328839494
20040921,0.380902805,1.034506054,0.499409633
20040922,-1.070094101,0.821423616,-1.306345687
20040923,-1.120908453,1.271111735,-1.027977813
20040924,0.725127388,0.931283093,0.294787832
20040927,0.269106729,0.734525276,-0.429070114
20040928,3.272491515,4.779400918,3.447023345
20040929,4.121026865,4.115504992,4.406222806
20040930,0,1.519956207,-0.124300824
20041001,0.198708461,1.284709343,0.248447333
20041004,0.555728506,1.064579469,0.741659766
20041005,-1.088984899,0.85000712,-1.027427494
20041006,0.780818245,0.911947803,0.780818245
20041007,-1.586941312,0.928092484,-1.217255124
20041008,-0.652039928,1.563322876,-0.664537584
20041011,-0.062912868,0.867629682,-0.05033346
20041012,0.767540729,1.011357806,0.414495349
20041013,-0.94488892,1.683478383,-0.982499401
20041014,0.542211782,1.352124214,0.656070988
20041015,1.967684904,1.503517761,1.955108661
20041018,0.148020256,1.394213317,0.049315745
20041019,-0.517752636,2.437947696,-0.271538059
20041020,-0.407634435,2.239400108,-0.148423033
20041021,-4.244062153,8.967027788,-4.7528428
20041022,-1.450882484,1.643447822,0.362788685
20041025,1.284539178,1.860246135,1.323331446
20041026,1.384236973,1.214943526,1.192604848
20041027,2.050584479,1.596352662,1.886494824
20041028,-0.987446308,1.987555598,-1.483725243
20041029,1.323860973,1.325134573,1.235893641
20041101,1.106341954,1.567433706,1.47785941
20041102,0.012198841,1.916786485,0.219807147
20041103,0.225935051,1.703324457,2.660083427
20041104,1.713656959,1.569469954,2.045686198
20041105,1.119005735,2.444373981,1.43272237
20041108,0.114863325,0.998801065,-0.068854719
20041109,1.803907804,0.857417353,1.447401187
20041110,0.383401462,1.001527494,0.53038549
20041111,1.073115596,0.777995188,1.219322674
20041112,-0.022237047,0.837103632,-0.011119142
20041115,-0.178292893,1.167932312,-0.30068512
20041116,-0.144645366,1.474184865,0.167158896
20041117,-0.033008748,1.268110526,1.173358602
20041118,0.60336972,1.481509549,0.614373847
20041119,-1.298862509,1.037771371,-1.287925778
20041122,-0.022180326,0.934382648,-0.110852467
20041123,-0.570552349,2.042675089,0.795408524
20041124,1.16353428,0.871643943,1.295489435
20041129,-1.673406429,1.606062687,-1.673406429
20041130,0.724243262,2.774597206,0.218914273
20041201,1.194368161,1.438021507,1.29272345
20041202,-0.97614658,1.943945324,-0.97614658
20041203,-0.537075879,1.722348258,-0.831787657
20041206,-0.319436302,1.118036759,-0.385399365
20041207,0,1.493883809,0.198390895
20041208,-0.286691121,1.384939275,-0.286691121
20041209,1.365359242,1.655742653,0.967040503
20041210,0.240227239,1.043438715,0.273030258
20041213,1.749628703,0.880692186,2.466867161
20041214,-0.159752949,1.165690645,-0.170394077
20041215,1.272416701,1.173899899,1.155102124
20041216,-0.126528908,0.944333408,-0.13706576
20041217,-0.475864061,1.623215911,-0.465313868
20041220,-0.50707905,0.930554023,0.084763726
20041221,1.63132343,0.695400538,2.085701556
20041222,0.485713764,0.884035586,0.610104783
20041223,0.195382858,0.624192308,0.34990259
20041227,-1.134851754,1.080578172,-0.991129319
20041228,1.947181832,0.689136194,2.206235912
20041229,0.590092261,0.650856512,0.050733094
20041230,-0.784957392,0.299866708,-0.886449332
20041231,0.005125445,0.794229326,-0.158758643
20050103,-1.277638073,1.548366986,-2.780338627
20050104,-2.120183582,2.07864187,-0.894588186
20050105,-2.047340925,2.034990825,-1.818963632
20050106,1.226217365,1.740321704,1.291173522
20050107,-0.427945448,1.169918754,-0.289063956
20050110,-1.021239728,0.801536782,-0.774947372
20050111,-1.294551666,0.968065017,-1.326971832
20050112,0.466302423,1.967633416,1.197228057
20050113,0.627096876,0.903128322,0.377949805
20050114,0.309713496,0.692720674,1.072051434
20050118,-0.720626942,1.198669751,-1.223059984
20050119,-0.859588558,0.60935149,-1.22727579
20050120,-1.608318431,1.362655282,-1.608318431
20050121,-0.80944981,1.63959876,-0.94279798
20050124,-1.507679324,1.039036277,-1.121675656
20050125,1.753745031,0.956419602,2.352786099
20050126,0.087815593,0.794329895,0.914858957
20050127,-0.403807875,3.137605246,-5.22523719
20050128,0.538775878,1.158547972,1.115146349
20050131,1.253474715,1.524627,1.857568419
20050201,0.567582627,1.022330397,1.115958462
20050202,1.016021993,1.800952257,0.993824434
20050203,1.45859909,1.202425795,0.918742107
20050204,-0.043582481,1.006586998,-0.098033884
20050207,-0.589328345,0.972210953,-0.436872691
20050208,0.076557121,0.803574328,0.120330376
20050209,-0.933508509,1.276273468,-0.92257656
20050210,1.092907053,1.217016152,1.500329298
20050211,0.497137088,1.41841095,0.822693534
20050214,-0.949305942,0.679914137,-0.540483426
20050215,-0.56675901,1.352949291,-0.838100144
20050216,1.371375432,0.828893733,1.108707009
20050217,-0.879150396,0.949732014,-0.846726726
20050218,-0.963019042,1.055868961,-0.864953112
20050222,-1.322021143,1.561503346,-1.685557759
20050223,0.587747741,0.910065818,1.13422766
20050224,2.567311676,1.490978997,2.909494249
20050225,1.894278202,1.453412798,1.862053055
20050228,0.485079513,1.961600273,0.210615074
20050301,2.434070658,2.286392352,2.339348765
20050302,0.557276984,0.931710065,-0.143973698
20050303,0.492763547,1.261384067,0.492763547
20050304,2.013321078,1.096871827,2.21792473
20050307,-1.006044703,1.200526023,-0.945966599
20050308,-0.121163181,1.118011614,0.08085709
20050309,-1.648023378,1.128703007,-2.134149513
20050310,1.199092,1.925529204,1.302248601
20050311,0.719974717,1.830776929,0.821797351
20050314,-1.39891193,1.219796942,-2.485934368
20050315,-0.062028328,0.618645593,0.165597223
20050316,-0.4869719,1.494290736,-0.435278954
20050317,0.507011278,0.748633404,0.631570148
20050318,-1.228022243,1.38977765,-0.600415882
20050321,-0.228476577,2.309355315,-0.135071972
20050322,-1.850259234,1.712324048,-1.466301931
20050323,-1.199526086,1.371330245,-1.210077392
20050324,-0.266737955,0.994238403,-0.042725914
20050328,0.713338133,0.773269781,0.702653801
20050329,-3.88610348,2.724516584,-4.802661107
20050330,1.208540308,1.376116227,1.907339669
20050331,-0.131233615,1.374506823,-0.207707098
20050401,-2.03136274,1.849884217,-1.355168649
20050404,0.400089442,1.440231818,0.011092008
20050405,-0.055306677,1.090189131,0.243713425
20050406,0.813370059,0.524372475,1.067527884
20050407,0.306211963,0.707617785,0.25146244
20050408,-1.456522491,0.606851602,-1.020697003
20050411,-0.376356433,0.595266025,-0.530915969
20050412,1.267304415,1.432476142,1.267304415
20050413,-2.936153981,1.546397058,-3.023796405
20050414,-3.784452993,2.594182509,-3.795740311
20050415,-2.405756837,4.077231148,-2.288592208
20050418,-0.095693787,4.41928532,0.227640427
20050419,0.637772328,1.84594505,1.63801882
20050420,-2.113388009,4.294262795,3.56189365
20050421,1.628791976,2.85166221,1.946396599
20050422,0.167158896,2.154107667,0.066830031
20050425,0.770928928,1.272139437,1.481017344
20050426,-2.522215809,2.288042787,-2.533187337
20050427,-0.487225484,2.61574359,-0.938337109
20050428,-1.556629806,1.784278519,-1.545271978
20050429,0.410116774,2.860577275,1.454362881
20050502,0.169885085,1.636873515,0.465037984
20050503,-0.920513347,2.527010967,-0.886570935
20050504,1.794124288,1.178388669,2.067753463
20050505,0.557601534,1.122690796,0.557601534
20050506,-0.508738102,1.126947376,0.299817003
20050509,0.210514731,1.058900738,0.177246086
20050510,-0.478389965,1.024103891,-0.755475207
20050511,1.129455036,1.707286133,1.274326071
20050512,-2.336035036,2.342164159,-2.192997107
20050513,0,2.347943643,0.168681513
20050516,1.549554443,1.221541649,1.560789767
20050517,1.456841583,1.527857067,1.71094325
20050518,1.585195215,1.51155516,1.62868293
20050519,-0.096313347,1.320981823,-0.074918396
20050520,-0.245372716,1.315549989,0.235269064
20050523,0.586199387,0.929856802,0.511401072
20050524,-0.202332213,1.009840149,-0.308658645
20050525,-0.958490995,0.891127328,-1.503626224
20050526,1.827462024,0.797969204,2.162362138
20050527,-0.105988351,0.570602163,-0.137762964
20050531,-0.137923739,0.687464081,-0.11671708
20050601,1.636352163,2.013609344,1.381222865
20050602,-0.398741347,1.28803861,-0.409213099
20050603,-1.100190934,1.065177725,-1.16329569
20050606,0.042471863,1.299347401,0.201902199
20050607,0.381356394,1.452905701,0.402585563
20050608,0.884455066,1.672458755,2.040780364
20050609,0.565699632,1.577969474,0.999853714
20050610,-0.903404153,1.079982681,-0.545072569
20050613,0.636813984,1.491794105,0.719279714
20050614,1.080210239,1.524501203,1.008514635
20050615,0.010143531,1.561739245,-0.070975922
20050616,-0.608521148,0.905571734,-0.294580943
20050617,1.304584483,1.176849055,2.014166781
20050620,0.876150567,0.84027561,0.576599669
20050621,0.973506877,1.361730859,1.290213397
20050622,-1.33236612,1.07622805,-1.518467354
20050623,-1.602776108,1.679567113,-2.250672717
20050624,-1.514405285,1.515482026,-1.453454451
20050627,0.1547429,1.623444402,0.020618557
20050628,0.471892546,0.938290609,0.718984198
20050629,-1.193184285,1.60352731,-1.101117377
20050630,-0.991398676,1.324366565,-1.343840214
20050701,0.187813077,0.334882681,0.606442678
20050705,0.374883288,0.618095402,0.291454354
20050706,-0.246118523,0.590968246,-0.882166754
20050707,2.117799487,3.829819129,2.060109699
20050708,0.987436129,1.230197062,1.397482834
20050711,0.481590175,1.200078101,1.198222059
20050712,-1.11654331,1.143655641,-1.056507287
20050713,0.744994888,0.839068785,0.846096909
20050714,1.581060603,1.556672548,-67.03400442
20050715,-0.570250292,1.26904015,-0.570250292
20050718,0.216514207,1.473922352,0.295363019
20050719,1.890415464,1.21237131,4.873398597
20050720,0.489366683,1.088493978,-0.262516558
20050721,-1.705879123,3.868584819,-1.7998023
20050722,-0.665718103,1.24810437,0.171903394
20050725,-1.379596512,0.824359708,-1.093745913
20050726,-0.366053775,1.331896392,-0.038595137
20050727,1.432005377,1.3707375,1.798059153
20050728,2.625604695,1.692977805,3.098418814
20050729,-0.203722637,1.334378248,-0.867564279
20050801,0.092601173,1.158641505,0.148203065
20050802,0.737330529,0.773933709,0.792850101
20050803,0.276217835,0.566440507,-0.128641017
20050804,-0.148093326,0.43630209,-0.738283161
20050805,-0.706191376,0.769168362,-0.669147478
20050808,-0.631854918,0.826173557,0.037292561
20050809,0.6092514,0.655433898,1.278150215
20050810,0.638630033,1.539164443,1.189292217
20050811,0.614607864,1.257226424,0.92333416
20050812,-0.980222043,1.028456452,-1.214773346
20050815,0.690535181,0.925184004,0.727011563
20050816,-2.085908577,1.996909939,-2.958958866
20050817,-0.317668211,1.582323821,-0.336323187
20050818,-0.413223728,2.027314762,-0.563064551
20050819,2.569694958,1.643002031,3.076595509
20050822,-0.364299128,1.322605846,0.01824984
20050823,-0.255567865,1.581584597,-0.164368588
20050824,-2.447285652,2.600287615,-2.648548184
20050825,0.375094213,1.594509727,0.262418145
20050826,-0.782272568,1.31113171,0.112254455
20050829,0.954974021,1.490478311,0.336009276
20050830,0.616075877,1.916967375,0.130365974
20050831,2.59044036,3.329420669,3.295191051
20050901,1.700661006,2.626947506,2.489902771
20050902,1.80185055,2.631268154,2.274996093
20050906,0.488286403,2.08963786,0.462527591
20050907,0.730612374,0.606722948,0.952550152
20050908,0.18882505,1.649439834,-1.294957609
20050909,0.11907801,0.906311209,0.870832789
20050912,0.473854331,0.689025532,0.694623716
20050913,0.13477091,1.285203175,0.286605608
20050914,-1.886367431,1.497926261,-1.886367431
20050915,-1.068607204,1.594699908,-1.000008333
20050916,-0.483927664,1.223231188,0.017326518
20050919,-1.220590568,1.524040814,-1.255246607
20050920,-1.102662787,1.445772677,-0.316289141
20050921,0.702990593,1.638817633,0.491574024
20050922,0,1.442901094,1.563889388
20050923,0.971626156,1.1156575,1.624661644
20050926,-0.162525163,1.627396661,-0.928812438
20050927,0.478306344,1.419235048,0.469745067
20050928,-2.046327101,1.434701455,-1.927107126
20050929,0.795989667,1.671348505,0.795989667
20050930,0.854267966,1.714181198,1.30138823
20051003,0.424556976,1.278236882,0.390526008
20051004,-1.902534033,1.688614409,-2.089117074
20051005,-0.990807822,1.993876821,-2.718750283
20051006,-1.971390009,4.017562508,-1.77599071
20051007,1.926566901,1.949212643,2.414064481
20051010,-1.676216136,1.698371477,-1.764594401
20051011,-0.448551932,1.844488036,0
20051012,-1.466222303,2.523545637,-1.394318651
20051013,-1.013179893,3.558972507,-1.525064009
20051014,0.732604009,1.405877998,1.452097935
20051017,-0.34479664,1.390670768,0.382479293
20051018,-1.57049653,1.039070239,-1.825320112
20051019,2.66926268,2.586485699,2.585917766
20051020,-2.161652222,5.751198263,-2.613691687
20051021,-2.06109539,5.366663067,-9.757199504
20051024,1.672799061,1.213915479,2.728860866
20051025,-0.258115898,1.576571594,-0.069558308
20051026,0.515567273,1.771029673,0.515567273
20051027,-1.096174404,1.032679433,-1.313974708
20051028,1.739518067,1.497153222,2.239269232
20051031,1.147240116,3.010820137,3.030242467
20051101,-0.3598148,1.215793035,0.208907112
20051102,1.59552892,1.363015167,1.860781065
20051103,-1.059194145,1.612701799,-0.317075711
20051104,-0.484804231,0.590968578,-0.05605905
20051107,1.000564212,1.595654211,1.373698973
20051108,0.036859565,1.215341323,0.055294444
20051109,-0.295312138,0.66336224,-0.313740222
20051110,1.417680008,1.103436825,1.102952358
20051111,0.072939463,1.298956605,0.292077608
20051114,1.233240149,0.642136693,1.123810994
20051115,0.880587953,0.538896086,0.736287783
20051116,1.456250206,1.189639722,1.474140894
20051117,0.838872448,0.842932973,1.296217133
20051118,-1.319005586,1.868758658,-0.383609886
20051121,1.114605757,0.983765472,0.869721955
20051122,1.803088258,1.350119204,1.751117707
20051123,-0.942998844,2.070068413,-1.215664316
20051128,-0.848710386,1.40944136,-0.796955015
20051129,-0.541060749,0.900034822,-0.610662283
20051130,0.886885215,1.516121278,1.079209778
20051201,1.726391052,0.655213495,2.141042648
20051202,-0.186931824,1.170247186,-0.373514865
20051205,-0.512821637,2.192442267,-0.751241368
20051206,0.905756854,1.130031906,0.734230226
20051207,-1.749915987,3.158785084,-1.715896595
20051208,-0.487042187,1.872129769,-0.746985146
20051209,0.864459049,1.505452841,1.282068843
20051212,0.051692945,1.189415179,-0.068882386
20051213,1.745424187,2.065563328,1.538491884
20051214,0.051068177,1.224872935,-0.322827568
20051215,-0.560415834,1.615206842,-0.0680967
20051216,1.062135923,0.864645803,1.537841883
20051219,-3.06437896,2.951102962,-4.721501764
20051220,-0.52770571,1.453976977,-0.316957476
20051221,0.017511601,1.440118606,0.720502194
20051222,1.829845636,1.09170635,2.336352701
20051223,0.170910997,0.750783065,0.170910997
20051227,-1.013319104,1.272334456,-1.081648454
20051228,-0.431593247,1.197737701,-0.224660943
20051229,0.396449713,0.743661534,0.569310603
20051230,-0.095118689,0.64319478,-0.577961497
20060103,-0.155642055,1.648884061,-0.025957171
20060104,2.319735606,1.415527428,2.613523081
20060105,0.38894105,1.071033203,-0.101214584
20060106,1.634459334,1.497986028,2.005079705
20060109,0.865099658,1.743742171,1.770828369
20060110,-0.130484442,1.447229907,-0.423453401
20060111,0.850651293,1.66804562,0.19566287
20060112,1.523530279,2.535757763,1.262561284
20060113,0.562747687,1.109973542,0.321182226
20060117,2.101288317,1.293559357,1.005033585
20060118,-0.788863465,1.106699106,-1.809931685
20060119,0.642572492,1.243138414,0.933082703
20060120,-2.82302978,2.091280467,-2.726999042
20060123,0.410678195,2.168332767,0.377761803
20060124,0.982165368,1.87008,0.637309127
20060125,0.986983176,3.845083872,1.166005113
20060126,3.730346114,5.40327374,4.755503258
20060127,3.158157205,4.268855004,3.640602526
20060130,0.838202782,4.890078015,-0.683306283
20060131,1.319612892,1.729545275,1.185374674
20060201,1.792658951,1.839502666,1.954554638
20060202,-0.627418707,1.078030045,-1.323174521
20060203,-0.102692006,1.591964136,-0.278490469
20060206,0.276988296,1.313241001,0.818598344
20060207,-1.698084361,1.720290396,-2.267470526
20060208,1.552462345,1.837985117,2.442016025
20060209,-0.452258412,1.743873349,-0.61224681
20060210,0.832911953,2.011746692,0.481366257
20060213,0.49656886,1.08830863,-0.11648225
20060214,1.766906557,2.194926758,2.290011499
20060215,2.360033225,2.577441053,1.93195038
20060216,0.222624274,0.697108217,0.487635937
20060217,0.069420343,0.644620248,0.138888911
20060221,0.664454272,1.187629812,0.595033929
20060222,0.617074293,0.924583321,0.920146573
20060223,-0.948786767,1.608297259,-1.058210933
20060224,0.275482268,1.013352684,0.44113664
20060227,0.204429373,1.181819931,1.026351808
20060228,-0.027363525,1.112339215,-0.505017111
20060301,1.721726256,1.617386858,1.790121033
20060302,0.282847518,0.985855187,-0.067226893
20060303,0.375889824,1.261581017,0.375889824
20060306,-1.866432325,1.327718266,-1.866432325
20060307,-0.041098706,2.236473259,-0.369281689
20060308,-0.893906798,3.029756638,-0.81172627
20060309,-1.516339828,1.336798519,-1.461098837
20060310,-0.590386871,1.659120807,-0.576370472
20060313,-0.631802733,1.250404137,0.098640183
20060314,1.329155629,0.939613034,1.329155629
20060315,3.045643394,2.257045974,3.267773154
20060316,-0.080106813,1.454989797,0.710411137
20060317,0.856338808,0.701795691,1.800180976
20060320,-1.269733663,0.916250158,-0.420665797
20060321,-2.197890672,1.418436854,-2.211065035
20060322,2.135218047,1.52492287,2.605491
20060323,-0.124422923,2.020003545,0.124577926
20060324,-1.067836922,1.558286366,-1.126828173
20060327,-0.568295985,1.649851107,0
20060328,-1.354242683,1.6516704,-0.851861933
20060329,0.585314405,1.536165278,-1.522017394
20060330,-1.642747414,2.359885882,-1.683472318
20060331,-0.818255727,1.360112621,-0.887292664
20060403,1.16320162,2.786435512,2.32616641
20060404,1.613100136,2.615000857,2.426112745
20060405,0.317376622,2.476557802,0.575988881
20060406,0.132362693,1.717182377,-0.185013929
20060407,-0.890193881,1.979569655,-0.890193881
20060410,0.691584084,0.933590511,0.691584084
20060411,0.832055116,1.971890707,1.558370624
20060412,1.097847643,1.391936119,1.573000683
20060413,-0.441387189,1.837742543,-1.279831314
20060417,-1.298888244,2.133484091,-0.48255718
20060418,2.526261166,2.004864556,3.190802018
20060419,-0.08859078,2.101989542,0.012662235
20060420,-1.261243549,2.511549913,-1.248582917
20060421,-1.950721639,2.693479141,-0.423974426
20060424,-1.092204882,5.218283965,-0.348230184
20060425,-2.635198599,3.059719704,-3.283289007
20060426,-0.144727346,1.885795259,1.392133852
20060427,0.113284256,3.044809742,-1.158761517
20060428,0.422945383,1.141345234,0.987449622
20060501,-0.658330225,1.46696684,-0.158394964
20060502,2.114133288,1.317114858,2.272528252
20060503,0.179441217,1.660544333,0.835856471
20060504,0.394126758,0.803957799,0.917788469
20060505,0.476370463,1.340953182,1.448661727
20060508,-0.118835427,1.354808567,-0.081323704
20060509,1.303961351,0.6790463,1.435297559
20060510,-0.628584063,2.116540184,-0.209967347
20060511,-1.681339813,2.034206308,-1.570125714
20060512,-1.833745513,2.89765618,-2.299535994
20060515,-0.528317703,3.901155554,-0.528317703
20060516,-0.811389602,2.730026659,-0.090480197
20060517,-0.643511315,2.480991142,-1.866529422
20060518,-1.637307791,2.023540665,-1.848333984
20060519,-2.603889995,4.919114152,-2.349215238
20060522,1.132452373,3.157213707,0.054945056
20060523,0.08136697,2.965080459,1.296150215
20060524,0.258521132,5.42444716,-0.244299796
20060525,0.392608641,3.373177436,0.569107227
20060526,0.201816416,2.268603411,0.525572263
20060530,-3.041904047,2.487726704,-3.001589594
20060531,0.895137837,4.471624003,1.019713948
20060601,0.821809857,2.247122938,0.505983985
20060602,-0.657086553,2.889064964,-0.684371683
20060605,-4.826145781,4.263169727,-4.839881101
20060606,-1.081640976,3.51328553,-1.254776209
20060607,-2.894472591,5.376186312,-2.610226198
20060608,1.414195376,8.543485281,0.299222246
20060609,-0.560804303,3.476446162,0.936740178
20060612,-1.808043276,1.995852286,-1.867258674
20060613,1.000614777,6.267028006,-0.045245457
20060614,2.159975979,4.000993515,1.64575827
20060615,3.288400252,3.944973885,4.922110883
20060616,-0.395984112,1.873044345,-0.311262277
20060619,-1.489917593,2.763071122,-0.88244239
20060620,0.820720611,1.605842994,1.433563689
20060621,2.008155616,3.279401599,2.050424021
20060622,-0.455581654,3.336303598,-0.221147291
20060623,0.194120971,3.666131393,-0.110757314
20060626,0.082838608,1.845370464,0.373315332
20060627,-1.412961587,2.220571551,-1.08229168
20060628,1.509619417,2.050558002,1.481713738
20060629,1.217053562,3.129870945,2.242703579
20060630,-0.49488498,2.454580044,0.241643291
20060705,-0.803764289,1.307010559,-2.245157871
20060706,0.654309859,1.849204783,0.667986943
20060707,-1.219945224,2.69997668,-1.492054235
20060710,0.725881431,2.224752574,1.056323698
20060711,0.149996619,2.270683481,0.149996619
20060712,-2.369680619,1.621711339,-2.875111652
20060713,-1.918081109,2.359853701,-2.269279054
20060714,-0.777541714,3.0055072,-0.763197599
20060717,0,2.751604233,0.014454
20060718,-0.273361799,5.909460186,0.317460584
20060719,2.333296919,6.923226591,2.419702454
20060720,-3.362619135,5.018148731,-2.997655226
20060721,-1.062369011,7.77496716,-0.960985846
20060724,0.983684602,4.294078555,3.082929262
20060725,0.269141036,4.193742595,0.28332644
20060726,-0.879937554,2.491244954,-0.766831363
20060727,0.325710123,4.948976373,0.82340045
20060728,-0.196546462,3.480509807,0.606105175
20060731,-0.239723728,1.771426838,-0.464822303
20060801,-0.557741882,2.263452075,-1.565199853
20060802,1.180080518,2.542405536,1.452189529
20060803,3.496859784,2.058970474,2.787636953
20060804,-0.99408458,2.754803696,0.438897975
20060807,0.122992841,2.147742186,0.205072189
20060808,-2.252254097,2.740379105,-2.293234905
20060809,-5.384440915,3.970863637,-4.355653863
20060810,-0.612782775,2.633756002,-0.263081122
20060811,-1.657087777,2.553596476,-1.920862842
20060814,-2.516609745,3.28475702,-1.669839477
20060815,1.404475499,2.037807205,2.220313232
20060816,1.369485273,2.479514971,2.505442019
20060817,0.476363225,1.539505863,0.476363225
20060818,-2.144698927,2.484150972,-1.699263892
20060821,0.029299737,1.746704539,0
20060822,0.116856572,1.249123368,0.336331384
20060823,-2.250591425,1.649866765,-1.886292297
20060824,-2.577190334,2.157145365,-2.592067966
20060825,0.699835505,1.572457295,0.699835505
20060828,-0.151331748,1.734583943,0.106068652
20060829,-1.245081374,2.230673491,-0.882269185
20060830,-0.107584733,1.646468425,-0.643779047
20060831,1.549947454,1.428953546,1.964280895
20060901,0.581267007,1.422847318,1.452012637
20060905,1.183958387,3.1007823,3.475817184
20060906,0.217123918,1.776659108,-0.734714823
20060907,-0.983638556,2.089928131,-2.015549464
20060908,-1.10743103,0.742405531,-0.636426332
20060911,-1.740490398,1.888318323,-2.785276022
20060912,-0.870699765,1.281051254,-0.489746923
20060913,1.704240882,1.877227598,1.673551915
20060914,-1.243948079,1.978278719,-1.168538981
20060915,-1.336187508,1.479810731,-0.137478063
20060918,2.219126462,1.830673753,2.356604526
20060919,-1.461403879,2.295719647,-0.614004175
20060920,-1.580763063,1.504241524,-1.01155841
20060921,-2.857992336,2.311766785,-2.147321771
20060922,-2.717089016,3.098644793,-2.655092734
20060925,2.167851154,2.979970803,2.422263758
20060926,2.364611938,2.211913248,2.380150747
20060927,-0.227877045,4.988562657,-0.227877045
20060928,1.33173881,3.123173518,1.164298327
20060929,-1.629241047,1.913253037,-1.164298327
20061002,-0.076423389,1.405284826,-0.533741259
20061003,-0.383171593,2.377243913,-0.429053677
20061004,0.796816965,1.841580065,0.612371785
20061005,4.177566807,4.393220344,3.994248699
20061006,0.76730493,2.610759822,-0.234914218
20061009,1.638421671,2.069108967,1.29976273
20061010,-0.390371348,2.156346711,0.159478106
20061011,-0.817284176,2.538261052,-1.151028953
20061012,0.797394584,1.331748123,1.469224188
20061013,-0.534181592,1.12830566,-0.245789179
20061016,0.847401839,1.261413859,1.208647807
20061017,0.34383988,1.630256941,0
20061018,-2.518736469,2.339231343,-1.324522675
20061019,0.464779341,1.580684628,0.014491704
20061020,-3.922071315,7.054406118,-15.24856416
20061023,1.140396094,1.939693773,1.938887414
20061024,-1.434183644,2.456695841,0.840687388
20061025,1.104265849,1.418471705,1.628170125
20061026,-0.640002185,1.265459032,0.611819651
20061027,-1.682071035,1.340272989,-1.601846402
20061030,-0.623157149,1.568516002,-0.851766001
20061031,-0.427140456,0.90496106,-0.082284214
20061101,-0.363036702,0.978632953,-0.41243975
20061102,0.049574487,1.309896646,0.066104778
20061103,-0.28092227,1.502595982,-0.165343953
20061106,-0.931477127,0.837968189,-0.981133671
20061107,-0.083409797,0.653380685,0.133600554
20061108,0.266666825,1.398333329,0.266666825
20061109,-1.923940565,1.327105111,-1.475546557
20061110,0.26877221,0.9915619,0.690180334
20061113,0.437784838,1.543700743,-0.151095471
20061114,0.531033442,1.319419587,1.500778543
20061115,1.558047098,1.136640709,1.690366005
20061116,-1.053921389,0.940654203,-0.162866486
20061117,-0.735958837,1.677827771,-0.703364313
20061120,0.576750383,0.98254715,-0.098538356
20061121,2.640309828,2.634036366,2.129642381
20061122,-0.031852206,1.697052897,0.976398313
20061127,-0.946961574,1.763443639,-1.377344003
20061128,-0.226978048,1.713658218,-0.647146734
20061129,-0.016117334,1.417454276,0.695514328
20061130,-0.177147965,2.186568177,0
20061201,-2.087623351,1.987400532,-1.444947618
20061204,0.146472481,0.943661676,0.554469783
20061205,1.003082347,1.472843371,1.019343832
20061206,1.147971791,1.096612556,1.533576381
20061207,-1.168311363,1.27339693,-0.174533959
20061208,0.593473552,1.275301172,0.641103941
20061211,-0.900266682,1.108296915,-0.545865839
20061212,-1.372288968,2.435726786,-1.261292365
20061213,-1.613198398,0.941765999,-1.21233199
20061214,0.662414572,1.174867278,0.987142897
20061215,-1.348984645,1.165696585,-0.40338901
20061218,-0.724699202,0.94751919,0.03233107
20061219,0.06505123,1.09750332,-0.583564632
20061220,-0.203608003,1.1821281,-0.293064358
20061221,-0.458941963,0.703261527,-0.752867713
20061222,-0.469503766,0.691181864,-0.510583338
20061226,0.641713432,0.766340227,0.674733079
20061227,0.865099658,0.467966895,0.914292083
20061228,-0.081492955,0.713914697,-0.325574111
20061229,0.310381692,0.479459266,-0.032615786
20070103,-0.903216198,2.15449846,-0.228608852
20070104,0.12304665,1.012392476,-0.294695695
20070105,-0.926392068,0.848187834,-1.353602708
20070108,0.332281416,0.793329688,0.199236327
20070109,0.280690352,0.960776322,0.595338289
20070110,0.531297946,0.660550644,-0.429610707
20070111,-0.049995835,0.651806512,-0.664564665
20070112,-0.008370652,0.622680781,-0.434347492
20070116,-1.083088544,0.748066744,-0.840623646
20070117,1.014981661,1.775963039,1.141526581
20070118,-0.083437635,1.131152113,-0.016693097
20070119,-1.255772049,0.575524055,-0.922438407
20070122,-2.024739522,0.971635732,-1.991046799
20070123,2.164494806,1.286176093,2.319067615
20070124,-0.066923208,0.964445073,0.343686159
20070125,-0.250941161,0.823161232,-0.083717041
20070126,-0.474283332,2.76362842,2.154184377
20070129,0.788718159,1.070008847,1.197716685
20070130,1.18363506,0.764765899,1.853613754
20070131,1.684150926,1.332054657,1.85890671
20070201,0.401111306,0.970261826,1.364150747
20070202,0.584077898,1.163536068,0.460830309
20070205,-1.217178574,1.054369907,-1.140579566
20070206,-0.650257749,0.599675078,-0.201722467
20070207,1.103290382,0.669617871,1.907750166
20070208,-0.197854109,1.291960354,0.030473869
20070209,-0.981753552,1.133827618,-1.1799999
20070212,-0.386249997,0.717535975,-0.417085644
20070213,-0.462678185,0.656513492,0.139221927
20070214,0.965529985,1.37050467,2.133516215
20070215,0.207192615,1.871977035,2.325773182
20070216,-0.280587942,0.856151967,-0.029572675
20070220,0.47979424,0.8818954,0.413223728
20070221,0.88365818,1.037612828,0.440853028
20070222,-0.76426004,1.055748413,-0.617739867
20070223,-0.408178978,0.588777721,-0.80732209
20070226,-0.429916903,0.576188961,0.111486875
20070227,-1.348266172,4.189558591,-3.754035484
20070228,-0.387327156,3.155246012,-0.634431528
20070301,0.557235676,3.707096357,-0.833955186
20070302,-0.56935153,1.745320032,-1.315652963
20070305,1.211363235,2.336994892,0.110961413
20070306,0.047166104,1.638185652,0.789020978
20070307,0.695994989,1.806801579,0.845207724
20070308,-0.450066718,0.822402173,0.20241346
20070309,-0.108653484,1.483825274,0.15542434
20070312,0.34150918,0.95908986,0.21718904
20070313,-1.481392455,1.549293895,-1.892899693
20070314,0.630817421,2.001976638,0.456945568
20070315,-0.196842708,1.17582052,-0.267611336
20070316,-0.835242426,1.255512876,-0.394851654
20070319,-0.745229346,1.122308539,1.538975098
20070320,1.023264742,0.906359992,1.023264742
20070321,1.630263881,0.910769437,2.045872884
20070322,-0.045089052,0.858095143,0.52754663
20070323,0.329538944,0.805117373,0.524778174
20070326,-1.056636068,0.878454314,-0.044873234
20070327,0.885825175,0.689025136,0.089726341
20070328,-0.52730819,1.015263832,-1.051850419
20070329,-0.798136908,1.086237194,-0.090675539
20070330,0.463760275,1.384911484,1.291891184
20070402,-0.359120542,1.007684032,-0.433775267
20070403,-0.066907039,1.059416093,0.783907855
20070404,0.267340127,0.654035026,0.274776453
20070405,0.236826635,0.466351647,0.325781422
20070409,-0.518788683,0.614871245,-0.518788683
20070410,-0.43254598,0.992077246,-0.581267007
20070411,-0.937213983,1.449664847,-0.787848757
20070412,0.813502528,0.757493977,0.413456706
20070413,-0.089820365,0.692163604,0.179883125
20070416,-0.194131324,0.659050452,0.194508926
20070417,1.039356053,0.483395127,1.188721278
20070418,1.262075213,1.517253445,2.436831748
20070419,-0.218579322,1.586930842,-1.189109139
20070420,-1.09868291,2.991227539,4.227389405
20070423,-0.159894365,1.744821623,0.495205894
20070424,1.258574112,0.941896062,1.237699465
20070425,0.300916654,1.205492552,0.630225404
20070426,-0.109574042,0.922498449,-0.342020991
20070427,1.694724174,1.264622607,1.117482329
20070430,-1.396326588,1.068620221,-1.708508722
20070501,0.38308981,1.747792078,0.946703922
20070502,0.184256373,1.090104821,0.143281163
20070503,0,0.883077767,-0.034095946
20070504,-0.382514128,1.323231529,-0.341600387
20070507,-0.938266651,0.739121055,-0.542118329
20070508,1.356185169,0.779099043,1.135753862
20070509,1.815715908,1.290965837,1.693183558
20070510,-0.97101235,1.446840586,-1.29259912
20070511,0.958741546,1.044589018,1.539785003
20070514,1.705375457,1.167637288,1.792079701
20070515,-0.380802771,1.394607722,-0.367695752
20070516,-0.630171443,1.912179819,-0.105304735
20070517,-0.320470297,1.820270739,-1.539512821
20070518,-0.347176207,1.03243445,-0.013375242
20070521,0.294472171,0.792462465,0.080224633
20070522,0.838160963,0.841765667,0.878249158
20070523,0.151430387,1.086157145,0.686561979
20070524,-1.042294547,1.899894272,-0.792606527
20070525,0.397246285,1.546508289,0.357450569
20070529,-0.184867344,0.705783077,-0.01321615
20070530,4.059357911,2.448947409,3.595688802
20070531,-0.063641573,0.998355272,0.140154193
20070601,-0.904522378,1.09447162,-0.510595952
20070604,0.313750858,0.787891438,0.089542699
20070605,0.842486474,1.231739791,0.586437173
20070606,0.714197654,1.140467102,0.025419421
20070607,-1.386415018,1.872021064,-1.70462314
20070608,1.754149132,1.217181082,1.462877364
20070611,0.471308432,1.281137676,0.241745776
20070612,-0.306827139,1.519220728,-0.75260257
20070613,2.036112073,1.454434416,2.25354517
20070614,1.345814705,1.157969055,1.132768694
20070615,-0.541007098,0.746084652,0.395306259
20070618,1.005896607,0.803999098,1.005896607
20070619,0.406961414,1.068724711,0.675123447
20070620,-1.973988795,1.478046984,-1.496256807
20070621,0.362731331,1.849853991,0.264233416
20070622,-0.590916406,1.536464666,-0.597053446
20070625,-0.06186205,1.725232779,-0.234872473
20070626,-0.756405119,1.368755009,-0.57093366
20070627,-0.332528462,1.725042471,-0.975617495
20070628,-0.416746199,1.790080379,-0.6810469
20070629,-0.928346465,1.566939392,-0.953659717
20070702,2.319181341,1.233280658,2.784431853
20070705,-0.309238747,1.246199453,-0.553376356
20070706,1.341273221,0.783818168,1.689099659
20070709,0.842295507,0.915780015,1.348561618
20070710,1.263800739,1.52167357,1.663601371
20070711,0.965836715,0.94391152,1.18721179
20070712,1.653920731,0.932371578,2.33295814
20070713,0.358602424,1.611923064,1.2696896
20070716,0.612550409,1.575433251,0.893828063
20070717,0.220047573,1.117948248,0.545213345
20070718,0.278325588,2.07442979,-0.104172705
20070719,0.213311891,1.107465913,0.542820528
20070720,3.916773442,5.529625278,-4.439417381
20070723,-0.626198964,1.969551881,-1.290653236
20070724,-0.171295772,1.45079923,-0.397201781
20070725,-1.808946146,2.441088329,-1.393450008
20070726,-1.268730543,5.603631911,-2.782678759
20070727,-3.140737963,8.08998728,-3.000387063
20070730,0.768883699,3.080259589,1.339582877
20070731,0.356279802,2.69116412,2.182932083
20070801,2.154957059,4.868274331,1.862391818
20070802,0.771820089,2.319494343,0.534660894
20070803,-1.633202131,2.98590681,-2.118006362
20070806,2.537160401,8.957439615,2.600471577
20070807,-0.186509224,6.105301335,-0.842736429
20070808,-0.185150951,5.68602979,0.731604726
20070809,-1.426701808,4.387983656,-2.882766361
20070810,-0.219086369,7.982098872,-1.447351555
20070813,-0.37105794,2.729559761,0.643006331
20070814,-1.881906349,2.453396608,-1.837050368
20070815,-1.824723377,6.114428569,-2.177872656
20070816,-0.136705421,11.59231911,-2.485942661
20070817,-3.595390813,8.537448235,-0.789703675
20070820,1.428109957,3.368088023,2.080921071
20070821,-0.1481382,3.031156634,0.202360946
20070822,0.132802144,2.131577939,1.53797749
20070823,-1.386984786,2.70460101,-0.225868694
20070824,1.264672369,1.975047812,1.596655942
20070827,0.177777825,1.72068011,-0.505266996
20070828,-1.981716229,1.108674288,-2.410236514
20070829,1.005303018,2.466243756,1.052464885
20070830,0.268096675,3.139782452,-0.374131917
20070831,0.344325595,1.975916444,1.250515165
20070904,1.629042856,1.702145324,1.443784103
20070905,-1.067696164,2.080427024,-1.682037028
20070906,0.079228843,2.198367239,0.396773434
20070907,-1.366825528,2.024463106,-3.178276232
20070910,-0.054252002,2.299610591,0.435078864
20070911,-0.297418091,2.323299758,0.203293422
20070912,-1.386018842,1.680729228,-1.548620504
20070913,-0.301122593,1.200331069,0.308907059
20070914,1.175150107,1.73104667,0.321620697
20070917,0.612538497,1.779337905,0.687662284
20070918,4.255400651,2.976141832,5.079785345
20070919,-1.402547535,3.722622487,0.450422227
20070920,-0.695610173,1.540593262,-0.669932936
20070921,0.070361726,0.898695988,1.073585574
20070924,-1.024336741,3.429358851,-0.635044951
20070925,-0.860837454,1.886847934,-1.765821006
20070926,0.169635325,1.419195684,0.470466106
20070927,0.817284176,1.957305414,0.908507222
20070928,0.832324416,1.755924039,1.309221627
20071001,0.998807216,1.332610536,1.355223072
20071002,-0.451185124,1.430078435,0.150848552
20071003,-1.365381515,1.565188708,-1.327704905
20071004,-0.304568763,1.958914798,0.152632947
20071005,1.069729634,2.072569609,2.106532448
20071008,0.764869261,1.000558396,1.255233671
20071009,1.219527309,1.302461114,1.379163863
20071010,-1.614911533,1.449411343,-1.736197176
20071011,-2.91333999,3.698621416,-2.188298411
20071012,0.536729741,2.64362673,1.258981272
20071015,-1.222986938,3.940996728,-1.884951511
20071016,-1.42471664,2.716925959,-1.43740297
20071017,-1.606615112,3.217893326,-0.677924926
20071018,1.100690944,3.587718942,0.607119349
20071019,-1.735767755,3.931477879,-5.642386304
20071022,1.342302033,5.266080498,0.149771966
20071023,0.849233384,1.804855768,1.351371917
20071024,2.20111601,2.62628594,1.716723244
20071025,-1.100121106,2.870893307,-1.609398307
20071026,0.534760633,3.21939764,0.561573879
20071029,-1.524389053,0.808482336,-1.491061274
20071030,-0.59681425,1.725053566,-0.522406968
20071031,1.748685818,2.746919298,1.619359319
20071101,-0.814668457,2.27274849,-1.830451971
20071102,1.630654015,3.336555971,1.97090613
20071105,-0.522406968,1.715750758,-1.759813477
20071106,1.626926641,1.586907053,1.986798019
20071107,-0.669849252,2.414958448,-1.78972684
20071108,-1.209470488,3.043491828,-1.822342682
20071109,-2.209334921,5.135986091,-2.861345277
20071112,-0.880558362,1.817645189,-1.065704039
20071113,1.814623084,3.328573007,2.338165715
20071114,-2.03886434,2.501260487,-1.800317956
20071115,-0.128875224,1.90813187,-0.171796749
20071116,-0.875247714,2.74296309,-0.574796812
20071119,-1.714909052,2.460211003,-1.700498792
20071120,-0.161018845,4.015213348,0.058616649
20071121,0.516644444,3.558765949,-0.499340148
20071126,-1.224939217,2.630809464,-1.290529716
20071127,0.764446226,2.33725789,1.741210133
20071128,3.007423975,2.410082939,3.253711676
20071129,0.825468136,2.117523391,0.769288359
20071130,-1.14010563,2.027817314,0.250487189
20071203,0.1457878,2.244548038,0.173581019
20071204,0.208261096,1.010051991,0.034680077
20071205,-0.109995886,1.445865402,0.814977921
20071206,2.259214215,1.197245006,2.204170867
20071207,-0.711794571,1.625065967,-0.154876971
20071210,2.955619026,2.021515297,3.150859267
20071211,-4.160897946,2.180308683,-3.860969443
20071212,-1.918105885,2.830404926,0.23049295
20071213,0.581672252,2.13301694,0.405460753
20071214,-0.706716722,1.090757751,-1.112177475
20071217,-1.341551702,1.382585683,-3.102741969
20071218,-0.604486272,2.811899325,-0.225352208
20071219,-0.239892869,2.138364955,-0.197600629
20071220,0.069944747,1.860510327,1.026082514
20071221,1.0778051,1.439244613,1.732905359
20071226,1.592706008,1.078915122,1.406838746
20071227,-1.312570116,1.650431631,-1.461874521
20071228,0.218728727,1.55498023,0.781414628
20071231,-0.714779676,1.44927396,-1.015655176
20080102,-2.543812917,2.772607564,-2.585206502
20080103,-0.177349034,2.788680259,-0.311924257
20080104,-2.032840285,2.949759599,-2.88852149
20080107,-0.145391128,2.439036058,0.45936863
20080108,-2.907266861,2.269039254,-2.370372297
20080109,0.656816811,4.389898741,0.133998382
20080110,1.314825456,5.233606201,0.237776899
20080111,-2.686728771,4.182204575,-1.903106811
20080114,1.316792931,2.339064389,1.754562518
20080115,-1.486001567,2.275798252,-2.727510296
20080116,-1.684868669,4.185280744,-2.021517801
20080117,-2.715241786,5.452970407,-2.621754712
20080118,0,10.95521383,0.57443911
20080122,5.927003545,15.31448908,1.594225225
20080123,3.645870434,14.98414431,1.892409506
20080124,0.107576466,7.516232308,0.038406883
20080125,-2.490004151,8.861273114,1.122620519
20080128,2.297248114,7.247422218,3.59498777
20080129,0.348888274,2.854940728,0.96238713
20080130,-0.815261467,6.191905425,-0.72822926
20080131,3.965467122,6.317002858,3.702000928
20080201,0.636744271,3.757013862,0.974249865
20080204,-1.163374254,2.19790459,-1.058804548
20080205,-3.547915011,2.968852461,-4.867738327
20080206,-0.036757949,3.430187998,0.649161324
20080207,0.837439699,4.883328308,0.513385799
20080208,-0.190909816,3.541308629,-0.469277881
20080211,1.900381192,2.611072837,1.885680714
20080212,0.028567348,3.208385067,0.997532402
20080213,1.790419293,3.563001365,2.189507622
20080214,-2.042534598,3.02839259,-1.492144802
20080215,-0.442068456,2.192850557,-0.768796497
20080219,-0.326496138,2.498270675,0.513187156
20080220,1.883508205,2.471010351,1.341733284
20080221,-1.179126519,2.520511937,-0.647433648
20080222,0.43603698,2.536639046,0.605337247
20080225,1.072060389,3.596846996,1.338372131
20080226,1.707560079,2.883342439,1.416317934
20080227,1.603513091,2.887152596,1.275285226
20080228,0.350168708,2.060293099,0.269251644
20080229,-2.032576391,1.804778662,-2.808637241
20080303,1.235770223,2.273163762,1.318700428
20080304,-1.323421359,3.289834251,-2.200619967
20080305,0.181134228,3.236863772,0.209030176
20080306,-1.07478819,2.649797682,-1.458344573
20080307,-0.506619229,2.976056235,-1.279426081
20080310,-1.249700231,3.671122755,-1.600841801
20080311,3.749957546,2.412358439,5.508054562
20080312,1.838977999,4.429245366,3.388549945
20080313,2.078465573,6.423267082,0.543840046
20080314,-2.312318126,9.303202117,-1.043857755
20080317,1.217053562,9.590146379,-0.549562405
20080318,1.19777588,3.888188213,3.239952815
20080319,-4.206816812,4.912706313,-4.076777782
20080320,-0.250313022,4.613385527,0.047427082
20080324,2.247584471,2.30663795,2.969755463
20080325,0.568350379,2.621908959,0.93590133
20080326,1.746883165,2.676519327,0.810981835
20080327,-0.828376469,2.368209748,-0.570245195
20080328,0.116814862,2.137721316,0.194767315
20080331,1.487998082,1.790521243,1.429607708
20080401,1.258669858,1.898619306,2.213179173
20080402,-1.81800235,1.76826175,-1.843021114
20080403,-1.557403253,2.498153685,-1.799765767
20080404,1.10341497,2.304894675,1.064491843
20080407,-1.195617508,1.340502523,-0.766583456
20080408,1.029168604,1.174764898,0.419450168
20080409,-1.834913867,1.536889812,-1.957340507
20080410,-0.566051666,1.730758343,-0.513530656
20080411,-0.053418805,1.74636329,-1.181874191
20080414,0.711084571,1.966388253,0.857917675
20080415,-0.11835099,1.762592473,0.653446106
20080416,2.696965824,1.473098694,3.770134087
20080417,0.675893665,3.790063851,-0.304568763
20080418,3.864491657,3.986624299,7.814422687
20080421,-0.753006606,2.770816904,-2.048461119
20080422,-1.283621403,1.498455462,-1.571979166
20080423,-0.512696436,1.774053336,-0.415242414
20080424,-0.280779041,3.771934841,0.110085021
20080425,0.012157316,2.872883365,0.560771919
20080428,0.531113567,1.809172703,0.973847104
20080429,-1.628819285,1.801376916,-1.779417187
20080430,-0.146484401,2.94811735,0.318120909
20080501,0.71218002,2.730443712,0.699963295
20080502,-0.517855074,2.934658321,0.46594741
20080505,0.314655954,1.166539356,-0.072472524
20080506,1.560924668,1.014481962,0.638364107
20080507,-1.963699463,1.523109444,-1.939689859
20080508,0.719208317,1.571238057,0.780396596
20080509,-0.463868019,1.402516507,-0.731442978
20080512,2.026851868,1.281308658,2.417620469
20080513,-0.225639903,1.484587724,0.452812976
20080514,-0.187203775,2.755449478,-1.666405521
20080515,0.76997493,0.837114275,0.866639993
20080516,-0.190999222,1.157515709,0.299168535
20080519,0.439822403,1.583690232,0.738098589
20080520,-0.095374352,2.414645669,-0.559026136
20080521,-1.168767031,2.742642181,-0.574164257
20080522,-1.400650766,2.064041422,-1.35267763
20080523,-0.488998529,1.849980895,-0.781253974
20080527,1.177494287,1.203305859,0.501192908
20080528,1.184303872,2.149141075,1.488681048
20080529,-0.481986715,1.595012829,-0.542072037
20080530,-0.44072882,1.344289094,-0.187396156
20080602,-0.290979837,1.093147855,-0.333343743
20080603,-0.09698146,1.418449012,0.109216685
20080604,0.157661788,1.909988586,0.08486392
20080605,1.131880885,1.558918745,0.133212251
20080606,-2.3347364,2.381200447,-3.222118385
20080609,0.533400756,2.494161755,1.019655688
20080610,-0.112380607,2.349681867,-0.982167403
20080611,-0.681304679,2.762949257,-1.320524754
20080612,0.860730069,2.682048154,1.906013814
20080613,0.098153495,2.227759675,1.27736148
20080616,-0.037053048,1.563826414,-0.732333499
20080617,-0.839303865,1.698468904,-0.334096704
20080618,-0.387718577,1.924892866,-1.096720863
20080619,-0.113129294,2.767578139,-0.364070454
20080620,0.037967475,1.533143736,-0.60552727
20080623,0.237782479,1.027534427,1.219910746
20080624,-3.706380009,2.383605361,-4.25161371
20080625,0.019566281,2.414729214,0
20080626,-0.710601636,4.383069054,-3.113040307
20080627,-0.554018038,2.017961697,-0.70213629
20080630,0.502752605,3.293964641,-0.027103944
20080701,1.675446125,5.553842899,0.338272429
20080702,-5.132878496,3.904068924,-4.970913283
20080707,0.30424193,3.342391594,0.659179479
20080708,-2.070732545,5.183394601,-1.760370442
20080709,-2.068191441,2.880033832,-1.609080162
20080710,0.234020876,6.397917831,0.029222677
20080711,3.513224806,7.742600128,1.967371425
20080714,-0.871620864,3.95232302,-0.186393344
20080715,-2.58492245,8.061861858,-3.892225024
20080716,5.13939905,6.195827349,5.154318856
20080717,2.160002365,6.486960142,1.78375516
20080718,-1.577375058,3.558293383,-1.507795317
20080721,3.146700817,3.82961991,3.499385107
20080722,0.200226991,7.256933768,2.306705095
20080723,-2.401206772,5.573697665,-3.487226698
20080724,-3.117538599,3.689816841,-3.699177131
20080725,0.398350221,4.218788327,0.912857573
20080728,-0.978284309,2.517054372,-1.805206614
20080729,2.063395867,4.174771596,2.611263443
20080730,0.696672736,3.414190212,1.426398118
20080801,-2.348955324,3.348597815,-5.50859757
20080804,-0.569928636,2.61990409,-1.180651259
20080805,0.073329915,2.728979421,1.253981173
20080806,3.24399526,3.553656494,3.287967412
20080807,-1.567813487,1.939094713,-2.165424828
20080808,3.005162825,3.608235641,2.794735726
20080811,-0.098779377,2.537816585,-0.1481325
20080812,1.543457047,2.966423405,1.388034903
20080813,1.440947122,11.27026971,-2.709733956
20080814,2.08325902,3.442503563,0.613280108
20080815,-0.863233267,2.850726119,0.042646955
20080818,-2.312076732,2.745213504,-1.57573809
20080819,-0.493541429,1.80451324,-0.78272613
20080820,0.305788371,2.60345333,0.087272733
20080821,0.306055766,3.175686708,-0.087272733
20080822,1.439698255,2.273075629,2.287375854
20080825,-1.560499807,1.758448264,-2.360161358
20080826,0.204022222,2.173356107,0.029120559
20080827,0.707635273,2.102228151,1.15792291
20080828,1.931405636,2.025098095,3.019150724
20080829,-1.411193426,1.651728216,-1.27166501
