20020102,-0.290567929,1.83,0.011192568
20020103,0.134288292,1.53,0.07831292
20020104,-0.335270766,0.85,-0.100699309
20020107,0.312570025,0.97,0.435633194
20020108,-0.066688899,0.78,0.244907169
20020109,-0.190550974,1.62,-0.90468032
20020110,0.372103942,0.85,-0.314642354
20020111,-1.690244993,0.66,-1.633986201
20020114,-0.022880677,0.7,-0.011440993
20020115,0.857502716,0.84,1.825344031
20020116,-0.955856163,1.05,-1.756717699
20020117,-0.615948109,0.81,-0.068626332
20020118,-0.160679479,0.96,-0.389774654
20020122,-1.000410804,1.2,-0.610636151
20020123,1.095776288,0.64,1.78678445
20020124,0.613150553,0.82,0.283398705
20020125,0.033892561,0.91,0.214847145
20020128,-0.42701492,0.78,0.304517238
20020129,-2.925571427,2.31,-4.115050193
20020130,0.724640852,5.02,-2.519144621
20020131,0.780081964,1.3,0.659672557
20020201,2.328787136,2.37,2.029475329
20020204,-1.149778565,1.29,-1.754897469
20020205,-0.858581972,1.57,-1.853018969
20020206,0.857027395,1.41,1.039033149
20020207,-0.924355888,1.1,-1.648122618
20020208,-0.232259746,0.96,-0.158972825
20020211,2.293063028,1.55,1.482048507
20020212,-0.50841412,0.77,-0.641144155
20020213,0.230736638,1.15,0.048531911
20020214,-0.181983672,0.84,-0.10922994
20020215,-0.544960477,1.21,0
20020219,-0.612371785,1.21,-1.160318362
20020220,0.220642404,0.68,0.331146436
20020221,0.024357569,1.09,0.549485478
20020222,1.640963463,1.92,1.738334454
20020225,0.882323597,1.6,0.810493114
20020226,-0.272883838,1.58,-0.08313046
20020227,0.735995725,1.26,0.450451212
20020228,-0.708385489,0.98,-0.177567374
20020301,1.130487781,1.12,1.177869919
20020304,0.733969626,1.07,0.874386218
20020305,0.10437809,1.57,0.139195011
20020306,2.432256377,1.24,1.769347628
20020307,0.18113896,2.32,0.680969605
20020308,-1.391976303,1.24,-0.749322307
20020311,0.449944516,1.21,1.526747213
20020312,0.581917488,0.56,0.581917488
20020313,-0.490908048,0.64,-0.234597661
20020314,0.078251639,0.39,0.089435445
20020315,0.178332638,0.64,0.345808811
20020318,0.166177405,0.9,0.599535492
20020319,-0.099179026,0.77,0.397702689
20020320,0.022254368,0.8,-0.90819098
20020321,0.588139075,1.44,0.554755667
20020322,-0.993810871,0.54,-1.415144236
20020325,-0.709502385,1.02,-0.709502385
20020326,0.056227159,0.71,0.529787634
20020327,1.0541013,0.65,1.837979894
20020328,0.033235474,1.45,-0.35382611
20020401,0.022269235,0.96,-0.510828429
20020402,1.273761476,0.71,1.151219267
20020403,-0.465839352,0.55,-1.006589993
20020404,-2.47760421,1.25,-2.533206102
20020405,-0.799547378,1.55,-0.571756846
20020408,0.714653373,1.47,1.445918058
20020409,-1.060020184,1.44,-1.365675032
20020410,0.813245419,0.92,0.445893382
20020411,-1.078858163,1.36,-1.147327868
20020412,-1.864140814,2.05,-3.153282412
20020415,-0.093720719,1.01,1.594930141
20020416,0.660986926,1.02,1.396670748
20020417,-0.195144411,0.96,0.587728572
20020418,-0.57110378,2.31,0.309757604
20020419,1.396542844,0.62,0.764538442
20020422,-0.97449897,1.29,-1.33892256
20020423,1.681686486,1.55,0.172661913
20020424,-0.785329008,1.02,-2.291730611
20020425,0.256380516,1.8,1.100069607
20020426,-1.335853003,3.07,-1.347492414
20020429,0.759571283,1.53,1.324212237
20020430,-0.345026219,1.15,1.042279268
20020501,1.38565057,1.58,1.293442172
20020502,0.792307484,1.43,0.871884592
20020503,0.358102442,1.42,0.920217469
20020506,-2.148908794,1.4,-2.843900943
20020507,0.462844745,1.4,0.795585572
20020508,0.82425804,1.67,1.387063312
20020509,0.022660322,1.29,-0.744924438
20020510,-1.040615657,1.44,-0.363182785
20020513,3.402761823,1.24,2.603670813
20020514,-0.532388125,0.79,-0.388479316
20020515,-0.113378697,1.7,-1.98804773
20020516,0.902940672,1.18,0.959646089
20020517,0.608315495,0.99,0.044933724
20020520,0.225606413,0.95,-0.326227861
20020521,-1.019261372,1.61,-1.019261372
20020522,1.311790834,1.61,1.311790834
20020523,0.627101719,1.55,0.638335781
20020524,-0.716768664,0.99,-0.683284652
20020528,-1.184781137,1.18,-0.982670131
20020529,-0.034096721,1.26,-0.147668568
20020530,0.040161795,1.75,-0.919297307
20020531,0.743497849,1.28,0.668898815
20020603,-1.650845699,2.06,-1.423184815
20020604,0.155911682,3.4,0.167470371
20020605,0.390939902,1.89,0.558130279
20020606,-2.128351838,3.16,-1.316872444
20020607,1.466454315,2.95,1.431564508
20020610,-1.027070364,1.94,-1.187676111
20020611,-0.750797636,1.88,0.046387569
20020612,-0.126881613,2.53,0.451154678
20020613,0.184268162,1.97,0.311149776
20020614,0.069140358,2.64,-0.115127805
20020617,1.339559138,1.69,2.131256234
20020618,0.215309732,1.61,-0.384137858
20020619,-1.715307923,2.16,-1.873912238
20020620,-0.331220679,2.04,0.815580881
20020621,1.049545416,3.79,-0.286418252
20020624,-1.026234776,3.85,0.103205101
20020625,-2.762511621,1.98,-1.396525668
20020626,0.873367997,7.01,0.243775151
20020627,1.724180643,2.28,1.724180643
20020628,0.464827094,1.39,0.749322307
20020701,-0.22624444,2.11,-0.124497781
20020702,-1.180758496,2.91,-0.841583496
20020703,-1.307658,3.03,-1.090899031
20020708,0.455581654,2.71,0.113700979
20020709,-1.433099906,2.15,-1.603699891
20020710,-2.902118934,4.31,-1.982572225
20020711,-2.468966726,5.99,-2.492526627
20020712,-0.737653747,4.49,-0.508475672
20020715,-2.115960357,8.92,-2.407682941
20020716,-0.414651596,6.51,-1.263701521
20020717,-0.348215748,6.29,1.064572644
20020718,-2.452181972,4.43,-2.166058744
20020719,-6.08407143,7.78,-6.658602216
20020722,-5.723823185,17.3,-5.43847752
20020723,-4.261571697,12.8,-4.046286361
20020724,5.407508257,13.1,5.571945098
20020725,0.172141773,8.88,-1.281703675
20020726,1.207829959,3.84,1.465488275
20020729,2.996325119,3.4,4.67703695
20020730,0.329353941,7.13,-1.630692474
20020731,3.069642073,4.66,2.396053712
20020801,-4.74825449,6,-6.108453227
20020802,-0.282087634,5.93,0.666055038
20020805,-4.035129552,8.24,-4.035129552
20020806,2.147541373,5.87,3.752243932
20020807,0.933349396,5.3,2.130125384
20020808,2.402232635,3.62,3.340688322
20020809,2.12589061,4.69,1.358571775
20020812,0.333890127,3.84,-0.783588577
20020813,-0.053319116,5.01,0
20020814,1.83946221,5.24,3.098173761
20020815,0.632300965,2.78,0.490007428
20020816,0.013003056,2.39,-1.073401836
20020819,0.561102797,3.59,-0.078043708
20020820,-0.859509424,2.5,-2.037533518
20020821,1.704959333,3.9,2.102574171
20020822,2.079397217,3.89,2.339137623
20020823,0.307101969,3.29,-0.573286493
20020826,1.374242266,3.09,1.09276818
20020827,-1.486024678,3.55,-1.246201275
20020828,-0.324149392,2.3,-1.482463501
20020829,-0.341566281,2.98,-1.320366917
20020830,1.450256137,2.99,0.538094349
20020903,-3.805727061,5.06,-5.322406316
20020904,0.451036096,7.9,1.221116909
20020905,0.561760743,4.85,-0.191100249
20020906,0.470272953,4.57,1.90817076
20020909,-0.7940288,2.36,-0.7940288
20020910,1.483885259,1.98,1.807641106
20020912,-1.479899387,1.67,-1.601119686
20020913,1.461490235,3.48,-0.068413494
20020916,1.360565206,2.01,1.278407184
20020917,-3.280338224,3.72,-3.618748022
20020918,-0.119185347,4.05,-0.133197818
20020919,-1.066487179,4.13,-1.876493369
20020920,-0.21238946,3.51,0.854097719
20020923,-0.515243733,4.25,-1.226484285
20020924,-0.941694753,4.4,-1.430763622
20020925,0.67205515,4.55,2.117167004
20020926,2.840509643,2.7,4.22745517
20020927,-2.545516119,3.33,-3.079727375
20020930,-2.597919443,9.09,-2.612008911
20021001,3.170395859,4.71,4.177598618
20021002,-0.349040494,4.56,-0.835659459
20021003,0.512928275,6.04,1.140326638
20021004,-2.983225042,7.56,-1.842083904
20021007,-1.812993232,4.54,-0.692533331
20021008,-1.595702757,7.7,-1.255903478
20021009,-0.625957354,6.98,-1.665377712
20021010,4.350072194,5.31,3.867014825
20021011,0.194796221,4.72,1.062055819
20021014,1.276731192,3.63,0.802994762
20021015,1.109318735,2.49,2.465225285
20021016,-1.054919169,4.46,-1.054919169
20021017,-0.536914042,2.67,1.014550468
20021018,0.938344687,4.06,0.871027282
20021021,-0.160987424,2.69,-0.629059158
20021022,-2.08441531,3.38,-3.81793651
20021023,2.243861455,3.07,1.82451502
20021024,-0.272479733,3.6,0.396419082
20021025,0.684934185,2.67,-0.0682361
20021028,0.354079084,2.69,0.422315184
20021029,-3.425710723,5.28,-4.532960092
20021030,0.590220938,2.62,1.510581417
20021031,-4.271369525,9.08,-5.426962993
20021101,1.537928518,2.08,1.759576189
20021104,-2.284898937,2.81,-1.272598174
20021105,1.967563291,2.32,1.982283244
20021106,0.245895835,3.25,-0.101075743
20021107,-1.965449012,2.54,-2.501410315
20021108,-0.664454272,2.25,-0.014813718
20021111,0.044599718,2.54,-0.326458221
20021112,-1.272771362,1.61,-0.208302411
20021113,-0.391448859,3.67,-1.27409353
20021114,0.567250364,1.43,1.333652793
20021115,1.13130114,1.1,0.564050776
20021118,0.088652488,1.77,0.221778756
20021119,-0.236441665,2.22,-0.177383639
20021120,0.590843669,3.3,0.457599145
20021121,-1.148591629,3.92,-0.561218428
20021122,-1.121507082,2.06,-1.522190263
20021125,1.635724202,1.63,1.936024728
20021126,-1.317187132,1.21,-2.131704779
20021127,0.044866523,1.24,0.765482162
20021202,-0.82182009,1.71,-0.568523375
20021203,0.216023027,1.44,0.814379337
20021204,1.281113902,2.17,0.541725194
20021205,-0.865044614,1.3,0.516720719
20021206,1.179085141,2.29,0.499413494
20021209,-1.592014756,1.49,-1.401719741
20021210,1.383595813,1.64,1.635877612
20021211,0.76741817,1.66,-0.571723319
20021212,0.368867995,1.05,-0.176574501
20021213,-0.501623949,1.21,-0.428013346
20021216,0.644502011,1.12,1.293184811
20021217,-1.026401973,1.19,-0.938836293
20021218,-0.518327706,1.04,-0.739648342
20021219,-1.006241125,1.77,-1.646743799
20021220,0.661955178,1.23,0.661955178
20021223,-0.134519115,1.5,0.254586435
20021226,0.089780045,0.81,0.314583437
20021227,-1.505825773,1.13,-1.431070593
20021230,0.36133734,1.06,0.951309553
20021231,0.015045513,0.82,-0.105255254
20030102,0.815121223,0.95,1.907374171
20030103,0.675976123,0.72,0.779243817
20030106,2.342840346,1.53,2.430675222
20030107,-1.910609574,2.09,-2.211232519
20030108,-0.073556458,1.19,-0.703918437
20030109,1.268515953,0.98,1.562417707
20030110,0.014597475,1.22,-0.741659766
20030113,-0.817522801,1.37,-0.424194302
20030114,0.351134231,0.89,0.365791614
20030115,-0.701347118,1.22,-0.395112828
20030116,-0.320980725,1.15,0.336676011
20030117,-0.571137234,0.67,-0.498096547
20030121,-1.086077774,1.54,-1.837905595
20030122,-1.059813099,1.88,-1.735237806
20030123,-0.705308045,1.29,-1.086551358
20030124,-1.931223391,2.31,-2.177718663
20030127,-2.53784269,3.27,-2.758245802
20030128,1.150540017,2.18,1.730812438
20030129,2.011828919,2.05,3.635062101
20030130,-2.223686437,1.83,-1.902462452
20030131,3.613904662,3.42,1.179771523
20030203,1.784937372,3.71,1.181267092
20030204,1.120244969,2.07,-0.061022122
20030205,-1.192492346,1.68,-0.781313818
20030206,0.418183836,2.68,-0.493371337
20030207,-1.34021018,2.65,-1.494889252
20030210,1.615694615,2.02,1.788121964
20030211,-0.925932541,2,-0.602830483
20030212,-1.229523686,1.17,-2.273716139
20030213,0.333307189,2.46,0.095117319
20030214,0.852816287,2.53,0.757698968
20030218,-0.342626094,1.09,0.798813865
20030219,0.607431196,1.14,0.466926918
20030220,-2.3347364,1.29,-1.407372721
20030221,0.218170571,2.88,1.158616374
20030224,0.342252979,0.98,0.233227191
20030225,-0.108974869,2.88,-0.295513085
20030226,0.374883288,2.19,-0.093501643
20030227,-0.931105423,1.75,0
20030228,0.140176022,1,0.171352951
20030303,0.139372845,1.25,0.574223662
20030304,0.030907124,0.47,0.154631235
20030305,1.728796977,1.3,1.852330037
20030306,-1.005799396,1.2,-0.975468793
20030307,0.707368781,3.39,-0.045959403
20030310,-2.092288645,2.11,-2.184270869
20030311,-1.294163225,1.48,-0.203809744
20030312,-0.237623874,2.86,-1.057042263
20030313,-0.751059703,1.2,0.978543162
20030314,0.26602003,2.66,0.501332712
20030317,1.776577815,4.14,1.165242735
20030318,1.36620438,2.66,1.304399681
20030319,0.288775944,1.69,0.456343962
20030320,-0.030390518,1.57,-0.136684659
20030321,-0.98003046,1.66,0.30349037
20030324,-0.842594031,1.28,-1.526747213
20030325,1.21896984,1.28,1.572191431
20030326,-0.681562654,0.82,-0.348934588
20030327,0.137941627,1.66,-0.778095313
20030328,0.506407896,0.84,0.061246365
20030331,-0.231749814,1.25,-1.046324363
20030401,0.997935663,1.76,1.245116386
20030402,-0.953514223,1.05,-0.344313436
20030403,-0.650761516,0.94,-1.397004929
20030404,0.185156665,1.05,0.83591818
20030407,-2.05907705,1.22,-0.711636667
20030408,0.038993956,0.84,-0.443459707
20030409,-0.86997597,1.36,-0.054595797
20030410,-0.312256304,0.72,-0.218681749
20030411,-0.564441762,0.96,-0.548805768
20030414,0.595986708,0.91,0.548805768
20030415,0.219023867,0.63,0.062529313
20030416,-1.360139783,1.06,-0.721458587
20030417,0.972404149,0.41,0.846400037
20030421,0.387267156,1.08,0.947579906
20030422,1.874425571,1.34,0.739374902
20030423,-0.061652283,0.99,-0.461468285
20030424,-0.156006272,0.95,-1.256707254
20030425,-0.472070113,0.83,-1.02001669
20030428,0.61296852,1.13,0.660275941
20030429,-0.410289356,0.77,-0.912960851
20030430,-0.286123228,0.57,-0.666351823
20030501,-0.079207925,1.07,0.444727544
20030502,2.503607816,1.18,3.763467
20030505,1.682732013,0.97,2.412662261
20030506,-0.01488206,0.87,0.104236477
20030507,-0.822188651,1.39,-0.851959417
20030508,0.955516377,1.04,1.015540389
20030509,0.311365067,0.81,0.370782776
20030512,0.824989947,0.82,0.898981811
20030513,0.584369815,0.73,0.716324969
20030514,-1.956838142,1.06,-1.231145552
20030515,-0.62379528,0.46,-1.022761454
20030516,0.23802451,0.62,0.267817449
20030519,-0.811058817,0.36,-1.481952127
20030520,0,0.58,0.436386217
20030521,1.969918947,0.78,1.59383727
20030522,0.251721463,0.72,-0.073915296
20030523,1.278207368,0.96,1.292994799
20030527,3.175326035,2.52,3.175326035
20030528,0.610233924,1.39,-0.042435816
20030529,-0.978661807,1.05,-0.738429939
20030530,0.849262005,0.9,1.119705554
20030602,0.752407061,1.26,1.52461167
20030603,1.268282785,0.79,1.323792084
20030604,1.076818147,1.04,1.03571381
20030605,0.648475658,1.17,0.67558695
20030606,-0.337952332,1.63,-0.553643977
20030609,-0.339098324,0.8,-0.339098324
20030610,0.121301989,0.52,0.865806274
20030611,1.104542469,0.71,1.762395416
20030612,-0.145377677,1.21,0.066150694
20030613,-0.756624038,0.9,-0.743399149
20030616,0.293882124,0.87,-0.106652456
20030617,-0.282277222,0.92,-0.911168035
20030618,-0.537635704,1.04,-0.121220299
20030619,-0.568414035,0.77,-0.703275823
20030620,-0.364791325,0.81,0.271076338
20030623,0.122290932,0.85,-0.325379897
20030624,0.271296965,0.41,0.244134124
20030625,-0.12252401,1.23,-0.556953148
20030626,0.136892561,0.82,-0.423179937
20030627,-0.647697434,1.13,-1.058938589
20030630,-0.082964607,1.27,-0.055317385
20030701,1.040592116,1.21,0.221086175
20030702,0.691374435,1.26,0.165494452
20030707,1.388243036,0.71,1.832133347
20030708,0.437099453,0.62,0.150037538
20030709,-0.751831851,0.98,-0.670087977
20030710,-0.442968609,0.92,-1.103763965
20030711,0.91532245,0.7,1.247732728
20030714,-1.292469525,1.06,-0.998321486
20030715,-1.282426274,1.31,-1.365494256
20030716,0.07002311,0.82,0.2102166
20030717,0.350508596,1.05,0.027995521
20030718,1.134018514,0.8,1.761854549
20030721,-0.731693746,1.53,-0.759200279
20030722,-0.17902642,1.29,0.525153225
20030723,-0.67721909,1.02,-0.60832484
20030724,-0.666576555,1.39,-0.472616949
20030725,1.385063693,1.08,1.28748231
20030728,0.068846819,1.09,-0.068799452
20030729,-0.5690903,1.01,-1.121196602
20030730,-0.277777956,0.88,0.083484073
20030731,-0.580994856,2.81,0.250034857
20030801,-0.867259597,2.26,-1.256473322
20030804,-0.465806474,1.76,-0.704923263
20030805,0.014133277,2.34,0.113122184
20030806,0.296380148,1.06,0.282246871
20030807,1.830043389,0.91,1.787757111
20030808,0,0.69,0.717244454
20030811,0.368978895,0.65,0.753067159
20030812,0.814668457,0.6,0.869216392
20030813,-1.424235672,0.57,-1.019376819
20030814,0.649001737,0.63,1.356872921
20030815,-0.274160556,0.46,-1.836161753
20030818,-0.549074818,0.47,-0.274914262
20030819,-0.801330621,0.69,-0.77380516
20030820,0.70486091,0.51,0.718731498
20030821,0.247388801,1.21,0.329987925
20030822,-1.71322234,1.03,-1.507531489
20030825,0.443459707,0.73,0.777349833
20030826,0.152238629,0.83,-0.01382839
20030827,0.193852179,0.34,-0.027662517
20030828,1.127004782,0.62,1.209969388
20030829,-0.328677371,0.51,-0.369686188
20030902,0.981736819,0.76,1.091416018
20030903,0.054112555,0.94,0.325115431
20030904,-0.554842752,0.33,-0.338684873
20030905,-0.723207082,0.82,-0.913372855
20030908,1.292974801,0.39,1.265581293
20030909,-0.896014683,0.46,-0.841938705
20030910,-0.968695753,0.38,-0.533261673
20030911,-0.149568319,0.46,0.751215716
20030912,-0.437517788,0.6,-0.696391153
20030915,0.302738638,0.6,-0.274423882
20030916,0.150715929,0.55,0.35660441
20030917,-0.990924706,0.38,-1.018310712
20030918,0.110634778,0.22,0.069132391
20030919,0.304035613,0.56,0.165723004
20030922,0.4019688,0.46,-0.248687611
20030923,0.344946875,0.51,0.427911482
20030924,-0.963266014,0.89,-0.386420575
20030925,-0.748651771,1.01,-0.63809344
20030926,0,0.65,-0.432327568
20030929,0.29303028,0.74,0.307005544
20030930,0.279329791,1.78,-0.097581384
20031001,2.100685318,0.96,1.961117954
20031002,0.302156527,1.11,-0.273897734
20031003,-0.505361999,1.11,0.150736582
20031006,0.013567601,0.32,0.926815957
20031007,0.841710101,1.14,0.35211304
20031008,-1.016613296,0.93,-0.773566998
20031009,0.081632658,0.73,0.176955059
20031010,0.339190339,0.46,0.407166686
20031013,0.605043863,0.31,1.037535414
20031014,0.830436061,0.58,0.494752631
20031015,-1.207258123,0.52,-1.167250121
20031016,0.363955379,0.76,0.29645622
20031017,-1.09246484,0.69,-0.78347017
20031020,0.960050643,0.67,0.770013936
20031021,-0.047104742,0.47,-0.033648508
20031022,-0.596773777,0.52,-1.04875957
20031023,0.625171919,0.76,0.40727724
20031024,-0.408998525,0.79,-0.829880281
20031027,-0.657446554,0.58,-0.589163861
20031028,0.723898538,0.35,0.970947799
20031029,-0.395986043,0.74,-0.532170185
20031030,-1.727158651,1.21,-1.850370385
20031031,1.697833653,1.42,3.424992304
20031103,-0.767525481,0.72,-0.364299128
20031104,0.250431618,0.28,-0.020277806
20031105,-0.081444283,0.5,-0.440365198
20031106,0.717819836,0.75,0.622717594
20031107,-0.267917106,0.7,0.605450891
20031110,-0.983636577,0.45,-0.943403223
20031111,0.473069748,0.37,0.418891228
20031112,0.603016903,0.41,0.926118961
20031113,1.314847284,0.42,1.248024696
20031114,0.188628458,0.96,-1.999000466
20031117,-0.460518219,0.52,-0.851644215
20031118,-0.339328456,0.66,-0.149446397
20031119,1.452152817,0.61,0.906820859
20031120,0.378942124,0.65,-0.256323918
20031121,-0.731710582,0.66,-0.677693025
20031124,0.324236977,0.56,0.826171151
20031125,0.673131244,0.69,0.524653117
20031126,0.83983697,0.46,1.067673294
20031201,0.344234419,0.39,0.742906043
20031202,0.718313412,0.38,0.63897981
20031203,0.157563058,0.54,0.098447814
20031204,2.093296223,0.53,1.948872906
20031205,0.192616432,0.38,0.295497099
20031208,0.72820507,0.4,0.779506854
20031209,-0.632113356,0.56,0.368464936
20031210,-0.456737663,0.44,-0.266683757
20031211,0.83354865,0.38,1.100232407
20031212,0.549383327,0.44,1.001134629
20031215,-1.557037986,0.63,-1.619316122
20031216,2.039482639,0.65,2.153313044
20031217,0.723973958,0.62,1.292087132
20031218,0.854346091,1.01,2.021248842
20031219,-0.467318567,0.43,-0.23992334
20031222,0.072072075,0.37,0.024018254
20031223,-0.120048034,0.5,-0.036029545
20031229,1.331546216,0.28,1.902568467
20031230,0.757800187,0.49,0.781208427
20031231,-0.08100446,0.53,0.32467561
20040102,-0.696220032,0.65,-0.580519452
20040105,1.148777711,0.5,1.925908572
20040106,0.587052046,0.61,-0.480880249
20040107,-1.088225604,0.87,-1.410101959
20040108,0.524935589,0.47,0.046549518
20040109,-0.876942188,1.81,-0.935132472
20040112,-0.646718698,0.56,-0.447270049
20040113,-0.153329039,0.56,-0.059000533
20040114,1.056968149,0.51,1.033358185
20040115,-1.690975003,0.77,-1.364406017
20040116,0.24838856,0.46,0.24838856
20040120,1.168920382,0.48,1.640341408
20040121,0.762744944,0.61,0.936910445
20040122,-0.526618275,0.73,0.298885152
20040123,-0.310220275,0.67,-0.252844635
20040126,0.859850526,0.44,0.802296567
20040127,0.125477687,0.69,0.136892561
20040128,-1.077621342,0.88,-1.100423759
20040129,0.183423186,0.98,0.631931786
20040130,-0.885826903,1.12,-0.885826903
20040202,-0.139114328,0.95,-0.393655713
20040203,-0.162923346,0.61,-0.395211487
20040204,-0.64384185,0.56,-0.830365569
20040205,-0.364085199,0.52,-0.18808046
20040206,0.628544966,0.62,0.463683883
20040209,0.280374015,0.35,0.391572927
20040210,1.115512381,0.81,0.952056419
20040211,1.171350095,0.83,1.206010138
20040212,-0.160018322,0.32,-0.194274674
20040213,-0.679061135,0.49,-0.953975398
20040217,0.08019706,0.22,0.839519622
20040218,-0.896454688,0.32,-0.80487959
20040219,-0.54138242,0.47,-0.046189377
20040220,-0.610003618,0.61,0.046189377
20040223,1.701051348,0.47,1.966227038
20040224,-0.135915753,0.51,-0.124596493
20040225,-0.238406198,0.43,-0.283752531
20040226,0.295521925,0.31,0.147651796
20040227,0.1697313,0.44,0.385138673
20040301,1.709252359,0.36,2.047853134
20040302,-0.547334514,0.53,-1.113845332
20040303,0.513852784,0.66,0.525052874
20040304,-0.479831306,0.28,-0.390734519
20040305,1.181467153,1.09,0.946291503
20040308,0.331492016,0.51,0.442233999
20040309,-0.663719251,0.49,-0.608577259
20040310,-1.364521787,0.98,-1.453351462
20040311,-1.744926522,1.39,-2.139849461
20040312,1.390494252,0.77,1.631804338
20040315,-0.851552123,1.07,-0.738429939
20040316,-0.250313022,0.85,0.091178488
20040317,0.9604051,0.56,1.301585915
20040318,1.59589811,1.13,0.850973672
20040319,-1.45133897,0.66,-1.629890518
20040322,-0.11454755,0.96,-1.128281386
20040323,-0.239603058,1.08,0.331827068
20040324,-1.91514852,1.43,-1.949424442
20040325,-1.65118805,1.01,-1.360405641
20040326,0.670314734,0.53,0.741136267
20040329,-0.409477027,0.48,-0.023443911
20040330,1.495246635,0.7,1.881370089
20040331,0.640221691,0.85,0.950370696
20040401,-0.442403308,0.57,0.239030334
20040402,-0.317244771,0.97,0.181735625
20040405,1.027039105,0.6,1.061077796
20040406,0.201906967,0.47,0.201906967
20040407,0.53685399,0.79,0.458383049
20040408,-0.055570993,0.54,0.334076035
20040412,1.542730321,0.68,1.653841444
20040413,-0.756956058,0.58,-0.702296314
20040414,0.61789891,0.92,0.110059443
20040415,0.50400019,1.35,0.646896615
20040416,-0.652176225,0.65,0.218340698
20040419,0.136176724,0.78,0.16888675
20040420,-1.170378823,0.64,-1.995723072
20040421,0,1.63,-0.155607456
20040422,2.469261259,0.9,2.134999109
20040423,-0.228995248,0.61,-0.261666089
20040426,0.325733187,0.56,0.707101124
20040427,0.734027475,0.96,0.788213334
20040428,-1.341575893,1.28,-1.266319211
20040429,-1.362958008,1.41,-1.591953256
20040430,0.32769008,0.97,1.472068766
20040503,1.699267036,0.81,1.601072713
20040504,-0.257428009,1.28,-0.075151649
20040505,1.806666277,0.75,1.365354544
20040506,-0.692412886,0.95,-0.893908262
20040507,-1.234984822,1.19,-1.953756355
20040510,-1.424462101,2.67,-2.785325947
20040511,2.0095042,1.05,1.953447244
20040512,1.281717716,2.02,0.973483214
20040513,0.392499414,1.16,0.032649508
20040514,0.877056134,1.33,0.931448303
20040517,-0.539202309,1.25,-1.307562779
20040518,-1.5022155,1.08,-1.507676847
20040519,-0.576690076,2,-0.305394613
20040520,-0.328975178,0.74,-0.429125411
20040521,-0.434274943,1.14,0.094900501
20040524,0.399645292,1.03,0.72274735
20040525,0.623736771,1,1.550077757
20040526,-0.766539014,0.73,-0.766539014
20040527,-0.849472812,0.62,-0.783538744
20040528,0.520863371,0.61,0.232390964
20040601,0.625722443,0.5,1.00083321
20040602,-0.273000443,0.34,0.07657387
20040603,-0.603502133,0.42,-0.647251451
20040604,-0.673254571,0.9,-0.618239991
20040607,1.707385243,0.6,2.028022369
20040608,-1.536228937,0.81,-1.167944292
20040609,-0.720025265,0.79,-1.24842808
20040610,0.25368127,0.63,0.918503663
20040614,-0.111049428,0.4,-0.86293267
20040615,0.381205401,0.74,0.747201484
20040616,0.763778945,0.43,1.450689188
20040617,0.648650923,0.29,0.865806274
20040618,0.633763333,0.47,0.633763333
20040621,-0.16081483,0.55,-0.203655143
20040622,0.963089306,0.53,0.748266452
20040623,1.026844358,0.42,1.112005104
20040624,-0.306700045,0.29,-0.570343751
20040625,-0.989949007,0.51,-0.989949007
20040628,-0.814930523,0.46,-0.643917228
20040629,0.945328772,0.41,0.697390306
20040630,0.778131091,0.51,0.692560437
20040701,-0.672110067,0.83,-0.810238974
20040702,-0.192760822,0.82,-0.13925341
20040706,0.010706065,0.63,0.128548491
20040707,0.010710652,0.32,-0.042831139
20040708,0.482911278,0.81,0.042831139
20040709,0.319863798,0.43,0.565787471
20040712,-0.074575191,0.33,-0.11716463
20040713,0.266255016,0.32,0.202289129
20040714,1.039135636,0.32,0.826188366
20040715,-0.010542407,0.33,0.052728712
20040716,-0.14656619,0.42,0.630585379
20040719,-0.052496195,0.56,-0.241254641
20040720,-0.126502231,0.42,-0.442059451
20040721,-0.900859253,0.58,-0.921958525
20040722,0.308264927,0.76,0.308264927
20040723,-0.505306785,0.74,-0.484082122
20040726,-0.416200377,0.61,-0.27232696
20040727,0.791532638,0.48,0.373592792
20040728,0.712579458,0.85,0.531294417
20040729,0.441826934,0.41,0.959771118
20040730,-0.36544024,1.16,0.345785434
20040802,0.85363833,0.48,0.905925913
20040803,1.882986457,0.86,2.224477967
20040804,-2.099734028,0.65,-2.079460333
20040805,-1.192650901,1.23,-0.789778604
20040806,-2.189772235,1.04,-2.241950687
20040809,0.582968422,0.7,0.950390758
20040810,-0.687433303,0.55,-0.413026798
20040811,0.560640385,0.79,0.603080704
20040812,-0.454714472,0.73,-0.475813745
20040813,1.295095754,0.78,1.305694026
20040816,1.081991413,0.44,1.092452211
20040817,-1.633764929,0.84,-2.66346876
20040818,-0.159125902,0.61,0.095597224
20040819,-1.11076652,0.59,-1.153242893
20040820,0.607386384,0.71,1.089521566
20040823,-1.057081009,0.47,-1.035836054
20040824,0.246662144,0.81,0.214454296
20040825,0.59835631,0.43,0.544785837
20040826,0.966704294,0.31,0.764091588
20040827,0.44178046,0.32,0.726816282
20040830,-0.511777189,0.32,0.230632244
20040831,1.769408261,0.48,2.072613052
20040901,1.090345545,0.46,1.192857087
20040902,0.967164501,0.49,1.078585125
20040903,0.180451177,0.29,0.10021045
20040907,0.752675539,0.53,0.180126137
20040908,0.050102712,0.25,-0.200160195
20040909,1.254621655,0.46,1.234583582
20040910,-1.061570562,0.62,-0.794758803
20040913,-0.137754622,0.77,-68.02642356
20040914,0.46948443,0.87,0.901790075
20040915,-0.351975334,0.71,-0.371493242
20040916,-0.098010397,0.56,-0.117600954
20040917,1.45421855,0.57,1.865218248
20040920,0.076893506,0.67,0.17309361
20040921,2.45945049,0.99,2.785589868
20040922,-0.24433806,0.76,-0.693861199
20040923,-1.064244176,0.82,-1.516904323
20040924,0.625653761,0.74,1.083145981
20040927,1.255521037,1.15,1.48206446
20040928,0.129545683,1.14,0.686650188
20040929,-0.63138557,0.96,-0.723901073
20040930,-0.055954492,0.8,-0.149142459
20041001,0.669271879,0.78,0.687926855
20041004,0.371609495,1.12,-0.092687003
20041005,0.884961528,0.65,1.033219524
20041006,1.546188147,0.92,1.674593191
20041007,-0.649821781,1.61,-0.325438725
20041008,0.61683795,2.35,0.126685385
20041011,-0.906460159,1.16,-0.689657906
20041012,-0.201705395,1.41,-0.786181945
20041013,-1.229752781,2.27,-2.114714309
20041014,0.037467217,1.47,0.093694376
20041015,-0.224550993,0.74,-0.018731854
20041018,-0.771478095,1.03,-0.827694718
20041019,0.551804273,0.92,-0.454374125
20041020,1.187460942,1.78,1.26333348
20041021,-0.485800656,2.35,0.037467217
20041022,-0.449186606,1.58,-0.149953168
20041025,-0.03742515,1.91,0.224845514
20041026,0.98688074,1.27,1.005595066
20041027,-1.79544752,2.05,-1.832512013
20041028,-0.05715919,2.78,-0.986163881
20041029,1.979885728,3.45,1.099328736
20041101,-0.188643708,2.87,-0.169795343
20041102,-1.541566354,1.36,-1.560450312
20041103,0.754720564,2.6,2.012598784
20041104,1.668868697,1.36,2.193804286
20041105,0.220385764,1.31,0.238773187
20041108,-2.057723916,0.99,-2.076070856
20041109,-0.529101763,0.58,-1.149113144
20041110,0.32328639,1.61,-0.208629758
20041111,0.587067305,0.47,0.549087813
20041112,3.261867786,1.07,2.921409731
20041115,-1.961763053,1.5,-2.845909539
20041116,-0.777328779,0.45,-0.871712929
20041117,1.188132789,1.03,1.51117345
20041118,0.280295428,0.4,0.467596475
20041119,0.222882707,0.73,0.576799441
20041122,1.28560081,0.42,1.655971604
20041123,-0.383947816,0.47,-0.383947816
20041124,-0.29266529,0.75,0
20041129,-0.510391192,0.93,-0.219058138
20041130,-0.201115343,0.47,-0.146305805
20041201,-2.125183927,1.02,-2.033717717
20041202,-0.835236443,1.46,-2.037806365
20041203,0.495711215,1.03,0.228484486
20041206,0.284495213,0.93,0.417537141
20041207,-1.315181446,1.09,-1.296243846
20041208,1.703553496,1.51,1.087693196
20041209,0.094831681,1.61,0.113808813
20041210,-0.30349037,0.87,-0.208748534
20041213,1.57838677,0.68,1.88187714
20041214,-1.086967224,0.75,-1.068326157
20041215,-0.567431067,1.19,-0.661690665
20041216,-0.268817366,0.96,-1.355888241
20041217,1.498519819,2.42,-0.462517687
20041220,1.129522873,0.78,1.457360405
20041221,0.493453269,0.53,0.55054719
20041222,-1.19739148,1.4,-0.98935358
20041223,0.818818247,0.61,0.818818247
20041227,-1.203108181,0.87,-1.297975848
20041228,0.305343749,0.81,0.822734957
20041229,0.684023188,0.78,0.626842208
20041230,-0.60652195,0.57,-0.398444698
20041231,-0.22844099,0.3,-0.247454205
20050103,-3.018805088,1.3,-3.037865414
20050104,-0.847045348,1.32,-0.689997809
20050105,0.413589954,1.42,0.650697357
20050106,1.775483182,1,1.618126738
20050107,-1.078675247,1.46,-1.040005486
20050110,0.233918235,0.92,0.360852783
20050111,-0.077700082,0.58,0.194514747
20050112,2.098046353,1.54,2.000836274
20050113,-0.955664766,0.86,-0.822420242
20050114,0.402260862,0.51,0.459859021
20050118,0.984483529,0.62,1.461265208
20050119,-0.793955021,0.48,-0.737452524
20050120,-1.318196564,1.75,-1.318196564
20050121,0,0.87,0
20050124,0.609990454,0.85,1.185255703
20050125,0.586179234,0.63,0.795007027
20050126,0.224383041,0.82,0.938269221
20050127,0.984863484,0.85,1.003539364
20050128,-0.630799865,1.4,-0.649292699
20050131,1.184102642,1.83,1.184102642
20050201,0.856341208,0.52,1.370009555
20050202,0.61416378,0.68,0.741078855
20050203,1.270483225,0.94,1.270483225
20050204,0.725217647,0.83,0.885118188
20050207,-0.831642412,0.58,-0.814019713
20050208,0.69094083,0.74,0.637621714
20050209,-0.434725433,1.03,-0.717611053
20050210,1.315231585,0.72,2.050496447
20050211,1.364560425,1,1.538624873
20050214,0.60412715,0.43,-0.309278597
20050215,-0.068704915,0.54,0.154758865
20050216,2.260655463,0.91,2.209095781
20050217,-1.607615636,1.48,-1.490037727
20050218,1.891628774,1.92,1.942792755
20050222,-0.972183319,2.13,-0.671481455
20050223,1.288181761,1.21,1.321863136
20050224,1.39977584,1.06,1.632218249
20050225,1.267279348,3.07,1.283631241
20050228,-0.659643611,3.08,0.016143353
20050301,-1.869821161,1.93,-1.660194381
20050302,1.028496537,2.68,1.044907466
20050303,-0.619096145,2,-0.619096145
20050304,1.04252451,1.63,0.846221486
20050307,-0.244001748,1.89,-0.503615718
20050308,0.521683609,1.01,0.162733966
20050309,-2.8867984,2.98,-2.8867984
20050310,-1.812226748,5.14,-2.097151101
20050311,0.085800091,3.1,-0.359558644
20050314,0.698648151,2.51,1.00692036
20050315,-2.12719669,3.16,-1.281740183
20050316,0.719427563,4.91,0.771013843
20050317,-0.184734287,2.65,1.524419764
20050318,1.518847524,1.31,1.468406161
20050321,-0.945045581,1.65,-0.564785554
20050322,-1.290989512,2.43,-1.290989512
20050323,-0.767594387,2.83,-1.461865231
20050324,-0.80431682,3.2,-0.34305351
20050328,0,1.92,0.205973296
20050329,-0.619836695,2.07,-0.722770312
20050330,0.377877468,4.35,0.739915619
20050331,-0.666726121,2.43,-0.051444741
20050401,0.185701075,1.54,1.683856436
20050404,-3.636764417,4.12,-3.991584423
20050405,-2.394368175,2.54,-2.236514946
20050406,2.298951822,1.93,2.639423435
20050407,0.276625349,2.05,1.250884969
20050408,-1.974035627,1.89,-2.164133325
20050411,0.35211304,0.81,0.387392631
20050412,-1.426049122,1.64,-2.13151942
20050413,-2.547444887,3,-2.61928397
20050414,-1.640741019,3.14,-0.851384006
20050415,-3.351848329,6.21,-2.98079039
20050418,0.66762289,3.14,0.725055647
20050419,1.017532804,1.75,1.397039901
20050420,-2.563025917,3.48,-2.544280017
20050421,2.272825108,2.37,2.656702738
20050422,0.633621203,3.44,0.802018661
20050425,-0.092038663,1.29,0.869329437
20050426,-1.333106208,1.53,-1.204275786
20050427,-3.067260521,3.24,-3.104546129
20050428,-1.647803107,2.69,-1.647803107
20050429,0.830681875,3.96,1.59010525
20050502,2.396463106,2.53,2.338731939
20050503,-0.73801073,2.2,-1.058011003
20050504,0.567431067,2.95,0.700296228
20050505,0.187793482,1.85,0.526713031
20050506,-2.474816969,1.09,-1.17004543
20050509,1.184113074,0.75,1.581953894
20050510,-0.939856542,1.38,-1.070734377
20050511,0.69594939,1.15,0.75259057
20050512,-2.541866745,2.11,-2.466918269
20050513,-2.428800963,3.95,-1.548917704
20050516,-1.631806581,2.32,-1.573287122
20050517,2.240659778,1.92,1.962771548
20050518,-1.140439537,2.65,-0.019438235
20050519,0.885643063,1,1.40915371
20050520,-1.039870722,0.67,-0.982382937
20050523,1.090189625,0.77,1.746182716
20050524,0.0190096,0.73,0.076060091
20050525,0.790964576,1.5,1.321771509
20050526,0.111815144,0.72,0.71028336
20050527,1.477131732,0.49,1.60742491
20050531,-1.840655684,1.6,-1.347008096
20050601,1.028475549,0.81,1.658107258
20050602,0.419287826,1.39,0.437557672
20050603,0.419058644,1.12,0.054560336
20050606,-0.563074778,0.58,-0.181983672
20050607,-0.563894173,0.9,-0.145825764
20050608,-0.109409201,1.45,-0.018243182
20050609,1.78238583,1.31,2.219306241
20050610,0.498665325,1.14,0.445117801
20050613,-0.570005106,1.68,-0.552241539
20050614,0.356506616,0.89,0.392227281
20050615,1.043610781,0.96,1.114759841
20050616,1.617567228,0.81,1.968876214
20050617,0.458521649,1.1,1.812325206
20050620,0.574811388,1.33,0.507014775
20050621,-0.628132105,1.77,-1.016613296
20050622,-1.125907493,2.48,-0.734983225
20050623,-1.025115397,2.03,-1.782825239
20050624,-1.242904403,1.53,-0.859428249
20050627,0.648499337,1.88,0.824493751
20050628,-0.856124736,1.56,-0.437714084
20050629,-0.281096461,1.56,-0.263551062
20050630,-1.3864424,2.5,-1.721273976
20050701,1.146902735,1.61,2.002370436
20050705,1.969996316,1.14,2.494931905
20050706,-2.828750184,2.36,-2.214623382
20050707,1.746769304,2.45,1.026899634
20050708,-1.195751185,1.64,-0.677615311
20050711,0.017432232,1.57,0.017432232
20050712,0.208550649,1.69,0.400104909
20050713,-0.1739736,0.98,-0.295575283
20050714,-1.519812641,2.32,-1.085444831
20050715,-0.387939122,0.99,-0.370338136
20050718,-0.17721075,1.21,-0.389449952
20050719,1.051718721,0.98,1.705835789
20050720,0.504743914,1.49,0.434972413
20050721,-0.856873303,1.74,-1.152448585
20050722,0.529216522,0.96,1.473114458
20050725,0.877727001,1.44,0.990149723
20050726,-1.13383795,1.16,-0.825882189
20050727,0.377942384,0.69,0.757318594
20050728,0.067946325,1.52,0.972620926
20050729,-2.502471211,1.4,-1.505588748
20050801,0.411452663,0.88,0.755627844
20050802,1.693233816,0.77,1.88125199
20050803,0.532181532,0.86,1.218204469
20050804,0.066258078,0.85,0.165727582
20050805,-0.115961249,0.7,-0.099403587
20050808,0.852324452,1.07,1.546083428
20050809,-0.683596412,1.03,-0.065306125
20050810,0.997434267,1.26,2.004917602
20050811,-0.016006403,1.06,0
20050812,-0.480462167,0.79,-0.288554224
20050815,0.161082509,0.73,-0.257193519
20050816,-1.173416332,1.13,-1.83550999
20050817,-1.199414679,2.81,-2.204448264
20050818,0.370932814,1.71,-0.41985115
20050819,0.217155351,0.69,0.854634444
20050822,0,1.64,0.781189047
20050823,-0.539084863,1.23,-0.456337651
20050824,-0.657650653,1.05,-0.433370126
20050825,0.368447913,0.7,-0.075197397
20050826,-0.285834579,0.9,-0.721419117
20050829,-0.402212709,1.72,0.269043377
20050830,1.631194623,1.19,1.698342519
20050831,1.774902798,1.76,1.344723445
20050901,1.68746471,2.4,2.191162257
20050902,-0.6398998,1.44,-0.703665146
20050906,-0.384615859,1.36,-0.048157959
20050907,0.04811162,1.33,0.144404357
20050908,0.40338901,1.27,-0.43384016
20050909,2.147382542,1.07,2.669367264
20050912,-0.881479027,0.78,-0.834453397
20050913,-1.574835697,1.21,-1.401073707
20050914,0.079916891,1.18,0.35211304
20050915,-0.701981185,1.36,-0.207916908
20050916,0.728427607,0.85,1.462200241
20050919,1.11016698,0.85,1.456678588
20050920,-0.37389045,1.92,-0.37389045
20050921,-0.589972213,1.27,0.233845301
20050922,-1.850033332,3.16,-0.765927934
20050923,-0.551399585,1.69,-0.677008018
20050926,1.7099797,1.45,1.5518769
20050927,-0.140176022,1.49,-0.20241346
20050928,0.431832873,0.97,1.269956668
20050929,1.238832086,0.91,1.238832086
20050930,-1.317824772,0.93,-1.469939191
20051003,-0.602923678,1.27,-0.525828616
20051004,-2.608980291,1.3,-2.655509955
20051005,-1.344880981,3.83,-1.217573517
20051006,-2.161978754,6.02,-3.443527642
20051007,1.02176235,2.61,1.736585442
20051010,-1.104619261,2.66,-1.104619261
20051011,2.756882861,2.27,2.988709426
20051012,-1.723900229,4.26,-1.933290658
20051013,-1.616028505,5.87,-2.356955579
20051014,0.724701916,4.58,0.016794021
20051017,-0.050020843,2.16,0.686137743
20051018,-3.093030069,3.46,-4.537704951
20051019,1.580821586,4.55,1.798734072
20051020,-4.172211848,6.99,-4.550024422
20051021,0.963604887,4.64,1.008441905
20051024,2.594361106,4.37,2.594361106
20051025,1.217749376,4.16,1.494231322
20051026,-1.735587857,4.46,-1.667421528
20051027,-2.833347979,4.78,-2.314674618
20051028,0.875662338,9.61,1.723574148
20051031,-0.97646809,3.26,-0.489425903
20051101,0.959114511,2.83,0.959114511
20051102,1.842497236,2.79,1.703560083
20051103,1.133204516,2.03,1.439848708
20051104,-2.519711105,3.31,-2.486080702
20051107,-1.126821319,2,-1.109581426
20051108,1.199910058,1.8,0.850625735
20051109,-1.79807585,3.64,-1.884543646
20051110,-0.602625007,4.36,-0.92019761
20051111,0.993973395,1.93,0.65562386
20051114,-0.668898815,1.3,0
20051115,-0.422015749,2.74,0.229337668
20051116,1.586215845,2.28,0.772340157
20051117,-0.260756341,2.04,0.453594637
20051118,0.172265331,2.06,1.125065956
20051121,0.921822847,1.61,1.282616985
20051122,0.169348051,1.6,0.423909071
20051123,-0.509771707,1.78,-0.679119758
20051128,-2.024465715,2.12,-2.298157298
20051129,-0.174125066,1.84,0.296710227
20051130,-0.261346956,1.59,-0.104620759
20051201,1.74380573,1.24,2.404562786
20051202,0.592769963,2.25,0.856409186
20051205,0.285450618,1.19,0.706716722
20051206,0.4679935,1.14,0.551794728
20051207,-1.57167589,1.95,-1.056082232
20051208,0.554576667,1.33,0.554576667
20051209,-0.91355736,1.31,-1.40074858
20051212,0.842464966,0.72,1.283367834
20051213,-1.700520816,1.29,-1.198427711
20051214,0.591967902,0.82,0.693800905
20051215,-0.439561147,1.17,-0.473293649
20051216,-2.555227763,1.06,-2.487477083
20051219,-1.501949296,1.36,-1.293724338
20051220,-0.210748234,0.85,0.087943019
20051221,-0.75089849,1.18,0.298429081
20051222,0.122624172,0.65,0.122624172
20051223,0.070015756,1.07,0.052507221
20051227,-1.948688767,1.38,-2.211501008
20051228,1.028377857,0.67,1.403344818
20051229,-0.406253319,1,-0.335719018
20051230,1.330396563,1.38,0.441501821
20060103,3.411183451,1.35,3.955952393
20060104,-0.296648097,1.61,-0.228920359
20060105,-0.872919535,1.7,-1.255621878
20060106,0.507615303,0.95,1.839602209
20060109,-0.860982781,1.08,-0.456737663
20060110,0.830442871,1.06,0.456737663
20060111,1.041501099,1.56,0.990855365
20060112,-0.183501595,1.22,0.083521261
20060113,0.864510787,0.99,0.864510787
20060117,1.843595735,0.85,2.371911311
20060118,-1.725022433,1.48,-1.531223923
20060119,1.323440605,1.65,1.1262667
20060120,-1.429524019,2.15,-0.798505017
20060123,1.783734661,2.13,1.783734661
20060124,0.080638663,1.44,-0.305835248
20060125,-1.797764832,3.13,-1.363436151
20060126,-1.463721553,2.07,-1.365714357
20060127,0.4151106,2.2,-0.016568636
20060130,0.181353607,1.17,0.59474816
20060131,-1.736560587,1.3,-2.231938086
20060201,-1.134739926,2.09,-1.117897821
20060202,-0.341239028,3.48,-0.341239028
20060203,-1.07248909,1.36,-1.7412732
20060206,1.522828641,1.26,2.388634915
20060207,-1.016286415,1.7,-1.937480237
20060208,0.259448386,3.55,0.224816351
20060209,-2.086306548,2.86,-1.689788487
20060210,-1.246395491,3.1,-0.546112517
20060213,0.061785606,1.97,0.097108814
20060214,-0.268937858,2.15,-1.717658925
20060215,0.089485465,3.08,0.358423323
20060216,0.391389932,1.03,0.748533169
20060217,0.64952392,0.75,1.462967839
20060221,-0.859850526,0.88,1.303799434
20060222,-1.233832665,1.16,-1.233832665
20060223,0.070028014,1.67,-0.087466112
20060224,-0.433088594,0.36,0.80181709
20060227,-0.958613005,0.83,-0.871845104
20060228,-0.459689636,1.14,-1.180318468
20060301,0.87766054,0.67,1.390255564
20060302,-0.332487838,1.53,-0.297541131
20060303,0.210748234,1.26,-0.087680847
20060306,-1.598613085,1.06,-2.038174232
20060307,-0.971580151,1.37,-0.971580151
20060308,-0.462020118,3.1,-0.443941839
20060309,-1.819224267,2.36,-1.086421422
20060310,-0.16634326,1.03,-0.755555055
20060313,1.094302366,0.86,1.959949175
20060314,2.044914306,1.4,2.135567925
20060315,0.558734991,1.35,0.381020354
20060316,2.170573576,1,2.126343401
20060317,-1.424377043,0.82,-1.026899634
20060320,-0.492438561,0.72,-0.772747084
20060321,-0.070696362,1.53,-0.282486064
20060322,0.106288761,2,-0.14154284
20060323,-0.017650693,0.67,0.300539429
20060324,1.574835697,1.02,1.663058023
20060327,1.053459358,1.01,1.053459358
20060328,-0.825030462,0.92,-0.464916894
20060329,0.924664122,1.05,1.25205306
20060330,-0.392257687,1.27,-0.255994679
20060331,-0.516263408,0.74,-0.96154587
20060403,0.102774932,1.51,0.77339906
20060404,1.006061858,1.22,0.903286926
20060405,0.996545702,0.98,0.945633524
20060406,-0.487354968,1.06,-0.235571369
20060407,-1.74093808,1.45,-1.203302376
20060410,0.992689232,0.67,1.824683164
20060411,-0.737145238,1.34,-0.436242303
20060412,-0.831006224,1.03,-1.269159941
20060413,0.974783264,1.07,0.0680967
20060417,0.303797702,0.48,0.982226356
20060418,1.607725025,0.81,2.463506739
20060419,0.640975159,1.53,0.361070473
20060420,-1.076614954,1.98,-1.635183845
20060421,1.672718568,1.23,2.369701144
20060424,-0.9792799,1.17,-0.849262005
20060425,-1.429417257,2.95,-0.889626955
20060426,-0.348114732,2.25,-0.348114732
20060427,1.274543499,4.83,-0.349330805
20060428,0.839442013,2.72,1.652657016
20060501,-0.618592238,1.79,0.376278563
20060502,1.993955754,0.98,2.531372568
20060503,-0.883468922,1.74,-1.330254411
20060504,0.743978848,2.08,0.128990666
20060505,-0.128123016,1.1,0.546361636
20060508,0.016127732,1.01,-0.626961301
20060509,1.426191949,0.78,1.345527267
20060510,0.28680708,1.88,0
20060511,-0.698748277,1.62,-0.159235702
20060512,-2.264490977,2.24,-2.264490977
20060515,-0.214680951,2.48,-1.403560612
20060516,0.065573773,1.73,0.872361717
20060517,-1.866698448,3.59,-3.519082375
20060518,-0.399507523,1.81,-0.348595345
20060519,-0.409626789,4.52,-0.401109989
20060522,0.447274098,3.67,-0.359805066
20060523,-1.283494988,2.18,-0.343879293
20060524,-0.381084819,4.65,-0.760722894
20060525,1.80566937,1.97,3.235865196
20060526,0.351729699,1.25,0.494448944
20060530,-2.583076003,2.13,-2.265906887
20060531,2.156075911,2.97,2.207371116
20060601,0.468149994,2.61,0.292336813
20060602,0.561242807,1.63,1.325620075
20060605,-3.108543218,2.57,-2.272541299
20060606,-0.667655132,2.63,-0.709762168
20060607,-2.488034352,2.34,-3.108969448
20060608,1.445640434,5.15,1.165331911
20060609,-0.849004493,3.12,-0.624459965
20060612,-0.658695396,2.6,0.052187528
20060613,-1.416479047,4.09,-1.260079676
20060614,1.130938544,3.08,1.780462463
20060615,1.80185055,2.5,2.663182318
20060616,-0.288943857,2.29,-1.032944583
20060619,-2.064767089,3.3,-2.115843961
20060620,-0.693123551,2.37,-0.017386769
20060621,1.295466774,3.94,1.312853543
20060622,0.821500427,2.26,0.684114178
20060623,-0.272016489,1.19,0.119240283
20060626,1.621657159,1,1.587603013
20060627,0.282932701,1.76,0.817693334
20060628,1.394265185,1.2,2.007306621
20060629,1.466940144,1.26,1.77595885
20060630,-0.946202232,0.99,-0.690488492
20060705,1.706202528,0.88,1.674340173
20060706,0.187676001,1.14,0.250313022
20060707,-1.187142964,1.33,-0.564087989
20060710,1.047948904,1.42,0.985075591
20060711,1.155547871,0.67,1.559275127
20060712,-1.027537605,1.9,-0.630044343
20060713,-0.076881683,2.15,0.215583699
20060714,0.574279952,1.19,2.055336111
20060717,-1.27117111,1.96,-2.255505552
20060718,-0.198125493,2.21,1.02738004
20060719,0.714451622,2.69,0.714451622
20060720,-1.187951832,2.19,-1.142521378
20060721,-2.027096437,1.91,-1.248763626
20060724,2.27369221,1.86,2.784331617
20060725,0.861977379,2.22,1.072979718
20060726,0.906867138,1.59,0.854610782
20060727,-0.998539868,2.78,0.280795278
20060728,-0.362921917,3.62,-2.616580464
20060731,0.076074557,1.08,-0.394657464
20060801,0.886201596,0.97,0.840563807
20060802,-0.860837454,1.62,-0.5671736
20060803,-0.304692497,1.32,-0.593292985
20060804,-0.53195657,2.09,0.121988426
20060807,1.007148686,0.84,1.872035346
20060808,0.477612848,1.13,0.447695122
20060809,-0.044447738,1.19,0.475342547
20060810,0.044540124,1.65,-0.163144271
20060811,0.739648342,0.98,0.709957131
20060814,-0.683712533,0.94,-1.186077655
20060815,-0.640407282,1.28,-0.179131262
20060816,-1.132618242,1.16,-2.304858897
20060817,2.015950984,1.08,1.117499941
20060818,1.212317474,0.65,1.619711474
20060821,-0.729441269,0.49,-0.432352518
20060822,-0.075103271,0.42,-0.569375227
20060823,-1.165708454,0.92,-1.331134464
20060824,1.563535005,0.74,1.578761499
20060825,-0.044920267,0.69,0.082406268
20060828,-0.196241289,0.55,-0.887557538
20060829,-0.296026631,0.84,-0.613847557
20060830,-0.886043071,1.4,-0.924058658
20060831,-1.126120655,0.8,-1.095436396
20060901,0.154392496,0.92,0.556932133
20060905,1.029220528,1.61,2.423344984
20060906,-1.325127912,1.01,-1.808147719
20060907,0.552318066,1.3,0.214428019
20060908,-1.774053469,0.75,-1.712872678
20060911,-2.570876598,4.72,-3.540543251
20060912,-0.988742961,1.66,-1.012933583
20060913,1.306154182,1.52,1.66387814
20060914,-0.569985086,1.51,-0.505923585
20060915,-0.48457533,2.09,-0.557059528
20060918,1.433228425,1.93,1.821076357
20060919,-1.777326426,1.88,-1.59464896
20060920,-1.661546614,1.68,-1.661546614
20060921,1.486925628,1.66,1.814902308
20060922,-0.514967343,1.71,-0.024198427
20060925,1.196844304,2.06,0.354324739
20060926,2.210825632,1.95,2.17866612
20060927,0.577900866,2.98,1.001730086
20060928,0.637489526,1.71,0.481629145
20060929,0.494667881,1.13,0.510165751
20061002,-0.556243709,0.77,-0.479172414
20061003,-1.654232287,0.92,-2.494442613
20061004,0.962380229,1.85,1.168680389
20061005,-0.811110359,1.25,0.25090181
20061006,0.31436681,1.89,-0.203809744
20061009,-1.233758921,0.93,-0.764053971
20061010,1.19743041,1.8,0.967863715
20061011,-0.83642877,1.02,-1.181581293
20061012,0.69063216,0.79,1.306796523
20061013,-0.124455523,1.15,0.483733486
20061016,1.050202703,1,1.314485795
20061017,-0.192108254,0.72,-0.130673757
20061018,-0.50945691,1.73,-0.609499244
20061019,1.28034869,1.4,1.573989269
20061020,-0.808732568,1.14,-0.557657761
20061023,1.257106851,0.96,0.565275357
20061024,1.871470255,0.84,1.871470255
20061025,1.533338564,1.73,1.203848974
20061026,-1.178564025,2.32,-0.310720084
20061027,-0.184019779,2.17,0.568918007
20061030,-1.272758066,1.27,-2.242597243
20061031,1.538665099,1.91,1.153657263
20061101,-0.268216522,2.63,-0.163995564
20061102,1.158314109,1.3,1.053813092
20061103,1.19691985,0.91,1.741719843
20061106,1.080624304,0.82,1.24010241
20061107,-1.38350672,1.06,-1.254613039
20061108,0.989142031,1.2,0.989142031
20061109,0.549746146,0.73,0.901164731
20061110,-1.101348471,0.98,-0.994605888
20061113,1.271718218,0.95,1.286099465
20061114,-0.134852215,0.87,-0.042604559
20061115,0.393659027,1.22,-0.576945224
20061116,-2.493643191,1.48,-2.137111153
20061117,1.501814331,1.23,0.850203138
20061120,0.78215926,1.69,0.303446516
20061121,0.858620043,0.78,1.247417423
20061122,-0.80069058,2.3,-0.743710522
20061127,-0.464307276,1.59,-0.116279083
20061128,1.282530729,0.93,1.558473102
20061129,1.741143851,1.2,2.012824865
20061130,1.518240738,2.27,1.504206635
20061201,1.031575065,3.02,1.017750499
20061204,0.573223898,0.87,0.545852884
20061205,0.467274747,1.95,0.711939814
20061206,-0.542300678,1.85,-0.603125875
20061207,-0.394477829,1.55,-0.258626701
20061208,-1.297035044,1.33,-0.821135037
20061211,1.146770246,1.17,1.229187834
20061212,-0.842919452,1.13,0.223721323
20061213,-0.174578705,1.23,0.762306791
20061214,1.540535115,0.74,1.969720323
20061215,-0.958526592,1.06,-0.80050707
20061218,-2.303287221,1.11,-2.536038781
20061219,2.074791356,1.58,1.514565801
20061220,-1.181129379,1.61,-1.167709262
20061221,-0.544960477,1.41,-0.606083097
20061222,-0.753170284,0.57,-0.616651492
20061226,0.665457126,0.55,0.51413995
20061227,1.099285006,0.67,1.311026488
20061228,0.026928774,0.66,0.256116606
20061229,-0.474866912,0.75,-1.014825028
20070103,-2.427016662,1.75,-3.45911632
20070104,-0.772697284,2.49,-1.089967617
20070105,0.383441498,2.32,0.411903146
20070108,0.456317265,1.97,1.176608494
20070109,-0.49431638,2.73,-1.063277982
20070110,-0.345175087,2.8,-1.742403407
20070111,-1.08657353,2.99,-1.100981714
20070112,1.697322947,1.86,2.531416632
20070116,-1.014221964,1.85,-1.085259831
20070117,1.480875703,1.87,1.56698363
20070118,-0.281730007,2.81,0.197684334
20070119,1.330149491,1.22,1.934890804
20070122,-1.732639107,1.29,-1.449401723
20070123,1.012280709,1.22,1.732639107
20070124,0.7026274,1.42,0.495459312
20070125,-1.291057011,1.32,-1.758926311
20070126,-0.793489233,1.68,-0.027948575
20070129,0.041943377,1.44,-0.013977217
20070130,1.476194289,0.77,2.04766424
20070131,0.109799627,1.47,-0.164473721
20070201,1.611518388,1.49,2.090479276
20070202,0.324587788,1.29,-0.511785629
20070205,-0.32467561,1.01,-0.351684388
20070206,-1.057493586,0.91,-0.584359888
20070207,-1.5965407,1.08,-0.917374819
20070208,1.703595403,1.49,1.372925496
20070209,-0.719769523,1.2,-0.455550677
20070212,-0.976556829,0.91,-1.399967965
20070213,0.137400406,0.5,0.661250515
20070214,-0.621420214,1.2,-0.882642608
20070215,-0.865806274,0.88,-1.240520473
20070216,-0.549335842,0.47,-0.703732672
20070220,-0.753004908,0.84,-0.965094065
20070221,-0.064278829,1.11,-0.192712668
20070222,0.909807967,1.76,0.966946745
20070223,0.084471355,0.99,0.557418977
20070226,0.041996221,0.99,0.547331378
20070227,-3.63728526,5.18,-4.114278308
20070228,-0.014580448,3.51,0.014582574
20070301,0.459430226,8.15,-1.394927545
20070302,-1.145334549,2.69,-1.167516515
20070305,0.407025511,2.86,-0.562578838
20070306,0.481393264,1.13,1.796611745
20070307,0.970453139,2.82,0.977841119
20070308,-0.901824294,2.01,0.146220234
20070309,-0.742199434,1.89,0.029218408
20070312,0.772992983,1.31,0.539006331
20070313,-1.463512145,3.04,-1.463512145
20070314,-0.021933833,3.29,0.807580925
20070315,0.941303605,1.38,0.677721669
20070316,-1.197269375,1.41,-1.117411663
20070319,1.174181788,0.91,1.905928065
20070320,0.889532408,1.1,0.889532408
20070321,1.368821203,1.4,1.895925493
20070322,1.296748755,0.93,2.231400184
20070323,0.257994576,0.66,1.063404704
20070326,0.289552743,0.91,0.837277005
20070327,0.215953654,0.68,-0.25584071
20070328,-0.471095831,1.21,-0.067435433
20070329,0.729808067,0.91,1.113582313
20070330,-1.036557709,1.24,-1.410839659
20070402,0.980729296,0.77,1.210505703
20070403,1.027292071,0.58,0.719331728
20070404,0.897224641,0.79,0.304817677
20070405,0.066150694,0.5,0.052917054
20070409,0.20557718,0.98,-0.178707398
20070410,1.609877056,0.52,2.026365279
20070411,-0.572843644,1.18,-0.559860847
20070412,0.636986229,0.78,0.754426055
20070413,-0.395270238,0.73,-0.207549692
20070416,0.722117903,0.45,1.059167742
20070417,-0.03847387,1.18,0.166891367
20070418,0.276856887,1.41,-0.250441614
20070419,-0.350900354,0.75,-1.235661849
20070420,1.526551356,0.82,2.240052469
20070423,-0.790162464,0.99,-1.313489972
20070424,0.038902938,1.76,-0.510815504
20070425,0.512033889,0.9,1.531068828
20070426,0.012791813,1.53,-0.178913786
20070427,-0.524197326,1.19,-0.217683676
20070430,-0.666156704,0.85,-0.269559242
20070501,0.486058772,1.85,0.729976988
20070502,0.241899666,0.9,0.343927477
20070503,1.188232916,0.92,1.188232916
20070504,-0.572454619,1.43,-0.409230275
20070507,1.251992326,0.73,0.396663514
20070508,1.382626349,0.66,0.676355284
20070509,-0.075169134,2.01,-0.400250691
20070510,-1.596992115,1.44,-1.92337955
20070511,1.699115825,0.6,2.348592797
20070514,1.131079115,0.78,0.968711003
20070515,-0.16706374,0.75,-0.210331039
20070516,0.633739307,1.03,-0.012386202
20070517,1.036150876,0.88,0.937005993
20070518,1.214344006,0.96,1.655143054
20070521,-0.337512374,0.76,-0.036216576
20070522,-0.824347013,0.95,-0.812273363
20070523,-0.965954812,2.09,-0.929442914
20070524,-2.103517303,1.81,-1.7600851
20070525,0.407634435,1.01,1.42779755
20070529,-0.1239004,1.02,-0.56867504
20070530,1.92797769,1.37,1.915579202
20070531,-0.831199016,1.81,-0.916372715
20070601,0.597599193,0.96,0.940694738
20070604,1.01621973,0.64,1.01621973
20070605,0.012089706,1.1,-0.434258825
20070606,-0.912803758,1.4,-1.130642401
20070607,-1.669487857,2.43,-1.975616793
20070608,0.80316716,1.74,0.547196988
20070611,0.876386526,0.97,0.913586601
20070612,-0.908114349,1.75,-0.988028292
20070613,0.296205092,0.91,0.711130598
20070614,0.951923224,0.5,1.449788354
20070615,0.421357392,0.65,1.099244022
20070618,0.221909108,0.53,0.263947364
20070619,0.468835384,0.53,-0.095900271
20070620,-3.286566492,1.62,-3.130775221
20070621,1.655344517,1.92,2.481031628
20070622,-1.440623037,1.61,-1.428552302
20070625,1.810389035,2.03,1.681732255
20070626,-0.956714779,1.52,-0.422323403
20070627,2.496963452,1.66,1.488265588
20070628,-0.154330178,1.33,0.273630532
20070629,-0.792387802,1.44,0.059385951
20070702,0.512263021,0.77,1.080580914
20070705,-0.472977752,1.4,0.185185238
20070706,0.634632358,0.65,1.435074281
20070709,2.065652768,0.78,2.008643474
20070710,0.236233869,1.3,-0.571398115
20070711,2.175268658,1.34,2.062845937
20070712,1.903377457,1.21,2.709104089
20070713,-0.214132844,1.16,-0.053576213
20070716,-0.842974839,1.58,-1.251094835
20070717,-1.720238392,1.6,-1.17905296
20070718,2.451942673,2.69,2.215555438
20070719,-0.295294301,0.83,-0.118222379
20070720,-1.075656975,1.7,-1.064903709
20070723,0.010810226,1.79,0.547382338
20070724,-1.883626766,2.18,-2.828515686
20070725,0.893256932,5.32,1.276154656
20070726,-1.214043688,11.6,-2.969494808
20070727,-3.097081368,12.7,-3.709675456
20070730,1.262121619,5.49,1.525858036
20070731,-1.687951141,4.44,-1.54933497
20070801,0.247044417,11.9,-0.082212701
20070802,-1.049800573,4.63,-1.479579575
20070803,-3.754800444,6.3,-3.605853471
20070806,0.918280098,9.78,1.423861051
20070807,2.559242772,9.35,1.283621403
20070808,1.178094187,5.59,1.694146938
20070809,-2.307630786,9.24,-4.049918295
20070810,4.453062789,10.1,2.913711432
20070813,-1.82796263,2.7,-1.421967684
20070814,-0.882767689,3.31,-0.078919415
20070815,-1.695164041,5.74,-1.974918526
20070816,3.017550613,15.1,1.267943373
20070817,0.810106885,5.55,3.047877916
20070820,1.165797149,3.14,0.833018139
20070821,0.047528518,2.73,-0.951740699
20070822,0.798594966,2.73,1.54420467
20070823,-0.524629592,2.14,0.07015903
20070824,1.459964188,1.71,2.002034119
20070827,0.051817947,1.1,-0.476615218
20070828,-2.413416578,1.53,-2.718953956
20070829,1.805208283,2.19,2.45959529
20070830,1.59430364,2.12,0.701595839
20070831,-0.615036107,1.67,0.320403066
20070904,1.660827619,1.28,1.260163125
20070905,-0.226321246,1.2,-0.418292397
20070906,0.05617031,1.43,0.868540794
20070907,-0.051295205,1.89,-1.510679667
20070910,-0.823709039,2.77,-0.749624408
20070911,1.175916069,2.1,1.691528784
20070912,0.691966419,2.47,0.731490995
20070913,0.250173862,1.04,0.965220761
20070914,1.031680347,1.75,0.619951061
20070917,1.038798158,1.34,0.385526721
20070918,2.435770968,2.41,2.534666641
20070919,0.085088284,1.51,0.816636067
20070920,0.11695286,1.06,0.053143435
20070921,-0.147632633,0.85,0.688306842
20070924,-0.475813745,1.38,-0.433610748
20070925,-1.15089748,1.25,-2.516834842
20070926,-0.801963447,1.65,0.563595487
20070927,0.107054929,0.94,1.0054659
20070928,0.085479223,1.71,0.181730768
20071001,1.18697335,1.13,0.91960781
20071002,-1.534117949,1.52,-2.133827853
20071003,-0.021857924,1.56,-1.097896783
20071004,0.119897556,1.03,0.338262094
20071005,-0.119170157,1.19,0.488998529
20071008,0,0.61,-0.728937569
20071009,1.13803862,0.77,1.312596814
20071010,1.732309518,1.33,-0.855029832
20071011,-1.766868955,2.89,-1.224862208
20071012,0.098441353,1.12,0.64710947
20071015,0.129940462,1.93,1.022414823
20071016,1.076436659,1.72,1.065614733
20071017,-0.684055682,2.93,-0.171453107
20071018,-1.077596634,1.13,-1.013267266
20071019,-2.603880979,2.4,-3.550929912
20071022,0.379292255,2.45,-0.664529111
20071023,0,2.35,0.495999213
20071024,1.56690391,4.67,1.251552821
20071025,1.058560993,2.59,1.236082397
20071026,-0.266993756,1.08,0.514196199
20071029,1.018096089,0.86,1.257878221
20071030,-1.903980919,1.41,-3.063696946
20071031,0.912947,2.62,1.466965037
20071101,-1.597353148,5.9,-2.798006443
20071102,0.986570343,5.25,-0.21416905
20071105,0.89676519,3.47,-0.146801449
20071106,1.455177025,1.39,2.444727436
20071107,-3.458995684,3.61,-3.718485133
20071108,1.478498802,5.53,2.140148489
20071109,-1.264757929,3.79,-2.323445596
20071112,-1.213692107,5.5,-2.366974409
20071113,1.853680434,3.23,1.947566135
20071114,-1.249148789,2.63,-1.070828975
20071115,-2.072857164,3.33,-2.224275282
20071116,0.878380069,4.83,2.037881938
20071119,-1.169603976,3.81,-0.890144083
20071120,1.989142905,5.19,3.286572127
20071121,-2.593057992,4.62,-2.524775299
20071126,-3.824961811,2.52,-3.594467298
20071127,1.89023453,4.25,0.916727653
20071128,1.55859486,2.65,1.901688956
20071129,0.544644721,1.79,0.614387837
20071130,1.35478536,1.76,1.331669317
20071203,0.479288833,1.79,0.170910997
20071204,-0.452813659,1.15,-0.920664116
20071205,1.125884444,1.32,2.591509037
20071206,2.145862673,1.18,2.280120916
20071207,-0.318524076,1.39,-0.526663495
20071210,0.338705596,1.26,0.854425178
20071211,-2.400752542,4.42,-1.932826338
20071212,0.441622177,3.92,2.183384779
20071213,1.922667475,2.6,1.40451747
20071214,-0.249715129,1.2,-1.317513658
20071217,-1.632149156,1.87,-2.253709415
20071218,0.401375109,1.84,1.30345378
20071219,-0.131897139,2.21,-0.219732015
20071220,1.124159178,1.29,1.332916052
20071221,1.451776139,0.76,2.380809503
20071226,0.634184559,0.28,0.454090225
20071227,-0.932605318,0.49,-1.048571806
20071228,0.49140148,0.59,0.995876437
20071231,-1.173847648,0.82,-1.808367543
20080102,-0.533334598,2.28,0.364299128
20080103,0.774827418,1.12,1.148460092
20080104,-0.693669075,2.6,-1.276884767
20080107,-1.539402809,2.93,-1.293400225
20080108,-1.858921309,3.38,-1.431327359
20080109,2.162836902,4.07,1.821106977
20080110,0.381575824,4.46,-0.693995412
20080111,-1.064306733,2.67,-1.363993648
20080114,-0.395344244,1.15,0.24788621
20080115,-1.852632564,2.02,-2.947958003
20080116,-1.74167357,7.29,-2.304222998
20080117,-4.595930186,8.03,-4.167763126
20080118,1.186868166,9.02,0.93264613
20080122,3.045031912,17.4,-2.787488813
20080123,3.145541412,18.6,0.23374557
20080124,1.655927123,7.53,2.47585462
20080125,-3.140863439,6.47,-1.961084516
20080128,1.678667323,6.44,1.335781853
20080129,-1.035779464,2.35,-0.362538161
20080130,1.264805508,7.6,0.657639101
20080131,1.916604034,6.81,0.102178822
20080201,-2.521922268,5.9,-0.977973385
20080204,-0.764427674,3.14,-0.389010945
20080205,-0.68754568,2.97,-2.941752111
20080206,-3.504248247,4,-2.605141291
20080207,2.737432383,4.84,1.545862786
20080208,0.785609717,2.78,0.442730468
20080211,0.423782262,2.2,1.465916121
20080212,0.630215246,2.61,0.965473523
20080213,1.207233463,1.6,1.108638434
20080214,0.175147259,2.09,0.93971409
20080215,0.967526552,2.36,0.895089027
20080219,0.117966275,1.38,1.442803713
20080220,2.693903918,2.25,1.781953499
20080221,-1.683659554,2.46,-1.793743866
20080222,0.14028527,3.01,0.927182277
20080225,1.664778333,2.05,1.874837927
20080226,1.946254907,1.97,1.11733006
20080227,0.483243784,1.72,-0.045361761
20080228,1.068259417,1.24,0.875242042
20080229,-2.09019088,2.18,-2.614416313
20080303,0.385246142,2.74,0.558226639
20080304,0.103692618,3.21,-0.327652407
20080305,1.794992812,2.48,2.248820964
20080306,-1.168542425,3.03,-1.343214958
20080307,-2.156355289,3.53,-2.659731252
20080310,-1.159467226,3.75,-0.51697918
20080311,2.047265929,2.65,3.694595663
20080312,-1.305262406,2.4,-1.504131757
20080313,0.95915683,3.46,0.207230099
20080314,-2.170339932,6.58,-1.997975627
20080317,0.870555853,6.93,-1.19210618
20080318,0.764766272,3.85,2.062413358
20080319,-4.551397654,3.8,-4.953484382
20080320,1.860603354,3.65,1.756662775
20080324,0.902333649,2.5,0.932351961
20080325,-0.01183502,2.1,0.522132431
20080326,0.519359052,1.8,0.531194072
20080327,-1.557618114,1.98,-0.631848333
20080328,0.236714515,2.22,0.218941476
20080331,0.258489158,1.78,0.742009176
20080401,1.709443336,1.82,1.756369662
20080402,1.387032682,2.09,0.861035111
20080403,0.950044346,1.62,0.342348845
20080404,0,1,0.363884868
20080407,-0.045228404,1.24,0.362565546
20080408,1.638084527,1.64,0.928720828
20080409,0.534879813,1.26,0.820202673
20080410,-0.606113013,2.49,-0.372999737
20080411,-0.37105794,1.31,-0.980867097
20080414,0.4429624,1.27,0.673630031
20080415,0.322240403,0.89,0.857896187
20080416,1.568272532,1.17,1.93370121
20080417,0.648698069,1.09,0.130491537
20080418,0.839707808,1.31,1.359977787
20080421,-0.333890127,1.03,-0.634513071
20080422,1.445498695,0.9,1.47785941
20080423,0.557281914,1.03,0.42431378
20080424,-1.439492039,2,-2.193891834
20080425,-0.451905224,1.7,0.334863937
20080428,-0.07563071,1.51,-0.226720745
20080429,1.890818229,1.47,2.397530542
20080430,0.845737226,2.54,1.482129307
20080501,0.35834777,2.18,-1.181836692
20080502,-0.340180885,2.73,0.341342067
20080505,-0.240422423,1.15,0.183318108
20080506,1.31984249,1.01,1.361696629
20080507,-1.261418863,1.6,-1.602698474
20080508,2.091823193,0.98,2.343290216
20080509,0.457619638,1.29,-0.117921519
20080512,0.421746241,1.29,-0.046181082
20080513,0.317704597,1.48,0.317704597
20080514,-0.199228694,1.23,0.05114828
20080515,0.040642146,1.32,0.672716837
20080516,1.349439826,0.94,1.916702287
20080519,1.701602054,1.55,1.870874224
20080520,0.476863343,1.62,0.74059976
20080521,-0.18415319,2.42,0.077639755
20080522,-0.85971612,2.41,-1.131719396
20080523,-1.316814333,1.75,-1.189344589
20080527,-0.471013548,1.35,-1.163471542
20080528,1.674308499,1.17,1.029340023
20080529,-1.026062719,2.28,-1.684419212
20080530,-0.282942792,1.43,-0.080922521
20080602,1.118970689,0.98,0.489590883
20080603,-1.321694718,1.63,-1.619201429
20080604,-1.077618966,1.78,-1.775988858
20080605,3.575073531,1.34,4.322352566
20080606,-2.625927591,3.23,-1.771561178
20080609,1.10344576,2.02,2.685263035
20080610,-2.24030218,2.69,-2.502633115
20080611,-0.035213925,2.05,0.732234051
20080612,-0.203666058,1.95,-1.29132064
20080613,2.283750042,2.05,1.346651242
20080616,-0.385955718,1.28,0.130659851
20080617,0.981676721,1.29,0.760459939
20080618,-0.010059856,1.4,-0.921296322
20080619,-3.113902383,2.36,-2.542099651
20080620,-0.846150957,1.7,-0.418810881
20080623,2.618004107,1.49,2.628366264
20080624,0.071033541,1.64,-0.495826971
20080625,0.21149109,2.91,0.828371239
20080626,-2.226587279,2.71,-1.714820571
20080627,0.183692265,2.49,0.377956423
20080630,0.62778659,1.22,1.00431988
20080701,0.050446452,2.24,0.070632161
20080702,-1.531719639,2.02,-1.662933385
20080707,-1.386984786,3.73,-2.017580855
20080708,-0.052216596,3.86,-0.966793746
20080709,-2.333342633,3.28,-2.010038394
20080710,1.718939714,4.49,2.530981435
20080711,-2.131043862,5.63,-4.072241169
20080714,-0.113235029,2.67,0.308000135
20080715,-3.478611609,4.45,-3.743326385
20080716,-2.534382221,3.65,-3.163668487
20080717,-0.209497283,5.88,-0.766020459
20080718,-0.272598261,2.83,0.302466494
20080721,0.115287078,2.7,0.809814699
20080722,-1.472063673,4.55,-1.333894393
20080723,-3.398212211,4.64,-3.444930269
20080724,-1.097679235,5.52,-0.904489124
20080725,0.121285643,4.11,0.614002355
20080728,-0.484086629,3.01,-0.084884502
20080729,0.144892563,3.62,0.544433019
20080730,5.464619193,3.98,5.247201545
20080801,0.338048538,3.45,-3.37061507
20080804,-2.127739845,4.09,-2.009396636
20080805,0.545885992,4.59,-0.132986781
20080806,2.047771624,3.39,2.331665385
20080807,-2.182120381,2.35,-1.434420333
20080808,2.276501593,2.4,1.203685132
20080811,-0.758207637,2.25,-0.385745708
20080812,-1.223801883,2.2,-0.524622641
20080813,2.904548941,2.77,3.095639409
20080814,1.033270933,2.96,0.347102049
20080815,-1.1682238,1.88,-2.728027278
20080818,-1.685818033,2.1,-1.218070947
20080819,1.726541668,2.23,1.762579869
20080820,0.918237404,2.9,2.010117932
20080821,1.341081583,1.55,2.457126073
20080822,0.415162538,2.01,-0.543356555
20080825,-2.715255438,1.34,-2.925464873
20080826,-0.128227563,1.42,0.198493848
20080827,0.225270853,1.25,1.078959362
20080828,-0.206422092,1.77,0.517927152
20080829,-1.254548307,1.15,-0.88786977
