20020102,0.0233345,2.682107242,0.819964767
20020103,2.768342875,2.905785042,2.511363409
20020104,1.228379488,1.605152377,2.472035992
20020107,-0.780818245,0.916420507,-0.891867673
20020108,-1.010676767,1.192109435,-0.786963027
20020109,-1.150085966,1.664015693,-0.475167768
20020110,-2.359518465,2.338869223,-2.178235841
20020111,-0.510560404,1.587220424,-0.371574975
20020114,-1.865241185,1.912936857,-2.401810769
20020115,0.736083105,2.456803155,0.736083105
20020116,-2.638159839,2.174573319,-4.524782961
20020117,0.495050516,3.001565084,0.247218915
20020118,0.344997878,2.366504147,0.369686188
20020122,-0.24660925,2.453218836,-0.369686188
20020123,2.080094575,2.4893985,1.931836579
20020124,2.926807921,8.527566798,4.034719061
20020125,2.557448449,5.559474642,2.231259903
20020128,-1.097153863,1.309453313,-1.02893328
20020129,-2.032068054,2.731369547,-2.631424389
20020130,2.825046629,6.457858946,1.638229945
20020131,2.917399967,4.564951302,2.498697332
20020201,-1.707497375,1.637639287,-1.413612231
20020204,-1.058210933,3.458848705,-0.714371053
20020205,-2.082190092,7.851662236,-2.197890672
20020206,-0.094607386,5.37086759,-0.094607386
20020207,-0.641865986,3.165397727,-0.783945101
20020208,2.106836124,3.509071638,1.796313959
20020211,2.983936224,3.548611356,4.287189485
20020212,-0.716688398,2.465342186,-0.15721508
20020213,0.113700979,0.800333908,-1.10748109
20020214,-1.005033585,0.71095918,-1.005033585
20020215,2.163220901,2.523067782,2.940723103
20020219,1.126959226,3.708877733,1.438555294
20020220,0.563626031,2.525041397,1.634557477
20020221,0.279780662,4.063724894,0.581960905
20020222,1.490975437,3.63590598,1.641302964
20020225,-0.063823,3.549393854,-0.657548238
20020226,-0.551199191,2.88502897,0.106349048
20020227,-0.191062578,3.133411396,0.042507971
20020228,-0.953902305,2.671803509,-0.234017764
20020301,0.98667747,2.16592431,1.940579775
20020304,1.324522675,1.632416956,1.595723425
20020305,-0.784317746,1.174584599,-2.108840421
20020306,0.606125798,2.922391418,0.763482242
20020307,-1.026079571,3.122800796,-1.005244067
20020308,-1.476197199,1.204428744,-0.930435979
20020311,0.361049559,0.717593929,0.212224188
20020312,0.678831627,1.621988862,0.27521982
20020313,-0.615125495,2.473704006,-0.636269379
20020314,1.247505342,1.745732411,1.247505342
20020315,0.995652282,1.984446429,1.79096832
20020318,-0.53531114,1.337058067,-0.020641965
20020319,1.311763019,2.157259504,1.373676137
20020320,0.265550151,2.539807549,-0.183430195
20020321,-0.743497849,2.078282825,-1.603982568
20020322,-0.770596336,1.447701148,-0.853549473
20020325,-2.221138376,1.320873375,-2.283880196
20020326,2.666824708,2.493875336,1.591545531
20020327,1.685608529,1.723213215,2.000900435
20020328,-2.711323541,1.963396265,-2.422841989
20020401,-0.233520964,2.573961727,-0.529942947
20020402,0.954914418,2.064932071,0.63559536
20020403,-3.789927259,3.158329968,-1.59662785
20020404,-0.545079296,4.921589026,-1.862735254
20020405,0.540249828,2.945374814,1.432627064
20020408,0.970358018,1.600587253,0.43010819
20020409,0.08565311,2.323889388,0.257179739
20020410,0.886268726,2.474621536,1.866042272
20020411,-0.637621714,3.541784746,-1.481508579
20020412,-0.234316861,1.898134304,-0.021324235
20020415,-0.234616723,2.57373502,-0.128040991
20020416,1.300626684,1.308857362,2.426023422
20020417,-0.020835504,1.252449867,0.020839846
20020418,-0.648063311,2.872314635,-0.648063311
20020419,-0.862527699,2.297604156,-0.736767884
20020422,-2.218994397,3.283271788,-2.092305191
20020423,-2.595834271,4.160619409,-3.245187202
20020424,-1.447525553,2.203767328,-0.648409203
20020425,0.022621875,3.664991826,-0.833432012
20020426,-1.403055377,2.888859683,-0.749237243
20020429,-1.399265863,2.897638226,-1.353697395
20020430,1.043803441,2.682008862,2.30630156
20020501,-0.691581117,3.298920991,0.831745831
20020502,1.905241503,2.584290301,1.994746991
20020503,-0.439561147,2.801200037,-0.373750023
20020506,-1.331873184,1.509245404,-1.442066033
20020507,1.749961591,2.642515816,1.749961591
20020508,-0.129954534,2.684303643,1.308919211
20020509,0.174178141,1.570045866,-0.369124293
20020510,-1.095301202,2.604920681,-1.247690477
20020513,1.126959226,1.995249071,0.241997698
20020514,0.712515159,0.970200886,2.109003052
20020515,0.429923276,2.708129066,0.300752106
20020516,-1.1545991,1.634933815,-0.257732101
20020517,0.321716095,1.433850711,0.429185208
20020520,-0.948896488,2.062129127,-1.184720373
20020521,-0.821626244,2.334151186,-0.195206656
20020522,1.464281115,2.042842228,1.551086676
20020523,0.933792863,3.124860047,1.189984293
20020524,-1.408173472,2.11821939,-1.704344621
20020528,-1.120942972,1.065100196,-0.88486603
20020529,0.344679359,2.165434607,0.798881502
20020530,-0.84242857,2.847283264,-0.863936259
20020531,-0.304149702,1.156002249,-0.304149702
20020603,-2.71629817,2.653740029,-2.846931762
20020604,-0.451468035,4.636139952,-1.057734628
20020605,1.078904599,2.267932793,1.191962836
20020606,-3.029164697,2.850302487,-2.627557732
20020607,1.639380978,2.298504161,1.616426771
20020610,0.810267769,2.030644212,0.74249413
20020611,-3.077165867,3.273206246,-2.473744659
20020612,1.887492078,5.163010273,1.97936163
20020613,-1.471447035,2.643103484,-1.223950003
20020614,0.139114328,5.624898193,-1.586057843
20020617,2.283875414,3.120503625,3.573027705
20020618,1.347729294,1.508625058,0.201005093
20020619,-0.224971973,3.581154559,-0.941499893
20020620,0.113700979,2.64494812,-0.904983552
20020621,-1.020180422,3.897760383,-2.508473491
20020624,0.932407688,3.448203588,0.441809811
20020625,-2.826076865,3.785916123,0.370542342
20020626,2.840233166,5.450010822,-0.115647058
20020627,1.935177066,3.73664246,2.604075881
20020628,-0.269299983,3.738713101,0.337648042
20020701,0.022494658,1.631114194,-0.089928064
20020702,-1.772155413,3.561114927,-1.256169972
20020703,-0.867981694,3.838951952,-0.720044256
20020708,-0.421239953,3.781969202,0.133392639
20020709,-0.821040893,1.632784192,-0.289242609
20020710,-2.13132016,10.64839437,-1.753247876
20020711,1.12528458,5.8134608,-0.705430164
20020712,-0.989993121,9.552876135,-1.310212973
20020715,-0.438311428,10.75235389,-2.589937931
20020716,0.315956029,9.765345713,-2.172302642
20020717,-1.548542921,9.607285642,-0.486500595
20020718,-2.216293621,6.365864919,-2.094446402
20020719,-4.496015099,12.01550191,-6.533565151
20020722,-2.369523892,36.99023404,-2.475906881
20020723,0,21.88181438,0.97614658
20020724,9.841442269,35.20020209,8.455738803
20020725,1.079518034,19.43382699,2.727163816
20020726,1.733312533,11.27855506,1.091857988
20020729,4.186657939,7.051583033,4.662849315
20020730,-2.509218291,9.289367729,-4.162907791
20020731,-1.045636903,8.05109697,-0.595452516
20020801,-0.673727284,9.193677396,-1.056686105
20020802,-5.957096025,8.595557881,-5.764138898
20020805,-2.790157747,9.356067427,-2.407260023
20020806,1.98026273,7.46520223,4.131440667
20020807,2.062941527,10.6383885,3.36166108
20020808,2.596924009,7.264103151,2.377919177
20020809,1.227588598,4.653186537,1.156355068
20020812,0.900693456,2.546516349,-0.564707383
20020813,-0.869150812,7.185075315,-2.726789369
20020814,3.785715724,10.53095048,3.712944344
20020815,-2.557563035,11.39790507,-2.62768107
20020816,-0.893402055,4.357908943,-1.109514517
20020819,1.558346607,3.798650637,0.387315904
20020820,-1.779883632,5.29930594,-1.804046977
20020821,0.831097426,5.432387438,1.052254907
20020822,1.038280485,2.577027858,1.329967615
20020823,-0.800489417,2.945179074,-1.378664962
20020826,0.704827319,3.469097796,0.558592831
20020827,-1.603699891,3.308083056,-0.376099928
20020828,-3.222087901,4.843753565,-3.550815293
20020829,2.224560895,4.884341708,0.752826642
20020830,1.171937113,3.404762725,0.846407841
20020903,-1.961096849,3.346438844,-3.686355293
20020904,-0.102907135,5.047536146,-0.077190278
20020905,-2.543183422,4.976328144,-4.151936332
20020906,1.207464895,3.636750223,4.946710417
20020909,1.493887764,4.135835931,1.595980678
20020910,1.87984759,3.876356216,2.531152498
20020912,-1.288741504,1.931878594,-2.500284195
20020913,-0.348866539,3.549347298,-0.074859642
20020916,-1.102215568,2.566840968,-0.902714254
20020917,-1.880933196,5.954176054,-0.505051579
20020918,2.080765251,6.111781805,0.806862673
20020919,-1.601273883,3.481617702,-3.605145628
20020920,2.598885494,6.588144069,2.46862626
20020923,-0.4159091,7.793424229,-2.520709594
20020924,-0.698552008,6.897687042,-3.444961751
20020925,1.737800447,4.991091315,3.236356721
20020926,0.754327936,5.133329056,0.728221684
20020927,-3.610692197,7.331194831,-4.234556971
20020930,-1.165061722,8.95827864,-3.158301774
20021001,9.193375611,8.907812726,10.02694532
20021002,-2.616774128,7.993512285,-5.926890316
20021003,-2.022393288,7.810089347,0.932966917
20021004,-0.759066595,6.344750749,0.976905459
20021007,-0.64205678,8.78994188,-2.124349669
20021008,-0.346805736,11.58845673,0.428495567
20021009,-1.072765067,8.880000366,-3.425178532
20021010,6.012006041,11.6141931,5.984347349
20021011,1.862536301,4.857598723,3.002149774
20021014,1.196399659,5.625099567,-0.101163387
20021015,2.273102881,7.483587555,4.599079944
20021016,-1.972546606,5.98897475,-1.755286412
20021017,0.835825761,2.798345105,3.361457822
20021018,-0.507308734,6.453456792,-1.823904652
20021021,2.401075732,4.129488472,2.061434455
20021022,-0.264773292,3.572176001,-1.57822501
20021023,-1.812738459,8.724328236,-1.188036764
20021024,-2.142243559,6.658562566,-0.881926343
20021025,3.34708171,5.226558927,2.38280177
20021028,-4.09695851,5.84055819,-2.358198497
20021029,1.14733347,7.888203228,1.343942036
20021030,0.58083416,4.883684686,0.58083416
20021031,-1.133771643,5.922716306,-0.532302249
20021101,2.830720033,6.325334485,1.683946455
20021104,-2.561809927,4.637912402,-0.718221905
20021105,1.802277856,4.568212693,2.209903405
20021106,1.044214152,4.422034102,1.793456711
20021107,-0.847511894,3.9177453,-1.009230769
20021108,-1.642458321,5.438667998,-1.444449986
20021111,-2.160948433,2.658900929,-2.563935822
20021112,1.580114274,3.079605238,2.160948433
20021113,0.023954965,10.70467142,-0.834828939
20021114,1.199873235,2.91384483,2.390363486
20021115,-0.421447592,2.284403797,-0.327945949
20021118,-2.77599571,2.091127536,-1.656058666
20021119,0.308312826,3.342143115,0.736782893
20021120,1.751938748,3.044101468,0.895809857
20021121,4.75341598,4.560612633,3.573043446
20021122,-2.157036362,3.834773923,-2.406441321
20021125,1.243682543,3.618742817,1.33642542
20021126,-0.464037956,2.42363696,-1.591912727
20021127,3.477815609,3.035105905,3.361468883
20021202,-2.292750464,4.365057663,-1.444720388
20021203,0.635066775,1.613528417,0.566830675
20021204,0,4.046907148,-0.74889718
20021205,-1.42563923,2.150669239,-1.653689499
20021206,2.830158738,4.625159056,1.242823822
20021209,-1.863986866,2.858449318,-2.783110983
20021210,0.700119546,2.516656209,1.122556222
20021211,1.843370169,2.783927945,1.843370169
20021212,-1.108300423,2.89145454,-1.680711832
20021213,-1.330396563,2.901431999,-1.191185403
20021216,3.776640394,2.246799027,3.894052642
20021217,-1.104734491,1.520351906,-0.316885734
20021218,0.460830309,2.330213103,-1.392557602
20021219,-2.027332629,3.199805081,-2.372756116
20021220,0.139827569,1.728136561,1.077041552
20021223,-0.373744887,2.409780939,-0.490254279
20021226,-0.21149109,1.032353068,-0.21149109
20021227,-0.542646135,1.419398444,-0.566172779
20021230,-0.87069617,2.392567901,0.094585015
20021231,0.852883635,2.09166248,0.188902063
20030102,2.443402534,5.860399293,2.584845273
20030103,0.460830309,1.895889873,0
20030106,2.705017753,2.150602255,2.474868054
20030107,0.06737788,2.080546124,-0.112195681
20030108,-1.342302033,1.615438371,-1.995531071
20030109,1.112510055,1.944006874,1.432656681
20030110,1.255867631,2.422862424,-0.497963908
20030113,-1.472780671,2.066996404,-0.591717703
20030114,0.546325056,1.400318499,0.546325056
20030115,-2.555307442,3.306886381,-3.582127645
20030116,-0.047125354,1.50633677,-0.164841672
20030117,0.380228595,1.460054027,-0.638375498
20030121,-1.767421216,1.855222143,-1.5778477
20030122,-1.660194381,2.788615226,-2.143287108
20030123,0.318276679,2.335785857,0.711397579
20030124,-1.787091492,2.664108417,-2.424661087
20030127,-2.746226733,4.349639875,-3.82895165
20030128,0.129449856,4.830116009,0.570837046
20030129,1.951916232,3.929150597,0.38734716
20030130,-3.354335341,4.664000572,-4.130535874
20030131,2.376931239,4.406769433,1.757233715
20030203,0.23594191,1.584165185,0.788647621
20030204,-0.424178791,2.560892887,-1.450638652
20030205,-1.196027546,3.161924529,-0.63966103
20030206,-1.460274732,2.974695665,-1.862150691
20030207,-0.944039378,1.631344162,0.516235354
20030210,-1.158574188,3.368755632,0
20030211,-1.961915789,2.062451185,-1.529248808
20030212,-0.581155641,2.608938597,-0.856713821
20030213,1.21870161,3.324916167,3.06118464
20030214,-0.107729609,4.109590521,-0.107729609
20030218,0.369686188,0.949701931,2.211948943
20030219,-2.531780798,2.022515254,-2.373761276
20030220,-1.42878829,1.86694593,-0.595562129
20030221,0.454121256,2.022969319,1.856139368
20030224,-1.773763247,0.971263141,-1.720472545
20030225,-0.521907516,3.250384652,-1.557621326
20030226,1.063984938,1.527195918,1.476243321
20030227,-0.027221996,2.876521763,-0.32617588
20030228,-0.271444249,2.006492735,0.163220929
20030303,-1.173113985,1.588102562,-0.955899672
20030304,-2.660910873,1.845238115,-2.332143453
20030305,1.073153479,2.705926316,0
20030306,-1.131553799,2.430074908,-1.27210196
20030307,2.932265341,3.526000835,2.361650383
20030310,-2.752084738,1.638627761,-1.427196465
20030311,-0.169157074,2.679596201,-0.11280317
20030312,0.880562429,1.649976407,-0.225988797
20030313,3.242349136,2.216525134,5.341208888
20030314,1.463765323,4.291916635,1.463765323
20030317,2.196166697,3.976582484,2.143312574
20030318,1.384540682,3.041742018,3.381534849
20030319,-0.125486276,1.916904213,-0.451015548
20030320,0.227531384,3.734271382,-0.554018038
20030321,1.013033265,3.284691104,5.095232717
20030324,-2.00476953,2.54534074,-4.090199132
20030325,0.124486509,3.242563139,0.473875435
20030326,0.371425461,2.073067472,0.669562328
20030327,-0.60105365,2.165666033,-1.619569473
20030328,0.708863728,1.722628786,-0.427942755
20030331,-0.2053916,1.914274048,-1.858742247
20030401,1.093741032,4.09759621,1.580859031
20030402,1.115944625,1.707208274,2.547590325
20030403,-1.581060603,2.584826165,-0.966430518
20030404,0.544960477,1.970331409,0.79365496
20030407,-1.275464924,1.802548504,0.074083224
20030408,-0.973425882,2.558929741,-1.592469582
20030409,-2.554191197,3.301718055,-2.103739985
20030410,0.79071959,1.369541606,0.816331064
20030411,-1.261050759,2.552785231,0.101574412
20030414,1.732623381,2.034632425,1.935463207
20030415,1.977814779,1.968602911,1.678637293
20030416,-2.211392326,2.17138469,-1.479681744
20030417,1.037815097,1.417301682,1.062656732
20030421,-0.664945191,2.344789086,-0.517561229
20030422,2.094446402,1.65838568,1.325498052
20030423,1.883658689,2.552880984,1.908040013
20030424,0.431758886,1.161187864,-0.04785834
20030425,-2.285126492,1.854020858,-1.640963463
20030428,1.49652805,1.396704514,1.545178015
20030429,0.42563318,3.717474858,1.521665119
20030430,0,3.062571928,0.212139149
20030501,0.166290572,1.921637092,-0.803786833
20030502,1.33757714,2.395411684,1.811174994
20030505,-0.583092031,1.4386644,-0.350263055
20030506,0.441912569,1.655065336,0.792175624
20030507,-0.491286519,2.100296508,-1.049817177
20030508,-0.614368662,2.365058989,-1.060955372
20030509,1.291249306,1.621471723,1.598905447
20030512,1.710233503,1.515293438,1.780188035
20030513,0.486731752,1.430750289,-0.897692759
20030514,-1.045913079,1.204453368,-1.045913079
20030515,-0.793840265,1.532579466,-0.327638954
20030516,-0.990574138,2.101688039,-1.107848691
20030519,-1.945072727,1.593065876,-2.277456699
20030520,-0.486027688,2.658313172,-0.461782325
20030521,0,2.211274231,-0.561867852
20030522,0,1.800554472,0.195790567
20030523,-0.097513416,0.798515153,0.244200366
20030527,2.881904251,1.578371545,2.147506825
20030528,-0.023914863,0.975481178,-0.191158959
20030529,-1.731228619,1.649495479,-1.396939865
20030530,1.820409552,2.020686086,2.159392927
20030602,0.235017734,1.673485797,1.109417728
20030603,0.023421946,1.126289384,0.234466696
20030604,1.976119169,1.26130189,1.718175539
20030605,-0.069356147,0.957169798,-0.461468285
20030606,-0.829880281,1.558408422,-0.092549752
20030609,-0.558400706,1.544616455,-0.79015052
20030610,-0.115141061,1.065640498,1.252045106
20030611,0.091386801,0.825023429,0.894603971
20030612,-0.569802111,1.337531929,-0.091386801
20030613,-1.333885137,1.352490505,-0.423753712
20030616,1.344749609,1.080368252,1.379174993
20030617,-0.702234169,1.112771868,-0.408349025
20030618,-0.592661867,1.147106571,-0.569932011
20030619,-1.038670619,1.044952363,-1.474001814
20030620,-2.440562737,1.226031494,-1.401892118
20030623,-1.11733006,1.110593753,-1.589029048
20030624,-0.406067678,0.828455129,-0.119602933
20030625,0.023880597,1.418571513,0.239062987
20030626,0.993385652,1.382428482,1.446036812
20030627,-1.186816684,1.145347595,-1.446036812
20030630,-0.407039949,1.401156947,-0.478698856
20030701,0.047950133,1.544880861,0.095923269
20030702,0.809721023,1.270621512,1.04912741
20030707,0.83323896,0.839384325,1.432689262
20030708,-0.523063485,0.791773526,-0.546774214
20030709,0.451468035,1.195855231,0.546774214
20030710,-0.763909182,0.854571375,-1.072588045
20030711,0.262812241,0.956816896,0.430416733
20030714,-0.497101272,0.486899948,0.547294644
20030715,-0.733470696,1.002372496,-0.07121662
20030716,-0.523187876,0.951309166,-0.40452167
20030717,0.024024024,0.978527463,-0.741896427
20030718,1.324836032,0.690324105,2.185879381
20030721,-0.618607731,0.846987141,-1.539402809
20030722,1.88684843,1.434887587,2.125227566
20030723,-0.958063176,1.075008684,-0.491861865
20030724,0.878821567,2.670281599,1.953096261
20030725,2.974450181,1.845085786,2.882305507
20030728,-0.269723697,1.420502287,-0.605858467
20030729,-0.996159471,3.980358624,-1.086229282
20030730,-0.273286437,0.705159686,-0.227790531
20030731,-0.250313022,3.213049481,0.091178488
20030801,-0.958692574,2.781260005,-0.662935335
20030804,0.160605747,2.181410746,0.045861042
20030805,-1.965608434,1.650632811,-1.851047761
20030806,0.070052542,1.773266973,0.046696242
20030807,0.093632966,1.32280454,-0.233699569
20030808,0.372700175,0.820775508,0.62973969
20030811,0.510323539,1.028665749,0.487070428
20030812,0.966413412,1.008196887,1.035801642
20030813,-0.850286635,1.030619397,-0.781613175
20030814,1.126060388,1.032154036,0.987492236
20030815,-0.936186767,0.676372251,-0.389239186
20030818,2.282842947,1.065311345,2.626367847
20030819,0.333518931,0.575516113,0.668153933
20030820,0.556732314,0.753287804,-0.044404974
20030821,-0.244743698,1.634160007,-0.311388152
20030822,-1.54175772,1.03129311,-1.075038349
20030825,0.022596317,0.823748699,-0.338333468
20030826,0.792666363,2.486147444,0.158031413
20030827,-0.180586957,0.355215498,-0.158031413
20030828,0.337268448,1.095147333,0.653081929
20030829,1.078904599,1.018809278,0.403226353
20030902,0.821587835,1.231034284,1.089504941
20030903,-0.754888132,1.172100519,-0.777004686
20030904,-0.605858467,0.772746541,-0.985450304
20030905,0.293156146,1.116164164,-0.045024764
20030908,0.735543269,0.745336717,1.386426501
20030909,-0.492832539,0.691097467,-1.116581498
20030910,-1.562354886,0.798462479,-1.607278517
20030911,-0.666592515,1.080170584,-1.055297704
20030912,2.61765259,1.271064135,2.61765259
20030915,-0.880068864,0.728825806,-0.880068864
20030916,0.319124957,0.797000327,-0.408812743
20030917,-1.216673876,1.621853392,-3.379169002
20030918,0.047551118,0.568579055,-0.969847933
20030919,0.331911163,0.686391995,0.42694562
20030922,-1.706977376,0.841723142,-2.419569465
20030923,0.603939509,0.725349955,0.676657971
20030924,-3.207521878,2.125504977,-3.25570304
20030925,-1.352387253,1.605619125,-1.327508537
20030926,0.803822464,1.109858281,0.778604963
20030929,0.76894835,1.606449068,1.243178616
20030930,-1.167860211,3.459101453,-1.143153602
20031001,0.424099426,0.965374517,0.39910255
20031002,-0.32439205,0.724527494,-0.39910255
20031003,0.663964077,1.846097402,1.955265854
20031006,0.098425205,0.694350313,-0.343727321
20031007,0.98040001,1.709911184,0.83272585
20031008,-0.341214077,1.602785559,-0.097608597
20031009,-1.339034006,1.695781176,-0.391389932
20031010,-0.983050433,1.400873196,-0.762705137
20031013,-0.074010118,0.832468774,0.074064934
20031014,-0.739283801,1.392519088,-0.222359573
20031015,-0.844096372,0.678569401,-0.794640387
20031016,1.416700717,1.956167577,1.01699996
20031017,-0.258318613,1.662098345,0.184922693
20031020,0.317421827,0.990860203,1.041484633
20031021,-0.097608597,0.661784809,-0.146377191
20031022,-2.068691329,4.344278182,-4.315422051
20031023,0.506330196,1.766961444,0.938735804
20031024,-1.576036689,1.649021454,-1.449853707
20031027,0.305266073,0.872498183,0.867352376
20031028,1.3855871,1.205609945,1.512506777
20031029,0.401405456,1.781936826,-0.075084474
20031030,0.445655603,1.802657419,1.342969699
20031031,-1.352202533,1.835007322,-0.197824001
20031103,0.52297467,0.758427132,-0.347136476
20031104,-1.047129987,0.939367556,-0.898209632
20031105,-0.175548634,1.065277709,-0.150489118
20031106,1.4316457,1.349363063,0.65049016
20031107,-0.819574934,2.132655312,0
20031110,0.645964979,0.86307823,0.695827857
20031111,0.565042653,1.025748059,1.08375445
20031112,-0.024591172,1.037379239,-0.392734918
20031113,-0.345594025,0.522470158,-0.542541405
20031114,-0.768757661,1.466486476,-0.669894578
20031117,-1.05027222,2.016478149,-0.975617495
20031118,-1.13479972,0.864267033,-0.883732554
20031119,0.455812387,0.902377196,0.379699228
20031120,-0.280076568,1.448042808,-0.913711941
20031121,-0.050800103,1.364625755,0.356325142
20031124,0.728737991,0.693067496,1.46282558
20031125,1.66774245,0.791586132,1.417052923
20031126,0.801656182,1.321975036,2.003977131
20031201,1.629508249,2.113046654,2.923559376
20031202,-0.542006747,1.045184142,-0.870491322
20031203,1.751767323,1.554518538,2.034919942
20031204,1.49170867,0.965388808,1.630533311
20031205,-0.230149699,0.695915924,-1.145487897
20031208,1.488293069,0.977454342,1.373019281
20031209,-0.431181878,1.010222714,-0.068205073
20031210,0.148021661,0.840076884,-0.056873118
20031211,0.34110323,0.49193498,0.238650037
20031212,0.587838003,0.385221659,0.70128101
20031215,-1.283946008,1.443920865,-0.565164837
20031216,0.473133698,0.576583235,0.85779307
20031217,0.787494226,1.206487009,0.291774419
20031218,-0.111744341,0.981017897,0.223863984
20031219,-0.445534263,0.94834177,0.156407137
20031222,1.109889307,0.458008985,1.132213227
20031223,0.593734564,0.50367827,0.681995823
20031229,0.831514638,0.584521646,0.941440998
20031230,-0.30574385,0.523744239,-0.371138948
20031231,0.218293036,0.765065386,0.30574385
20040102,-1.027443731,1.249278287,-0.76611954
20040105,-0.217155351,0.667220616,1.070931446
20040106,-0.371706998,0.685956263,-0.763778945
20040107,-1.300293803,1.860073306,-1.256491787
20040108,-0.551330099,0.982374128,0.310077768
20040109,-2.369885112,1.650581878,-2.281467777
20040112,0.135348543,0.373023628,0.36133734
20040113,-1.089434288,1.645509608,-1.224782831
20040114,0.880267506,0.600079263,1.5398855
20040115,-0.649862231,1.112997709,-0.044953923
20040116,0.045085664,0.803109307,-0.247608455
20040120,-0.564399286,1.588935081,-0.451773978
20040121,-0.566830675,1.274427536,-0.431084048
20040122,-1.743163405,1.740793786,-1.743163405
20040123,-1.419453734,1.555438469,-1.280725388
20040126,1.237032929,1.048457705,1.025889156
20040127,-1.951281422,2.808953323,-1.119675798
20040128,2.246244726,2.835118817,2.410313672
20040129,-0.77062938,1.63549492,0.639125663
20040130,-0.068313791,1.09665497,-0.113830405
20040202,-0.61426652,0.696823889,-0.182398591
20040203,-0.206020446,0.814920171,-0.41161732
20040204,0.50424127,1.214725228,0.228885428
20040205,1.023084972,0.86043467,1.068799259
20040206,0.972308395,0.704648548,0.518895693
20040209,-0.179937071,0.354418553,-0.045014631
20040210,0.811180654,0.665709672,0.314677715
20040211,0.359308718,1.277065919,0.112145352
20040212,0.80717927,0.745379761,0.380356203
20040213,-0.403678503,0.792695444,-0.6272422
20040217,1.118329705,0.905873035,1.028401641
20040218,0.243929603,0.832487645,0.421707428
20040219,0.263968477,1.245035843,0.816150996
20040220,-0.835536963,1.034894082,-0.506553225
20040223,0.065984826,1.244840163,0.418641131
20040224,-0.265545631,1.845914393,-0.772545504
20040225,0.687287929,1.100516474,0.287642637
20040226,0.611962967,1.032175291,-0.409587112
20040227,0.044375417,1.058583949,0.011092008
20040301,0.35141701,0.927337024,1.168830155
20040302,-0.865998529,0.892223165,-1.702639252
20040303,0.556484463,1.151543295,0.467238585
20040304,-0.782564083,0.763053097,-1.116083014
20040305,0.74299565,1.482468894,0.067317404
20040308,-0.045106,0.420750798,-0.56236792
20040309,-1.965777586,1.348525694,-2.304722662
20040310,-2.981791515,1.857405961,-3.18976386
20040311,-1.029579309,2.100054552,-0.981926223
20040312,0.521451762,1.674140815,1.788956475
20040315,-2.646293462,1.841542307,-3.072733341
20040316,-0.698377312,1.467603841,0.873791967
20040317,0.312012734,0.645142368,0.842262229
20040318,-0.722894714,1.997631119,-0.914787313
20040319,0.434154083,1.75328552,0.482509983
20040322,-0.708097208,1.871896082,-1.797037188
20040323,-0.929102038,1.709659414,-0.24533869
20040324,0.927741029,1.544347542,1.075016461
20040325,0.789194578,1.229604817,1.996938727
20040326,-0.047915669,1.481785291,-0.597301979
20040329,1.162941788,1.361804262,1.545625824
20040330,0.235571369,1.244411119,0.282752309
20040331,-0.967330888,2.088753435,-0.755790088
20040401,0.748716647,1.857553202,1.692565088
20040402,-0.091470393,1.519842134,1.870508294
20040405,0.615807625,1.100052175,0.615807625
20040406,0.24968802,0.643867385,0.295152899
20040407,-0.844271986,1.015183662,-1.071235315
20040408,-1.212968299,1.141947799,-0.482371442
20040412,1.026117771,0.882413048,1.48557183
20040413,-1.297389314,1.763729378,-0.980288256
20040414,1.478852853,1.676621162,2.95699233
20040415,0.133244523,1.222433698,0.222172942
20040416,-0.554632592,1.116740796,-0.244417409
20040419,0.557228679,0.422349467,0.088948194
20040420,-0.937716181,0.82651349,-0.91549149
20040421,-0.653818133,2.071130828,-0.833432012
20040422,1.187955246,1.357074929,1.504125338
20040423,-0.937297645,1.628963664,-0.625840219
20040426,0.624444491,1.74323982,0.848408751
20040427,0.04496403,1.376275943,-1.095350171
20040428,-1.941808586,2.351439992,-2.595774159
20040429,0,1.820187259,-0.115406822
20040430,-0.672778318,1.943768935,-0.788318481
20040503,-0.069581355,1.079722515,0.325354691
20040504,0.391480062,1.814805637,0.946779962
20040505,0.160679479,1.457766586,0.206635362
20040506,-0.555428412,1.133507261,-1.176619873
20040507,-2.425074698,1.745945101,-2.65741681
20040510,-0.275696908,2.677572424,-0.72953741
20040511,0.442134914,1.405155565,0.669939101
20040512,0.916994843,1.739341604,-0.729973923
20040513,1.217634717,1.469937534,1.217634717
20040514,-0.668898815,1.261650932,-1.001677824
20040517,-0.3395589,1.798669139,-1.351371917
20040518,1.078500568,0.691134793,1.901152195
20040519,-0.925602906,1.398368368,-0.023840744
20040520,-0.309929918,1.369413168,-0.143163947
20040521,-0.522442414,1.020966049,0.286123228
20040524,-0.070763065,1.196223439,0.900693456
20040525,0.728130052,1.761607515,0.822469682
20040526,0.491977096,0.869081142,0.140318077
20040527,0.487409576,0.589159516,0.930455654
20040528,-0.115673813,0.623038479,0.023150828
20040601,-0.046296297,0.674183933,-0.023150828
20040602,-0.346620798,1.027646111,0.023150828
20040603,-1.67914393,0.669601721,-1.586594178
20040604,-0.023323615,0.924314081,0.819772714
20040607,1.501356299,0.744908097,1.734348016
20040608,1.078363094,0.679582571,0.457457339
20040609,-0.068438465,0.415391978,0
20040610,0.091303362,0.596883453,0.022818026
20040614,-0.618771311,0.558141457,-0.755757634
20040615,-0.958036525,1.0096827,0.298404904
20040616,0.228206398,0.833870979,0.548572804
20040617,0.137331219,0.549535546,-0.342505187
20040618,0.751284126,0.917905237,0.842733606
20040621,0.792307484,0.707041033,0.587970939
20040622,-0.227014853,0.726611608,-0.792307484
20040623,1.17781656,0.651597103,0.927503539
20040624,-0.589303609,0.422793982,-0.950233394
20040625,-0.614126802,0.425703392,-0.364382093
20040628,-0.228310601,0.979067632,-0.182690163
20040629,1.001146018,0.474705559,0.95542128
20040630,0.598432317,0.872632496,0.553142461
20040701,-2.03167259,1.069829544,-1.28025314
20040702,0.045903145,1.191454093,-0.61763893
20040706,-0.8589722,0.714638282,-1.595963099
20040707,0.932842585,0.810352426,0.442015376
20040708,-0.74627212,1.45181517,-0.839165764
20040709,0.348634868,0.56983728,0.885580246
20040712,0.579711768,0.726482788,0.347423627
20040713,-0.510916114,0.29956343,-0.696058495
20040714,-0.210354174,1.314418988,-0.490139854
20040715,-0.748016578,1.109094357,-0.281162322
20040716,-1.100842596,0.839451327,-0.37611704
20040719,-0.140449461,0.910751155,0.540224449
20040720,0.515948612,0.853816949,0.140449461
20040721,-1.598905447,1.096535248,-1.318596925
20040722,-0.37932715,1.918093824,-0.213548545
20040723,0.926482456,1.118776894,0.45029108
20040726,-0.429492428,1.534941959,-1.117595748
20040727,1.885722425,2.221997651,1.117595748
20040728,0.593051199,1.388391864,-0.023649048
20040729,0.422238488,1.13839741,1.035303365
20040730,0.866820468,0.989248859,0.350508596
20040802,0.349203009,1.065301195,0.372526624
20040803,-0.467509033,0.790537534,-0.816712042
20040804,1.759576189,0.949649189,0.746968926
20040805,-1.054244273,1.158920687,-1.263765942
20040806,-1.100752919,1.722346366,-2.142429004
20040809,0.850035477,1.205133144,-0.506574476
20040810,1.059484989,1.48215736,0.962702983
20040811,-0.48520231,1.454064505,-1.520483015
20040812,-0.465287971,1.453732858,-0.928421035
20040813,-1.087773396,1.401543918,-1.259742484
20040816,1.326474866,0.919572135,1.847115685
20040817,0.121462422,0.783755685,0.511136564
20040818,0.849004493,1.123358564,0.508537238
20040819,-0.072789036,0.706936806,-0.484262448
20040820,1.642549006,0.949504732,1.302164529
20040823,-0.669538608,0.96805507,-0.14385042
20040824,0.454491872,0.823856068,0.526442948
20040825,1.375080937,0.755674964,1.35121174
20040826,0.470699857,0.820107141,0.282153961
20040827,0.046959381,0.440936353,0.023476934
20040830,-0.589972213,0.751825688,-0.824989947
20040831,-0.023671441,0.829171457,-0.023671441
20040901,-1.135838051,1.647846361,-0.522194398
20040902,0.517526443,0.754468548,1.417793125
20040903,-0.163992071,0.577204945,0.070364727
20040907,0.977433893,0.914244803,1.235015115
20040908,-0.768786547,0.6749211,-0.977433893
20040909,0.210059594,0.786315575,0.303561237
20040910,0.882290376,0.731168665,0.8589722
20040913,-0.393382435,0.568937362,-0.300960987
20040914,-1.183720448,1.245906781,-0.698001903
20040915,0.162923346,0.551159335,0.396132407
20040916,0.093088208,0.452491467,-0.023258519
20040917,-1.235015115,0.513323439,-0.794025657
20040920,0.589276897,0.626684474,-0.234741892
20040921,0.093896721,0.595192224,0.164377165
20040922,-0.355071979,0.544726939,-1.061455891
20040923,-0.835626207,0.804624192,-1.096815955
20040924,-0.095739596,1.155435266,0.119803537
20040927,-0.216268257,0.596602392,-0.456019031
20040928,0.930239266,0.812171747,1.3143934
20040929,0.901120634,0.803356574,0.568183347
20040930,0.774924625,0.680050126,0.916467465
20041001,0.46457691,0.915749317,0.931322215
20041004,0.254718211,0.83005047,0.208357524
20041005,0.046264169,0.558347604,0
20041006,1.624935627,0.606004593,1.855935961
20041007,-1.117584901,0.534325659,-1.026820203
20041008,-0.114929331,0.774169664,-0.27560881
20041011,0.02302821,0.522817163,-0.115061571
20041012,0.787405643,0.516972351,-0.184374332
20041013,-1.507274912,1.232936905,-1.276860064
20041014,-0.327332534,0.835770289,-0.233918235
20041015,0.234137311,1.141196409,0.140416592
20041018,1.097244579,0.842666793,0.722361291
20041019,-1.930448951,0.789595956,-1.744877105
20041020,-0.047314881,1.095566873,-0.153691583
20041021,0.754898607,1.53006297,0.683884283
20041022,-1.676742554,2.371375792,-1.324836032
20041025,0.785250912,1.496589777,0.475173144
20041026,-1.676685986,1.771953193,-1.89023453
20041027,2.763193866,1.596099234,3.629000141
20041028,0.327715649,1.614000359,-0.326645181
20041029,0.39789403,1.09210332,0.046728973
20041101,-0.0232369,0.974974841,0.512582669
20041102,0.395027817,0.946261459,0.208937975
20041103,-0.530138386,0.924118538,0.347262764
20041104,1.565049205,1.25705162,1.194592658
20041105,0.431084048,0.859426636,0.86403448
20041108,0.226808897,0.373940359,-0.067942478
20041109,1.115441682,0.53840614,1.092783927
20041110,0,0.695759528,-0.843886865
20041111,0.089948286,0.37939377,0.540907336
20041112,-0.246941421,0.599146112,0
20041115,0.044974141,0.773548623,-0.022479488
20041116,-0.338868505,0.574614184,-0.65411308
20041117,0.067681898,0.902825793,0.338868505
20041118,1.299301433,0.601475423,1.321851889
20041119,-0.33426215,0.86449368,-0.289758366
20041122,0.911016189,0.472993066,0.911016189
20041123,0.199711594,0.743591905,-0.221434989
20041124,1.015461264,0.899819184,0.926749793
20041129,0.099288441,1.159880935,-0.253290152
20041130,0.442185111,0.523640429,-0.033085195
20041201,1.73459174,0.737057667,1.336713231
20041202,0.588429289,0.705010682,0.173988735
20041203,-0.196742877,0.796902822,-0.697778671
20041206,0,0.360056894,-0.548547728
20041207,-1.017707899,0.876795246,-1.061721984
20041208,1.096660118,0.822614698,0.91860532
20041209,1.692162122,1.250879122,1.106557443
20041210,0.47930375,0.65944289,0.261153576
20041213,2.14969585,0.862775297,2.171427894
20041214,0.888518644,0.648525069,0.973552663
20041215,1.122206291,0.483148091,1.898461106
20041216,-0.725918359,0.983055969,-0.725918359
20041217,-0.417798811,0.910621819,-0.563616981
20041220,0.041762373,0.653333074,0.271767701
20041221,2.065762366,0.793763548,2.086637013
20041222,0.532460812,0.856938329,0.102176365
20041223,0.326730942,0.390222496,0.183654781
20041227,-0.366972889,0.764337016,-0.183654781
20041228,0.38700527,0.520278969,0.46867126
20041229,0.040749797,0.566322381,-0.203500274
20041230,-0.387399812,0.330136472,-0.285597909
20041231,0.347258035,0.309477071,0.183692265
20050103,-0.406918161,1.189161162,0.020389438
20050104,-2.348202643,1.739573804,-2.20559286
20050105,-0.651194403,1.419814049,-1.110773236
20050106,0.232141077,0.893945365,-0.021077037
20050107,-0.358461111,0.725806242,-0.21101506
20050110,0.073859143,0.754203818,0.137210428
20050111,-0.08465609,0.738860896,-0.369842446
20050112,-0.211416569,1.376381846,0.042337003
20050113,-0.383142231,0.756760437,-0.764822084
20050114,0.447237461,0.802104565,0.36189502
20050118,1.378454655,0.558749654,0.888518644
20050119,0.169061748,0.27712,-0.253057917
20050120,0.169455664,0.628266213,-0.232533664
20050121,-0.916362299,0.647720987,-1.149437943
20050124,-1.187277843,1.356423252,-1.423051181
20050125,-0.641988081,0.836689617,1.144350175
20050126,-0.654122755,0.935584505,-0.225673085
20050127,1.005678745,1.068436712,1.059456643
20050128,0.25488544,0.816933862,0.361279747
20050131,0.021037131,0.474769311,0.844956442
20050201,0.230149699,0.559355512,0.649965597
20050202,0.688004382,0.521243615,0.583456542
20050203,0.187441479,0.360469709,-0.145545301
20050204,1.033067039,0.309632379,1.220157832
20050207,0.999090786,0.5857383,1.306941209
20050208,0.728748164,0.802328975,0.586630589
20050209,-0.090620758,0.44635171,0.110870343
20050210,1.915079473,0.732216559,1.945295518
20050211,1.715510868,0.952699101,1.061330717
20050214,0.7050558,0.583745764,0.175798463
20050215,1.263993494,0.852652626,0.990395512
20050216,1.324268465,0.531414097,1.34359027
20050217,-0.496468463,0.517550585,-0.401184987
20050218,3.024805276,1.084003406,2.756451655
20050222,0.09465216,1.646087186,-1.59552892
20050223,1.131873997,1.062608242,0.866621852
20050224,0.957663877,0.941852871,0.374462149
20050225,0.930239266,1.104109317,0.911549424
20050228,-0.897034608,1.217017396,-1.361072564
20050301,0.092721379,1.098752627,1.268437078
20050302,0.084392147,1.273739357,-1.127743906
20050303,-0.788144444,1.188578698,-0.498004318
20050304,2.354795003,1.483961183,2.768407173
20050307,-0.480592422,0.610514206,-1.105594457
20050308,-0.278422454,0.71147571,-0.315486946
20050309,1.461230106,1.465286272,1.219302008
20050310,-0.875864171,1.635406851,-0.857503756
20050311,-0.335758569,1.831129875,-0.883603386
20050314,0.988168757,1.610364796,0.707506209
20050315,-1.475421292,1.099019817,-1.401237313
20050316,-1.724511026,1.568693159,-2.688692803
20050317,-0.154858722,1.540176394,-0.232198247
20050318,0.751521024,1.919377701,0.906379747
20050321,-1.33348193,1.601881758,-1.33348193
20050322,0.795117153,1.716227621,0.717265845
20050323,-1.010109599,3.051485053,-1.068075014
20050324,-0.683262785,0.880133442,-0.332453616
20050328,0.136598714,1.113406376,0.4495268
20050329,-1.931094491,2.557880746,-2.00912805
20050330,1.022624448,2.240525836,1.677064066
20050331,0.234466696,1.468091165,0.254030425
20050401,-1.328663547,1.976341964,-0.783703071
20050404,-0.494707648,1.155281032,-0.849387823
20050405,0.731445388,1.41925492,0.711606086
20050406,-0.176418746,0.78740479,0.393159539
20050407,1.230123878,1.15037909,1.092693799
20050408,-1.682684977,0.712207813,-1.663280689
20050411,-0.613195473,0.731089292,-0.554018038
20050412,-0.159712551,1.338512065,-0.696866932
20050413,-2.55488349,1.820185454,-2.754883557
20050414,-2.635706509,3.058847782,-2.759011087
20050415,-0.83360534,3.858149068,-1.64976335
20050418,1.311109758,3.685752118,1.332571289
20050419,1.002096068,1.361547707,1.940179364
20050420,-1.822994434,2.144396321,-1.78145757
20050421,0.704374157,1.958096319,2.402706203
20050422,0.083177381,2.858669456,-0.683586297
20050425,0.991948617,1.622232562,1.07505687
20050426,-2.45733251,3.848339038,-3.345492846
20050427,-0.450692897,3.278785346,-1.154846025
20050428,-1.114187523,3.811331589,-1.135699839
20050429,1.497354179,3.214360263,2.439276371
20050502,0.159041543,2.198815461,0.201495375
20050503,1.200393481,2.361819996,1.210987262
20050504,1.597710094,1.314144767,1.681409617
20050505,-0.72321836,2.048783735,-0.743805082
20050506,-0.622667018,1.253524495,-0.394805708
20050509,0.456811426,1.338701595,0.4984434
20050510,-1.334743486,1.708520833,-1.334743486
20050511,0,1.871398035,-0.378628976
20050512,-2.146050702,1.659813908,-1.893472163
20050513,-2.623590812,3.373995532,-0.62480005
20050516,0.646553976,1.917810261,0.60332008
20050517,1.389653576,1.8560665,1.17459973
20050518,1.278173504,1.53295419,1.955281465
20050519,-0.962149234,1.418777027,-0.94133108
20050520,-1.582478429,1.391550639,-1.183946176
20050523,0.677681543,0.877659829,0.762715562
20050524,0.021220159,1.127686832,-0.52904578
20050525,-0.681869252,1.456836248,-0.76677692
20050526,-0.19122496,0.781370168,0.533107137
20050527,-0.446951899,0.649280375,-0.298189784
20050531,-0.792549934,0.801103861,-0.813883268
20050601,1.154105565,1.650820532,1.197107071
20050602,-1.110885169,1.075863206,-1.089637958
20050603,-0.215007608,1.608310423,-0.193527638
20050606,1.184720373,0.636699293,0.515243733
20050607,-0.426894992,1.198180869,0.107009106
20050608,-1.286467142,0.680513728,-0.880873673
20050609,0.237555451,1.10127049,0.043149947
20050610,0.935579863,1.984069125,1.901563547
20050613,-0.828822086,0.99462813,-0.828822086
20050614,-0.594986881,0.815300454,0.127959071
20050615,-0.871326307,0.985380321,-0.14930151
20050616,0.701757266,1.176169991,0.723099705
20050617,-0.446192178,1.194291127,-0.488583022
20050620,0.51413995,0.539019011,-0.34129726
20050621,-0.40568007,0.678545742,-0.128287381
20050622,-0.449246664,0.645412622,-0.214178707
20050623,-2.239954476,1.521866566,-2.540577421
20050624,-1.731837245,1.515970893,-1.819846051
20050627,-0.380952842,0.91539782,-0.246664549
20050628,0.490415606,1.06032343,0.960793895
20050629,-0.290730385,0.678410886,-0.714129346
20050630,-2.503863434,2.81311847,-3.788677681
20050701,-0.53507165,1.531057879,-0.27952499
20050705,0.490254279,1.218944986,0.163151184
20050706,-0.911327723,1.187228338,-0.794953918
20050707,1.319840041,1.457301383,0.257883158
20050708,1.295115235,0.871868521,1.878751769
20050711,0.306348455,1.046129717,1.403251592
20050712,-0.724476793,0.934194243,-0.283623765
20050713,0,1.000835467,0.453412702
20050714,-0.709582298,0.947301713,0.05653231
20050715,-0.271800847,0.67462633,-0.328333157
20050718,-0.774667807,0.679228985,-0.842733606
20050719,-0.363636764,0.703776797,0.456413389
20050720,1.397194309,1.084848563,0.917905476
20050721,-0.812829041,1.465027358,-0.486233784
20050722,0.362237208,1.171153039,0.316885734
20050725,-0.249009749,1.373732418,-0.294217707
20050726,-1.445808318,5.026647302,-6.847493803
20050727,0.52872029,0.694553821,1.254237378
20050728,-0.439979305,0.589256718,0.561698519
20050729,-0.211044749,0.72215884,1.525663795
20050801,-1.409466603,1.026223655,-0.77766387
20050802,1.286116173,0.727908804,1.805230127
20050803,0.139437624,1.305715173,0.046457608
20050804,-0.209229415,0.820563075,-0.209229415
20050805,-0.629886604,1.073266921,-0.560094813
20050808,-1.525314097,1.105553645,-1.035059817
20050809,0.3993897,0.497278153,0.847662245
20050810,-0.796257134,0.732489996,-0.281756467
20050811,-1.189357502,0.871034822,-1.755263281
20050812,-0.962702983,0.916415641,-1.058465499
20050815,0.337756654,1.153961429,0.410281739
20050816,-1.893720102,0.825207464,-1.749315745
20050817,0.341797208,1.458666397,0.562142504
20050818,-0.415394611,2.040502559,-0.464151316
20050819,-0.952969949,0.547845927,-0.269707164
20050822,-0.833542458,1.135857927,-0.270436551
20050823,-0.764774913,0.897999491,-0.592594327
20050824,-0.895528373,0.848570679,-0.895528373
20050825,0.049987504,0.497579173,0
20050826,-0.726911335,0.380708278,-0.676948806
20050829,0.226843197,1.518317291,-0.075500192
20050830,-0.354610301,1.681413389,-0.783524797
20050831,0.430434897,1.238485857,0.430434897
20050901,-1.135085967,1.521261642,-0.405063845
20050902,-1.936859732,1.3242801,-1.430785778
20050906,1.300209521,0.644501358,1.582877062
20050907,0.656070988,1.073112099,0.706716722
20050908,-0.176700791,0.806301615,-0.453744161
20050909,-0.050200804,0.75429882,0.629645702
20050912,0.274622567,0.950731639,0.700528259
20050913,-0.901358131,1.339229888,-0.876429799
20050914,0.726183234,2.367797084,0.801607499
20050915,-0.224243273,1.089070262,0.024946988
20050916,0.37105794,0.901746022,1.017504746
20050919,-0.717736035,0.648546258,-0.59435539
20050920,-2.553330201,1.842081024,-2.057789048
20050921,-0.56179923,1.822391754,-0.993765345
20050922,-0.128221584,2.169387351,-0.205075694
20050923,-0.539916468,1.440237608,-0.46296379
20050926,-1.516543652,1.36850097,-0.465117118
20050927,-1.138139549,1.398442742,-0.441272617
20050928,-1.40884146,1.126653707,-0.993472223
20050929,1.198555255,1.540203209,1.434744841
20050930,1.698445357,1.163807084,1.491030194
20051003,-1.520504602,0.985845319,-0.909971034
20051004,-1.186804436,0.874953588,-0.788474323
20051005,-1.334923632,1.490596675,-1.51676548
20051006,-0.710622809,1.4669281,-0.237435806
20051007,-0.210803767,0.764895338,0.131978375
20051010,1.23312595,1.040779742,1.153959829
20051011,0.442190862,1.384140141,0.468263082
20051012,0.883581632,1.704899824,0.31096164
20051013,-0.703769359,2.57924793,-1.092622733
20051014,-0.890757789,1.235973444,-0.603438798
20051017,-0.263504764,0.735581432,-0.263504764
20051018,-0.026430554,0.620517921,-0.184867344
20051019,2.014983783,1.708929616,2.014983783
20051020,0.23240811,2.557450416,0.439447521
20051021,-1.003740251,3.254445442,-0.28412779
20051024,1.745156067,1.623598457,2.389737388
20051025,1.331052434,1.706526557,3.095914563
20051026,1.090259134,3.500712214,1.603143394
20051027,-0.866848674,1.680419932,-0.362100577
20051028,1.125356064,1.39122684,1.559719681
20051031,-0.88443268,1.229213701,-0.836824967
20051101,0,1.217099917,0.14395396
20051102,1.518055718,1.609659106,1.829246872
20051103,0.700119546,0.876141508,1.216673876
20051104,0.300682544,0.935095876,0.695251931
20051107,-0.50926036,0.665408562,-0.486168338
20051108,-0.278487068,0.305863654,-0.139340478
20051109,-1.835345635,0.815955754,-2.161230468
20051110,0.926482456,1.023026496,0.426540931
20051111,0.164880499,0.48678475,0.471810264
20051114,-0.707049846,0.853725429,-0.495459312
20051115,-0.612487192,0.562275142,0.094562655
20051116,-0.973995109,0.757249474,-1.021265259
20051117,0.855518526,0.453010647,0.879387723
20051118,-0.656970922,0.854586698,0.519236475
20051121,1.124396948,0.928468881,1.05375053
20051122,0.48808929,1.400951903,0.464792842
20051123,-0.163113167,0.838028322,-0.58132939
20051128,-0.069549093,0.468513322,-0.069549093
20051129,0.507732455,1.065856517,0.739374902
20051130,-1.601148024,0.946488292,-1.601148024
20051201,0.740915638,0.764768138,1.393750784
20051202,-0.277649415,0.43906539,-0.439256284
20051205,0.208841009,0.41541119,-0.046349943
20051206,0.368919026,0.774358036,0.716021075
20051207,-0.624496074,1.145304831,-0.80878546
20051208,-0.209132178,1.010205283,-0.25554666
20051209,-0.511748035,0.762462469,-0.256201375
20051212,-0.069954532,0.674070343,-0.023323615
20051213,0.998267141,0.983652753,0.974938084
20051214,-0.20811662,0.961187941,-0.20811662
20051215,-0.789416684,0.961601944,-0.696866932
20051216,-1.169603976,0.852442486,-0.936775
20051219,-0.591647685,1.180758055,-0.874399994
20051220,-0.475286066,1.219876076,-0.35667616
20051221,1.732002059,0.991558527,1.94616038
20051222,-0.06990563,0.542216239,0.221690774
20051223,0.256082086,0.489817795,0.256082086
20051227,-0.185701075,0.786823671,0.069726906
20051228,0.742635114,0.838151569,0.486731752
20051229,-0.348230184,0.659837864,-0.579711768
20051230,-0.703402666,0.541450109,-1.169603976
20060103,0.792175624,1.516837523,1.37868757
20060104,-0.256380516,1.056567793,-0.558530658
20060105,0.070282303,0.825368847,-0.350672481
20060106,0.093196652,0.892907021,0.560487222
20060109,-0.420954784,0.749826658,-0.630769525
20060110,0.58913803,1.057221432,-0.258125217
20060111,0.194694634,2.607805612,-3.417706279
20060112,-1.894508624,0.825590736,-2.137936203
20060113,-0.373459914,0.8799789,-0.423149356
20060117,0.175241001,0.477223775,-0.274759758
20060118,-0.364070454,0.652586599,-0.564370972
20060119,-0.100225516,0.770762034,0.339004656
20060120,-0.881284817,0.764326093,-0.881284817
20060123,0.075862945,1.651429163,0.050568901
20060124,0.255427981,1.921497252,-0.914175996
20060125,-0.660236019,1.789292443,0.127469743
20060126,0.301735205,1.092667979,1.466895297
20060127,0.351670797,0.907874937,0.12545479
20060130,-1.011642416,1.107043695,-1.363313213
20060131,-0.306044615,1.428846633,-0.484139052
20060201,1.298884936,2.137575647,0.940645044
20060202,-1.60574369,1.853681853,-1.529861556
20060203,0.231570926,1.457012419,-0.025697032
20060206,-0.051427103,0.724516477,-0.07713074
20060207,0.204499049,1.410314823,0.717583807
20060208,0.890024947,0.603239381,0.864485424
20060209,1.503787736,1.659478851,1.756632372
20060210,1.13581468,1.95054731,1.309792604
20060213,-0.719516812,1.412200972,-1.409344628
20060214,1.635852234,1.809224963,2.033467072
20060215,-0.024423007,1.376992411,-0.109856587
20060216,1.334809286,1.232396345,1.310380313
20060217,-0.072280451,0.734547038,0.024105098
20060221,-0.095969297,0.847817926,0.408900149
20060222,-2.250004195,1.347044966,-1.914513826
20060223,-0.39350764,1.831300517,-0.712096318
20060224,-0.1239004,0.93160668,-0.617972551
20060227,-0.249376688,0.788928056,-0.696693537
20060228,0.573353185,3.642425225,0.448431245
20060301,0.567972881,1.044872646,0.940135574
20060302,1.472419239,1.757965349,1.07764942
20060303,0.586942257,1.406374309,-0.097489649
20060306,-0.931151055,1.474566924,-0.955538325
20060307,0.811513122,1.125084939,0.515654918
20060308,-0.956945102,2.579599017,-0.663474605
20060309,-0.371333512,1.660616208,-0.593473552
20060310,1.056391104,1.631565928,1.477131732
20060313,1.260622755,0.790176264,1.431542098
20060314,0.887402394,0.985095781,0.887402394
20060315,-1.136244108,2.752360932,2.359713076
20060316,-0.28096483,1.369192476,-0.537824282
20060317,-0.760637919,0.662813022,-0.19949546
20060320,0.445435035,0.686928098,0.433687605
20060321,0.397987181,0.747955842,0.11689072
20060322,0.697515034,0.496398106,0.83760378
20060323,-0.602970287,1.207345896,-0.394660988
20060324,-1.192020659,1.283969806,-1.075782124
20060327,0.40014176,1.130936996,0.094007057
20060328,-0.235737969,0.952950439,-0.47092152
20060329,0.495342445,1.434567593,0.306351129
20060330,0.589415829,1.823488953,0.094073384
20060331,-0.46096648,1.29114781,-0.790611234
20060403,1.234075719,1.809084255,1.411622076
20060404,0.396872238,1.170622553,0.268299957
20060405,0.81519026,1.295519488,0.4417071
20060406,0.417730939,0.712288512,0.162243633
20060407,-1.14074104,1.592381448,-1.094434023
20060410,0.128123016,0.656927964,0.571997124
20060411,-0.833724144,1.074983559,0.10470596
20060412,0.255487307,1.017626379,0.255487307
20060413,0.555943058,1.400992874,0.416667269
20060417,-0.741774379,1.016362852,-0.718677024
20060418,1.151555793,0.998560067,1.592647628
20060419,0.252033585,1.348765776,0.06867346
20060420,1.135085967,1.531321229,1.363657495
20060421,-0.335833742,1.233214099,0.652494159
20060424,-0.067272118,0.92216065,-0.022429068
20060425,-1.98026273,2.808191594,-1.309569404
20060426,-0.272541618,0.77143362,-0.068205073
20060427,-0.274851295,1.855540446,-0.845043284
20060428,1.094402168,1.071822094,1.14026321
20060501,-0.022621875,1.160150723,0.226500663
20060502,1.069649336,0.790006654,1.001752989
20060503,0.761481843,0.715015086,0.39121494
20060504,-0.356904238,1.001796067,-0.156302365
20060505,0.911421225,1.121451826,0.97843787
20060508,0.330360393,0.46618236,0.639684546
20060509,0.285432184,0.589853533,0.285432184
20060510,0.2849317,0.888595294,0.175246485
20060511,-1.438236983,0.868239105,-1.811003559
20060512,-1.102249378,1.440572707,-1.481841215
20060515,0.743833025,1.307525814,0.72121115
20060516,0.291512708,1.192853152,0.291512708
20060517,-1.473782485,2.177861974,-1.990115432
20060518,-1.31596035,1.317550073,-1.727954524
20060519,-0.883521209,2.114665148,-0.489226369
20060522,-0.306495584,2.952074705,-1.103686206
20060523,-1.183445765,1.436294872,-0.829880281
20060524,0.500060573,3.610768519,0.23781224
20060525,-0.1181056,1.204956993,0.497572404
20060526,0.494758931,0.833243995,0.565639029
20060530,-0.520711236,0.64961385,-0.968244664
20060531,0.613354129,1.177091483,0.89771451
20060601,0.89097893,1.423786674,0.749769211
20060602,0.741774379,0.936062057,1.068038943
20060605,-1.635932722,0.912163536,-2.006132126
20060606,-0.449545297,2.141475047,-0.638224599
20060607,-0.679119758,2.111639096,-2.594428486
20060608,-0.293112081,3.847169593,-0.5123837
20060609,-0.687119268,1.960210441,-0.66266042
20060612,-0.962138913,1.405697954,-0.667080917
20060613,-0.598953625,3.919940705,-0.971486031
20060614,1.148576921,2.412262106,0.822639564
20060615,1.478587805,1.583578278,1.478587805
20060616,-0.171170111,1.596637618,-0.048935651
20060619,-1.748167135,1.45629966,-1.479316918
20060620,-0.223186701,0.880453283,0.049664764
20060621,3.917299298,2.426673389,3.966939409
20060622,-0.786936218,1.638730653,-0.334608343
20060623,0.599450302,1.286403352,0.143540695
20060626,0.524685201,0.876568583,0.500776055
20060627,-0.293112081,0.57263644,-2.798060011
20060628,-0.122144879,0.875052911,0.073358605
20060629,1.186885678,1.151808881,1.50415257
20060630,-0.359842058,0.920500632,0.192446535
20060705,-0.647251451,0.794888422,-0.671143459
20060706,-1.282534216,1.174429874,-1.258487084
20060707,-1.225805984,0.974635606,-1.274527057
20060710,0.19636727,0.851371452,0.590262412
20060711,0.615235114,1.172486312,-0.049055679
20060712,-1.56320495,1.208455295,-1.122567762
20060713,-1.703874847,1.716720513,-1.840427534
20060714,-0.050377835,1.62634975,0.30280114
20060717,0.200904136,1.33675561,0.427404799
20060718,0.327579983,1.973647398,-0.276347368
20060719,1.473001293,1.798730868,1.498155362
20060720,-0.821410966,1.272971748,-0.846197185
20060721,-0.274554022,2.332614396,0
20060724,1.040385901,1.706746704,1.414591153
20060725,0.221593098,2.681169418,0.19694738
20060726,-0.618584182,1.801312351,-0.9141509
20060727,-0.95024471,2.201650078,-1.223638691
20060728,0.449551207,1.548417775,0.825727199
20060731,-1.329173173,1.030768892,-1.304257264
20060801,-1.265519294,0.872486435,-0.887542279
20060802,1.269052564,0.677693336,0.988475923
20060803,0.402617554,0.572732715,0.427835056
20060804,-1.128255669,1.126162827,-0.402617554
20060807,0.176656197,0.591755624,0
20060808,-1.543357643,1.537588559,-1.115630232
20060809,-0.93945086,0.985071858,-0.051007397
20060810,1.333776521,1.320954675,1.07834854
20060811,-0.459536167,0.971507835,-1.384940502
20060814,-0.383289086,0.698730462,-0.051190173
20060815,1.639587744,0.719023504,2.303024727
20060816,0.832768469,0.726510802,1.057684221
20060817,-0.346021106,0.506778782,-0.012378536
20060818,-0.642612197,0.86156943,-0.148662069
20060821,-0.874459039,0.49404043,-1.197320365
20060822,-0.37664828,0.667126555,-0.251256414
20060823,-0.22655768,0.72421128,-0.176255868
20060824,-1.13422766,0.589410532,-0.581323512
20060825,-0.533605637,0.38732654,-0.508260306
20060828,0.152207031,0.451659299,0.508260306
20060829,0.607135687,0.768499881,0.505690079
20060830,0.653432835,0.575356264,0.678650336
20060831,-0.871410967,0.364699381,0.175197142
20060901,1.192264496,0.497706429,1.267255125
20060905,-0.394477829,0.79558831,-0.049394913
20060906,-0.48468373,0.677050061,-0.85592534
20060907,-1.12712527,0.410238983,-1.089758389
20060908,0.551794728,0.35704987,0.702814138
20060911,-0.375704888,1.158561242,-0.325692384
20060912,1.026163428,0.591884009,0.774907015
20060913,0.669728412,0.715540118,0.719516812
20060914,1.410529223,0.936529489,2.345575405
20060915,0.999056835,0.799862469,2.008195625
20060918,0,0.587245613,0.023665838
20060919,-0.616115693,0.508981594,-0.450611459
20060920,1.274503917,0.779302996,1.345788226
20060921,-0.754186936,1.004094668,-0.871516528
20060922,-0.023609964,1.070588628,0.189080652
20060925,1.216958618,0.634624042,1.499910941
20060926,0.510323539,0.734912878,0.533582057
20060927,-0.232126381,1.378830681,-0.440580423
20060928,0.578504448,0.915209091,0.717844926
20060929,-0.732518827,0.783936445,-1.148704399
20061002,0.28103063,0.754984715,-0.198586596
20061003,1.005738801,0.857073314,0.489911163
20061004,0.48752273,1.40531406,0.48752273
20061005,0.763097702,0.581814878,0.531240422
20061006,3.168402618,1.800317096,3.352522348
20061009,1.040177576,1.141488714,1.173748388
20061010,-0.907587857,1.241470358,-0.995693589
20061011,-0.569547578,1.148885886,-0.725328181
20061012,0.533097664,0.668960195,1.102645242
20061013,0.144340224,0.768609963,-0.166287938
20061016,0.863697098,0.832765139,0.630428455
20061017,-0.288600489,0.845308236,-0.819223003
20061018,-0.710956116,1.112976763,-0.289435803
20061019,-0.022224692,1.044350762,0.311665435
20061020,-0.687287929,0.998441344,-0.088948194
20061023,1.352420569,1.018088235,1.018158419
20061024,-0.477327875,3.557431079,1.247417423
20061025,-0.829517963,1.43962434,-0.786030248
20061026,-0.262180618,1.507610848,0.197087549
20061027,-0.38341505,1.382272824,-0.339670518
20061030,0.634506012,0.918160595,0.645481154
20061031,-0.152788418,1.399744529,-0.152788418
20061101,-0.786373646,1.261936207,-0.3939598
20061102,-0.109781546,0.78637286,-0.17559267
20061103,-1.364157568,1.085195838,-0.838301843
20061106,1.648570142,0.775612046,1.604253722
20061107,-0.283564374,0.991656534,-0.196399408
20061108,2.02290748,0.935764471,1.431384231
20061109,1.278244929,0.942327155,1.70798345
20061110,0.084620272,0.718826223,0.105786533
20061113,1.5066598,0.981206845,0.400971309
20061114,-0.338481389,1.022816671,-0.6126564
20061115,0.933000831,0.651657076,0.401819299
20061116,0.400042643,0.760501341,0.44224564
20061117,-0.801016087,0.633186738,-0.717000119
20061120,0.607395312,0.817969061,1.345406041
20061121,0.271144185,0.682759349,0.250260819
20061122,0.76391411,1.063130429,1.262564635
20061127,-0.850186562,1.09368516,-0.850186562
20061128,0.603853995,1.647302684,0.311882985
20061129,0.062324714,1.503313823,-0.04152824
20061130,-2.2638503,1.52480111,-2.523793259
20061201,-0.878985185,1.92391812,-1.092204882
20061204,0.438105098,1.318901686,0.974990313
20061205,0.575755935,1.66601965,0.2874636
20061206,-0.40672217,0.487301468,-0.875606235
20061207,0.939776246,0.538578796,0.896866998
20061208,-0.23441673,0.954524432,-0.362049166
20061211,-0.084334814,0.454233941,1.145536498
20061212,-0.528598334,0.926556623,-0.507507962
20061213,-0.591842776,0.621426626,0
20061214,2.448589424,1.126727123,2.512168954
20061215,0.061506921,0.487611766,0.864558699
20061218,0.47281412,0.708978699,-0.061506921
20061219,1.107022375,0.763410497,0.59298814
20061220,1.199079502,0.593978346,0.913248356
20061221,-0.95441886,0.981042066,-0.994831065
20061222,-0.676995098,0.731360992,-0.881243535
20061226,1.330759735,0.353626974,1.207175785
20061227,-0.304167324,0.458038765,0.142261989
20061228,0.122374072,0.735623355,-0.366226249
20061229,-0.655605708,0.351400918,-0.83922302
20070103,0.757501831,1.776733479,0.778054703
20070104,-0.736802351,0.72015421,-0.716408754
20070105,-1.179039411,0.969745301,-1.281803781
20070108,0.354130148,1.291023263,0.062402498
20070109,-0.134262866,0.731945963,0.601224989
20070110,0.207339904,1.016707651,-0.206910895
20070111,0.903868109,0.564159796,1.276000025
20070112,2.092509056,1.02069213,1.703204189
20070116,1.205614164,2.029781875,1.486682408
20070117,1.010810311,0.806098865,0.444686735
20070118,-0.701757266,0.74753761,-0.593356171
20070119,0.473187003,1.122987315,0.849387823
20070122,-0.407981062,2.147134,-1.376463778
20070123,2.672810337,4.049392719,-0.951767942
20070124,1.38209511,1.480396626,1.200734859
20070125,-1.657220716,1.213931511,-1.200734859
20070126,-0.971274329,2.357842801,-0.991409233
20070129,-0.112285012,0.82995421,-0.458552798
20070130,-1.109068669,0.798010455,-1.09885573
20070131,2.180422601,1.122076042,2.42794748
20070201,1.373292555,2.276558763,1.956150199
20070202,-0.565057266,0.674348253,-0.584825972
20070205,-0.029950582,0.442057121,-0.438378703
20070206,1.143324081,1.161175835,1.003435969
20070207,0.520808921,0.753020365,0.856346589
20070208,0.706023721,0.797450346,0.303371569
20070209,-0.039154268,0.791712642,-0.195618216
20070212,0.195886449,0.746015029,0.058725655
20070213,0.74320702,0.898852279,0.429604254
20070214,0.551872437,0.589443662,0.901999229
20070215,-0.250795926,0.479488176,-0.028970113
20070216,1.073218427,0.353941889,1.324014352
20070220,0.973754711,0.750061559,0.323532493
20070221,0.947874395,0.68707141,0.700561419
20070222,-0.681562654,0.958902736,-0.681562654
20070223,1.539808011,1.024872301,0.700428798
20070226,-0.281981576,0.740455422,0.207293017
20070227,-2.567078425,10.32549926,-3.408332973
20070228,-0.795174268,5.848313665,-1.195272386
20070301,0.977833857,4.883889079,0.275590726
20070302,-1.417760326,2.660489043,-1.575147728
20070305,0.19071524,2.801040889,-0.430280346
20070306,1.587020017,2.376537279,1.887410751
20070307,-0.445170642,1.5808476,-0.750694952
20070308,0.334810751,1.018598824,0.849052391
20070309,-0.253980795,1.110603746,0.509905008
20070312,0.75986727,1.159566159,0.779427173
20070313,-1.595935755,3.289600109,-2.297146263
20070314,-0.399122462,3.309845915,-0.677563373
20070315,-0.316769222,1.665237492,0.836325066
20070316,-1.036278704,2.953451782,-1.016451203
20070319,1.50557519,1.046051363,1.865503593
20070320,0.235017734,0.583130906,0.509905008
20070321,0.55705006,1.001199773,0.361240324
20070322,0.116981881,1.762930616,0.029232643
20070323,0,1.092441218,-0.566684467
20070326,1.145443039,1.743430971,0.654331159
20070327,-2.947498509,1.312541673,-3.074123958
20070328,-0.40518694,1.75594464,-1.110337439
20070329,-1.298523455,1.974916092,0.182537319
20070330,0.060734894,1.780854031,0.121506698
20070402,-1.074298363,1.247666344,-0.690498276
20070403,1.088500971,1.006401018,1.637227071
20070404,-0.78479123,0.661242064,-0.764745124
20070405,0.010139417,0.798441008,-0.374437517
20070409,-0.160804055,0.366925596,0.79778257
20070410,-1.062171738,1.449821352,-1.102413187
20070411,-1.083522816,1.195586316,-1.05301796
20070412,1.426267046,1.026285963,1.590571869
20070413,-0.182352396,1.409910478,-0.243062708
20070416,1.422727134,0.704663142,1.908263188
20070417,-0.779770021,1.344829256,-0.879302228
20070418,-1.111010317,0.934254945,-1.191331606
20070419,-0.051221637,1.989533125,-0.887534518
20070420,0.020265478,1.379422395,1.130991729
20070423,-0.101698371,1.429388688,-0.426439879
20070424,-0.090175849,0.878946405,1.494675372
20070425,-0.43964899,1.24284034,0.10019037
20070426,-0.442834862,1.142605736,-0.723621248
20070427,0.362611195,1.268138677,0.322256069
20070430,-0.567492403,1.031373392,-1.071474923
20070501,-0.101265831,1.683594683,0.304414238
20070502,1.855785075,0.823051924,2.461847536
20070503,-0.058956472,0.953627866,0.571711759
20070504,0.764334931,0.836165765,0.685672194
20070507,0.699983414,0.622447216,0.758537139
20070508,0.544642467,0.599174866,-0.11632417
20070509,0.058167719,1.203391409,0.077564479
20070510,-1.354156695,1.184082058,-1.917867003
20070511,-0.277282808,0.920196682,-0.376126347
20070514,0.029736829,0.648712038,0.059482504
20070515,0.492369286,1.508579136,0.888017676
20070516,1.270416774,0.90799728,1.15246905
20070517,0.735155178,0.68373014,0.754574539
20070518,0.420892146,0.520671341,0.959147963
20070521,-0.047986948,0.500459881,-0.564783964
20070522,0.115429024,0.722595081,-0.144099165
20070523,0.076863955,0.703841748,0.096089178
20070524,-0.678625968,2.105491793,-1.275872711
20070525,-0.310559256,0.944325308,0.077790747
20070529,-0.680605447,0.597486112,-0.370046191
20070530,1.764092334,1.173329345,0.980542782
20070531,0.748204929,0.486259055,1.085766131
20070601,1.1175417,0.677025095,1.460987945
20070604,0.849622783,0.436307681,0.188182216
20070605,0.383583132,1.2484552,-1.802192379
20070606,-2.42189499,1.060132041,-2.42189499
20070607,-1.05653908,1.589227306,-1.223377531
20070608,1.517121011,1.327103816,1.517121011
20070611,-0.765835849,1.336433857,-0.804951828
20070612,-0.75517052,1.269985339,-1.18978203
20070613,0.709642245,1.213725407,1.543973664
20070614,0,0.871682358,-0.808603163
20070615,0.721531991,0.784172218,1.89286287
20070618,-0.115942042,0.637448977,0.494258893
20070619,1.000778176,0.5566472,0.962100937
20070620,-0.19171785,0.841185551,-0.210869435
20070621,0.268508025,1.720482297,0.19171785
20070622,0.401108359,1.070675138,0.477692702
20070625,-1.638590879,1.183585009,-1.944051216
20070626,-1.955478814,1.837552508,-1.586868444
20070627,1.753912336,1.257169587,1.080242263
20070628,-0.626961301,0.999483403,-0.607428144
20070629,-0.3240539,1.630864436,-0.08848253
20070702,0.794654826,0.621274317,1.880505554
20070705,0.096107648,0.478946627,-0.153580372
20070706,-0.192270776,0.397751044,-0.173060326
20070709,0.048074613,0.545894231,0.105794672
20070710,-1.319126791,1.251576802,-1.559731305
20070711,-0.15621952,1.030461261,-0.078140266
20070712,0.564258721,0.886126119,0.720478241
20070713,0.525139785,0.523607151,0.019400524
20070716,1.336064022,0.704811445,0.849918193
20070717,1.911308065,0.931476252,2.582258535
20070718,0.752024601,1.066214199,0.074948476
20070719,-0.150291217,0.578101502,-0.375305376
20070720,-1.247417423,0.959668688,-1.153458945
20070723,0.915662224,1.057981761,1.191052931
20070724,-1.81345702,2.554422783,-6.222334318
20070725,-1.772453249,3.855164499,-1.592615055
20070726,-2.049549022,4.475200529,-2.886203224
20070727,-1.65013264,5.179966055,-1.964367737
20070730,-0.286366001,2.742647429,0.415092927
20070731,-2.326670098,2.57105387,-0.735571783
20070801,1.65820126,5.297357417,1.486858318
20070802,-0.571974867,2.409982485,-0.761908448
20070803,-0.987768392,3.186646222,-1.563033641
20070806,2.271618749,4.571545787,2.766722548
20070807,0.295983303,3.442975962,-0.568362755
20070808,3.586534445,2.313391858,4.175885762
20070809,1.456884289,7.355105182,-0.609262648
20070810,-0.799102705,8.474034108,-0.982607701
20070813,-1.273506884,3.179229591,-1.294080899
20070814,-1.137333237,2.818146462,-1.628272751
20070815,0.021306062,5.625959819,-0.573554414
20070816,3.922071315,10.35992043,2.441198669
20070817,-3.455078321,6.14597266,-1.846464545
20070820,1.009897075,4.335364532,1.158029574
20070821,0.535406245,2.647522617,-0.031405392
20070822,1.669969744,1.929491943,2.389810106
20070823,-0.377147381,2.332309818,0.102176365
20070824,0.020397756,2.672097154,0.142871746
20070827,0.163833745,0.869092606,-0.326864438
20070828,-1.240967322,0.852673431,-1.692157587
20070829,0.515199491,3.838069241,1.240967322
20070830,0.21688622,2.257298849,-0.380992069
20070831,-0.143692932,1.788360182,0.442638017
20070904,0.531916148,1.468050864,0.67560908
20070905,-0.762654423,1.591851583,-1.397187306
20070906,-0.350768956,1.068867571,0.103401932
20070907,-0.29424149,1.590749292,-1.814628998
20070910,-0.841401682,1.934653347,-0.358461111
20070911,0.46345143,1.601734344,0.505690079
20070912,0.462088619,1.575315796,0.293809235
20070913,-0.52088877,0.969888202,0.313840617
20070914,0.700070776,0.99487668,0.312858739
20070917,-0.375704888,1.168753455,-0.417362876
20070918,3.06576834,2.108383654,3.149380385
20070919,0.502766268,1.658215039,1.008073053
20070920,0.040104272,1.855156463,0.06016244
20070921,-1.808512098,1.581961088,-0.583092031
20070924,-0.080499099,1.509453958,0.161192862
20070925,-0.101040728,1.063091814,-0.423686703
20070926,0.522929591,1.480878979,0.785423431
20070927,-0.100010009,1.083256024,0.240432895
20070928,-0.904074465,0.762832559,-0.844056458
20071001,0.709612692,1.2598882,1.313236256
20071002,-0.429078142,0.901577858,-0.40916179
20071003,-0.946728795,1.113897601,-1.187017257
20071004,0.282429076,0.69672972,0.464412748
20071005,-0.724349244,0.859161509,-0.242033196
20071008,-0.833084164,0.349688076,-1.035226945
20071009,0.892138926,1.01408101,1.075606514
20071010,0.122624172,1.612516016,-1.177678586
20071011,-1.152309696,2.255023899,-0.429844076
20071012,0.071410358,3.205314737,0.572715822
20071015,0.364889924,1.870821343,0.79228449
20071016,-1.491802469,2.355003196,-1.73491442
20071017,-1.131582901,2.260826679,-0.49535705
20071018,-0.249014447,1.637155619,-0.414680254
20071019,-2.425000222,2.107583214,-2.695467463
20071022,1.610062335,3.983287315,-0.438526827
20071023,-1.967692809,3.634942927,0.331746251
20071024,0.97190708,1.866285567,1.61088689
20071025,1.269924426,3.725213254,1.626730345
20071026,-0.330442267,2.674657962,0
20071029,0.840082802,1.16419561,1.376498365
20071030,-1.501622374,1.338346877,-1.562853114
20071031,2.316784747,2.273779605,2.678822898
20071101,-2.584708579,3.976462056,-3.344244359
20071102,-0.540317191,4.47289644,0.12510427
20071105,0.104876779,2.783576483,-0.606125798
20071106,1.520387508,3.035464543,1.415510729
20071107,-1.642142164,3.778185727,-2.660121247
20071108,0.337481864,4.926742766,0.803386985
20071109,-0.883971889,5.278085039,-1.591883345
20071112,-0.298953885,4.527428264,0.042780749
20071113,-1.090664664,2.691109411,-1.53003739
20071114,-0.867684403,1.806876364,-0.326264563
20071115,-0.965025583,3.411598959,-1.150382448
20071116,-0.834802739,3.033466187,-0.099222763
20071119,-0.822501025,3.6668546,-1.176092553
20071120,-0.421707428,3.767757082,0.356506616
20071121,-0.943403223,3.978450881,-1.456282037
20071126,-1.605098323,2.540299543,-1.829112754
20071127,1.21870161,3.841153996,1.582669255
20071128,2.328240462,2.231529407,3.265956643
20071129,0.489796898,2.587820647,-0.021713169
20071130,-0.281294138,1.839472397,0.216919825
20071203,0.869057559,3.536998983,1.409307387
20071204,-0.493192808,1.581915882,-0.610770717
20071205,0.633423128,1.246138954,0.429001087
20071206,1.09698102,0.986464911,1.032748066
20071207,-0.549568071,1.5630154,-0.05297452
20071210,0.704932163,1.249013715,1.075165833
20071211,-4.091795502,2.422581459,-3.934653361
20071212,-0.71622661,3.124208289,0.130775956
20071213,1.098613323,3.425726488,0.672964659
20071214,-2.451806967,1.727471562,-3.2991776
20071217,-2.060994704,1.747396278,-2.307272675
20071218,-1.175535031,2.226883916,-1.312929144
20071219,-1.862684821,2.005772945,-1.353895564
20071220,3.15222234,2.28010356,3.691307203
20071221,1.621357006,1.163437084,2.769888942
20071226,0,0.440424584,-0.310009106
20071227,-0.62766402,1.598649414,-1.384568791
20071228,-0.76525244,0.912994085,-0.47334699
20071231,0.113546055,0.974881423,-0.452899325
20080102,-0.888085081,2.050730999,-0.774667807
20080103,0.011350094,1.953789569,0.763319001
20080104,-0.62119146,2.35520729,-1.659361757
20080107,-0.644272822,4.112904384,-0.023081362
20080108,-2.293094106,3.399719713,-1.48839957
20080109,0.30192922,13.84105968,4.803118474
20080110,0.865518053,5.985727417,1.055155011
20080111,-0.468698548,3.456539648,-1.233965966
20080114,1.754815813,2.851597708,2.845047993
20080115,-1.267863299,5.580593436,-2.031808954
20080116,-1.579953309,8.137001583,-1.779864526
20080117,-3.524442153,12.20594778,-3.400281632
20080118,-0.780116898,10.53782028,-0.035061065
20080122,2.76339642,29.23960987,-0.503897474
20080123,6.085224649,20.87433372,6.261291365
20080124,0.474483649,9.095014471,0.2424778
20080125,-2.71629817,7.748740134,-1.665040131
20080128,0.011156356,4.835368264,0.335233301
20080129,0,4.22779472,0.600602406
20080130,-0.961223451,6.360551673,-1.272196603
20080131,2.311333679,4.87047154,1.250016276
20080201,1.909418265,4.74224863,2.020270732
20080204,-1.569001461,2.45608922,-1.026994714
20080205,-0.980946446,3.778933205,-1.985314472
20080206,-0.702148329,3.26443981,0.156704756
20080207,1.058564679,5.411414592,0.901859923
20080208,1.196027546,3.587500057,0.684858526
20080211,1.029018385,3.51561561,1.073042158
20080212,1.821153706,4.522010635,2.559004276
20080213,-1.045342852,2.374522997,-1.00288902
20080214,-0.925235218,2.459771502,-0.796645402
20080215,-1.548727651,2.548926459,-1.678513522
20080219,0.542124281,3.977065253,1.635270278
20080220,1.320222617,2.107306699,0.582211887
20080221,-2.364278871,2.11221436,-2.063720466
20080222,0.763612307,2.556000898,0.982862559
20080225,1.525107425,3.258617416,1.937210817
20080226,1.180048776,3.18220176,0.84908173
20080227,1.373502839,2.023987538,0.716094046
20080228,-0.105831315,1.998239984,-0.906509844
20080229,-0.900713788,1.948594268,-1.708713081
20080303,0.364611664,2.350393062,0.622787367
20080304,0.388937396,5.121380654,-0.730557611
20080305,1.340303013,3.848721265,2.028034071
20080306,-1.600034135,2.603248142,-1.748072652
20080307,-2.406841826,3.953558426,-3.390155168
20080310,-1.145179238,3.55863243,-1.501765308
20080311,2.965764683,3.540393088,4.977905003
20080312,-0.673691261,1.637177759,0.128838326
20080313,2.050915723,5.013836557,1.469831552
20080314,-1.91806913,12.00547202,-0.636404354
20080317,0.767968667,9.883983856,-2.674302139
20080318,1.542994167,5.646809401,3.437502791
20080319,-5.129329439,5.842129583,-4.183447452
20080320,0.02199978,6.776109162,0.110047331
20080324,1.859513039,2.951733249,2.648298899
20080325,0.190496406,2.876040222,1.298304924
20080326,-0.554018038,2.882222578,-1.041565373
20080327,-1.30608858,2.576087251,-0.858374369
20080328,-0.172117082,2.409909871,0.08616976
20080331,0.643571888,2.705772581,0.697390306
20080401,1.16898809,3.000460099,2.09487136
20080402,1.73665725,2.860626875,2.144160034
20080403,0.581842095,2.667532648,0.684269636
20080404,0.831900912,2.074239848,0.740255877
20080407,-1.823758755,1.97891112,-1.199323248
20080408,1.63169029,2.226512079,1.078013084
20080409,-1.044051854,1.915817419,-0.730967722
20080410,0.363123256,2.232434982,1.195192998
20080411,-0.020257267,1.446899313,-0.605940048
20080414,-0.653864201,1.274971623,-1.181998681
20080415,-0.224375413,2.354560225,0.388747293
20080416,3.452563981,1.649783154,4.306574865
20080417,0.489285642,3.012970896,0.185646641
20080418,0.48146458,1.829710276,1.607471429
20080421,0.115096886,1.172868937,0.211112256
20080422,-2.924357147,3.547747207,-3.810170757
20080423,-0.806897838,2.373498458,-0.439122462
20080424,-0.892102343,2.20081342,-0.662320535
20080425,0.200400869,1.843682729,0.582272501
20080428,-1.494675372,2.177988231,-1.6349138
20080429,-0.940798431,1.97276256,-0.971328121
20080430,0.030667008,3.283481634,0.522622494
20080501,0.810219293,2.399647132,0.061305816
20080502,1.362625171,1.741887854,1.872050623
20080505,-0.392255972,1.428281431,-0.522666784
20080506,0.221640228,1.223123526,0.140986932
20080507,-1.875692096,1.285725796,-2.228532827
20080508,1.511158019,1.910302514,1.531736268
20080509,-1.261361132,1.776862791,-1.820277276
20080512,1.710139397,0.844210328,2.224808572
20080513,-0.812517166,1.012677551,-1.03480684
20080514,0.546173098,1.090336709,1.095345637
20080515,-0.09085862,0.87307605,-0.131213746
20080516,-0.623054975,1.342011507,0.191715916
20080519,-0.362830473,1.198812424,-0.161420535
20080520,-0.468194239,1.051447111,-1.035226945
20080521,-2.053460244,1.580240149,-1.666533786
20080522,0.227484329,1.180475442,0.43473829
20080523,-0.793489233,1.81789135,-1.477500606
20080527,-1.456182743,1.221903401,-1.39330943
20080528,1.044037957,1.138828197,1.309416808
20080529,0.230342474,1.63982153,0.314235097
20080530,-0.625002035,0.993379102,0.083629526
20080602,-1.444639454,1.069524369,-1.632904336
20080603,-0.790011582,1.600658913,-0.906914725
20080604,0.321096284,1.652337882,0.299657758
20080605,2.288720372,1.374770647,1.989062614
20080606,-1.67063213,2.188270639,-3.041816993
20080609,-0.592833857,2.093440675,-0.108049713
20080610,0.175265682,1.566105565,-1.229144751
20080611,0.710191458,2.729633978,0.523961465
20080612,0.259235401,1.750128535,0.921166091
20080613,1.128271682,1.993621313,1.901969932
20080616,0.478291819,1.263822111,-0.180094333
20080617,-0.64451594,1.611078926,0.03180493
20080618,-1.130678712,1.862768205,-1.194298691
20080619,1.593913247,1.671231925,1.74398295
20080620,-1.948461171,2.3971535,-2.519347593
20080623,-1.892800989,1.17364011,-1.569001461
20080624,-3.088184543,2.230022993,-3.418181543
20080625,-0.022683453,2.312405085,0.181653093
20080626,-2.34218956,2.000471556,-2.876737322
20080627,0.77347157,1.677914144,0
20080630,0.52604014,1.389652467,0.128332282
20080701,1.428848776,3.703026313,-0.561208067
20080702,-3.162878705,3.011779378,-2.240890497
20080707,-1.172402471,4.391999708,-0.599881823
20080708,1.527298042,5.703975279,0.826896676
20080709,-2.188853334,3.220879837,-2.415868188
20080710,-0.096432023,5.411639353,1.372130082
20080711,1.018684531,4.244879642,-0.048250906
20080714,-1.982656821,2.586395334,-1.189478765
20080715,1.345750674,4.955631411,0.475060276
20080716,3.0111874,3.221883699,2.389499532
20080717,4.178881008,3.129060065,4.273757675
20080718,-0.879473478,2.692552322,0.385794192
20080721,-0.170174186,1.948399078,-0.260815479
20080722,1.964568151,4.308082303,2.688635122
20080723,-0.861598172,2.914202452,-0.365428678
20080724,-1.928310871,2.790734222,-2.017101109
20080725,-0.772643317,2.641514213,-0.761324057
20080728,-1.470529596,1.489542368,-2.237694291
20080729,1.490753903,1.499396357,1.677212412
20080730,1.477803409,2.604009707,1.638261896
20080801,-1.695344156,2.612356976,-2.351975067
20080804,-2.643738018,2.211122851,-2.574445949
20080805,3.372473265,2.434032523,3.939850674
20080806,0.729431089,1.649152561,0.352653798
20080807,-1.202694756,1.986682421,-1.464221996
20080808,4.401026146,2.216867451,4.285725776
20080811,2.443935732,1.783934426,2.39976612
20080812,-1.021414943,1.363586375,-1.323660424
20080813,-0.26531079,1.996456403,-1.341416486
20080814,1.288620364,2.542796216,0.287388282
20080815,0.471466253,1.796651984,0.901005985
20080818,-2.645656954,1.196345564,-2.10022089
20080819,-0.484535288,1.844517704,-1.112058638
20080820,-0.555525492,1.993939341,-0.645931194
20080821,1.162141369,1.838546142,0.36314157
20080822,1.078904599,1.943392199,1.327801662
20080825,-1.666799743,1.622964783,-2.261005202
20080826,0.754547995,2.18256941,0.387995466
20080827,0.837772363,1.573020138,1.019838867
20080828,1.672093355,1.481791249,1.964787473
20080829,-1.472912145,0.958349289,-1.672093355
