20020102,2.504265051,3.771335671,3.756086887
20020103,0.090456813,1.410629358,3.169036717
20020104,0.797523057,4.001396063,2.411907895
20020107,1.083434217,4.498457175,2.355102307
20020108,-2.042217401,5.536966814,-1.826932065
20020109,-4.883389053,3.387211533,-4.489084051
20020110,0.179856164,5.840636969,2.179922834
20020111,0,4.293889399,-1.859042431
20020114,-0.885167671,4.815887407,-2.221285221
20020115,0.139762427,3.868598516,0.513420031
20020116,-4.66973835,5.379301721,-4.66973835
20020117,1.853224813,3.842047947,3.546131023
20020118,0,2.229807612,-0.18850147
20020122,-1.411788155,2.955544383,-0.47281412
20020123,1.64825959,3.008618459,1.458506212
20020124,-1.907478164,7.901355908,-0.56206237
20020125,1.480822987,3.731100624,2.229539634
20020128,-2.146772962,4.92672726,1.594930141
20020129,-1.957722439,8.766900941,-1.686841912
20020130,0.843491412,18.15938556,-1.482194805
20020131,-1.696553416,4.398612999,-1.836642162
20020201,-0.133719654,6.303592195,6.352802977
20020204,-3.442368876,4.950943287,-3.26411571
20020205,1.477404527,5.523794724,0.551471986
20020206,-0.974711825,9.206699634,-1.75686442
20020207,3.854478506,5.396214387,4.736768882
20020208,3.913542894,3.7853788,4.224446987
20020211,2.923317677,3.71478162,2.109782896
20020212,-0.469184055,4.108847288,-2.365974326
20020213,2.75733269,6.290621203,2.156987834
20020214,0.829880281,2.925318244,1.247417423
20020215,-1.164254315,4.233367363,-1.205585169
20020219,-3.564904011,3.771715208,-4.447077344
20020220,4.714677843,5.687149226,6.147304906
20020221,-1.378755912,7.728900866,-2.287477573
20020222,0.763362486,7.391429507,-0.421585785
20020225,1.267022869,4.191612478,2.317673425
20020226,-2.398791612,9.556058038,-1.392519644
20020227,0.456337651,4.884598439,1.123841173
20020228,-3.208831455,4.40404372,-4.920415714
20020301,4.431914035,8.112295579,4.214286092
20020304,-1.892800989,3.240785672,-1.851125639
20020305,2.31345754,4.844654621,2.100917609
20020306,0.540204929,2.136699262,0.332088309
20020307,-1.501905578,3.500751493,-1.419055532
20020308,-1.005033585,4.838268269,-0.126182982
20020311,1.305006944,2.617788329,0.629328698
20020312,-0.462866385,4.033698795,-0.839988139
20020313,-1.102640519,4.932612214,-1.102640519
20020314,0.384041436,2.266510987,0.127850007
20020315,1.490710835,2.638343494,3.556116184
20020318,0.12247399,4.26621766,0.737104074
20020319,-2.725407654,4.834535207,-1.066458016
20020320,-0.498133035,3.461230462,-0.911356764
20020321,-1.469071541,4.409097027,-1.593993481
20020322,-1.105453434,4.182794082,-1.105453434
20020325,-2.304839544,2.534073099,-0.988192789
20020326,-0.783976141,4.524621596,-1.260064467
20020327,0.525625389,3.054799443,0.087412593
20020328,-0.259515717,2.494731244,0.86994894
20020401,1.141364454,5.292185284,-0.78261269
20020402,-0.131665588,3.452547518,-0.612961639
20020403,-1.773096097,2.346321133,-1.817023179
20020404,0.798939003,8.016849446,1.15608224
20020405,2.048448179,6.503895929,2.445536722
20020408,1.526747213,2.935053155,-0.345722038
20020409,-0.518583703,3.253639198,-0.086617589
20020410,2.692632173,3.491250245,4.283037499
20020411,-1.815544907,8.317557595,-2.607380676
20020412,1.898390696,6.211021828,1.940989206
20020415,-1.553673915,4.231304618,-1.261581072
20020416,-0.875187916,1.361968995,1.094287014
20020417,0.374298628,2.754737533,0.833685529
20020418,1.030724442,11.29229815,1.196630743
20020419,-0.200200267,1.790907677,2.311069814
20020422,-1.409892438,2.880356342,-1.209692171
20020423,-0.772518581,4.293056572,-0.610378294
20020424,-0.609138939,2.72185959,0.203873669
20020425,2.040887163,8.142160019,0.811363477
20020426,-1.770686576,6.555686462,-2.785923722
20020429,-3.621268949,4.731079642,-4.330048235
20020430,0.778887538,4.267266744,0.648650923
20020501,3.150859267,5.913887296,4.137356651
20020502,-1.732716617,5.538584111,-0.622279544
20020503,-0.843886865,5.022786454,-1.805633772
20020506,-2.031623799,5.583616592,-3.010980147
20020507,0,4.257242727,0
20020508,3.5031348,4.131485829,3.938865337
20020509,-0.297050929,3.969418772,-1.224936119
20020510,-1.713103993,2.941722904,-1.628142221
20020513,0.170430378,3.123023362,1.458001814
20020514,1.611938188,2.129011241,3.759841356
20020515,1.646127705,5.651966403,0.449990532
20020516,-0.528778942,3.146407746,0.081599352
20020517,2.23814022,3.553964328,1.336864147
20020520,-0.611622702,3.316710485,-1.622753662
20020521,-2.901156638,2.554635859,-2.778532466
20020522,-1.228568726,4.157880352,-1.354804804
20020523,0.421053254,2.201054578,1.438873745
20020524,-1.684250339,3.687842714,-1.055976022
20020528,-1.013522189,2.697341483,0.042453832
20020529,-1.97261971,2.811461021,-2.015073542
20020530,1.958713328,5.116653029,0.475265531
20020531,-0.304811906,3.494060948,-1.17061818
20020603,-2.420360174,5.887084822,-2.115548268
20020604,-0.224971973,4.546219598,-1.119832531
20020605,-0.495831532,3.638098368,-0.315813482
20020606,-3.359371729,5.270982102,-2.146691249
20020607,1.726191684,5.325552611,-0.184842936
20020610,1.051919144,3.532553697,1.651413676
20020611,-2.066663681,5.612600768,-1.975713243
20020612,-1.827176624,15.66853646,-1.873591106
20020613,-0.477327875,3.874113844,-1.189074652
20020614,2.647567398,22.6167307,0.715140116
20020617,2.5389234,6.864848846,2.30111116
20020618,0.915338199,4.705165039,1.885546779
20020619,-1.85234458,6.244397616,-5.093368995
20020620,-6.110666569,8.032425315,-6.639386859
20020621,-0.155561348,4.02746307,-1.289009856
20020624,-0.782272568,8.88040165,-0.886114737
20020625,-2.160577871,3.665268942,0.678322455
20020626,1.964491103,9.211054423,-1.098050248
20020627,-3.141619623,11.97039975,-1.163418728
20020628,0.689109539,4.188600221,0.689109539
20020701,-3.226086222,8.279260129,-3.384690537
20020702,1.583434667,13.91948477,0.870516923
20020703,1.874218181,12.9500181,2.090668482
20020708,-3.267078229,6.668823456,-4.231797567
20020709,-1.271203559,5.087723185,-1.113184037
20020710,-3.015845149,10.23848169,-2.537248118
20020711,3.601043752,14.96810805,2.002773302
20020712,0.707871183,14.64971995,-1.240242374
20020715,-0.555556984,16.57812466,-2.638965675
20020716,2.29236399,22.2915665,-1.685433155
20020717,0.442233999,9.393288817,2.683224139
20020718,-2.020270732,8.835238869,-2.739897419
20020719,-2.739897419,13.64334524,-6.317890162
20020722,-4.00669926,21.90370071,-4.067103973
20020723,-1.771077286,19.55274587,-1.457105286
20020724,8.110840009,33.50900965,4.736087568
20020725,0.546283604,45.95822818,0.546283604
20020726,1.007180802,17.33491691,-0.333485226
20020729,5.052026841,12.94104093,5.264373349
20020730,0.287769983,24.88487536,0.258955691
20020731,-0.113700979,20.94929794,1.029168604
20020801,-3.619776394,16.75508126,-4.419323771
20020802,1.451212804,5.666302635,-9.667853531
20020805,-5.423323771,11.71368172,-6.808113457
20020806,-1.715307923,9.156302812,1.288542989
20020807,-4.642183685,9.367922558,-3.952525779
20020808,4.554202045,13.08275179,4.985237195
20020809,1.727158651,9.08737419,0
20020812,-2.707558661,15.19465683,-2.707558661
20020813,-1.656501687,4.432574277,-3.145362937
20020814,4.879016417,9.728272168,5.096644359
20020815,4.054609439,12.24913366,4.123598749
20020816,2.88019909,10.8751114,4.84747565
20020819,2.679819315,7.848783029,4.863993507
20020820,-1.51288816,6.42772413,-1.452810056
20020821,1.791092657,9.454961238,3.00322871
20020822,2.567235505,4.81192462,2.68550873
20020823,-1.655862789,12.38637647,-3.45771334
20020826,-1.015237146,7.459029742,-0.65809391
20020827,-4.341862037,7.5590539,-4.04219145
20020828,-3.509131981,7.015844568,-3.822121282
20020829,4.531519621,17.2616878,2.564243061
20020830,-0.890024947,10.91129703,-0.890024947
20020903,-5.712065876,6.697970548,-6.224230888
20020904,0.399734043,8.005629562,2.184593684
20020905,-2.218578391,10.58326036,-2.218578391
20020906,2.50672756,6.562675401,4.258793942
20020909,3.524876294,9.033381338,3.394498179
20020910,2.3003812,5.819142811,2.426246541
20020912,-3.797924807,7.222374996,-4.231764966
20020913,-0.129115576,9.855794239,-0.129115576
20020916,1.600034135,7.308320771,1.729149711
20020917,-1.311289473,5.713987583,1.010747708
20020918,0.446002651,7.649261213,-1.137812528
20020919,-2.79273469,9.363357708,-5.891756092
20020920,1.921225042,5.071262129,2.727139411
20020923,1.068100942,10.34347312,-1.188132789
20020924,0.61245513,15.43124811,-2.147733561
20020925,1.96727656,12.44010527,4.380262266
20020926,2.300420931,11.14493271,2.753936447
20020927,-3.423001284,11.61477732,-3.929652146
20020930,0.066423118,19.45514264,-1.056813006
20021001,3.162573994,10.23546346,4.416302062
20021002,3.258433633,10.93722011,3.00398057
20021003,-3.692727259,11.58676739,-1.678621946
20021004,-6.499553105,21.08809123,-5.874551071
20021007,-6.237033073,12.21102303,-6.170565805
20021008,3.81328697,18.97170782,3.883983332
20021009,-1.053010783,21.76947591,-3.672044008
20021010,6.366401299,22.89880534,7.279649656
20021011,0.941922192,10.74458743,4.866517198
20021014,4.334649259,10.09182723,0.187324438
20021015,1.992218017,8.382395928,4.274154838
20021016,-0.122025641,9.731270391,-2.114243657
20021017,-0.119474327,8.005537203,2.114243657
20021018,3.03053495,9.990798328,0.119474327
20021021,3.634632198,5.776214428,3.634632198
20021022,-0.583092031,13.18697283,-1.566611674
20021023,4.654675325,7.705622898,4.068163379
20021024,-2.882369645,14.24547222,-2.099367882
20021025,3.51111944,12.39534177,2.993728231
20021028,-3.390155168,5.454611729,-3.223349457
20021029,-2.243305406,9.08762671,-3.807194795
20021030,0.535875054,5.680141049,0.535875054
20021031,-0.329095286,6.560435336,-0.924689661
20021101,1.65782364,5.54703531,2.046638247
20021104,-0.607904608,7.266824362,5.761501996
20021105,2.120220765,6.836881681,3.00322871
20021106,0.957963686,10.48482847,1.547935898
20021107,-2.985296315,11.70667836,-3.943260001
20021108,1.139613473,9.739483854,-2.793477733
20021111,-1.488293069,10.19099423,-1.771981203
20021112,0.745630068,6.36058834,0.918490958
20021113,2.087522913,11.94543216,2.315833514
20021114,-0.330578813,6.069516126,1.165708454
20021115,1.468614919,6.066893433,2.18349286
20021118,-1.83987874,3.273127345,-1.140387053
20021119,-0.109950533,6.28178802,-0.712526994
20021120,3.009803116,5.359768358,2.01477003
20021121,5.045736558,7.639081043,5.045736558
20021122,3.06437896,6.992321813,0.20481318
20021125,0.255427981,6.656562929,0.255427981
20021126,-0.526317004,3.909503104,-3.372563471
20021127,2.287266167,5.343012682,4.89158002
20021202,-2.441626887,7.857852083,-2.038806604
20021203,-2.504793887,2.564627961,-4.691242257
20021204,4.808340041,7.413967693,-4.695698309
20021205,-0.282406288,7.286802518,0
20021206,-0.464846857,4.37447567,-2.92703823
20021209,-1.410958152,3.081967698,-1.644194409
20021210,2.197890672,5.947489925,0.766739233
20021211,1.312668013,5.833037769,-0.885222659
20021212,0.89312889,8.188444614,0
20021213,0.302206335,4.543497465,-1.794306512
20021216,1.49034055,4.671947211,1.971979049
20021217,1.062583788,2.887640507,0.766287275
20021218,-2.917741958,4.928643081,-2.859039285
20021219,-1.658005436,8.325064549,-2.446605215
20021220,0.060771804,5.369211014,1.901314558
20021223,0.78479123,4.370577459,1.027509796
20021226,0.424629088,3.879194242,0.668086299
20021227,-2.406780782,5.786460184,-3.135824108
20021230,2.397591188,4.417229993,0.187207543
20021231,2.170627858,4.394042263,1.607950537
20030102,2.701279925,4.34042798,5.722657784
20030103,0.46242857,4.144810845,0.46242857
20030106,4.258346454,2.964042099,5.005261734
20030107,-0.661523912,3.125121388,-0.826223373
20030108,-2.239735281,4.567037437,-2.350415979
20030109,1.560789767,4.817207516,2.350415979
20030110,0.331308972,6.818542479,0.331308972
20030113,-0.217627942,2.901838858,1.205494051
20030114,1.693566836,2.91341329,0.543184388
20030115,-1.875399697,4.221194866,-2.74591662
20030116,-0.550965581,6.720473347,0.77648754
20030117,-1.394722748,5.466541212,-1.671348097
20030121,-4.255961442,5.907403657,-3.138631382
20030122,0.523409162,8.266798025,-0.057987824
20030123,2.226754866,7.406638013,2.689718656
20030124,-3.057636524,7.158707759,-3.680691499
20030127,-0.712592089,7.343603324,-1.713483577
20030128,0.356506616,7.69390578,0.475625153
20030129,1.833828379,14.30810979,1.179258949
20030130,-4.741362083,12.75259338,-4.741362083
20030131,4.025040262,9.044112518,7.23063678
20030203,-1.368322375,4.964034915,-0.401031761
20030204,-1.351769041,3.865344107,-3.03053495
20030205,-1.477131732,10.7245828,-0.593473552
20030206,0.648778448,11.4048676,1.242252
20030207,-2.118082208,6.660375734,-3.957350906
20030210,0.792928827,6.01981981,0.670529791
20030211,-0.364299128,6.630567496,-0.121580562
20030212,0.184218658,6.660245026,-0.855228182
20030213,-0.185931259,3.953116244,-1.110437073
20030214,4.29513872,6.100304238,3.234947935
20030218,2.519910658,3.677569623,3.713954695
20030219,-2.346148668,2.9810854,-2.519910658
20030220,0.386847678,3.583092487,-0.089060419
20030221,0.235155899,6.223278197,1.151644206
20030224,-1.432005377,3.309024448,-2.316705928
20030225,2.842646802,7.437119519,0.778214044
20030226,0.180559784,5.877354927,-0.838328263
20030227,-1.083695133,7.777781466,-0.663652511
20030228,1.833828379,2.975120824,3.216477397
20030303,-1.76995771,3.639921281,-1.535765565
20030304,-2.796310634,3.077711415,-4.598161185
20030305,0.94488892,4.499245983,-0.593844533
20030306,-0.890591128,4.248410335,-1.898791224
20030307,1.896248366,8.264250916,0.3508216
20030310,-2.086125196,3.127593769,-3.400036102
20030311,-2.311096588,3.848764338,-1.393057354
20030312,1.126212632,4.970401196,1.393057354
20030313,5.064373282,5.825768115,6.503247027
20030314,0.764880584,7.639426596,1.257492417
20030317,4.881957637,8.491868977,3.562717764
20030318,-2.56042567,7.345622138,-2.501619435
20030319,1.903686282,8.145893741,2.324992954
20030320,3.382108173,7.232467356,0.996783392
20030321,6.711694973,6.858465896,8.389489609
20030324,-1.934076214,4.530659066,-6.826505548
20030325,1.165282477,6.391999914,1.623736002
20030326,-1.126772485,5.40061994,-0.254633042
20030327,1.316938586,3.704518858,-0.397389112
20030328,0.454030292,4.186528532,0.454030292
20030331,-0.117716317,2.44619498,-3.926601429
20030401,0.585824757,4.339050808,0.821118983
20030402,3.453499156,4.070382593,4.845633008
20030403,-1.906956272,4.424384752,-1.740150562
20030404,-0.970604251,6.028542581,-1.310933564
20030407,-2.6163474,4.730171847,1.706526055
20030408,-3.615888898,18.98604442,-3.559503218
20030409,-0.641588669,1.906811807,-0.116959078
20030410,0.868312257,2.296362496,1.509900927
20030411,1.183445765,4.641392795,2.841100183
20030414,3.242318671,3.142534341,1.831858052
20030415,1.484767447,2.416273861,0.76712705
20030416,-1.818732964,3.01146217,-1.87333302
20030417,2.090285126,2.219001741,2.145887018
20030421,0.542006747,2.982924547,0.705183286
20030422,3.446760148,5.115468232,2.086194943
20030423,1.89479353,2.527675741,1.523538794
20030424,-1.542173611,4.251189091,-2.748587404
20030425,-3.399375582,4.803059405,-3.185242737
20030428,1.034585868,1.381736193,2.107646103
20030429,-0.975617495,4.506474392,-0.543184388
20030430,0.83886299,4.411421561,1.056490932
20030501,-0.426894992,6.432348153,0.778422935
20030502,0.63897981,6.198346111,0.745874529
20030505,-2.140263611,3.368926598,-1.875222375
20030506,-0.162381632,2.558633935,-0.162381632
20030507,-0.379919046,4.032717548,-0.379919046
20030508,-0.549150199,2.734582477,-1.258566544
20030509,2.221711539,3.209146357,2.716082225
20030512,1.963448589,3.389207999,1.963448589
20030513,-1.343023141,2.149171571,-2.878663591
20030514,-2.537248118,3.000913296,-1.0875583
20030515,0.434311215,1.590474025,0.925176667
20030516,1.036844214,1.742392816,-0.216919825
20030519,-2.384365799,1.715700179,-3.311560878
20030520,-0.391828097,3.053886625,0.056100983
20030521,1.350611414,4.618117736,0.335946565
20030522,1.163125824,2.11297357,1.497947565
20030523,-0.16451882,1.433918114,0.329851866
20030527,3.729154072,1.573418722,3.399302206
20030528,2.237928422,2.011292235,3.03053495
20030529,-0.98217383,2.386620574,-0.930720266
20030530,1.487588345,4.175051769,2.005724219
20030602,0.850643108,1.454071641,2.165785988
20030603,-1.156663637,1.731523118,-1.506052563
20030604,3.584965289,4.422335345,4.741628927
20030605,1.008411907,4.025786588,0.960161001
20030606,0.992681279,3.57067645,1.564383646
20030609,-4.475127266,4.105690125,-4.52217502
20030610,0.194269124,1.64740196,1.417077219
20030611,1.550418654,2.830140276,0.91765918
20030612,0.192585519,4.451121676,-0.048088484
20030613,-3.004101873,4.792079974,-2.237447423
20030616,1.512592879,3.142201214,1.561769177
20030617,0.712422866,2.104417329,2.297851222
20030618,-1.923136193,2.98461206,-2.540275583
20030619,-2.844723458,3.234231619,-2.457126073
20030620,-0.393120899,2.003838636,1.039356053
20030623,-1.598435631,2.617138465,-2.240571698
20030624,-1.164865033,2.305896136,-1.164865033
20030625,-3.039121354,3.230334147,-2.632410067
20030626,1.323491487,5.237781348,1.428039327
20030627,-1.235218999,4.625976478,-0.439220445
20030630,-1.056082232,2.857608275,2.404822975
20030701,0.655740055,3.603591091,0.554576667
20030702,0.995033085,3.075396234,1.546551154
20030707,1.713628224,2.799248901,2.606491299
20030708,1.663443444,4.689864402,0.048531911
20030709,2.126711377,3.22811132,1.445111854
20030710,-0.242895432,2.500278529,-1.688007285
20030711,1.35267763,2.224399433,1.35267763
20030714,1.327662935,2.702973547,1.854105883
20030715,-1.11733006,3.127083358,0.610473838
20030716,-1.835777607,2.246407529,-1.461945396
20030717,-1.194757342,3.114809364,-1.194757342
20030718,0.142959281,1.865849447,0.956945102
20030721,-1.892800989,2.696926806,-2.84974609
20030722,1.500875426,3.824253237,1.940866358
20030723,-1.061786037,2.687172798,-0.96572455
20030724,0,3.003370357,1.157755334
20030725,1.56142278,2.273468359,2.135312447
20030728,1.008720153,2.889601855,2.869238936
20030729,0.022735023,3.032271517,0.341569272
20030730,-1.646127705,2.5153386,-1.396382996
20030731,-0.54694758,3.069874498,0.872165271
20030801,-0.044454324,3.199368878,2.749778842
20030804,-1.303682209,3.92698209,-1.749315745
20030805,-2.613029715,3.169255966,-2.613029715
20030806,-0.371920466,4.210960812,-0.279069949
20030807,0.694929829,2.58236132,0.881062968
20030808,0.50516755,1.160804426,0.781792899
20030811,1.092907053,1.093857155,1.138705085
20030812,1.707139392,1.030734317,1.661839278
20030813,-0.088967977,1.408411708,0.089047201
20030814,0.266311742,2.166711932,0.399734043
20030815,-0.798584546,1.595742824,-0.488781244
20030818,-0.311873721,0.576367788,-0.178332638
20030819,-0.761823088,2.069994704,-0.806455984
20030820,0.822297918,1.345704287,-1.1309779
20030821,-1.698457171,2.576933002,-1.743963429
20030822,-1.669023444,1.611993347,-0.97697916
20030825,0.18850147,1.089350916,-0.703732672
20030826,-1.046631819,1.661971654,-1.565868293
20030827,-0.673403218,1.212706143,-0.912809605
20030828,-2.236359609,2.035161758,-1.851002677
20030829,0.930694937,2.066252668,0.832318146
20030902,1.198767652,1.992379244,2.265703088
20030903,0.517526443,4.701712919,1.560684314
20030904,1.359927172,1.720235418,0.748016578
20030905,-0.611622702,1.261732704,-1.312723961
20030908,1.036278704,1.900728451,0.705387359
20030909,1.044643878,1.059874395,-0.799816073
20030910,-1.666906575,1.422804298,-3.094142981
20030911,0.630305117,1.863014195,0.800683642
20030912,-0.934356441,1.909617345,-2.198964734
20030915,0.299550898,1.98875977,-0.893306189
20030916,1.278915612,1.113927987,1.974397799
20030917,-0.591134726,1.272495105,-1.08109161
20030918,0.515908281,1.962352511,0.811912444
20030919,0.49019706,1.693057733,0.220291363
20030922,-0.647251451,1.704503636,-2.12511086
20030923,0.396825918,1.69527514,0.895083052
20030924,-1.602437894,1.734546678,-1.94957437
20030925,0.641502323,3.242973917,2.591076693
20030926,-1.386847389,2.273695215,-1.386847389
20030929,1.241018658,2.690481896,1.091280671
20030930,0.099206357,5.395188814,-0.49456085
20031001,1.843817397,2.001043547,3.075663474
20031002,0.57443911,2.059064546,0.718565966
20031003,-0.093940824,2.516758722,1.562901811
20031006,-0.424428838,1.67907972,-0.565505748
20031007,2.206144391,2.001201087,1.779906474
20031008,-0.882290376,1.607726773,-0.465333553
20031009,-0.365130483,2.74350551,1.985749849
20031010,0.323550086,1.08579528,-0.918701914
20031013,-1.063102224,1.388133861,-0.694608025
20031014,2.257640232,1.922037831,1.978440423
20031015,-0.961325783,1.874153476,-0.961325783
20031016,1.056752311,1.279769575,0.641909586
20031017,-1.929320293,1.858317918,-1.473323151
20031020,-0.786494917,1.312431134,-0.139243466
20031021,0.367985696,1.460797999,1.154480613
20031022,-0.415609003,1.127962832,-0.783594699
20031023,1.012433867,1.417146567,1.058698036
20031024,-0.229095175,2.268635476,-0.183318108
20031027,1.36427764,1.764813835,1.547595749
20031028,1.070483015,1.005854144,1.790558133
20031029,1.059144941,1.866920456,1.059144941
20031030,0.131204917,2.82301681,0.438020849
20031031,-0.967465769,2.301080474,-1.098670687
20031103,0.262237913,1.934749441,1.229703682
20031104,-0.219539056,1.847980932,-0.700835107
20031105,1.178281142,1.927283089,1.310062405
20031106,3.431389852,2.258873279,1.592458873
20031107,-0.25619143,1.849321622,-0.128177757
20031110,-0.602670787,1.662293181,-0.988192789
20031111,0.303227436,0.868175666,-0.17286089
20031112,0.904204223,0.94711606,0.904204223
20031113,-0.342466088,0.891873837,-0.042872455
20031114,-0.863190513,2.250072661,-1.07782893
20031117,0.9164367,1.357679703,-0.216966889
20031118,-2.759097726,1.632413899,-2.195960002
20031119,0.175669786,1.977964692,1.191803999
20031120,0.530270796,2.740860326,-0.439754447
20031121,-0.485974007,3.411611715,-0.485974007
20031124,0.836456561,1.068383858,1.013447757
20031125,0.916836809,1.976547303,0.872986775
20031126,-0.518583703,1.425443198,0.303753759
20031201,0.345871508,1.667252931,0.345871508
20031202,-1.232952651,1.715295603,-2.623674761
20031203,-3.335144622,2.878521189,-3.379461042
20031204,0.859928359,0.836853039,1.681475654
20031205,-1.557521179,1.989349048,-2.417449537
20031208,0.783956056,0.948907607,0.506563367
20031209,1.355646608,0.817933414,2.315653981
20031210,1.166979132,2.499993026,0.581787275
20031211,1.221287524,1.132349957,1.087329031
20031212,0.879513145,1.029565049,0.813280667
20031215,-0.698692799,1.817982466,-0.087604035
20031216,0.261780254,0.880674504,0.568059207
20031217,0.261894519,0.986808688,-0.043582481
20031218,0.868061006,0.913698347,0.868061006
20031219,-0.12917117,1.316642692,0.302049852
20031222,1.527075594,1.453830739,0.922060784
20031223,0.469985911,0.815723269,0.14930151
20031229,1.372234226,0.548023833,1.156577467
20031230,-0.599316862,0.595875459,-0.812491106
20031231,-0.128783018,0.89209931,-0.042946103
20040102,0.636539387,2.109199327,1.534556967
20040105,1.966179214,1.033636477,2.093002313
20040106,0.829880281,1.446821004,0.248241749
20040107,0.488998529,1.074249748,1.639380978
20040108,1.412737926,1.120461864,1.412737926
20040109,0.523877886,1.059968587,-0.280955433
20040112,0.442924018,1.465190387,0.040184851
20040113,-0.444355407,1.347579915,-0.766287275
20040114,0.12050614,0.784636639,0.846608564
20040115,-0.361664047,1.546853371,-0.281407221
20040116,-0.321414499,0.682521102,0.040249548
20040120,-1.50317679,1.430472215,-1.704586727
20040121,1.063839821,1.554521566,0.571430126
20040122,0.48701395,0.8099427,0.52770571
20040123,-2.874941329,2.69648983,-2.874941329
20040126,1.945828315,1.477920768,1.611938188
20040127,-1.235600563,1.667424081,-1.071733259
20040128,-1.718039324,3.221614791,-1.967002109
20040129,2.694463524,2.950550127,3.284435737
20040130,0.837876707,2.858074621,-1.982716747
20040202,0,2.977657506,-0.711746777
20040203,-2.041755317,1.948316638,-2.252060336
20040204,0.454300403,3.456548808,-0.452245845
20040205,-0.387014029,1.689652759,0.194070142
20040206,1.119254043,3.147857606,0.644193767
20040209,1.526747213,1.587655198,1.697833653
20040210,0.918203446,1.74016205,1.29627573
20040211,-0.61405286,3.664976163,13.68495209
20040212,-0.716848948,2.461739071,0.722024797
20040213,-2.383247537,1.829508017,-3.105272334
20040217,-1.989748769,6.6995063,-0.297287473
20040218,-0.373832211,1.576500617,-0.634685722
20040219,0,1.405104294,1.11733006
20040220,-1.643667934,1.511467217,-1.680711832
20040223,-0.18850147,1.294876003,-0.18850147
20040224,-1.719240054,2.275153672,-2.097312338
20040225,1.109210072,1.836889212,1.301702913
20040226,0.713082399,1.243301291,1.697193293
20040227,-1.122346237,1.279316661,-0.600151839
20040301,0.372439909,0.888249285,1.196723332
20040302,0.411138684,1.538783693,-0.335133436
20040303,-0.262516558,0.958933718,-0.673655242
20040304,-0.22371374,0.84519221,0.599028373
20040305,-1.165207696,2.638980287,-1.277252525
20040308,-1.174478361,1.25097892,-0.797119423
20040309,-0.152555331,2.140791721,-0.152555331
20040310,-2.634790152,2.327715483,-2.825812178
20040311,-2.546894529,3.99908755,-2.625449129
20040312,3.262326613,6.372587648,4.742649704
20040315,-0.039455514,2.199294712,-2.628911985
20040316,0.354400843,1.661616867,0.393856358
20040317,1.597540307,0.840362879,1.676125773
20040318,-0.465297466,3.399618516,-0.54263699
20040319,-1.526747213,2.094531451,-1.487889626
20040322,-0.67959486,1.7171177,-1.67068325
20040323,-0.119593397,1.883337138,0.560001463
20040324,-1.363839832,2.404192796,-1.244246435
20040325,0.499152479,1.385608095,1.383758167
20040326,0.359353551,1.099090847,-0.059766911
20040329,0.198609797,0.7367161,0.437463414
20040330,0.119213207,0.524070502,-0.07939659
20040331,-1.115994046,1.105623781,-0.917620642
20040401,0.951632876,1.242983303,1.55103527
20040402,0.173728448,1.542794425,2.282357922
20040405,2.561791787,1.517245152,2.155954917
20040406,0.983738542,0.904534125,0.263902132
20040407,-1.068712462,1.142902352,-1.900475291
20040408,-1.867076526,1.975505752,-0.230503368
20040412,-0.81569689,0.741687953,-1.394290597
20040413,-2.566774675,1.563083062,-2.527780718
20040414,0.320770123,1.407327076,-0.080032017
20040415,-1.845959319,1.548943228,-1.167720134
20040416,0.565201343,1.301553293,0.605695371
20040419,1.571662413,1.10955395,0.682048782
20040420,-1.123607327,2.165421464,-0.923886869
20040421,1.167250121,1.429075567,0.843886865
20040422,-0.800004267,1.64247189,-0.360794138
20040423,-1.091140347,0.820752812,-1.171493907
20040426,-1.425976495,2.587697508,-0.979999677
20040427,-1.025650017,2.122684938,-0.493625025
20040428,0.292703533,1.828282514,-1.244829353
20040429,-1.294651618,4.060886676,-0.670299954
20040430,-2.954614409,3.579998047,-3.333642027
20040503,-0.259179411,2.230672756,0.476913976
20040504,0.130633591,1.016509579,-0.607377138
20040505,-0.174064448,2.22745457,-0.087070097
20040506,-0.351339843,2.422042551,-1.006793359
20040507,-0.622777814,2.500297052,-1.417835005
20040510,-0.362483406,2.764624741,-1.7102127
20040511,1.754430965,3.520461149,4.308905511
20040512,0.823049914,2.602426427,0.779562198
20040513,-0.385687215,2.631966047,0.473424598
20040514,-0.515243733,2.725568945,-0.257953711
20040517,-0.349192847,1.791111002,-1.561853875
20040518,-0.738973152,1.087122703,0.218388381
20040519,-0.347222571,2.171956754,0.348432408
20040520,0.652601838,1.048837021,0.260529891
20040521,-1.958713328,1.981308738,-1.353436944
20040524,1.301536811,1.217062932,1.958713328
20040525,2.09007395,1.825441254,2.09007395
20040526,0.042256498,1.732113212,-0.084459464
20040527,-0.462282815,0.951260354,0.295296566
20040528,-1.268515953,0.914423594,-1.016096803
20040601,0.209863666,1.39961012,1.478379618
20040602,2.066189206,1.193519615,2.484599859
20040603,-1.077954053,2.112648176,-1.899313907
20040604,-0.373366955,1.085341923,0.291363369
20040607,0.575659484,0.823396543,1.362250168
20040608,0.570964031,1.085495288,0.8166644
20040609,-0.20345887,0.90990617,-0.162800199
20040610,0.771890893,0.784812995,0.649616576
20040614,0.649616576,0.701153687,0
20040615,-0.040461259,0.867424877,0
20040616,0.928736738,0.692757036,0.685624787
20040617,0.443102437,0.441500758,0
20040618,0.521356705,0.857205073,0.4811557
20040621,0.200601873,0.715604878,-0.200200267
20040622,0.72405787,0.720149976,0
20040623,-0.606429997,1.456199502,-1.169132446
20040624,2.59754864,1.867988708,2.75962323
20040625,0,1.188033885,-0.593473552
20040628,0.277502656,1.520371007,0.23781224
20040629,0.985229644,1.254736053,0.945633524
20040630,-0.039223378,1.314146699,-0.039223378
20040701,-0.316205797,1.960881037,-0.906410147
20040702,-0.395257432,0.941878357,-0.03959612
20040706,-2.321961804,1.099860602,-2.242785236
20040707,-0.080840748,0.991830306,0.161877818
20040708,-1.265581293,1.401968381,-1.589599397
20040709,0.040642146,1.117913597,1.103177684
20040712,-0.858374369,1.776829413,-1.021042156
20040713,-0.49403147,0.755008315,-0.535090801
20040714,0.414594292,1.205625345,-0.247934011
20040715,-1.208096343,1.005841541,-1.290877805
20040716,-2.713956409,1.958630128,-1.754616413
20040719,0.29869875,1.415177672,0.106575732
20040720,1.9024036,1.554631013,1.731827866
20040721,-2.886448267,1.889200091,-2.802731225
20040722,0.645858004,2.957430312,0.34393843
20040723,-1.471251116,2.521393514,-1.557124887
20040726,-0.349192847,3.109339979,-0.305610367
20040727,0.217627942,1.506900974,0.566820789
20040728,-0.218579322,2.310982205,-0.654309859
20040729,0.522649273,1.096393704,0.741228595
20040730,0.869570697,1.449505994,0.346921423
20040802,0,1.332287795,0
20040803,-1.091952322,1.280376277,-1.438873745
20040804,-0.576882008,1.684181363,-1.326279388
20040805,-1.736850608,1.604138499,-0.938974035
20040806,-0.181735625,1.505623596,-1.220354128
20040809,-0.273224214,1.71877855,-0.273224214
20040810,2.204813722,2.077717343,2.432552377
20040811,-1.232048439,5.308127286,-3.118896869
20040812,-1.405175346,3.049977941,-2.699093583
20040813,-1.236932992,1.5215603,-1.473060611
20040816,2.585337883,1.570058034,3.110524098
20040817,1.975713243,2.007484098,1.975713243
20040818,1.469783384,1.370077373,1.333202438
20040819,0.718135941,1.453051993,0.380867493
20040820,0.850307204,1.142356736,0.357143237
20040823,-0.629781659,1.515545723,-1.255621878
20040824,-0.402595042,0.871912267,0.674614657
20040825,1.696469257,1.217767127,1.247232204
20040826,0.486188803,1.059543059,0.397614838
20040827,0.309255824,0.975568718,-0.044101434
20040830,-0.49008786,0.513246297,-1.242803391
20040831,-0.266666825,0.800271244,0.356665559
20040901,-0.044533512,1.337196854,-0.089047201
20040902,0.846518755,0.798676509,0.400089442
20040903,-0.668898815,1.668310045,-0.846518755
20040907,1.46506505,1.322989014,1.509797773
20040908,0.13114756,0.714519873,0.877583517
20040909,-0.131204917,0.633805128,-0.174901662
20040910,0.606324941,2.989011269,1.347553536
20040913,0.429923276,1.105577447,0.645580034
20040914,-0.257621439,0.694196908,-0.214730596
20040915,-0.994172874,0.67581857,-1.03717438
20040916,2.028992549,1.033558866,1.637261907
20040917,-0.806627171,0.721335445,0.256082086
20040920,-0.560467085,0.833733649,-1.416636698
20040921,0.428266179,1.303406597,1.160554612
20040922,0.042946103,0.992929976,-0.471193847
20040923,0.258286842,1.572123559,-0.128893681
20040924,1.114456455,0.965456858,0.856169613
20040927,-0.344530918,0.777659264,-1.200700531
20040928,-2.271832089,3.106841927,-2.401337827
20040929,0.661232297,2.126272582,0.572814961
20040930,-0.133126268,1.584400471,-1.060080599
20041001,2.322119674,1.388996442,2.499582009
20041004,0.853611671,0.976982755,1.887657937
20041005,1.389788636,1.228708947,1.602057873
20041006,1.408473988,0.510856558,1.659100686
20041007,1.385515236,1.564424806,1.632023167
20041008,0.10095912,1.140150897,0.262706022
20041011,0.201005093,0.818966787,0.503272325
20041012,0.525997571,0.901347362,-0.483092727
20041013,0.682322535,1.186775256,0.883894867
20041014,-0.722314537,0.863289426,-0.682322535
20041015,0.402091414,1.403893201,0.36180944
20041018,0.31948909,0.602175354,0.640002185
20041019,-0.640771115,1.470996367,-0.760459939
20041020,-0.242424361,0.979769653,-0.685348379
20041021,1.485672779,1.481766946,1.485672779
20041022,-1.971498173,1.359404747,-1.931649598
20041025,0.612621887,1.361821753,-0.203376112
20041026,1.683097625,1.313012504,1.234208889
20041027,0.844565648,1.652025423,0.421391212
20041028,0.399680788,1.178109403,0.399680788
20041029,0.717420375,0.903792936,0.437811645
20041101,0.436768612,3.192081322,0.238000906
20041102,1.224102156,2.709191313,0.946379303
20041103,-1.008933665,1.679278743,0.625980135
20041104,2.305134721,1.457644646,2.655534146
20041105,0.227704083,2.325237132,0.189717378
20041108,-0.421537317,1.385222841,-1.297232995
20041109,1.033106568,1.555034539,0.879378636
20041110,0.867438967,1.490676541,1.361079613
20041111,-0.692692089,1.20672757,-0.05634332
20041112,0.974520456,1.279459889,0.729998562
20041115,-0.335633356,1.224971897,-0.149309472
20041116,0,1.240504511,-0.825210984
20041117,0.037657692,2.017737653,0.037657692
20041118,0.075528704,1.281403001,-0.263902132
20041119,-1.027566258,1.461998832,0.508332075
20041122,1.89350376,1.294745287,2.099863461
20041123,0.476802664,0.886294002,0.51357413
20041124,-0.073019353,1.089346728,0.182781992
20041129,-1.0663826,2.01804265,-0.258445778
20041130,-0.33413805,1.391058015,-0.593253501
20041201,2.59849936,1.593408881,2.895566047
20041202,-0.144613185,1.44425468,-0.144613185
20041203,-0.436999967,1.762519557,-0.872098551
20041206,-0.091382625,1.620886433,-0.20093166
20041207,-0.626037766,1.259544367,-1.010759317
20041208,0.40553051,1.488441148,0.40553051
20041209,1.532317468,1.473712004,1.605873926
20041210,0,0.487153336,0.036199095
20041213,0.180733828,0.483027622,0.216919825
20041214,-0.216606583,0.234142216,-0.072254338
20041215,0.326738356,0.516318991,-0.289540557
20041216,-0.072490036,1.051799487,-0.036251586
20041217,-0.582243275,1.225596701,-0.654785897
20041220,-0.127678996,1.499020066,-0.01824984
20041221,0.619197025,0.903497228,0.527897831
20041222,0.21739139,0.934828894,0.326264563
20041223,0.289855275,0.492204328,0.036185996
20041227,0.36088094,0.729439471,0.433213674
20041228,0.789100221,0.502917472,0.825116789
20041229,0.250761371,0.49774682,-0.143010393
20041230,-0.32217676,0.299246999,-0.214899796
20041231,-0.501613377,0.401193267,-0.179436617
20050103,0.107816722,1.109999047,0
20050104,-1.332152914,0.849578281,-0.902044724
20050105,-0.491043998,0.81635509,-0.599838207
20050106,0.036449791,0.847004551,0.05467967
20050107,-1.244070198,1.269108349,-1.025650017
20050110,0.47767866,0.639465031,0.440853028
20050111,0.294117859,0.665069741,-0.146735169
20050112,1.838253601,1.083262927,1.764805196
20050113,-0.539472626,0.731292237,0.018032639
20050114,0.780422549,1.359627986,2.034694502
20050118,1.542266812,0.570907922,1.577596259
20050119,-0.837701234,0.734110277,-0.768160202
20050120,0.526779093,1.29850716,0.070077088
20050121,-1.288063684,0.696309949,-1.39319774
20050124,-0.713015498,1.034879418,-0.730775911
20050125,2.176288067,1.239514899,2.995818754
20050126,-0.836824967,1.11037744,-0.836824967
20050127,-0.352485384,1.401059867,-0.843886865
20050128,0.070896848,1.073026731,-0.35373224
20050131,0.06990563,1.216579183,1.40748277
20050201,0.17376199,2.194724032,0.626961301
20050202,-0.207900283,0.443512055,0.104112451
20050203,-0.277585189,0.595136961,-0.173581019
20050204,1.842497236,0.621910787,1.807744847
20050207,1.584926112,0.641074736,1.976582637
20050208,-0.100452043,0.525394215,-0.133913646
20050209,-1.319592825,0.682077128,-1.655163609
20050210,-0.645492304,0.888465465,-0.068143103
20050211,0.341413783,1.32474388,0
20050214,0.443611033,0.828330149,0.10219725
20050215,0.883157914,0.601165877,0.678658865
20050216,-0.509771707,0.658849165,-0.746778759
20050217,0.375491139,0.914116683,0
20050218,-0.992648918,0.769040819,-0.95858317
20050222,-1.467018975,1.809795445,-2.26135919
20050223,0.910370433,1.527030489,0.945550732
20050224,-1.553703571,1.125322139,-2.077905365
20050225,-0.785999045,1.753614112,-0.785999045
20050228,0.575127394,0.853543044,0.071710293
20050301,1.877158006,0.823643577,2.127739845
20050302,0.911327723,1.400344299,0.559833513
20050303,-0.454149252,1.262975745,-0.349528493
20050304,0.451154678,0.824740289,1.114217655
20050307,0.311257384,0.516338065,0.276625349
20050308,-0.838286432,0.8264114,-1.566066459
20050309,-1.56253179,1.802633767,-2.01955491
20050310,0.429492428,1.081380917,0.214515635
20050311,-1.794091896,1.298365116,-1.366436219
20050314,0.03570791,1.203753786,1.402144129
20050315,1.089450241,1.511177179,2.119471779
20050316,0.595761356,2.243515834,0.034946707
20050317,-1.677774413,0.610067164,-0.877352531
20050318,-1.238296382,1.28620482,-0.99186077
20050321,-0.177336454,1.312346221,0.284394077
20050322,-0.966191091,1.764718226,-1.286191364
20050323,-0.574920736,1.084444412,-0.215982805
20050324,-0.071968337,1.101670369,0.108049713
20050328,0.962059799,0.983100238,1.500564062
20050329,-0.785999045,1.042806496,-1.141239205
20050330,1.312773865,1.239127864,1.742266293
20050331,1.120459901,1.01219625,1.226149536
20050401,-0.697109829,1.249360147,-0.453673785
20050404,-0.735683823,0.858403353,-0.52604014
20050405,0.597436323,1.068794672,0.351000711
20050406,-0.894036983,0.63767419,-0.509353872
20050407,1.01559269,0.65678293,1.068404944
20050408,-0.911967036,0.875896431,-1.121245103
20050411,-0.955590354,0.425419447,-0.920360479
20050412,0.213295495,1.505442239,0.142146435
20050413,-1.14820063,1.218411401,-1.610917241
20050414,-0.036185996,1.339718961,-0.289121994
20050415,-0.728335339,1.579359831,-0.982004618
20050418,-0.185356865,1.64194265,-1.50987954
20050419,1.147948174,1.643398216,0.776200534
20050420,-1.194489753,1.642831821,-1.970690286
20050421,3.121237399,1.99412138,3.794892641
20050422,-1.092907053,1.606404961,-1.310062405
20050425,-0.513385799,1.336207838,-0.366972889
20050426,-1.112771126,0.729204383,-1.444202105
20050427,0.485709903,1.636304942,0.074571219
20050428,-2.782721959,1.575072559,-3.643666824
20050429,1.334624195,1.864502917,2.028001395
20050502,-0.945365331,1.519725255,-0.30349037
20050503,-0.304298447,2.121540085,-0.266311742
20050504,2.036269452,1.891976253,2.036269452
20050505,0.112296474,1.681395264,-0.224215341
20050506,-0.111379258,1.543127769,0.708297463
20050509,0.407332539,0.874256289,0.518711797
20050510,0,0.938433087,-0.593033613
20050511,-1.343303781,6.364113464,-1.046347364
20050512,-0.670143982,2.864893513,0.561904457
20050513,0.222717241,1.57637869,0.744327962
20050516,0.14776508,0.566420456,0.443951895
20050517,1.070318393,0.724587258,0.552182518
20050518,0.291121021,0.980282582,1.022653178
20050519,0.934586242,0.580597565,1.550418654
20050520,-0.608993464,0.513626748,-0.430262406
20050523,-0.831680802,0.842680687,-1.047508224
20050524,0.725956001,0.998869442,0.398623467
20050525,0.871781765,0.810232816,0
20050526,-0.035977694,0.405450828,0.505051579
20050527,0.538891191,0.381560548,0.430880379
20050531,-0.870832789,1.157829545,-1.698324469
20050601,0.326619779,1.247159569,0.581396987
20050602,-0.545356742,0.63246866,-0.617846777
20050603,-0.073152893,0.396332855,-0.365230501
20050606,-0.625346897,0.678279285,-0.845127205
20050607,0.550965581,0.786610996,0.735297431
20050608,0.072966074,0.447418885,0.438597194
20050609,0.728600673,0.827113518,0.472986146
20050610,-0.108952253,0.612189445,-0.108952253
20050613,1.26928268,0.995399106,0.832282713
20050614,-0.540055318,0.891904979,-0.1803427
20050615,-2.73490154,1.121832643,-2.37454079
20050616,-1.077076336,0.76907837,-1.003166503
20050617,-1.669487857,2.171068561,-0.186881011
20050620,0.225903711,1.554959115,-0.52513249
20050621,0.336763648,1.390347501,0.674665228
20050622,-0.708825949,1.222146343,-0.224383041
20050623,-1.587334916,1.061419515,-1.737203808
20050624,0.115273788,1.068176347,-0.80321717
20050627,-1.509024572,1.136271357,-1.509024572
20050628,0.46475684,0.957825939,0.892689802
20050629,-1.36801039,0.56784936,-1.83276723
20050630,-1.986104022,1.723827315,-0.929135873
20050701,-0.437115737,1.209261564,-0.258526544
20050705,-0.199561032,1.247873194,-0.319106773
20050706,-0.643865403,0.658772763,-1.044186194
20050707,-0.163599218,0.947258469,-1.382135823
20050708,2.428286048,1.68224418,2.346385962
20050711,-1.264339245,1.576277966,0.558215166
20050712,0.513530656,1.8441939,0.910356574
20050713,1.134819457,1.042519986,1.252952961
20050714,1.454292757,1.612774213,2.383811456
20050715,-0.113700979,0.749135055,0.189789391
20050718,-1.107515617,0.854408843,-1.259318302
20050719,-1.004257185,1.062949364,-1.08109161
20050720,0.116346726,0.963306889,0.155159069
20050721,-1.089081165,1.700371943,-0.895470262
20050722,1.168237585,1.107178008,1.01168178
20050725,-0.621361222,1.299848125,-0.621361222
20050726,0.620157026,1.546059019,0.814747475
20050727,-1.42282731,1.609627657,-0.232108421
20050728,1.045103377,1.27029415,0.579264026
20050729,-0.970316171,0.984451553,-1.278839362
20050801,-0.117073184,0.708926166,-0.117073184
20050802,-0.039100685,0.665427371,-0.156311091
20050803,0.505149704,1.353799652,0.895470262
20050804,-0.584227562,0.941622117,-0.778214044
20050805,-0.039223378,0.927073756,-0.43061331
20050808,-0.295130563,1.237935408,-0.452178103
20050809,1.576652541,1.891680876,3.237657997
20050810,-0.509106249,2.30338277,-2.863972834
20050811,1.852807756,1.507722221,1.577596259
20050812,-0.271370587,1.071532238,-0.445435035
20050815,1.383041638,1.151467395,1.73181161
20050816,0.190657827,1.362145623,0.15249717
20050817,0.343315233,1.300431722,0.038087984
20050818,-0.38284886,0.814792706,-0.726164093
20050819,-0.499328865,0.499653578,-0.384320227
20050822,-0.658279241,1.172120627,-0.889582351
20050823,0.583545714,1.19988136,0.155279534
20050824,-1.213084725,0.643657752,-1.484982349
20050825,-1.223618977,0.612945499,-0.869914541
20050826,0.276844155,0.966494797,0.554456866
20050829,0.950502206,1.00275922,0.197277634
20050830,0.436595256,1.148358651,-0.474121789
20050831,-0.297471712,1.366025834,-0.297471712
20050901,-1.728686264,1.259369286,-2.066894087
20050902,0.283114446,1.591284659,0.404695008
20050906,1.480915598,1.275582749,1.642336133
20050907,0.71627843,1.012961474,0.198452139
20050908,-0.480385231,0.353291821,-1.196663662
20050909,0.439912727,0.890533309,0.560225555
20050912,0.119593397,0.698590009,0.159489667
20050913,-1.201456182,0.469531191,-1.121806636
20050914,-3.023106035,2.853148793,-2.902308758
20050915,-0.08329863,0.421080894,-0.457286185
20050916,0.124403914,0.474366963,0.540204929
20050919,-0.417537141,0.607943375,-0.95774207
20050920,-0.587496444,1.244788399,-0.587496444
20050921,-1.065426656,1.529880962,-1.783486764
20050922,0.04303852,1.490946325,-0.429369487
20050923,0.474650298,1.043888203,-0.04303852
20050926,-0.51413995,1.044171213,0.215007608
20050927,0.257179739,1.288979613,0.34305351
20050928,0.128452169,1.218125775,0.042799059
20050929,2.409755158,1.654309886,2.409755158
20050930,0.456527043,1.436271803,0.873367997
20051003,-0.456906299,0.818308436,-0.539756345
20051004,1.724888761,1.78125405,2.223228663
20051005,-0.616651492,1.814119816,-1.27024859
20051006,-0.620477689,2.758341721,-0.620477689
20051007,0.124403914,0.890800555,0.124403914
20051010,-0.667782114,1.118384608,-1.041459111
20051011,-0.252206943,2.558041024,-0.503779403
20051012,-1.784244445,2.940054547,-1.826340846
20051013,1.202247199,1.557291667,0.427716649
20051014,0.042707667,1.168162096,-0.042689435
20051017,1.155093057,1.864641679,0.383550438
20051018,-0.383877631,0.954053871,-0.468984019
20051019,0.772204609,1.880814378,0
20051020,-1.598651458,1.773436946,-1.898245091
20051021,-0.520834511,2.392823559,0.087070097
20051024,1.382908815,3.668651626,1.382908815
20051025,1.584276339,1.171680428,1.024774126
20051026,0.169707296,2.194125228,0.212179159
20051027,-1.526747213,1.536587079,-0.808687106
20051028,1.35080146,2.030462032,1.904819497
20051031,1.529903729,1.481160502,2.15686503
20051101,1.492107397,1.068467378,1.122117252
20051102,0.930615658,0.801880818,0.747855936
20051103,-0.360938832,1.354349892,0.241351686
20051104,-0.86371934,1.007887163,-0.422748491
20051107,0.677698428,0.816162809,1.541417767
20051108,-0.05961252,0.558099337,-0.05961252
20051109,0.868883823,1.35726326,1.087289549
20051110,1.251972534,0.855487297,1.133931994
20051111,0.387597384,0.635614502,0.504170159
20051114,0.810658753,0.981649736,0.617047851
20051115,0.538462839,1.364540952,0.230414848
20051116,-0.694179417,1.847793937,-0.886154903
20051117,1.158761517,0.728219456,0.771013843
20051118,-1.926538846,4.5595166,-3.318672698
20051121,-0.03992813,1.918485808,-0.597254413
20051122,0.080224633,0.803465649,-0.400160598
20051123,-0.438684652,0.816495943,0.320256479
20051128,-0.637198492,1.187561972,-0.079872209
20051129,0.119641091,0.640808189,0.239425493
20051130,-0.759851686,1.163810265,-0.72000311
20051201,-0.359928403,0.762080543,0.200521423
20051202,0,0.404474217,-0.280842712
20051205,0.802572526,0.704326531,0.520938866
20051206,1.382055562,0.743007546,1.900294713
20051207,0.664454272,0.582454421,0.664454272
20051208,-1.071651455,1.047779437,-2.405004542
20051209,0.397931285,0.547231899,0.477707915
20051212,-0.475625153,0.592693891,-0.039721947
20051213,0.119450542,0.659775758,-0.159045759
20051214,-0.079872209,0.492513883,-0.398724611
20051215,-1.005033585,0.715846774,-1.124961643
20051216,-0.765978347,0.717980398,-0.161746901
20051219,-1.053921389,0.867048379,-0.690358072
20051220,-0.983614488,0.731054435,-1.065147309
20051221,-0.619964788,0.718385551,-0.661159433
20051222,0.207082286,0.603629812,0.207082286
20051223,0.247320819,0.291402575,0.49525483
20051227,-0.742271449,0.568132682,-0.536636995
20051228,0.165768791,0.734324517,-0.041399297
20051229,0,0.460952877,0.124146509
20051230,-0.70642305,0.263213264,-0.830569559
20060103,1.361126396,1.045727101,1.777273481
20060104,-1.895400788,2.651377135,-1.527377474
20060105,1.174181788,1.529039018,1.547858785
20060106,0.324018104,0.888064162,1.281938402
20060109,0.601807233,0.709833491,1.085874333
20060110,1.152406952,0.433341109,1.232374969
20060111,0.706716722,0.827704094,0.982905495
20060112,0,0.590946527,0.351494211
20060113,0.077821016,0.500581171,0.233644966
20060117,-0.823695577,0.709927845,-1.252462556
20060118,-0.158667229,0.924640952,-0.790830535
20060119,4.760945904,3.314043478,4.083787371
20060120,-1.350068722,4.077235826,-1.885033697
20060123,-0.838456701,2.942167301,-0.838456701
20060124,1.511949717,1.010600821,1.766178855
20060125,-2.866191552,1.309624577,-2.099610566
20060126,-1.620909179,2.368488884,-1.424638262
20060127,-0.358351966,0.601419304,-0.079744821
20060130,1.025650017,0.820594429,1.622191853
20060131,-0.708385489,0.630633393,-0.629923343
20060201,0.436422038,0.434843503,-0.237248035
20060202,-0.159172338,0.434887398,-0.595594375
20060203,0.440794142,0.528125208,-0.399042828
20060206,-0.876848982,1.035283004,-0.120024019
20060207,4.322723097,4.502379986,6.696252242
20060208,0.447594929,1.57562277,0.597239551
20060209,-0.560225555,0.654385487,-0.634685722
20060210,0,0.8052276,0
20060213,-0.941449243,1.310186991,-1.016383679
20060214,0.675424707,0.390757667,1.166084306
20060215,0.447594929,0.583565563,0.484985095
20060216,0.519096457,0.643166022,0.630682855
20060217,-0.593253501,0.513598441,-0.556278089
20060221,0.516797016,0.754483784,0.999083241
20060222,0.859316011,0.656291213,1.11671641
20060223,0.906295854,0.394299132,0.888089208
20060224,0.969661036,0.672399956,0.969661036
20060227,1.383246031,1.92794518,1.454700125
20060228,-1.77246753,2.416903116,-1.526205312
20060301,0.356506616,0.651624947,0.499465897
20060302,0.679423318,0.586837412,-0.142450167
20060303,0.99715926,0.902933138,0.568587175
20060306,-0.856230704,1.153544877,-1.104589888
20060307,0.680884193,0.591428239,0.321946263
20060308,0.142755199,0.521683066,0.142755199
20060309,0.035593522,1.165664093,0.213751417
20060310,0.49804443,0.775758085,0.284293013
20060313,0.98557644,0.670488389,1.304442963
20060314,0.613015318,0.36908095,0.297280974
20060315,0.627398363,0.486463125,0.505095561
20060316,-0.382542633,0.73959029,-0.278357869
20060317,-0.557298551,0.553594728,-0.244200366
20060320,-0.20942416,0.792015375,-0.034934498
20060321,-1.65876399,0.902611061,-1.833619779
20060322,-1.108936422,0.714451722,-1.073355564
20060323,-0.93999246,0.580392661,-0.975970154
20060324,-0.145613422,0.2601301,-0.29101512
20060327,-0.364963909,0.447343405,-0.364963909
20060328,-0.881710341,0.600093573,-0.918280098
20060329,2.431620442,1.251153152,2.873447375
20060330,-0.071710293,1.653650421,-0.035861575
20060331,0.215208117,1.284133737,0.107546166
20060403,0.143420605,0.845520789,0
20060404,0.17930792,1.088970085,0
20060405,-0.287459774,0.795268915,-0.430880379
20060406,0,1.165279168,-0.3966113
20060407,-0.795952104,1.647677576,-0.543381159
20060410,0.867370816,0.975609346,0.93999246
20060411,-0.143936693,1.143888652,-0.071994244
20060412,0.502874623,0.862357781,0.502874623
20060413,0.143678186,0.678260398,-0.17930792
20060417,-0.505051579,0.548215942,-0.756624038
20060418,1.289416145,0.728585433,1.614384837
20060419,-2.159133894,1.01431211,-2.194727416
20060420,-0.437956904,0.634840773,-0.547147088
20060421,-1.869213301,0.869675205,-1.140347101
20060424,1.10743103,0.837823641,0.773912099
20060425,-1.56152709,1.790191454,-0.866444724
20060426,0.774768679,1.745563121,0.756251875
20060427,2.14748926,3.18340087,2.037174852
20060428,0.898155849,1.743506672,0.681861605
20060501,-1.221279547,1.296113341,-1.042612357
20060502,0.359066813,1.122430972,0.827789503
20060503,0.677485209,0.620861442,0.856536286
20060504,0.81344392,0.485050413,0.88449188
20060505,1.98026273,1.316291165,2.366974409
20060508,-1.790681456,1.101092602,-1.002601311
20060509,2.566436838,1.18826743,2.809365987
20060510,1.200814963,1.859698168,1.874218181
20060511,-0.234781258,1.348506925,-1.267951588
20060512,0.335008689,1.300951077,0.402145314
20060515,0.836824967,0.743477751,0.333890127
20060516,1.259963618,0.756441638,1.159913584
20060517,-1.833079156,1.298156673,-2.06398805
20060518,-0.505306785,2.511580274,-0.40444949
20060519,1.503787736,2.84732894,1.807278106
20060522,-0.332779009,1.846180709,-0.498754151
20060523,0.298557196,0.939051088,0.631336206
20060524,-0.595633793,1.209794139,-0.198939058
20060525,-0.330578813,0.491939473,0.232057124
20060526,0.591717703,0.435673723,1.021257435
20060530,-0.857242309,0.729358047,-1.021257435
20060531,0.493016611,0.933938335,0.988475923
20060601,0.327332534,0.800992917,0.327332534
20060602,0,0.411788521,0.0326744
20060605,0.391134788,1.048919986,0.423798515
20060606,-1.041337103,1.319248793,-0.554560221
20060607,0.261694621,1.207800866,0.130761705
20060608,-1.62713203,2.02496276,-2.447212073
20060609,-2.059839838,1.29357503,-1.892587751
20060612,1.956052585,2.305262204,-1.374119869
20060613,-0.880442384,1.959829193,-2.238638432
20060614,2.364676972,2.111911001,1.405010819
20060615,1.799356505,1.344493954,1.694662725
20060616,0.647472018,0.743513846,0.955638672
20060619,-1.298719553,1.280469871,-1.264757929
20060620,0.721033167,1.105392635,0.548886455
20060621,-0.102898311,1.739113658,-0.308377836
20060622,0.547758987,1.720747924,0.513436007
20060623,0.412797284,1.343628121,-0.547758987
20060626,2.144033124,1.431813212,1.937847484
20060627,-0.542374211,1.021679006,-0.947233064
20060628,-0.102058182,1.183047282,-0.136054443
20060629,0.942133483,0.882430855,1.620562137
20060630,0.066912013,0.906980273,0.133868829
20060705,0.901358131,1.293231258,0.232906444
20060706,-0.033272334,0.791987652,-0.133022966
20060707,-0.234388187,0.848592689,-0.734806245
20060710,-0.931477127,0.85597457,0.301255458
20060711,1.163770408,0.941989947,1.096903137
20060712,-1.096903137,0.99770375,-1.096903137
20060713,-2.103888603,1.733761089,-4.197852311
20060714,-0.210378759,1.86417392,-0.699548148
20060717,1.445468495,1.115075486,0.280406773
20060718,2.188727289,2.06241302,1.838095793
20060719,0.754720564,1.823759959,0.548322141
20060720,-0.342583411,2.392569478,-0.410959482
20060721,-1.533665474,1.963854722,-2.326089948
20060724,2.830703327,1.434531784,3.146326946
20060725,0.954335805,1.487053776,0.339789658
20060726,-0.374213738,1.749885646,-0.476029461
20060727,-1.495609115,1.53551405,-0.478306344
20060728,1.083287506,0.85541196,1.697833653
20060731,0.472654492,0.794393423,-0.033675703
20060801,-1.016957917,1.12611006,-1.15177425
20060802,1.556188374,0.810126017,1.488022045
20060803,1.68014705,1.304315813,0.735789273
20060804,-0.633652279,1.009426908,-0.400668316
20060807,-1.652372783,1.103648888,-1.618922373
20060808,-1.778432645,3.430714473,-1.472881567
20060809,-3.378584441,2.373370144,-0.58833878
20060810,2.744597661,2.236616827,2.536119476
20060811,-0.694506052,0.979507824,-0.457899554
20060814,0.033858135,0.985726827,0.424052879
20060815,-0.067476386,0.775249496,0.304208448
20060816,-0.033664367,0.465586344,0.235968422
20060817,1.008411907,0.472145636,0.671143459
20060818,-0.200400869,0.602843209,0.033439225
20060821,0.200467825,0.563738788,0.167028601
20060822,-1.10720809,1.01432307,-1.073835822
20060823,-1.428109957,1.219980772,-1.495609115
20060824,-0.757057986,1.17035123,-0.859850526
20060825,0.519481688,0.864430165,0
20060828,1.577536144,0.911828832,1.508427641
20060829,-0.974116906,1.032122704,-0.940097514
20060830,1.156475474,0.697332095,1.550682858
20060831,0.439709824,0.796682195,0.202702772
20060901,0.301356331,0.490906859,0.940551106
20060905,0.201005093,0.316743058,-0.100351238
20060906,-0.337041101,0.44334658,-0.873955142
20060907,0.271554817,0.987210577,-0.405954549
20060908,0.135180825,0.693692985,0.372187877
20060911,0.538540514,0.36099781,0.606062461
20060912,1.534386341,0.650518258,1.400022867
20060913,0.658980968,0.969667429,0.791299876
20060914,0.329815602,0.886843386,-0.26307151
20060915,-0.690905857,1.200667544,-0.263765402
20060918,-0.199401861,0.968848594,-0.762224071
20060919,1.253728068,0.815907336,1.453129929
20060920,1.330540479,1.084603309,1.690547414
20060921,-0.939887003,1.022783709,-1.00438233
20060922,-1.549396415,1.070642204,-2.00631627
20060925,-0.396957187,1.614846612,0.232288142
20060926,2.576369469,1.31620613,2.907276455
20060927,0.484106158,1.475043651,0
20060928,-0.226061779,1.492043269,-0.419423102
20060929,-0.35524016,0.719517899,-0.064683055
20061002,-0.782527632,1.135403039,-1.171507053
20061003,1.691647367,0.955357354,1.462251887
20061004,1.031934343,0.691532862,0.546888929
20061005,0,0.386888245,-0.353527606
20061006,1.478651177,0.562454982,0.897441921
20061009,0.415137112,0.95827594,0.127551038
20061010,-0.159872136,0.594900253,-0.415137112
20061011,0.288046287,0.664844027,0.12791815
20061012,-0.19157094,0.755746246,0
20061013,-0.38510959,0.766713382,-0.60907385
20061016,-0.096665063,0.567373486,-0.257566144
20061017,0.353982671,0.588530607,0.353982671
20061018,0.987741024,0.765145239,1.308459708
20061019,0.507615303,0.564576521,0.190053906
20061020,-0.949374219,0.939407813,-0.475813745
20061023,0.256082086,0.437013546,-0.542006747
20061024,0.799620445,0.722624951,0.351045518
20061025,-0.829880281,1.189433713,-0.607127604
20061026,1.895791374,0.948045971,2.375408601
20061027,-0.283063564,0.871861662,-0.627945548
20061030,0.503620832,1.137437172,0.314465668
20061031,-1.185128827,1.015407797,-1.2479429
20061101,0.283956651,1.213379765,0.901976208
20061102,-0.031550718,1.000807449,-0.15765414
20061103,0.21967685,0.604702115,0.660483609
20061106,1.427708919,0.649213231,1.709443336
20061107,1.025807051,0.920734375,1.148997704
20061108,1.215820448,1.061888857,0.834286219
20061109,1.344307026,2.267838052,1.796455498
20061110,-1.227009259,8.609179697,-3.933941456
20061113,-0.185931259,2.308045412,-0.495050516
20061114,0.092350322,1.083056005,0.80321717
20061115,0.798530042,1.014843071,0.58291314
20061116,0.333384155,0.940568221,1.095234556
20061117,-0.3939996,0.558291271,-0.363746991
20061120,0.362976805,0.23348295,0.575323313
20061121,0.513053789,0.553012756,0.301477467
20061122,-0.755176524,0.665530718,-0.725078705
20061127,-0.840662192,1.159467077,-1.023143994
20061128,1.376800087,1.169410736,1.023143994
20061129,-0.121506698,0.777471088,-0.030390518
20061130,0.242204175,0.887454821,0.515386922
20061201,0.120955564,1.339068523,0.060459494
20061204,0.689968239,0.565783009,1.082066464
20061205,2.218041543,0.727647423,2.188141708
20061206,0.146821345,0.800059825,-0.322250169
20061207,0.263968477,0.815106368,0.175901541
20061208,1.082040094,0.80570768,0.700528259
20061211,0.639537064,0.67469026,0.377413716
20061212,0.318887065,0.846096936,0.11584131
20061213,-0.029040221,0.284120285,-0.347927286
20061214,0.606850584,0.452233268,0.809955252
20061215,-1.621344144,1.041075394,-1.304933698
20061218,1.107883052,0.51518591,0.669093405
20061219,1.183104263,0.616934526,1.067061314
20061220,-0.316957476,0.57325343,-0.604231446
20061221,-0.519631654,0.473585409,-0.289017542
20061222,-1.367294028,0.781988259,-1.193783285
20061226,1.22343501,0.666704765,1.164835535
20061227,-0.26022857,0.358693503,0
20061228,-0.05792065,0.802071802,-0.05792065
20061229,-0.203577212,0.644891134,-0.493684755
20070103,-0.029235492,1.212097995,-0.43763746
20070104,0.757358703,0.952516459,0.757358703
20070105,-0.292226976,1.322934146,-0.845116497
20070108,0.931593346,0.616013831,0.990107098
20070109,-0.203104669,1.445163761,-0.232085976
20070110,0.961685978,0.80771769,0.145116845
20070111,1.149768343,0.793624028,1.468286058
20070112,0.598377622,0.919514979,0.598377622
20070116,0.08565311,0.54059539,-0.455581654
20070117,0.697561374,0.655584411,0.583340916
20070118,1.490256738,0.936783675,1.646185609
20070119,-1.203990464,0.881986212,-0.925283484
20070122,-0.878317022,0.710307898,-1.019261372
20070123,1.444579717,1.156177148,1.188132789
20070124,-0.64852899,0.886387711,-0.59230183
20070125,-1.080784127,0.518547364,-1.080784127
20070126,-1.265111755,0.934426236,-1.179360714
20070129,0.549213694,1.117934002,0.375451705
20070130,1.162386626,0.672972466,1.018148897
20070131,0.15639443,0.59536447,0.427107711
20070201,-0.285388322,0.527091299,-0.584172068
20070202,0.455841245,0.732110837,0.541543293
20070205,0.028348689,0.888120602,0.283849183
20070206,-0.524266167,0.719220773,-0.241220408
20070207,0.422952837,0.796009686,0.975479567
20070208,-2.034444072,2.129747801,-0.748432499
20070209,-2.443703605,1.533885811,-2.628140062
20070212,-2.014372593,0.807057021,-1.318314098
20070213,1.778731836,0.585410865,2.014372593
20070214,0.447169876,0.554090462,0.403807875
20070215,-0.144196132,0.706113545,-0.259403518
20070216,0.517837751,0.587220166,0.575541157
20070220,0.658556424,0.67024784,0.543712886
20070221,0.670999734,0.587466737,0.284981669
20070222,0.199401861,0.779718963,0
20070223,0.39931599,0.388632081,-0.028461648
20070226,-0.056931399,0.431799764,-0.028469751
20070227,-3.873723765,10.13797015,-4.96162456
20070228,2.483865129,3.21808856,2.424002811
20070301,2.116481119,3.706965304,0.408044868
20070302,-0.529413001,1.172307321,-1.376504382
20070305,0.534919552,2.779171083,-0.502587902
20070306,1.52450915,1.360557239,1.850001374
20070307,0.145369992,0.809672623,0.145369992
20070308,0.201991123,0.404421449,0.78136702
20070309,-1.21458983,0.808705146,-0.926737012
20070312,-0.102316752,0.639747051,-0.525088721
20070313,-1.139149829,1.138219731,-1.725833823
20070314,0.356294914,1.988211722,0.40092117
20070315,-0.044381982,0.930102041,0.148082361
20070316,-0.888894742,1.230986005,-0.563883376
20070319,0.499927523,0.643121988,1.447801918
20070320,0.964637705,0.597604742,0.832546984
20070321,2.560922573,0.944119029,2.371652662
20070322,0.88068751,0.517283735,0.439374245
20070323,-0.498754151,0.549119801,-1.009176357
20070326,0.941384787,0.555508475,0.626604158
20070327,-1.290340484,0.368848161,-1.631637743
20070328,-1.133897888,1.108177146,-1.307208157
20070329,-0.493111949,0.675695488,0.554018038
20070330,0.058088878,1.676711565,0.145285512
20070402,0.203281615,0.618082796,0.087070097
20070403,0.864309616,0.828965986,1.125065956
20070404,-0.518285065,0.669541751,-0.63309564
20070405,0.776423742,0.461666243,0.776423742
20070409,0,0.42761543,0
20070410,0.573396066,0.419186658,0.200314847
20070411,-1.006768176,0.68578817,-1.121184664
20070412,0.230880333,0.610571023,0.288683803
20070413,0.288184637,0.846031576,0.172811103
20070416,0.630194008,0.513427916,0.773975485
20070417,0.684934185,0.543742513,0.398974596
20070418,-0.428878427,0.539033825,-0.742224361
20070419,0.689261775,0.758589977,0.11454755
20070420,0.028340655,0.762518707,0.996733298
20070423,-0.483298737,0.568729051,-0.568344809
20070424,-0.485507165,0.530431861,-0.457013078
20070425,0.853247497,0.606661087,1.082015112
20070426,-0.056882823,0.937158756,-0.454159168
20070427,-0.05715919,0.677951624,-0.484814867
20070430,-0.142877578,0.903120968,-0.028591852
20070501,1.090739619,0.683067852,1.476041558
20070502,0.702348722,1.052348731,0.645978935
20070503,-0.055991043,1.161840181,-0.02799944
20070504,0.377174436,0.780300949,0.419170657
20070507,0.152724778,0.813321382,0.500696456
20070508,0.962206736,1.137137296,1.405175346
20070509,0.736472446,1.580646472,-1.197289469
20070510,-0.433233855,1.155706644,-1.155760272
20070511,0.611282815,0.851070543,1.114217655
20070514,-0.194255646,0.383444857,-0.277392688
20070515,-0.263760825,0.767837465,-0.083368075
20070516,-0.33268675,0.943185552,0.111141995
20070517,0.013899507,0.794603577,-0.097242489
20070518,-0.277315763,0.567528882,0.097242489
20070521,1.242252,0.765137298,1.214478079
20070522,-0.275254784,0.656167483,-0.467483321
20070523,0.549905153,0.646797622,0.522337957
20070524,-1.947171925,1.12015291,-1.700697749
20070525,0.611962967,0.778680813,0.570119044
20070529,-1.13153404,0.917029258,-1.311951825
20070530,1.627420878,0.755253216,0.95079016
20070531,-1.095362728,0.994518719,-1.4578335
20070601,-0.706716722,0.581171337,-0.452873687
20070604,1.438062284,0.643839632,1.324522675
20070605,-0.649995223,0.99292497,-1.267801176
20070606,-1.026234776,1.18976907,-1.054591504
20070607,-1.333353087,1.331207451,-1.821649332
20070608,0.615566944,1.742752446,-0.146006742
20070611,-0.043914222,0.69061777,-0.204768245
20070612,-1.43461752,0.986551775,-1.727872863
20070613,-0.358744779,1.474630972,-0.522740344
20070614,1.130291629,0.793216749,1.250016276
20070615,0.962527484,1.122336606,1.875238074
20070618,0.028956132,0.633993684,0.260907526
20070619,0.707124672,0.649536942,0.66368733
20070620,-1.741193148,1.139857424,-1.76995771
20070621,0.102391584,1.26291243,0.117027515
20070622,0.454979871,1.835412216,-0.160948166
20070625,-0.146563122,1.518849993,-0.161207626
20070626,-0.439561147,1.337950107,-0.117405355
20070627,1.470182317,1.215132259,0.61484603
20070628,-0.692044284,1.265019158,-1.233495816
20070629,0.749617679,1.584265796,0.897262768
20070702,0.449830259,0.852175242,1.135714013
20070705,0.521136095,0.531927876,0.26022857
20070706,-0.217123918,0.349119384,-0.361611734
20070709,-0.072511061,0.504951311,-0.115992473
20070710,-0.911368942,0.669829238,-1.770993963
20070711,0.737792929,0.782324209,0.442022231
20070712,0.526933304,0.739264834,0.703196569
20070713,0.643089033,0.755187548,0.204170991
20070716,0.757138154,0.465339788,0.436110591
20070717,0.838761244,0.696493613,0.722650926
20070718,0.260680814,1.831487971,-0.432963586
20070719,-0.578872818,0.637391332,-0.347725647
20070720,-0.378072284,0.958002602,-0.378072284
20070723,1.583906403,0.976908523,1.961978687
20070724,-0.344432028,1.227648384,-0.630555256
20070725,0.05727377,1.530143124,0.430354989
20070726,-1.829053748,3.311111236,-2.31692959
20070727,-1.381765333,2.498826758,-1.030785154
20070730,0.94535416,1.809945865,0.678568764
20070731,-3.162554736,2.230689995,-3.045011378
20070801,3.055959794,4.823687856,2.691550038
20070802,1.569062178,2.117318663,1.391861895
20070803,-1.201831848,2.882429107,-1.332864844
20070806,0.746654519,1.439065284,1.085213759
20070807,1.751869621,2.921599115,0.784545648
20070808,-0.870832789,2.196187355,-0.726219604
20070809,-2.450810053,3.606774463,-3.712378787
20070810,0.833148802,6.603334315,0.28703094
20070813,-0.481059256,2.19699189,0.105540907
20070814,-3.046230058,3.2697408,-2.595169302
20070815,-2.184855948,2.676236721,-1.999441803
20070816,3.463144397,5.740450973,2.86178161
20070817,-2.1962261,3.175023513,0.122586592
20070820,0.045603102,1.335156469,0.762780205
20070821,1.832968079,1.311198528,1.238499443
20070822,-0.089352203,1.583434044,0.747722939
20070823,-1.822850413,1.426557885,-1.199055133
20070824,1.728290933,1.004420116,2.059466909
20070827,0.414079267,1.297009614,0.088587043
20070828,-1.703313256,0.964814801,-2.087758502
20070829,1.75678182,1.226850222,2.087758502
20070830,-0.268456537,0.953796284,-1.187662416
20070831,-0.594532072,0.921600052,0.179051077
20070904,1.862581562,0.954277145,1.773096097
20070905,0.560225555,1.173273762,-0.381511835
20070906,0.846349719,1.124264041,1.169262079
20070907,-1.080451567,1.029826427,-2.382115284
20070910,-0.624166092,1.280510016,-0.178731057
20070911,-0.417163895,0.847146251,-0.149186959
20070912,0.698731751,1.490191594,0.773353051
20070913,-0.861690074,0.713102961,-0.713651557
20070914,0.656914874,1.546070797,0.268216522
20070917,-0.059970017,1.018901463,-0.776818965
20070918,3.322369368,2.690391858,3.651760293
20070919,-0.806455984,0.728640984,0
20070920,-1.791614451,1.228803465,-1.632689329
20070921,0.697271855,1.054361455,1.516948575
20070924,-0.581566047,0.696424585,-0.726430624
20070925,-0.38084124,1.54499373,-0.64365348
20070926,0.697880122,0.756099182,1.283190544
20070927,-0.611979179,0.59518644,-0.873113812
20070928,0.465929789,0.613535516,0.611979179
20071001,0.462696025,1.453546577,0.69484935
20071002,-0.028764562,0.624423512,0.288101611
20071003,0.432588995,1.365247894,-0.028772839
20071004,0.028624589,0.545204883,0.54527327
20071005,1.133477706,0.805016555,1.561866195
20071008,-0.902940672,0.871109974,-0.593473552
20071009,0.793205292,0.883875087,0.45248946
20071010,-0.509050873,0.909738543,-0.480838149
20071011,-1.347824901,1.866075058,-0.754183582
20071012,0.778764998,0.987093018,1.263234455
20071015,-0.496490133,1.039924908,-0.821418016
20071016,-0.342173131,1.215234999,-0.427533785
20071017,0.438690295,1.677382382,1.136053116
20071018,-1.426761255,1.113596807,-1.752056783
20071019,-2.194674772,1.642775839,-2.901289581
20071022,2.925896254,1.832884269,2.570234942
20071023,0.258212739,1.187656936,0.63236773
20071024,1.003017436,2.676654942,0.485923494
20071025,-1.541262055,1.688403916,-1.798221511
20071026,-0.666765769,2.409895009,-0.188884909
20071029,0.563707498,1.054196635,0.897646103
20071030,-0.552567932,1.149935659,-1.159769451
20071031,0.709787872,2.056371898,1.015531722
20071101,-1.877989465,2.905553983,-2.573241397
20071102,0.058944888,2.677512302,0.531759008
20071105,0.591717703,1.292709325,-0.117924542
20071106,0.205670706,1.713343432,0.500221729
20071107,-0.43254598,3.041366141,-1.83654451
20071108,0.208737216,6.322117613,0.358102442
20071109,-1.29171312,5.191315305,-2.656359026
20071112,-1.37954602,1.738439486,-2.024016565
20071113,2.515470055,2.263122893,2.998149077
20071114,-3.385438075,2.658540681,-3.734425608
20071115,1.900664788,2.805338959,1.869213301
20071116,-0.337786288,2.214121764,0.338931152
20071119,-3.179868107,1.694544069,-3.920840932
20071120,0.476418243,3.584540229,0.955117098
20071121,0.349706285,2.395489931,-0.158554021
20071126,-2.18605252,1.802829293,-1.966444589
20071127,1.508803339,3.198353548,1.588848168
20071128,2.194493875,2.31677508,3.073344478
20071129,0.765817803,1.968254959,0.183262116
20071130,0.392334893,1.7493302,1.303641321
20071203,-0.843886865,1.706253342,-0.483092727
20071204,-0.684986315,2.270143807,-0.927410676
20071205,0.091645035,2.128741983,0.045812019
20071206,0.152788418,1.346461342,0
20071207,0.076271837,1.011065781,0.122062878
20071210,-1.716780362,1.197000177,-1.381873671
20071211,-1.685959385,1.786812034,-1.809721777
20071212,-0.216550742,4.265212274,1.654994839
20071213,1.693650953,2.63512882,1.414537731
20071214,0.790517951,1.657811732,0.821047641
20071217,0.333788809,1.984274367,-0.030289263
20071218,0.455720066,1.189567024,-0.060606062
20071219,-2.422316812,1.843290794,-2.361710749
20071220,-0.216082813,0.783503116,0.433571444
20071221,1.481282334,1.218342395,1.912982048
20071226,-1.166945121,0.655563608,-1.33254546
20071227,-0.966487542,0.835602468,-1.119042873
20071228,-0.952534472,1.022398634,-0.138835348
20071231,-0.03101256,0.568568517,-0.464181554
20080102,-1.497220732,2.027876511,-1.311289473
20080103,-0.596080196,1.137464103,-0.12578618
20080104,-1.308042258,2.416286944,-2.03439947
20080107,-0.240211502,1.99165152,0.144404357
20080108,-2.558844065,2.335610263,-2.286647916
20080109,-1.28650958,3.508033413,-1.188132789
20080110,2.140704174,3.675033644,1.87474657
20080111,-1.570712921,3.522027157,-1.212930786
20080114,-0.378072284,2.002909578,0.131839175
20080115,-0.751318335,5.858478113,-1.744375155
20080116,0.184796357,4.971740553,-0.150943425
20080117,-3.849249049,5.588302641,-3.397100577
20080118,-1.598921794,7.782189596,-0.889514891
20080122,4.9235103,17.77531913,-1.553703571
20080123,3.566711875,8.762815732,1.553703571
20080124,2.320450435,4.450907587,2.320450435
20080125,-2.680572869,4.115919453,-1.726562227
20080128,1.752923386,3.009518106,2.204705214
20080129,0.173822397,5.856714448,-1.926444165
20080130,0.170328776,6.574165556,2.028606612
20080131,3.059382045,4.132910066,1.654046148
20080201,-0.455729955,4.360710739,2.577803015
20080204,0.178209849,1.07655078,0.779984455
20080205,-2.115700072,3.751670492,-2.375019504
20080206,-0.947874395,6.207219999,4.330523394
20080207,0.72865838,4.797469167,0.569802111
20080208,1.158616374,3.045727876,1.379332213
20080211,-0.312989301,2.589190826,-0.687287929
20080212,-0.093618356,1.824877451,0.406695383
20080213,1.459655631,1.506913348,2.314560969
20080214,-1.626551128,2.746583728,-1.413233966
20080215,0.833724144,1.776958075,0.616905103
20080219,-1.571923259,1.291076787,-1.019943937
20080220,1.998052995,1.621041734,1.280980553
20080221,-1.201308148,2.269613712,-1.032764478
20080222,0.769589761,2.552566705,1.048098374
20080225,-0.121654516,1.735667153,0.763712281
20080226,0.304136487,1.218112588,0.212798378
20080227,0.78859978,1.334169007,0.514918599
20080228,-1.161027402,1.495624374,-1.706318059
20080229,-0.154202035,2.219107291,-0.431167899
20080303,-0.123494922,1.953089475,-0.092635486
20080304,-0.968908971,2.915901591,-1.650870696
20080305,-1.226623337,2.034376952,-0.756624038
20080306,-0.972041755,1.884281553,-1.193806458
20080307,-1.195683982,3.505381285,-1.500391137
20080310,-0.865099658,2.092076561,-0.848846102
20080311,0.546888929,1.885917166,2.172941017
20080312,0.191204647,1.623842645,0.767021977
20080313,0.785701148,3.523390679,-0.334848435
20080314,-1.608786307,8.659899762,-1.52895873
20080317,0.049321826,5.819308438,-1.338795507
20080318,2.733327678,3.886153642,4.153180172
20080319,-1.9024036,2.779350323,-1.493276358
20080320,2.057360111,2.327328456,2.153344761
20080324,0.234320188,0.975777056,0.390839237
20080325,-0.202318955,1.351761514,0.155908981
20080326,-0.471328445,1.123784116,-1.080752943
20080327,-1.612173372,2.195246755,-1.172197803
20080328,-1.583146522,2.102000905,-1.153858956
20080331,0.864974158,1.210501697,1.058210933
20080401,0.329696507,1.677343401,1.739174271
20080402,-1.603555819,1.481337889,-1.10324208
20080403,-0.047592608,1.912492117,-0.126863322
20080404,-0.860288881,1.132804565,-0.828557959
20080407,0.317864222,1.14116144,0.828557959
20080408,-0.88092185,0.922788232,-1.374043027
20080409,-0.951696835,1.188229015,-0.742777515
20080410,1.639644513,1.344249948,1.639644513
20080411,-3.001856719,1.63403511,-3.802245176
20080414,-0.564504239,2.010277119,-0.531386172
20080415,-0.399867244,1.230327438,-0.266755743
20080416,1.094356801,1.249080621,1.227823621
20080417,1.736325358,1.062218351,1.538240116
20080418,0.608099169,0.928690479,1.770527499
20080421,1.151275908,0.941224814,0.350374622
20080422,0,0.786191237,-0.350374622
20080423,0.937035364,0.861999372,0.921080039
20080424,0.502355845,0.983375642,0.943996941
20080425,0.868491811,1.458222814,1.399494152
20080428,0.262325588,0.650707018,0.200539982
20080429,1.584039273,1.013840242,0.996711464
20080430,-1.10532289,1.673756638,-1.166372953
20080501,2.586482234,2.021875996,2.74073184
20080502,-0.089592361,1.788939729,0.539246364
20080505,-0.254815397,1.50981147,-0.464176921
20080506,1.283791329,2.417815616,1.178678323
20080507,1.744230266,2.429129869,2.894515771
20080508,0.028922632,1.488840142,-0.34642067
20080509,0.67281225,1.754310972,-0.813012608
20080512,1.389715475,1.002555152,1.389715475
20080513,-0.942104221,1.438301555,-1.287726685
20080514,0.722024797,0.894094164,1.201432994
20080515,1.091964873,0.826455743,0.688273437
20080516,0.200544402,1.334231967,-0.143000167
20080519,0.360724726,1.221395925,-0.64604345
20080520,-1.22343501,1.062045153,-1.728814758
20080521,-1.063211433,1.766076731,-1.297953325
20080522,0.089352203,1.260802041,-0.267578575
20080523,-0.839081938,1.73267852,-1.077532126
20080527,0.790635878,1.119664393,1.255997372
20080528,0.266311742,1.151460071,0.563047865
20080529,-0.118220791,1.476200953,-0.073904371
20080530,-1.333550656,1.175535567,-0.876221541
20080602,-0.71770643,1.580103962,-0.598445832
20080603,-0.480914663,1.731711423,-0.390919157
20080604,3.222747491,2.211722482,3.493546513
20080605,0.348837563,1.669103178,0.261514024
20080606,-3.457870583,2.553001114,-4.420117402
20080609,0.452830962,2.286220953,0.695181884
20080610,2.198548136,1.698253798,1.791092657
20080611,-0.955231144,1.952545638,-1.370292517
20080612,-0.957517788,1.433821398,-0.240240356
20080613,1.186957556,1.88278761,1.905954062
20080616,-0.059417708,1.415837466,-0.74019583
20080617,-1.854120101,1.183796311,-1.557383978
20080618,0.151676049,1.302124855,-0.423473107
20080619,-0.091088514,1.464836359,-0.212410943
20080620,-1.675496844,1.598880773,-2.959525491
20080623,0.619005381,1.213060385,1.398189626
20080624,-0.279113222,1.469905981,-0.65005646
20080625,0.231320945,1.850251481,0.804210954
20080626,-1.666967362,1.761771436,-2.906908853
20080627,0.031680659,2.41870629,0.126782901
20080630,-1.559299692,1.710423692,-1.243043894
20080701,0.743497849,2.877477097,-0.417805525
20080702,-1.261948473,1.464508446,-1.101047393
20080707,0.066555743,2.779819574,-2.756079958
20080708,-0.100083411,3.360048303,-0.333222568
20080709,-1.311604476,2.371708376,-1.411788155
20080710,0,3.302979032,0.236686501
20080711,0.102651848,4.383991776,-1.257450723
20080714,-1.024599127,3.060423423,-0.376906391
20080715,2.302902939,4.563944432,1.024599127
20080716,3.596607439,4.017317104,3.341440166
20080717,2.269876962,2.478250539,2.466856671
20080718,-0.949552479,1.988575397,-0.86943069
20080721,-1.076155828,1.353273125,-1.367654011
20080722,0,1.854735248,-0.22977197
20080723,1.943695788,2.594160862,2.402712987
20080724,0,1.987586449,-0.482393603
20080725,-0.416867687,2.739183025,0.321854156
20080728,-2.138079502,1.549242018,-1.881339952
20080729,1.171507053,2.042077269,1.204245635
20080730,1.817941949,4.764848229,2.334238676
20080801,-2.073465759,3.722669627,-5.08941459
20080804,0.79365496,1.542618287,0.959795553
20080805,2.509237274,3.239049826,2.969310383
20080806,0.959393352,2.090027625,0.462557647
20080807,-0.740863431,1.954033595,-1.571804613
20080808,2.946514444,1.863010581,3.494637692
20080811,2.626444807,2.354664818,2.345062724
20080812,-1.786862083,3.067789557,-1.908924961
20080813,-1.111383436,1.913989691,-1.266928653
20080814,2.550799437,1.614693081,1.855803747
20080815,-0.030773965,1.859203879,0.400925749
20080818,-1.499602965,2.572157526,-1.207631955
20080819,-0.706162213,1.543004456,-1.09633048
20080820,0.078597819,3.869580302,0.220229757
20080821,0.772691694,2.6912819,0.031421838
20080822,0.342412786,1.542212523,1.093590027
20080825,-1.069528912,2.395098322,-1.755530978
20080826,0.490390922,2.871408736,0.205355099
20080827,1.028571454,1.540761166,0.23642536
20080828,2.284304126,1.926581331,2.441611065
20080829,-0.523803385,1.387602739,-0.539167909
