20020102,1.600034135,3.469731424,2.222313678
20020103,0.37014231,1.964729927,-0.858374369
20020104,0.244798164,3.734552832,0.736199644
20020107,-3.174076278,3.555296909,-3.787198984
20020108,-1.832578646,2.195462371,-1.149291159
20020109,-0.492165221,2.889364089,-1.08472138
20020110,0.233190933,2.038386139,0.337006152
20020111,-2.276352818,2.977610728,-1.092907053
20020114,-0.788440352,1.740291763,-0.840782672
20020115,2.469261259,3.860228857,2.205060313
20020116,-1.813214832,3.141398704,-2.707640395
20020117,-0.43797571,1.647276299,2.668918226
20020118,0.46716929,0.989371265,-0.284421653
20020122,-2.932308858,2.204565379,-0.805931829
20020123,-1.685137296,2.855157445,-1.711243548
20020124,-1.374228815,3.270532551,-0.212652924
20020125,0.681880429,2.783904424,1.793297003
20020128,-1.19886763,2.26181791,-0.314136384
20020129,-4.137039048,3.541025572,-4.504783092
20020130,1.337173697,16.27779875,1.172474236
20020131,0.269905697,6.934083387,0.5676458
20020201,-0.135593241,1.94853812,-0.676135098
20020204,-2.567498911,5.144226221,-5.179331226
20020205,3.113419331,17.92377234,3.42730174
20020206,1.664204279,8.723419011,2.0500923
20020207,0.512061488,4.829209124,0.647251451
20020208,-0.563079648,5.536389519,-0.026885334
20020211,1.439257254,3.691398543,1.600460942
20020212,-0.267022856,2.56221968,-1.037381294
20020213,0.924098985,1.95133302,1.723037989
20020214,-0.262812241,2.815901919,-0.131492458
20020215,-2.369968465,3.003870536,-2.369968465
20020219,-1.529248808,2.157942011,-2.09674121
20020220,2.727319035,7.273099825,3.248796819
20020221,-0.925810078,3.866522644,0.239457345
20020222,1.402696017,7.968732946,1.10994797
20020225,2.977566249,1.898840294,2.977566249
20020226,-1.1545991,3.957379256,-1.1545991
20020227,-1.282068843,2.321479794,0
20020228,-1.773597449,3.112292609,-0.491528606
20020301,0.865806274,2.367966759,2.256505999
20020304,1.000008333,2.004867321,1.908646589
20020305,1.36733019,3.432001157,0.743497849
20020306,2.487326475,1.338482056,2.487326475
20020307,-1.9347641,3.911978466,-1.382342856
20020308,-2.069459124,4.855645837,-0.735297431
20020311,0.340881752,1.97930375,1.198204823
20020312,1.470614739,2.598941816,-0.097276272
20020313,-1.907651061,1.800389172,-2.762879243
20020314,0.37197811,1.264678025,1.045045589
20020315,-0.89175721,1.846294872,-0.521157651
20020318,-0.873367997,1.556341873,-0.724188457
20020319,-0.250313022,1.428210483,0
20020320,-2.393799049,2.578668074,-2.795607727
20020321,-2.244318622,5.341762895,-3.541353667
20020322,0.875685575,3.176825533,1.062426992
20020325,-2.928077164,2.101639965,-2.217267274
20020326,0.591240637,3.463046541,0.807106883
20020327,0.415021681,3.131447633,0.280955433
20020328,-0.879185096,2.620351211,-0.147068681
20020401,0.806455984,2.054586733,-0.053533192
20020402,-0.269179167,1.635026282,-0.671594197
20020403,-0.947874395,1.623095403,-0.947874395
20020404,1.431876416,2.570424863,1.431876416
20020405,-1.338708078,2.093908487,-0.48400202
20020408,0.954335805,1.585526093,-0.676135098
20020409,-1.037977088,1.107069508,-1.173754434
20020410,1.817492047,2.107559167,2.119068698
20020411,-8.379633774,9.668113234,-9.732834396
20020412,-2.513066473,4.549402045,-1.042451734
20020415,-3.692727259,8.292113529,-4.594989019
20020416,1.98026273,3.285041374,3.843670684
20020417,0.298062814,2.061121018,1.348335034
20020418,0.415061373,4.530197681,0.593473552
20020419,-1.504675091,2.661531651,-0.474496738
20020422,-1.956420565,2.100116656,-2.224317733
20020423,-2.233717985,3.129752373,-0.426439879
20020424,-1.071165559,3.454151948,-0.796816965
20020425,-0.622085988,2.365038564,-1.394290597
20020426,-3.948904183,3.505155421,-1.635770981
20020429,-2.875597499,2.805925636,-2.180272321
20020430,2.405889901,5.798638046,2.243683864
20020501,-0.157604446,5.559104485,0.47430919
20020502,-0.475060276,3.86753042,-0.632913505
20020503,0.636944829,4.557578121,0
20020506,-1.8231754,3.204181436,-1.664571084
20020507,-1.266045153,5.127620821,-1.201508203
20020508,4.582381858,6.942166347,6.97113327
20020509,-3.443219642,3.419060299,-4.423019275
20020510,-3.558638047,4.902867383,-2.450154804
20020513,0.977206473,2.32476706,0.683040548
20020514,0.095041984,2.515266308,2.338725848
20020515,-1.699575943,3.159271729,-2.112078511
20020516,1.989644033,2.957917451,3.370748369
20020517,2.979849544,3.087498122,4.284621083
20020520,-1.127545086,2.298073771,-2.272480763
20020521,-2.368248464,2.313681953,-1.544193748
20020522,-0.344342178,2.385858205,-0.749769211
20020523,2.583169461,2.027490029,3.239524373
20020524,-1.221389229,1.636321549,-1.191035609
20020528,-2.191783988,1.773311644,-1.579224645
20020529,-1.550418654,3.008723378,-2.145192672
20020530,1.030273118,3.605536929,-0.447428039
20020531,-0.160384958,4.401563069,-0.224466985
20020603,-3.396799465,3.994063391,-3.428907348
20020604,0,4.879701197,-0.166251077
20020605,-0.33112613,2.155421701,0.332226219
20020606,-3.526813884,4.469987431,-3.03053495
20020607,5.647351581,7.500595212,2.69830873
20020610,-0.498754151,3.553304828,-0.166527932
20020611,-2.353049741,3.467602768,-2.020270732
20020612,3.147229958,6.971572991,3.147229958
20020613,-0.736035441,3.03528373,-1.862994666
20020614,0.675678246,8.755951427,-0.268998145
20020617,1.652930195,3.878223975,2.65796378
20020618,2.115619997,4.594470583,1.787212477
20020619,-1.311494208,4.697772841,-2.445109586
20020620,-1.767596463,4.065999102,-1.932749267
20020621,-0.688470878,5.443741414,-2.625001583
20020624,3.949010971,14.6702757,2.557684179
20020625,-3.741933161,7.728691196,-2.903705285
20020626,7.020425867,24.85595156,2.228027039
20020627,0.470272953,12.09580455,1.145951199
20020628,-2.712030622,6.022731963,-2.511160116
20020701,-2.826920055,9.421678984,-2.964471658
20020702,-0.177777825,10.35910902,-0.532388125
20020703,1.998249959,10.94278707,-1.073355564
20020708,-0.947233064,6.938084422,-0.91355736
20020709,-3.848628903,6.957065135,-3.916632986
20020710,-4.317217187,13.22150126,-3.929141201
20020711,1.848481467,19.02545997,0.366972889
20020712,1.588735976,15.11501203,4.477023391
20020715,-0.810862895,14.60763286,-1.056347851
20020716,-0.362319237,9.508679324,-2.509092199
20020717,-0.884179058,10.73479828,2.154481899
20020718,-1.798609637,9.972572626,-2.154481899
20020719,-2.958463283,6.650938819,-4.605344055
20020722,-3.22113738,27.20890762,-2.501573586
20020723,-4.648335807,23.49434195,-3.408970602
20020724,9.89731184,36.70032842,6.743251498
20020725,0.018795226,32.32745714,0.28229999
20020726,2.55488349,14.68815835,4.213667214
20020729,4.714677843,6.720794786,9.120676822
20020730,5.195973893,12.392622,3.871451218
20020731,1.725533009,14.65159717,1.725533009
20020801,-2.427992517,9.493362332,-2.583634572
20020802,-4.508552752,9.218991658,-6.052488214
20020805,-3.643074162,10.48406352,-4.118941818
20020806,1.694955831,10.07764362,4.996732734
20020807,1.636697746,11.83703544,3.468555799
20020808,3.822121282,7.718118219,3.822121282
20020809,2.786218735,7.257215584,1.211383038
20020812,2.353049741,4.575486166,-0.433168994
20020813,-3.097804789,6.062664261,-4.502980134
20020814,4.147324821,10.59025373,3.72476609
20020815,1.246122044,13.27908233,0.933132743
20020816,-1.416231381,5.04770421,-2.349364124
20020819,4.037815594,3.986300233,4.037815594
20020820,-1.077762549,4.04074161,-1.68845147
20020821,-1.077762549,5.83285124,0
20020822,0.952241875,5.776449922,1.261361132
20020823,-0.155159069,2.410138672,-1.5714389
20020826,-0.806956583,5.254945521,-0.342199743
20020827,-1.706790851,5.865176788,-0.43722743
20020828,-1.08177956,3.227591308,-2.183285583
20020829,-0.493016611,4.218947888,-2.954280749
20020830,-0.165700121,5.142579608,-0.661159433
20020903,-3.589067068,4.59169096,-5.768533051
20020904,0.349040494,5.72746629,0.83975301
20020905,-1.083588185,8.138278785,-2.487119996
20020906,-2.101653536,4.099933978,0.906753479
20020909,2.213334687,3.759451698,1.858724387
20020910,-0.515022598,5.198756988,0.933778184
20020912,-2.643325707,3.094906467,-3.509131981
20020913,-2.341856016,5.227653699,-3.599734237
20020916,2.873447375,4.467368681,3.206103383
20020917,-3.510376389,5.619330711,-0.647484276
20020918,0.513385799,6.636285296,-1.344252758
20020919,-0.750472565,5.734128499,-2.932108361
20020920,0.488263881,6.083239131,0.525921573
20020923,0.189573516,6.146073469,-1.092495326
20020924,0.969939709,12.73291101,-1.912104145
20020925,-0.037043897,9.840559526,4.122345832
20020926,-4.120085416,15.24994823,-2.248127651
20020927,-3.137827827,4.703563981,-7.553727306
20020930,2.06192872,15.02004266,0.12252401
20021001,5.234324804,9.557515519,6.249561951
20021002,-4.001326015,10.4961673,-5.274737009
20021003,-1.051789631,14.97411435,-0.608151074
20021004,-5.035574549,12.44605977,-2.386944599
20021007,-4.339260072,11.18704914,-4.29761943
20021008,0.386349483,18.01393342,1.467441093
20021009,-2.514726138,10.70768981,-5.958082229
20021010,4.294445183,11.00733576,2.736210171
20021011,1.621994387,16.07626905,7.005425492
20021014,0.412371718,6.095936877,0.247218915
20021015,2.669920636,7.73683608,7.490130817
20021016,-0.971824947,6.416727121,-2.278530703
20021017,0.335258276,5.249290657,4.91621188
20021018,0.03758692,7.036133144,-1.046738529
20021021,3.524924364,3.880581436,1.972156942
20021022,-0.03703018,4.681724094,-0.51717884
20021023,-0.185701075,7.113038031,-0.37105794
20021024,-4.143718986,8.300792874,-3.402974859
20021025,1.614798641,7.721450005,0.842594031
20021028,-2.069688177,6.546569168,0.304646085
20021029,-1.344880981,9.070206997,-1.725833823
20021030,-2.167572548,4.342232224,-2.944275482
20021031,0.039674668,8.050417041,0.437289506
20021101,2.615804033,6.996623069,2.893086841
20021104,-0.151057431,4.210597556,1.946254907
20021105,0.340329313,1.807004926,0.11331446
20021106,-1.121507082,9.292380458,0.41439125
20021107,-1.293777559,4.794066009,-1.859283308
20021108,-2.944275482,7.572633165,-3.945053657
20021111,-2.247285585,3.902320189,-3.651521298
20021112,-1.869213301,3.95010342,-1.456841583
20021113,0.791835769,10.42796593,1.001259929
20021114,-0.20345887,3.424296524,1.891503761
20021115,1.478379618,3.619105236,-2.892763691
20021118,-3.72713948,3.188665095,-0.630916919
20021119,2.291148163,5.72634248,0.588979406
20021120,3.913990834,4.442946595,3.746064682
20021121,5.946142522,9.079765436,8.144033194
20021122,-0.94429408,3.436939876,-1.879754597
20021125,2.338846709,5.071607155,1.767960287
20021126,-0.378072284,2.555724907,-1.57838677
20021127,1.674457727,3.118133161,2.616971773
20021202,-1.643872634,6.082116919,0.184331849
20021203,-1.63147853,3.964728009,-1.484257304
20021204,0.226159162,6.495329563,-0.712814873
20021205,-3.428907348,4.904614754,-2.903183268
20021206,2.92703823,6.137014876,0.772204609
20021209,-0.547303946,5.548523865,-1.902600587
20021210,1.553429296,3.417633313,1.710107746
20021211,1.350068722,4.770485244,0.576370472
20021212,-0.769234562,4.29524312,-0.769234562
20021213,-0.511107855,5.241315935,-2.067559509
20021216,2.84415789,2.550900503,3.94177769
20021217,-1.640319059,3.207673136,-1.488861249
20021218,-0.891997382,2.988000971,-1.277354314
20021219,-0.314836939,3.200044296,-1.175562127
20021220,0.386100866,1.921009046,2.2604236
20021223,0.311405468,2.447518172,-0.851398332
20021226,-1.140622002,2.57478817,-0.197589473
20021227,-2.004075088,2.090756612,-2.321032564
20021230,0.122224501,3.567548684,-0.568414035
20021231,0.411523215,3.646954579,-0.858725375
20030102,3.35093179,4.186451334,4.575436886
20030103,0.393701296,2.551732405,-0.157047539
20030106,2.526859417,2.202256404,2.33020252
20030107,-0.423974426,2.707636158,-0.616097444
20030108,-1.363214879,3.88424557,-1.51783416
20030109,0.503584252,1.484191139,1.479201747
20030110,0.507516217,3.232907604,-0.775799081
20030113,-0.350126792,2.178382611,-0.077911963
20030114,0.116663439,2.261131217,0.272426711
20030115,-2.895350919,2.082587827,-2.121053593
20030116,-1.900294713,3.524804472,-0.677158533
20030117,-0.361083642,3.406609602,-0.561123717
20030121,-3.794050815,2.82523678,-3.392927132
20030122,-1.973610144,2.390662447,-1.973610144
20030123,1.469071541,3.265112861,1.765493524
20030124,-3.158606584,3.249981083,-3.995431551
20030127,-0.217155351,5.727465581,-0.260529891
20030128,-2.098128775,4.128761124,0.477120836
20030129,1.003717787,5.700784398,-0.346771045
20030130,-2.0610245,3.918414666,-2.0176123
20030131,2.761516703,7.341723509,2.450888541
20030203,1.149682665,2.656691926,2.096333453
20030204,-0.65005646,1.776472105,-2.659959484
20030205,-1.684341266,4.116795669,-0.174064448
20030206,0,2.614324075,-0.261666089
20030207,-1.5334364,3.468593502,-1.097705863
20030210,0.088417336,2.796222348,-0.088339228
20030211,-0.620019701,1.524337459,-0.531680473
20030212,-1.11733006,1.633817094,-1.161764631
20030213,-0.315528772,2.637048262,-0.450451212
20030214,1.661839278,4.129708496,1.34531177
20030218,0.96534317,1.93461578,1.984629637
20030219,2.078896869,1.75683989,1.860317547
20030220,0,1.710142221,-0.128672546
20030221,1.733292178,2.641244867,2.37500561
20030224,-2.195107134,3.104403798,-1.818616415
20030225,3.397354332,5.402543144,2.195107134
20030226,-2.075905937,2.590151209,-2.49431659
20030227,1.815544907,3.395364607,2.285330098
20030228,0.625653761,3.338462122,0.625653761
20030303,-1.247417423,2.722817418,-0.625653761
20030304,-1.443148985,1.36430337,-2.156987834
20030305,2.71548293,3.174398032,2.115138074
20030306,1.346821705,3.105108757,0.125496774
20030307,3.306432186,6.530624196,1.534981393
20030310,-1.009260039,2.023991078,-2.627888446
20030311,-1.192010708,3.385165386,-1.318887444
20030312,2.298951822,4.730289829,1.740651038
20030313,2.817087697,2.231430881,5.884050002
20030314,1.337549445,4.646302302,1.535765565
20030317,4.917104401,6.479051178,2.58452187
20030318,0.265806118,4.290293601,0.418013149
20030319,2.099814684,2.918938288,2.175629699
20030320,0.747667034,3.160558006,-0.37174764
20030321,2.349647223,3.239443786,4.158148257
20030324,-0.485347229,2.295342458,-4.643495486
20030325,0.708297463,4.009250621,0.745715611
20030326,-1.118162973,3.161635051,-0.895528373
20030327,1.448196042,2.043540908,-0.941449243
20030328,-0.535783907,1.89883867,-1.409815692
20030331,0.392927814,2.493401287,-2.172311953
20030401,2.244676288,4.124651859,2.440562737
20030402,0.370370794,1.413558079,3.460292576
20030403,1.096903137,1.872349585,1.649899938
20030404,0.181192295,2.500002149,0.435414331
20030407,-2.067809862,3.292236998,0.505598766
20030408,0.357143237,2.263881393,1.039249633
20030409,-2.469261259,3.512972039,-3.077165867
20030410,-0.036569757,2.060629083,0.513385799
20030411,-1.089731089,2.23869964,0.146198856
20030414,1.377831804,1.550833497,1.414348146
20030415,1.423511582,1.443628455,1.890550333
20030416,-1.638796918,2.199648848,-1.638796918
20030417,2.307931304,1.44913534,2.307931304
20030421,-1.023839482,1.578622007,-1.094064204
20030422,3.118136659,3.153474298,2.833843646
20030423,1.336322781,2.246091398,1.336322781
20030424,0.241088458,1.877710295,-1.060745617
20030425,0.103145961,1.727853057,0.103145961
20030428,1.844944712,1.98056048,1.500710293
20030429,-0.879870313,2.132205171,-0.407056193
20030430,0.17061939,2.091157863,-0.306383218
20030501,-1.195573592,2.805322486,-0.787270881
20030502,0.967526552,2.414727113,-0.068752151
20030505,-0.587119628,1.366623695,-0.724765899
20030506,1.104983619,1.405921437,0.862222965
20030507,-1.239685298,1.896891282,-0.896866998
20030508,-0.874896219,1.956430973,-1.430839277
20030509,1.250884969,1.274508813,1.776740695
20030512,0.276625349,0.882266359,0
20030513,-0.838286432,1.347165179,-1.566066459
20030514,-0.97425962,1.610765479,0.31518149
20030515,-0.734397426,1.354316821,-0.385356932
20030516,-1.347060426,1.218560555,-1.66346076
20030519,-0.651468102,1.083316532,-1.727904761
20030520,0.036042531,2.300325665,0.759634689
20030521,0.654072099,1.878934084,-0.505781425
20030522,0.1803427,1.722386936,0.505781425
20030523,-0.325086073,0.689498827,-0.397184129
20030527,3.220314049,1.353619094,2.712514627
20030528,-0.98557644,1.625564407,-0.458797346
20030529,-0.247919376,2.060083318,-0.247919376
20030530,1.05079776,1.689930448,1.757514482
20030602,0.103501821,1.769156903,1.039870722
20030603,0.172265331,1.560639304,0.172265331
20030604,0.924189361,1.270227209,1.027406298
20030605,2.138211446,1.703876493,1.454448098
20030606,0.995033085,2.050773215,1.731068526
20030609,0.299053222,0.857134586,-0.529451932
20030610,0.65789711,1.163948725,1.187349042
20030611,1.266867683,1.221780529,1.561515138
20030612,0.096571712,2.0679892,0.322269051
20030613,-1.200728364,1.718950981,-1.458460465
20030616,1.575848658,1.135834636,2.291531608
20030617,-0.956945102,1.648438619,-0.447714211
20030618,-1.19645728,1.340432115,-1.48533567
20030619,-1.364186852,2.470665608,-2.937989827
20030620,-0.498754151,1.05336637,0.501254182
20030623,-0.200467825,1.381150111,-0.333890127
20030624,0.200668964,0.820949404,0.100284147
20030625,-1.757989832,2.224683467,-2.059144485
20030626,0.34364295,1.125063395,-0.581496422
20030627,-2.041240221,2.351073983,-1.869860573
20030630,-0.278940209,2.528727881,0.104803503
20030701,0.630033586,3.083224052,0.069808031
20030702,-0.626524848,1.954985589,-0.069808031
20030707,1.307208157,1.76568614,2.456445949
20030708,-1.549351013,1.278756583,-1.515180502
20030709,-1.572084779,1.710429371,-1.46804454
20030710,-0.707216526,2.381867768,-0.77766387
20030711,-0.672449888,2.91280281,-0.070997518
20030714,-1.591545531,1.824183697,-0.391389932
20030715,-2.075208639,2.001898239,-1.400130573
20030716,-1.234135446,1.351972863,-1.017450638
20030717,0,2.954724551,-0.843577348
20030718,0.578454252,1.743081299,2.149836851
20030721,-2.14748926,1.413860356,-2.039400616
20030722,-0.182581756,2.388238856,0.660068403
20030723,-0.036503012,1.243038893,0.109589052
20030724,-0.725956001,2.764460879,0.218818468
20030725,2.708647419,1.565158383,3.543043698
20030728,-1.504313832,3.054327423,-0.246435611
20030729,-1.70579829,2.217459915,-1.670555999
20030730,-0.677243722,1.722395444,0.214822854
20030731,0.211416569,4.18241117,1.59662785
20030801,0.035155564,2.033161558,0.140696471
20030804,0.035130863,3.0168521,0.070274072
20030805,-2.416606585,2.524367692,-2.381488059
20030806,-0.46872269,2.296262114,-0.46872269
20030807,1.434744841,1.806955366,1.470878536
20030808,-0.319886535,0.947667536,0.035606196
20030811,0.887317268,1.824866174,0.744816353
20030812,0.035304502,1.479576336,0.105950919
20030813,-1.487806403,1.188058842,-1.100277293
20030814,1.268515953,1.980112142,1.908859656
20030815,-0.17376199,0.923185033,0.663062977
20030818,2.721256352,0.969065208,3.587062627
20030819,-0.568278314,2.480434992,0.100620502
20030820,-1.28163643,1.782428536,-1.248118749
20030821,1.570100736,1.354495851,2.381464214
20030822,-1.362373622,1.086981115,-0.932407688
20030825,0.100688043,0.800458468,-0.268006861
20030826,0.806185085,1.409763462,0.268006861
20030827,0.437784838,0.434900917,-0.435876633
20030828,-0.302470404,1.120884577,-0.168152049
20030829,0.033800913,1.179899689,-0.404722306
20030902,2.2928401,1.534382439,2.832106658
20030903,1.033934897,1.394259625,2.177177792
20030904,0.672756021,0.858724766,0.672756021
20030905,0.032252863,0.727578548,-0.994713801
20030908,1.153489239,0.727763528,1.217963774
20030909,0.289342751,1.202355264,-0.767512562
20030910,-0.096665063,0.732021342,-0.418208749
20030911,1.34359027,0.847001515,1.440255333
20030912,0.301803104,1.086076802,0.174617077
20030915,-0.413552363,0.9126141,-0.492885965
20030916,2.216683543,1.338018357,1.769398452
20030917,-0.220507256,1.282138403,-0.691391818
20030918,1.033358185,0.665089504,1.222394159
20030919,-0.750237967,0.965378627,-0.719090171
20030922,-0.317965292,1.038795638,-1.485723552
20030923,0.732137601,1.038814053,0.413158064
20030924,-2.43445719,1.229770077,-2.212692486
20030925,-1.437463497,1.479426621,-1.469894177
20030926,-0.766542664,1.8688214,-1.658963063
20030929,1.258711551,1.649544065,1.626052087
20030930,-1.465227679,2.678760463,-1.894058948
20031001,2.615610127,1.482775855,2.615610127
20031002,0.685269446,1.227346468,0.488998529
20031003,-0.967749488,1.824628876,0.32467561
20031006,-0.614789188,0.708902194,-0.129743774
20031007,0.586894414,0.664578683,-0.162416797
20031008,-1.086072877,1.104451199,-1.771118779
20031009,-1.187740786,1.040597797,-0.29826037
20031010,-0.408302711,0.71311724,-2.691047015
20031013,-2.018888074,1.486143195,-1.3731764
20031014,1.237980047,1.196554995,1.13422766
20031015,-1.922475961,0.96165165,-1.411140264
20031016,0.622408648,1.091042946,0.553060518
20031017,-1.562803121,1.194548103,-1.528338189
20031020,0.104293422,0.773274886,0.732348522
20031021,-0.483927664,0.801022656,0.277585189
20031022,-0.597016699,1.160578032,-1.641958286
20031023,0.140994031,1.228704163,0
20031024,-0.352858517,0.993364146,-0.352858517
20031027,-0.951884501,0.781686906,-0.212314305
20031028,0.175407868,0.757401067,1.057092296
20031029,1.150439741,1.502607442,1.115382773
20031030,-0.792151551,1.675597603,0.242340434
20031031,-0.44773624,0.725536441,0.172741449
20031103,-0.553060518,1.048815137,-0.415081883
20031104,-0.31408157,0.697225394,-0.835368589
20031105,0.03519268,0.776436953,-0.666318439
20031106,0.317516584,0.704076525,-0.105615218
20031107,-1.464775152,1.016844603,-0.937810996
20031110,-0.212766038,0.398766906,0.159872136
20031111,-0.088849406,0.356738001,-0.159872136
20031112,2.216449573,1.591807561,2.163102013
20031113,-0.877968765,1.046546228,-1.366285048
20031114,-1.35426161,1.025477753,-1.707618868
20031117,0.46872269,1.304108814,-0.25148208
20031118,-0.351123956,0.966343404,2.240890497
20031119,1.366141466,1.934054387,3.626714166
20031120,-1.100045469,2.218002332,-1.883294833
20031121,-1.839371656,1.045386027,-1.322218289
20031124,-0.243266845,0.894925119,0.663294455
20031125,0.589154364,0.983161979,0.693484055
20031126,-1.278303812,1.19570151,-0.623918835
20031201,-0.618346182,1.13487523,1.213396756
20031202,1.368478421,0.691063752,1.402931479
20031203,-0.474255631,0.78582069,0.067934785
20031204,-0.648355794,0.794367723,-0.81827937
20031205,-0.205973296,1.389182308,-0.377294222
20031208,0.717829095,0.536933692,0.889502957
20031209,0.067773639,0.904842309,0.543479599
20031210,0.202156403,0.258153359,0.641568974
20031211,2.129155614,0.937548464,2.230080769
20031212,-0.596225681,1.144971986,-0.925932541
20031215,-0.886559739,1.03082827,0.728238902
20031216,0.753237555,1.201330991,1.082510161
20031217,0.195567207,0.73836844,0.195567207
20031218,-0.064808816,0.550258814,0.45484159
20031219,-0.454251268,0.914033328,-0.32467561
20031222,0.647251451,0.676133937,0.809721023
20031223,0.451322494,0.689735495,0.289901959
20031229,0.260247382,0.42742916,0.195122013
20031230,-0.42255873,0.444578943,-0.260247382
20031231,0.683262785,0.572442298,0.45498941
20040102,0.354210642,1.025933879,0.871676221
20040105,0.892294002,0.509337013,1.309295408
20040106,-0.159261062,0.427235401,-0.477024279
20040107,1.047129987,0.761544287,0.983354474
20040108,1.216673876,0.692129942,1.78324763
20040109,-0.968908971,0.874654907,-1.279468227
20040112,0.43722743,0.364260563,0.782109415
20040113,-1.257482775,1.406985793,-1.507092889
20040114,0.658412788,0.547156816,1.226237657
20040115,-0.28103063,1.419928813,-0.062519539
20040116,2.889934956,1.638308442,4.194706496
20040120,-0.745715611,0.93971122,0.149812762
20040121,1.217535456,1.509280961,1.42689698
20040122,-1.422667741,1.326295598,-1.127943095
20040123,-1.286095191,1.342444412,-0.839333465
20040126,2.069243207,0.925922692,2.84885735
20040127,-0.204588702,1.203821387,0
20040128,-1.557251977,2.061041805,-1.206784329
20040129,0.08819639,1.9903111,0.766965412
20040130,-0.681585095,1.444206755,-1.182396276
20040202,-0.178253167,2.19363652,0
20040203,-1.28571064,0.946726193,-1.196544339
20040204,0.332176057,1.98411882,-0.180722941
20040205,0.41903683,1.30771183,0.930239266
20040206,-0.210621411,1.456134107,-0.83983697
20040209,-0.847976008,0.569077992,-0.968530573
20040210,-1.284421327,1.243621531,-1.193222051
20040211,1.708400306,2.070950392,1.739174271
20040212,-0.757005886,0.686767746,-0.485143462
20040213,-0.729930248,0.855429964,-0.426439879
20040217,-0.060477776,0.595547467,0.911583341
20040218,-1.062386681,0.643947746,-0.881062968
20040219,-1.219527309,0.846220315,-0.520117434
20040220,-0.183150234,0.895697712,0.397980014
20040223,1.995229429,1.190616208,2.056316786
20040224,-0.269743907,1.875467781,-0.269743907
20040225,-0.99593399,0.92638367,-1.055976022
20040226,0.183206158,0.541770825,-0.577948377
20040227,-0.643286029,0.722216201,-0.734847152
20040301,0.244125846,0.795862698,0.826324518
20040302,-0.949616571,1.106525705,-0.980099729
20040303,1.194318284,0.676265717,1.101939525
20040304,0.57935823,0.422083981,0.121691527
20040305,0.427873513,1.302818741,-0.304506934
20040308,-2.208831441,0.737977919,-3.097181593
20040309,0.221975674,0.88549051,-0.694447235
20040310,-1.721432371,1.04203065,-1.499948338
20040311,-2.018954934,3.427855357,-2.276521077
20040312,-0.423798515,1.135517786,0.688414455
20040315,-1.636697746,2.910418775,-1.017904044
20040316,-0.523390138,1.874684145,0.625104848
20040317,0.488998529,0.43125194,0.849123325
20040318,0.09789526,0.99912402,-0.293112081
20040319,-1.580019703,1.120557177,-1.710568025
20040322,-1.519016549,2.606805466,-2.485851885
20040323,-1.393869244,1.185609906,-0.648355794
20040324,0.515022598,0.951417044,-0.034240713
20040325,1.495100904,1.089079952,1.529341617
20040326,-0.264813131,2.160107785,1.738592773
20040329,-0.327546968,0.902713105,1.022267765
20040330,0.425602214,0.524890844,0.425602214
20040331,-0.490437472,0.416921681,-0.327225423
20040401,0.524591367,0.544380767,0.229170177
20040402,0.516463382,0.579874335,1.557461722
20040405,1.696312078,1.06983452,1.438413805
20040406,0.031761156,1.088529834,-0.063492066
20040407,-0.823832289,1.158780831,-0.19071843
20040408,-1.329554248,1.3726861,-0.15921035
20040412,0.253244833,0.419103675,0.793529001
20040413,-2.201396922,1.583922514,-2.011883283
20040414,0.262812241,1.952414808,-1.691647367
20040415,0.195249004,2.12039696,0.914441382
20040416,0.933833867,0.974067064,1.420295018
20040419,-0.256904444,0.565698239,-0.321027563
20040420,-2.141548423,1.883986683,-1.980905819
20040421,0.554922266,3.086397205,0.751514728
20040422,1.141006674,2.092923628,0.422284207
20040423,-0.972454989,1.080278284,-0.487409576
20040426,-0.32467561,1.079060635,0.162733966
20040427,-1.20385381,0.936093164,-0.652530863
20040428,-1.059963551,0.945276991,-1.716780362
20040429,-0.465426372,2.103387482,-0.066622254
20040430,-0.566007837,1.43765501,-0.200133489
20040503,0.694791877,0.89299828,1.260799714
20040504,0.032867708,1.172280809,0.329164221
20040505,0.345026219,1.000534538,0.180579545
20040506,0.394607549,0.854431457,-0.049216636
20040507,-1.094356801,1.632861367,-1.587860024
20040510,0.936775,2.064191436,0.133288923
20040511,0.430678155,0.799883274,0.729930248
20040512,1.159913584,1.70052844,0.330033303
20040513,0.52927679,1.532221327,-0.131882644
20040514,-0.429965934,1.469795468,-0.46296379
20040517,0.904983552,1.791349197,-0.665117184
20040518,1.223762585,0.802294211,1.49034055
20040519,-1.637769984,1.140286777,-0.461285826
20040520,-0.099189957,0.72089122,-0.165261978
20040521,0.885687272,0.955688171,1.281858144
20040524,-0.129870148,0.945238714,0.521173818
20040525,1.71165167,0.671285791,1.451404288
20040526,0.224251255,0.749927922,0.064020489
20040527,-0.063918187,0.961860127,0.095953949
20040528,-0.609464597,0.421622701,-0.641439018
20040601,0.128949083,0.712279264,-0.128783018
20040602,-0.321233813,0.375999635,0.128783018
20040603,-0.32206147,0.500269593,-0.257732101
20040604,0.064082027,0.576057626,0.70717106
20040607,0.538572504,0.289966422,1.36792335
20040608,-0.285669136,0.565774434,-0.602125096
20040609,-0.703102928,0.681299608,-0.8940034
20040610,1.085578988,0.346570312,0.989317148
20040614,0.635932191,0.506382085,0.190355387
20040615,0.346511608,0.668192276,0.78927008
20040616,1.033034699,0.526435161,0.970121832
20040617,0.775558409,1.002321712,0.775558409
20040618,0.956649789,0.564259316,0.616144894
20040621,-0.046051118,0.413120963,0.015355086
20040622,1.010264218,0.501866021,0.810463952
20040623,1.689841056,0.647092331,1.781179165
20040624,0.150398585,0.726347237,-0.449843314
20040625,-0.938121572,1.887474571,-1.148742983
20040628,-1.230784767,0.897646673,-1.810142997
20040629,-0.030926241,0.268325581,0.092836151
20040630,-0.092635486,0.896228435,0.12364762
20040701,-1.242252,0.790967379,-1.149616514
20040702,-0.817100712,0.542230163,-0.97347291
20040706,0.72521207,0.793552446,0.440806759
20040707,0.878574839,0.704935587,0.563911269
20040708,-0.910667308,1.162238689,-0.97316731
20040709,0.373715788,0.8405019,1.471766037
20040712,1.172491062,0.572240339,1.327794712
20040713,0.274599715,0.41032326,0.672579729
20040714,1.001070092,0.693177618,0.940113065
20040715,0.752222593,0.693006748,0.691836118
20040716,-1.589000605,0.781335031,-0.812645556
20040719,-0.1803427,0.860753272,0.452284805
20040720,0.211065961,0.732901347,-0.120409406
20040721,-2.030680478,0.805274025,-1.639878838
20040722,0.917437628,1.909568373,0.580065739
20040723,-0.917999103,0.94797752,-0.978900445
20040726,-1.138999538,1.362369639,-0.709551026
20040727,0.918842605,1.17304516,1.536128516
20040728,1.818231908,1.677669046,1.51288816
20040729,-0.420673697,1.026927232,-0.27063616
20040730,0.542824011,0.927955622,0.120373171
20040802,0.724640852,0.799966351,-0.030079711
20040803,-0.968530573,0.85098764,-1.08893998
20040804,0.701971447,0.748339832,0
20040805,-1.998529238,1.492956998,-2.089811764
20040806,-0.725898722,1.826436353,-1.975914998
20040809,1.041183092,0.923416492,0.914400191
20040810,0.562677321,0.709561907,0.688147852
20040811,0.873913177,0.82907535,0.311235857
20040812,-1.195358681,0.631040622,-1.818802097
20040813,0.534844755,1.262084906,0.850800784
20040816,1.278271497,0.735934684,1.278271497
20040817,-0.558660671,1.05916164,-0.465767027
20040818,2.035222885,0.939076735,1.941808586
20040819,0.21429673,0.762213428,-0.183318108
20040820,0.061218245,0.564982316,-0.061180791
20040823,-0.490798531,0.468312779,-0.490798531
20040824,-0.490497611,0.73217434,0.061481711
20040825,0.888350152,0.566808513,0.765348907
20040826,0.152555331,0.537401048,0.030492453
20040827,0.091561123,0.327728032,-0.060994207
20040830,-0.184049132,0.231416761,-0.642695403
20040831,0.888622363,0.756049576,0.642695403
20040901,0.334906691,0.775817042,0.365408446
20040902,0.696655854,0.435150895,0.696655854
20040903,-0.425144886,0.601830012,-0.81831037
20040907,0.843632602,0.733414645,1.420177971
20040908,0.955231144,0.549479246,0.985229644
20040909,0.770830974,0.439589989,0.592418794
20040910,0.118273225,0.522904703,-0.059084197
20040913,-0.767191724,0.57797469,-0.236686501
20040914,0.593473552,0.468908632,0.118413276
20040915,-0.861178299,0.395794527,-0.802024201
20040916,-0.089378823,0.283094398,0.059630294
20040917,1.178564025,0.470719955,1.743285395
20040920,0.468796639,0.850974326,0.204828162
20040921,0.756917733,0.375852164,0.786144681
20040922,-0.792606527,0.664182217,-1.6079867
20040923,-0.803934656,0.785936166,-1.424779222
20040924,-0.239091566,0.620137562,-0.089726341
20040927,0,0.625348488,-0.901719365
20040928,0.330777628,0.971066565,0.572032269
20040929,0,0.515045473,0.419413437
20040930,0.537475167,0.978717266,0.387886508
20041001,0.709642245,0.588631236,1.066360816
20041004,0.323007181,0.688782302,0.499633662
20041005,-0.117405355,0.698418516,-0.176056384
20041006,0.84709138,0.644836398,0.964496736
20041007,-1.170288371,0.71792784,-1.170288371
20041008,-0.914595548,1.208660224,-0.708803913
20041011,0.589972213,0.343297108,0.76764475
20041012,0.648778448,0.686466682,0.058806235
20041013,-1.589203546,1.130620913,-0.915405772
20041014,-0.744605078,0.722632227,-0.774274267
20041015,0.059648078,0.975053029,0.268696982
20041018,1.397376685,1.075179461,0.979091043
20041019,-1.307208157,1.188281203,-1.277687861
20041020,-0.779614144,1.718241701,-0.660068403
20041021,0.661457613,1.441821481,0.450518858
20041022,-1.266603181,1.208221628,-1.266603181
20041025,-0.060753343,1.438797486,-0.121469799
20041026,1.588524337,1.136479326,2.16419628
20041027,1.096144881,0.94421384,0.917573405
20041028,0.678168602,0.858141942,0.264822871
20041029,0.646870824,0.630064461,0.264123411
20041101,-0.117370905,0.791888351,-0.176004739
20041102,0.294117859,1.246322939,-0.029364264
20041103,-0.232828976,1.013455146,0.789824202
20041104,2.045296704,0.559399947,2.161778953
20041105,0,1.571055122,0.313167516
20041108,0.085457917,0.490793183,-0.170697054
20041109,1.13573055,0.721973753,0.850586359
20041110,-0.451978171,0.578437337,-0.282725662
20041111,1.122976428,0.511250496,1.40570209
20041112,0.942618568,0.347250127,1.165708454
20041115,-0.359265275,0.71161341,-0.331675263
20041116,0.138600161,0.624158406,-0.055386321
20041117,0.192757873,1.010122812,0.690133864
20041118,1.147240116,0.499077064,1.284697183
20041119,-1.532177716,1.161061323,-1.505022251
20041122,-0.331583614,0.630330992,-0.386740814
20041123,-0.501673293,0.946601467,-0.945502038
20041124,-0.559442019,0.76918831,-0.391937792
20041129,-0.677012459,1.282724516,-0.367283928
20041130,0.198103928,0.926387831,0.113154185
20041201,1.793770069,0.882317706,1.765493524
20041202,0.222903408,0.798611094,-0.194633733
20041203,-0.027905679,0.833354156,-0.278706981
20041206,0.028046557,0.418188004,-0.475591888
20041207,-0.789626212,0.666117526,-0.95802367
20041208,0.140154193,1.004773099,1.070131305
20041209,1.201299542,0.828125721,0.864598888
20041210,1.92578166,1.491339872,1.89800774
20041213,1.695183873,0.636533189,2.103070231
20041214,-0.186841106,1.673707342,-0.133493545
20041215,0,0.716060624,-0.106923293
20041216,-0.510685158,0.495817029,-0.751681392
20041217,1.065729447,1.891406293,-0.866040596
20041220,0.513306544,0.416191499,0.866040596
20041221,0.080808085,0.503939043,0.080808085
20041222,0.163043514,0.563851764,-0.838182547
20041223,0.081599352,0.363353679,-0.135851128
20041227,-0.626107939,0.294269669,-0.435967993
20041228,0.409668742,0.437058569,0.190969912
20041229,-0.082068121,0.221783543,-0.409668742
20041230,0.054585154,0.225782986,0.300587738
20041231,-0.547196988,0.266001439,-0.547196988
20050103,-0.518347907,0.603426855,0.301328813
20050104,-1.154176044,1.06299841,-1.044826662
20050105,-0.693003466,0.696887852,-0.63773958
20050106,0.498339902,0.707446069,0.720623961
20050107,-1.134018514,0.969375653,-0.720623961
20050110,0.05572583,0.688641837,-0.139178867
20050111,-0.563381772,0.889332792,-1.402547535
20050112,0.703138883,1.233423038,0.787848757
20050113,-1.073153479,0.611852669,-1.297620464
20050114,0.507758496,0.628607826,0.904471966
20050118,1.881285303,0.895547122,1.147026144
20050119,-1.038314365,0.492548383,-1.400583119
20050120,-0.197656425,0.963547464,-0.197656425
20050121,-1.552607053,1.090563821,-0.652207047
20050124,0.085142619,1.263208203,0.2840911
20050125,0.140154193,0.729738271,1.268515953
20050126,-1.288172391,0.795102845,-0.618153134
20050127,0,0.51562247,0.337648042
20050128,0.561011289,0.802161504,0.420463128
20050131,0.5271201,0.451537929,1.085001602
20050201,0.747201484,0.624906022,0.359066813
20050202,0.193290133,0.562439405,-0.055157199
20050203,-0.249273083,0.40664703,-0.525516353
20050204,0.664086558,0.296127386,0.553098755
20050207,0.498064118,0.367522421,-0.082770042
20050208,0.4949144,0.368004737,0.632826434
20050209,-0.690705882,0.672061893,-1.075427434
20050210,-0.360061322,0.345579001,-0.083206218
20050211,0.719626687,0.696045528,0.608577259
20050214,0.248104883,0.282806043,0.165334841
20050215,0.330305833,0.460269684,0.192545789
20050216,-0.165608649,0.400449725,-0.523489279
20050217,-0.27716204,0.494071934,-0.470719407
20050218,-0.528292623,0.512789066,-0.445063322
20050222,-0.591801079,0.663994168,-1.375460281
20050223,0.340812599,0.492261982,-0.311394448
20050224,1.273902578,0.805961557,0.7907412
20050225,0.196712161,0.533869772,0.196712161
20050228,-0.623054975,0.394776701,-1.186119526
20050301,-0.141864118,0.42692132,0.056802046
20050302,1.471447035,0.889142261,1.073153479
20050303,-0.533035348,0.747768741,-0.140548161
20050304,0.861714853,0.50670648,1.618338891
20050307,-0.11065008,0.407102311,0
20050308,0.055493897,0.372811348,-0.221668143
20050309,-0.390952746,0.834481383,-0.8636354
20050310,0.75031615,0.581515772,1.057621882
20050311,-0.584552813,0.577205106,-0.834033192
20050314,1.083494417,0.414688438,1.027644094
20050315,-0.635976152,0.671686821,-0.387597384
20050316,-0.531990615,0.816418527,-1.199958587
20050317,-0.73198525,0.693059351,-0.64779835
20050318,0.955600302,1.287461327,1.012097478
20050321,0.808366771,0.705379142,0.752407061
20050322,-1.286011573,1.419949125,-1.341551702
20050323,-0.14094435,1.118465201,-0.253556975
20050324,-0.251502159,0.619174609,0.814725675
20050328,0.194796221,0.344341349,0.641474798
20050329,-0.81289866,0.678927043,-1.230784767
20050330,1.616084211,0.705761298,1.812906993
20050331,-0.110864756,0.479450372,-0.332226219
20050401,-1.953732253,1.243490803,-1.621506033
20050404,-0.791411706,1.048125002,-0.678735637
20050405,0.735505437,0.738345954,0.678735637
20050406,-0.309641345,0.589860072,-0.028188866
20050407,0.588484254,0.453420487,0.898125599
20050408,0.139958035,0.464981451,-0.111825564
20050411,0.167644633,0.449804946,0.195612749
20050412,1.170581928,0.933761298,0.750942202
20050413,-1.143826113,0.641955165,-1.254721605
20050414,-0.589475391,1.018562002,-0.337268448
20050415,-0.083787185,1.431619173,0.757260665
20050418,0.696866932,1.717424366,0.585041368
20050419,-0.692044284,0.610354145,0
20050420,-0.952922009,1.167831572,-1.37045915
20050421,0.889883514,0.860763641,1.703238159
20050422,0.305089683,1.258849922,-0.027689326
20050425,0.055005502,0.623319401,0.717442371
20050426,-0.550965581,0.855825477,-0.468514017
20050427,0.856240558,0.830478495,0.441015048
20050428,-1.142869582,0.993624437,-1.915926994
20050429,1.05527222,1.250234292,1.474911946
20050502,0.552793005,0.69318306,0.220750642
20050503,0.138408327,1.740098632,-0.358967664
20050504,0.221300229,0.78473945,0.110588897
20050505,-0.86123605,0.690395709,-0.971824947
20050506,0.055819147,0.629384315,0
20050509,1.054686435,0.442284923,1.054686435
20050510,-0.639868646,0.517910812,-1.082592114
20050511,0.776918447,0.516810722,0.972094865
20050512,-0.77713408,0.615528885,-0.804777481
20050513,-0.475060276,0.869864708,-0.530801637
20050516,1.081991413,0.243060015,1.501279239
20050517,0.964859312,0.380483586,0.577797728
20050518,1.03571381,0.71590309,1.172794023
20050519,0.0270966,0.499158635,0.081311835
20050520,0.216274753,0.298001121,0.324587788
20050523,0.945825184,0.443835736,0.404258737
20050524,0.134971002,0.468592485,-0.296296513
20050525,-0.35197004,0.350576491,-0.540980492
20050526,-0.243407828,0.242237331,0.162601662
20050527,-0.081289803,0.076529013,-0.108371726
20050531,-1.117939387,0.361703544,-1.145050679
20050601,1.253080956,0.631113094,1.280496995
20050602,0.135630022,0.269933082,-0.135446316
20050603,-0.244864767,0.280668692,-0.48913141
20050606,-0.081888909,0.241959279,-0.245465826
20050607,0.217332332,0.447222335,0.626107939
20050608,-0.40644955,0.311387534,-0.054288818
20050609,0.135961952,0.413167174,-0.081488528
20050610,-0.435967993,0.501320277,-0.490330593
20050613,-0.136630709,0.519792332,-0.136630709
20050614,-0.16451882,0.511128697,-0.356115977
20050615,-0.329761222,0.577712259,-0.302322616
20050616,-0.469808796,0.527002517,-0.635098089
20050617,0.137155419,0.780192469,1.047129987
20050620,0.02752925,0.243274167,-0.412031897
20050621,-0.441380027,0.253925569,-0.441380027
20050622,-1.30684468,0.479982012,-1.223937393
20050623,-2.336954457,0.894611939,-2.982752012
20050624,0.086293692,1.686794716,0.287935701
20050627,-0.086667635,0.430225643,-0.518882686
20050628,0.857393077,0.431312531,1.54864007
20050629,-1.06557803,0.472310836,-0.384917433
20050630,-1.149437943,1.182867,-1.163722637
20050701,-0.344927045,0.3194634,0.375018469
20050705,0.259553138,0.610225354,-0.028797696
20050706,-0.609669474,0.512319979,-1.100503432
20050707,0,1.248790041,-0.467017778
20050708,1.671990521,0.726600571,2.31357919
20050711,-0.170648506,0.613198514,0.427899669
20050712,0.142551699,0.426947212,-0.085433581
20050713,0.227660884,0.25032343,0.227660884
20050714,0.506472664,0.734978407,1.271024031
20050715,0.197544865,1.29258245,-0.450071083
20050718,-0.510060613,0.26293713,-0.764118618
20050719,-0.169827383,0.439734129,0.283688134
20050720,-0.113282368,0.723474197,-0.028332625
20050721,-0.455841245,0.676915331,-0.768031083
20050722,-0.512092157,0.459245717,0.114155264
20050725,-1.115731786,0.499168505,-0.85935791
20050726,-0.517093942,0.668277586,-0.115141061
20050727,0.287687195,0.275235299,0.258881203
20050728,0.057323017,0.390498638,0.258212739
20050729,-0.836824967,0.259456364,-1.12376921
20050801,-0.727275933,0.421489835,-0.75625724
20050802,-0.029201343,0.493105318,-0.029201343
20050803,-0.146049391,0.253978932,-0.087655228
20050804,-0.44020614,0.189368064,-0.615747437
20050805,-0.118238264,0.49183833,-0.56039079
20050808,-0.236616496,0.389133012,-0.118378232
20050809,0.499193519,0.362846886,1.089688297
20050810,-1.173033979,0.720064991,-0.705470298
20050811,1.401073707,0.892717318,1.754430965
20050812,-0.174978172,0.439847077,-0.698083114
20050815,0.292654584,0.625894565,-0.116822443
20050816,-0.735405579,0.562290622,-1.028060163
20050817,0.676572665,1.091874075,0.70609296
20050818,-0.176418746,0.82381146,-0.381848019
20050819,-0.382072471,0.40097041,-0.05887548
20050822,-0.264511543,0.430655527,0.05887548
20050823,-0.058840837,0.528120244,0
20050824,-1.066992932,0.715794535,-1.243723464
20050825,-0.238592419,0.312367969,-0.208799479
20050826,-0.328898488,0.427000672,-0.299043285
20050829,1.349548147,0.704122968,0.537635704
20050830,-0.809235646,1.399928439,-1.017972863
20050831,1.138077573,1.489261822,1.047756928
20050901,-1.02225785,1.206551335,-1.469952972
20050902,-0.149812762,0.563529355,0.782665043
20050906,1.424779222,0.845536678,1.724180643
20050907,0.3240539,0.556493204,0.206094582
20050908,-0.412493219,0.710061761,-0.383085779
20050909,0.02945942,0.540336217,0.235918718
20050912,1.198669519,0.493501334,1.34583658
20050913,-0.203992494,0.748272983,-0.378512608
20050914,-0.702784737,0.560148651,-0.731960522
20050915,0.905776828,0.858509323,1.023251144
20050916,-0.057954218,0.749737309,0.348432408
20050919,-0.702167894,0.482519837,-1.28356488
20050920,-0.882618263,0.536425394,-0.64801405
20050921,0.029828486,0.557185119,-0.920297426
20050922,-0.060024011,1.152165475,-0.658290827
20050923,0.2998503,0.598617325,0.269824778
20050926,-0.927456162,0.864683927,-0.389980995
20050927,1.255997372,0.962430554,1.135696606
20050928,-0.565393561,0.596174911,-0.416915434
20050929,1.134679239,1.070033549,0.506028762
20050930,0.059417708,0.56939068,-0.02969562
20051003,-1.10729846,0.625565439,-1.315415081
20051004,-1.659413549,0.437884918,-1.089269469
20051005,-0.670938778,1.166005377,-0.579711768
20051006,0.687287929,1.387889878,2.716738166
20051007,0.968743816,0.694286402,1.917180089
20051010,-0.703608883,0.699005697,-0.703608883
20051011,-0.590146298,0.996497535,-0.590146298
20051012,0.623424908,1.422376279,0
20051013,0.826207119,1.179330619,0.707758779
20051014,-0.232828976,0.930908119,0.848578611
20051017,-1.372484678,0.54940843,-0.90736756
20051018,0,0.571094492,-0.02940744
20051019,1.346624565,1.272554957,1.140529983
20051020,-1.697436132,1.139660746,-1.494095466
20051021,-0.620477689,0.863213753,-0.414079267
20051024,0.558414383,0.705368883,1.119964551
20051025,-0.617195199,0.862513515,-0.58789117
20051026,-0.827427889,0.967961352,-0.650697357
20051027,-0.297796527,0.817719178,-0.505727688
20051028,1.063211433,0.871609055,1.509574323
20051031,-0.353565483,0.478106117,-0.471143392
20051101,-1.154713052,0.473261657,-0.889421813
20051102,0.563883376,0.628563689,0.623424908
20051103,-0.088326224,0.700608281,0.472395328
20051104,0.088248278,0.604498368,0.176574501
20051107,-0.234879732,0.296739609,0.029398795
20051108,-0.354820006,0.310505657,-0.767191724
20051109,0.206581157,0.606058654,0.47281412
20051110,1.664029055,0.778420757,1.811326179
20051111,0.086667635,0.458832078,0.26022857
20051114,-0.492968955,0.492995137,-0.666379403
20051115,-0.145201129,0.420663487,0.029065543
20051116,0.435224827,0.615659303,0.377085291
20051117,0.433338826,0.507521317,0.433338826
20051118,0.898630029,0.737526705,3.065809229
20051121,1.278150215,0.945065108,1.250189918
20051122,0,0.638300738,-0.470458872
20051123,-0.194633733,0.359829889,-0.333426261
20051128,-0.554018038,0.268931213,-0.554018038
20051129,-0.610773692,0.569346606,-0.250313022
20051130,-0.724842872,0.410338638,-0.474529851
20051201,-0.335289501,0.579813588,-0.02798377
20051202,0,0.749276374,-0.645797555
20051205,0.955331795,0.569676794,0.729725382
20051206,-0.278940209,0.522291609,0.11179431
20051207,-0.672648276,0.407362711,-0.672648276
20051208,-0.563858274,0.477334087,-0.535740743
20051209,0.281849116,0.474558404,0.451340682
20051212,-0.308945619,0.261834691,0.056274622
20051213,-0.08454277,0.912585997,-0.225288746
20051214,0.251995093,0.461657367,0.814268152
20051215,0.139024074,0.573443682,0.641117179
20051216,-0.360061322,0.216422587,0.138831065
20051219,-0.473340714,0.562610665,-0.584390142
20051220,-0.336984312,0.493796987,-0.784537507
20051221,-0.649261279,0.211291286,-0.677394631
20051222,0.084709874,0.391915761,0.339270894
20051223,-0.394477829,0.247053006,-0.028228652
20051227,-1.444170647,0.437706284,-1.021575286
20051228,0.08553101,0.218593307,0.08553101
20051229,0.256009242,0.332851831,0.312989301
20051230,-0.256593156,0.263775349,-0.484124539
20060103,0.311570851,0.942778871,0.937640056
20060104,-0.11321824,0.537499624,-0.141502783
20060105,-0.141864118,0.342327711,-0.255210687
20060106,0.197656425,0.410881533,0.650914991
20060109,-0.056513141,0.289827223,-0.197656425
20060110,-0.227079291,0.292501962,-0.53847374
20060111,0.79365496,0.47071897,0.651468102
20060112,-1.277519149,0.380160302,-1.192857087
20060113,0.028502209,0.447022648,0.256812811
20060117,-0.028616397,0.392326835,-0.428388489
20060118,-0.286944243,0.514530547,-0.401491793
20060119,-0.460697619,0.531207324,-0.431966114
20060120,-2.894472591,1.729224361,-3.764043287
20060123,-0.688316349,0.411310226,-0.209989578
20060124,-0.695181884,0.656533532,-0.99593399
20060125,-1.091912578,1.147992531,-0.547446623
20060126,0.242644948,0.732926417,0.668695501
20060127,-0.03035362,0.49675677,-0.212282112
20060130,-0.091088514,0.326329778,-0.060734894
20060131,-0.395919506,0.592978006,-0.45669131
20060201,1.458992446,0.668076887,1.122754929
20060202,-0.484996404,0.642621624,-0.696444904
20060203,0.152322954,0.732216415,-0.182481802
20060206,-0.304878285,0.305166999,-0.304878285
20060207,-1.046485389,0.863681982,-1.321672843
20060208,1.291530868,0.605862923,1.260585486
20060209,0.426180249,0.609905976,0.57882873
20060210,1.117667578,1.125855187,1.117667578
20060213,0.150489118,0.602559466,-0.120228449
20060214,0.84034108,0.661758318,0.629592846
20060215,0.179479558,0.425547314,0
20060216,-0.269501585,0.580258962,-0.32929232
20060217,0.746829461,0.567116041,0.746829461
20060221,-0.776586938,0.862417535,-0.746829461
20060222,0.267897169,0.33733651,0.865806274
20060223,0.060132293,0.587927375,-1.105974507
20060224,-0.301205047,0.303491941,-0.36133734
20060227,0.300571311,0.215199559,0.511510067
20060228,-1.029376331,0.402617362,-1.390170469
20060301,-0.6695095,0.252176669,-0.335315053
20060302,0.457666703,0.408879245,0.304878285
20060303,0.942113031,1.085136417,0.637234746
20060306,0.120918999,0.618941259,0.120918999
20060307,0.241765001,0.428830081,0.090593393
20060308,1.083043077,0.483872001,0.871530686
20060309,-0.510588285,0.509081106,-0.630348778
20060310,1.135357281,0.494935705,1.345915337
20060313,-0.029713267,0.519759931,-0.029713267
20060314,0.802739557,0.464017266,0.355977831
20060315,1.847830843,1.148605448,1.877438541
20060316,-0.695050583,0.381947452,0
20060317,-0.11584131,0.487060963,0.29019173
20060320,-0.028956132,0.452287706,0.057937429
20060321,-0.493828164,0.492085386,-0.551765593
20060322,0.435351145,0.358043338,0.551765593
20060323,-0.874641144,0.579171409,-1.106592539
20060324,-0.205912707,0.316470603,-0.557922457
20060327,-0.324915365,0.350032871,-0.472255895
20060328,-0.297088751,0.819296609,-0.563716075
20060329,0.858120372,0.767254473,0.977061807
20060330,1.71790511,0.877028642,2.041482389
20060331,0.143822835,0.521597978,0.432090547
20060403,-0.259030221,0.804805761,-0.259030221
20060404,0.201991123,0.666297066,-0.028822597
20060405,-0.665993485,0.590613506,-0.78136702
20060406,0.611088763,0.660304531,0.145158975
20060407,-1.487124651,1.102760996,-1.255307682
20060410,-0.411886431,0.485409906,-0.353149278
20060411,0.353149278,0.892326475,0.353149278
20060412,0.552407278,0.547153206,1.313312324
20060413,-1.056657909,1.654934785,-1.754944133
20060417,-1.402380137,0.982383477,-1.816336967
20060418,0.979672374,0.960304071,1.698238341
20060419,-0.206398422,0.753069254,0.088587043
20060420,0.88365818,0.755690876,0.647251451
20060421,-1.054491318,0.692158227,-0.411402285
20060424,0.2951596,0.53016248,-0.088378265
20060425,-0.088274244,0.616438732,0.117820338
20060426,0.146649095,1.122072736,0.440594045
20060427,1.521386864,1.525147856,0.933495694
20060428,0.34732307,0.803867859,0.492397809
20060501,-0.724325925,0.723629719,-0.63768332
20060502,0.246859924,0.78134253,0.246859924
20060503,-0.232288142,0.72054416,-0.21778593
20060504,0.865806274,0.737599926,1.15608224
20060505,0.68454346,0.249834711,1.086035253
20060508,-0.313882409,0.425390547,-0.541543293
20060509,0.142959281,0.280667291,0.028575511
20060510,-0.718084372,0.696253301,-0.889660051
20060511,0,0.748056924,-0.549213694
20060512,-0.378843525,1.072242094,-0.727275933
20060515,1.339955965,0.931176268,0.901037923
20060516,0.143822835,0.404972972,0.663304523
20060517,-0.608432994,1.170769413,-1.098276935
20060518,-0.554664975,1.346547655,-0.729185089
20060519,-0.204708362,1.495012096,0
20060522,0.088066937,1.652709016,-0.234466696
20060523,-0.293685967,0.374942261,-0.235017734
20060524,1.440989498,1.547246006,0.732604009
20060525,0.203577212,0.608872211,0.495122608
20060526,-0.406977306,0.441961889,-0.261818331
20060530,-0.78936238,0.630776133,-0.76023758
20060531,0.175644073,0.855308928,0.351597198
20060601,0.697271855,0.643662446,1.018486907
20060602,0.057720059,0.606330492,0.346821157
20060605,-0.930509767,0.445357914,-1.248383175
20060606,0.406150834,1.481534386,0.901562018
20060607,-0.435098583,0.728962341,-0.406150834
20060608,0.696664646,1.696023208,0.492968955
20060609,-1.341519098,0.816894642,-1.48625787
20060612,-0.88183993,0.584311221,-0.55940084
20060613,0,1.557940583,-0.414201776
20060614,0.414079267,1.033534425,0.443722071
20060615,0.146864471,0.808655608,0.559236189
20060616,0.177043422,0.597316905,-0.441242075
20060619,-0.325684966,0.578414167,-0.591367779
20060620,-0.118694376,0.522043157,-0.118694376
20060621,-0.503779403,0.549833841,-0.059400061
20060622,-0.090212004,0.55721952,-1.255621878
20060623,0.060259116,0.576494688,-0.120409406
20060626,0.090375063,0.391012972,0.030115947
20060627,-0.937837762,0.471905918,-0.937837762
20060628,0.060716456,0.533096892,0.151860318
20060629,0.815344997,0.657047496,0.906350615
20060630,-1.056613604,0.407327926,-0.906350615
20060705,0.270473493,0.444248429,-0.030007502
20060706,0.53892346,0.524665129,0.508906951
20060707,-0.120012016,0.519529572,-0.53892346
20060710,0.419539123,0.4389808,0.389513601
20060711,-0.3301819,0.502862201,-0.539731445
20060712,-0.422450839,0.276526716,-0.572894677
20060713,-0.974132513,0.579457478,-1.155730626
20060714,-0.558834115,0.581716718,-1.759033166
20060717,0.40266432,0.449093615,0.713513187
20060718,0.246913706,0.336451232,0.27782083
20060719,0.825314176,1.060669197,1.255951568
20060720,-1.040401061,0.837323205,-1.040401061
20060721,-1.141107216,0.770051759,-0.833981668
20060724,0.43010819,0.605009965,1.171767955
20060725,-0.335929465,0.667505847,0.214362354
20060726,-0.183430195,0.641461936,-0.030595074
20060727,-0.336443199,0.47326863,-0.12247399
20060728,0.607904608,0.568208409,1.096903137
20060731,-0.335929465,0.320712358,-0.943834073
20060801,-0.276031459,0.308131429,-0.39846796
20060802,0.153491972,0.543501377,0.122774724
20060803,0.735748261,0.515836696,0.428528357
20060804,-0.304599687,0.7628039,0.122100137
20060807,0.061180791,0.475996642,-0.244349541
20060808,-1.412366124,0.834403392,-1.107022375
20060809,-0.648650923,0.594052017,-0.216684809
20060810,0.861808966,0.970014137,1.109410454
20060811,-0.8270839,0.597631004,-0.368437629
20060814,0,0.671487284,0.888078107
20060815,-0.030125019,0.801781653,1.182011034
20060816,1.103336077,0.542047621,1.58425074
20060817,0.621211878,0.442105747,0.5618823
20060818,0,0.301911271,0.206216011
20060821,-0.088274244,0.463843645,-0.029433407
20060822,0.162110418,0.488668912,-0.044166361
20060823,0.103649969,0.421972502,-0.501920156
20060824,-0.295072507,0.445641831,0.162661773
20060825,0.370014483,0.22282094,0.014774322
20060828,0.739101665,0.646788356,0.309757604
20060829,0.851818926,0.412804959,0.704434965
20060830,0.058377118,0.248061154,0.233713224
20060831,-0.614306451,0.286132218,-0.555963393
20060901,-0.146391477,0.236376186,0.146606096
20060905,-0.205610294,0.169552714,-0.35221639
20060906,0.294811534,0.425790453,-0.117681685
20060907,0.530348915,0.640135785,0.176470634
20060908,-0.117577909,0.176930588,-0.08819639
20060911,1.507308848,0.706811358,1.242252
20060912,0.665800694,0.515189976,0.680323967
20060913,0.431593247,0.80207522,0.489280009
20060914,0.692243895,0.533599929,-0.114909521
20060915,-0.172067722,0.398638909,0.143616282
20060918,0.632913505,0.547777188,0.08607087
20060919,0,0.528732669,-0.057372348
20060920,0.429246617,0.244416567,0.486618965
20060921,-1.168928816,0.5581856,-1.655547781
20060922,0.058190284,0.488445557,-0.188884909
20060925,0.805527946,0.693879617,1.501182925
20060926,1.521320305,0.825798936,1.521320305
20060927,0,0.985627123,-0.296757089
20060928,0.22573373,0.794694284,0.423669607
20060929,-0.254417098,0.654881967,-0.423669607
20061002,0.310252682,0.570477341,0.508188558
20061003,0.617632508,0.781394991,0.617632508
20061004,1.030506265,0.581786755,1.002514662
20061005,0.719427563,0.592894946,0.497513464
20061006,-0.331217526,0.532319334,-0.276090733
20061009,0.055325036,0.43797445,-0.027651044
20061010,0.552487593,0.500345072,0.386420575
20061011,-0.082907287,0.429315288,-0.358769531
20061012,-0.110405752,0.510507063,0.110527781
20061013,-0.194363521,1.010618111,-0.637209526
20061016,-0.476926139,0.704428176,-1.174181788
20061017,0.620419362,0.580117781,0.028117531
20061018,-0.756624038,0.705991659,-0.056242971
20061019,-0.084973805,0.488867791,-0.734051856
20061020,0.11293056,0.703647671,0.424148805
20061023,0.621646534,0.617626929,0.169157074
20061024,-0.084662062,0.240796265,-0.225606413
20061025,0.168634104,0.643962042,0.534986493
20061026,-0.47665869,0.63432811,-0.084281505
20061027,-0.593977139,0.323453744,-0.931815298
20061030,-0.113636376,0.655274055,-0.198778995
20061031,-0.511510067,0.589933255,-0.227660884
20061101,-0.884582741,0.538150748,-0.600087527
20061102,-0.531801469,0.47398987,-0.560467085
20061103,0.028748024,0.473410778,0.273440481
20061106,0.682985011,0.434603724,1.341918781
20061107,0.734466578,0.382686594,0.762823306
20061108,0.084376323,0.638174918,0.112517593
20061109,-0.578974999,0.453691184,-0.747798899
20061110,-0.397389112,0.186609227,-0.411552415
20061113,0.056561087,0.633500847,0.59549304
20061114,-0.08430519,0.839714718,0.563858274
20061115,0.785417782,0.543179189,0.616593882
20061116,0.083460848,0.132613414,0.473868483
20061117,1.222237437,0.541997883,0.720424285
20061120,-0.443582651,0.490889898,-0.637033036
20061121,-0.445683189,0.489950584,-0.473472546
20061122,0.501533512,0.518618649,0.445683189
20061127,-0.366146022,0.655890224,-0.702941177
20061128,-0.283688134,0.658350791,-0.679504313
20061129,0.411027437,0.843095239,0.425230974
20061130,-0.325387569,0.938882456,-0.184044789
20061201,-0.38235549,0.978433439,-0.127614338
20061204,0.014135275,0.470067184,0.38235549
20061205,0,0.917453515,-0.325617899
20061206,-0.652947671,0.206529316,-0.426318679
20061207,-0.056834329,0.397434892,0.199174913
20061208,0.682790704,0.390866305,0.255500494
20061211,0.199005041,0.583266054,-0.170261108
20061212,1.29798662,1.097187293,1.29798662
20061213,-1.036569024,0.977914957,-0.449565242
20061214,2.262350364,0.790208155,1.952097682
20061215,2.988540803,1.395630278,3.126528958
20061218,1.058210933,1.285444225,1.698554637
20061219,0.712498066,0.432615897,0.078916221
20061220,0.065543687,0.958998938,0.32814888
20061221,-0.554456866,0.719344632,-1.014167402
20061222,-0.794916745,0.715724208,-0.477707915
20061226,0.292126087,0.413572281,0.318725369
20061227,-0.29058269,0.586159109,0.238379136
20061228,-0.425985735,0.379989426,-0.850164526
20061229,-0.348572548,0.483932309,-0.669256949
20070103,1.512566982,1.350521763,1.968148636
20070104,-0.581089855,1.565581201,-0.581089855
20070105,-0.079861578,1.421810519,-0.531209748
20070108,0.373234238,0.987203542,0.079861578
20070109,-0.74251203,1.342393812,-0.02661344
20070110,0.453636535,1.059259237,-0.026620525
20070111,0.64776484,1.012903019,1.019808852
20070112,0.132082967,0.534798515,-0.171447454
20070116,0.236562076,0.533157809,0.552851217
20070117,-0.747593488,0.850547067,-0.289207511
20070118,-1.121161912,1.127751428,-0.753224572
20070119,-1.105281504,0.903285471,-2.158694806
20070122,-0.975617495,1.07313147,-0.461894586
20070123,-0.341413783,0.532666084,-0.464037956
20070124,-0.095478422,0.404959455,0.245935361
20070125,-0.76712705,0.555014868,-0.76712705
20070126,-0.937162317,0.753723548,-0.689943402
20070129,0.332134266,0.671312888,0.221300229
20070130,-0.887908164,0.717001733,-0.860280039
20070131,0.138792527,0.938635739,0.472682654
20070201,0.082884381,0.650841431,0.442846005
20070202,0.096558391,0.639334628,0.151776504
20070205,0.28907722,0.575501949,0.302863668
20070206,-0.192598766,0.226625389,-0.178854007
20070207,-0.607736677,0.219867847,-0.607736677
20070208,-0.80746645,0.561020951,-0.890626538
20070209,-0.561641465,0.491535334,-0.729520632
20070212,0.028062298,0.399825381,0.365425565
20070213,0.25171318,0.475284348,0.44792908
20070214,1.384680113,0.591296482,1.55213759
20070215,-0.662254076,0.599528989,-0.662254076
20070216,-0.09745911,0.345115247,-0.624871852
20070220,0.918075721,0.467956039,0.597182526
20070221,-0.222531385,0.389413579,-0.555402705
20070222,-0.619720293,0.528282097,-1.458651388
20070223,-0.568021976,0.389291227,-0.794330418
20070226,0.553232137,0.623131513,0.667094944
20070227,-1.787421577,4.303820937,-1.971492425
20070228,0.545586422,2.286621477,0.76177156
20070301,0.918490958,2.839504289,0.228833052
20070302,-0.171919813,1.674061949,-0.37212008
20070305,-0.317965292,1.515808942,-0.950878797
20070306,-0.057603688,0.834736832,0.490975716
20070307,-1.172651874,0.62223366,-1.08625878
20070308,-0.290107543,0.472457888,0.247254871
20070309,-0.797973041,0.778111938,-0.276383913
20070312,0.845362854,0.806807063,0.363504581
20070313,-0.205188406,0.925723644,-1.07982955
20070314,0.599285576,1.203780821,0.672615491
20070315,0.902349304,0.767612414,0.581228024
20070316,-0.97038925,1.072515188,-0.450156863
20070319,0.462696025,0.493788793,0.88387158
20070320,0.374694198,0.482256107,0.288101611
20070321,1.993232277,1.37356662,2.021996839
20070322,1.010676767,0.726838558,0.926062462
20070323,0.41940506,0.416264366,0.11166947
20070326,0.668898815,0.654807099,0.445435035
20070327,-0.083834014,0.296509081,-0.640938519
20070328,-0.421882218,0.967584192,-0.814039583
20070329,-0.154613848,0.867809718,0.183034194
20070330,-0.493967556,0.942293836,-0.578403249
20070402,-0.396264317,0.732951736,-0.226628992
20070403,-0.367699467,0.488803621,0.085046072
20070404,-0.766287275,0.406608922,-0.539850722
20070405,0,0.431580878,-0.285306898
20070409,-0.973383007,0.233406116,-0.688076109
20070410,0.373402703,0.370234852,0.344629864
20070411,-0.142918418,0.634907869,0.229095175
20070412,0.885087862,0.558845714,0.627318852
20070413,-0.338600775,0.607223839,0.566894942
20070416,-0.465872234,0.412418085,-0.127271459
20070417,-0.255355508,0.281402506,-0.382789154
20070418,0.113992603,0.524228711,-0.256009242
20070419,0.200200267,0.529876094,-0.313792869
20070420,-0.170697054,0.418404626,0.342270728
20070423,-0.701656777,0.239036569,-0.929707047
20070424,-0.186795083,0.888068137,-0.086256475
20070425,1.193535055,0.431427071,1.810068659
20070426,1.038023067,0.573519201,1.207371118
20070427,2.167734766,1.59633126,2.779868007
20070430,-0.081378005,1.168930901,0.027140725
20070501,0.649001737,0.628350053,0.676135098
20070502,0.295341871,0.465438712,0.537635704
20070503,0.066974753,0.42172819,0.107181146
20070504,-0.617037504,0.38639923,-0.483222417
20070507,-0.026863667,0.36990979,0.161333727
20070508,-0.013479814,0.554545878,-0.349885971
20070509,0.916695554,0.467609386,0.457297367
20070510,-0.636729104,0.62842076,-1.269429606
20070511,0.542006747,0.419655818,0.569184353
20070514,-0.816331064,0.552959775,-1.086967224
20070515,0,0.901686197,0.191074168
20070516,0.380538649,0.609972745,0.516797016
20070517,-0.627816993,0.493182968,-0.926689651
20070518,0.556197595,0.811206137,1.197619105
20070521,-0.215459281,0.49408395,0.351114473
20070522,0.362392182,0.493269544,0.618198448
20070523,0.306564719,0.749055423,0.667648361
20070524,-0.998344398,0.646891169,-0.520382788
20070525,0.560524623,0.495273448,0.520382788
20070529,-0.560375049,0.511576713,-0.533761609
20070530,1.401611412,0.66032558,0.932221427
20070531,-0.398353999,0.31932301,-0.371846378
20070601,-0.718565966,0.406324609,-0.373234238
20070604,0.145589332,0.629151646,0.97017174
20070605,-0.772204609,0.410014115,-1.050332065
20070606,-0.026813246,0.500679756,-0.321285417
20070607,-1.190812448,1.038268571,-1.513133436
20070608,1.702973984,0.908693131,1.56675274
20070611,0.696493574,0.424042675,0.401230978
20070612,-0.699303549,0.715611268,-1.100534527
20070613,1.12210635,0.875065119,1.579896298
20070614,0.238505479,0.589964886,0.371254736
20070615,0.341790789,0.303320733,0.843442006
20070618,-0.183799448,0.4002507,-0.131319782
20070619,3.444597964,1.507219019,3.181439918
20070620,-1.246676877,1.958090822,-0.561655804
20070621,-0.334836115,0.842694207,-0.771013843
20070622,-1.130102305,1.649173284,-1.259184548
20070625,-0.574114312,1.589120288,-0.169968008
20070626,-0.655912098,1.404895949,-0.577429426
20070627,0.817838617,0.768232635,0.184089467
20070628,0.210084111,1.412332196,0.157521692
20070629,0.130804466,1.859726672,0.340448149
20070702,-0.599194186,0.526847832,0.052273917
20070705,-0.090773526,0.60844655,-0.414293705
20070706,0,0.37612053,-0.155803719
20070709,0.129584053,0.48824594,0.337268448
20070710,-1.337023456,0.537313099,-1.882408525
20070711,1.144222387,1.288815919,0.906410147
20070712,1.291340259,0.644918784,1.904079285
20070713,-0.101214584,1.684306817,1.350855256
20070716,1.179880639,0.651322619,1.432725274
20070717,1.432476952,1.146802531,1.75638405
20070718,-0.37014231,1.174517461,-0.812512164
20070719,0.122925645,0.643216076,0.616144894
20070720,-1.482973297,1.356103623,-1.335661707
20070723,0.860908035,0.644116618,1.654562995
20070724,-0.915281591,1.424685314,-1.455557954
20070725,-0.518327706,1.773318361,0.42157533
20070726,-0.902940672,4.002250782,-1.79780123
20070727,-1.863963068,3.089747001,-2.267902017
20070730,1.126772485,2.010934491,1.204062196
20070731,-1.968617838,2.947904985,-1.384637506
20070801,0.695610173,3.94876849,0.566427879
20070802,0.384961338,1.574848414,0.230798923
20070803,-2.104247013,2.635940703,-2.463498105
20070806,2.42004693,2.679954675,2.629855556
20070807,1.659471321,4.181794653,0.992374556
20070808,1.874586261,2.764651741,2.228434728
20070809,-2.183381986,4.169752572,-3.592295012
20070810,-0.365726635,7.170405126,-1.943821732
20070813,-1.043034228,1.789465403,-0.157150373
20070814,-1.477989427,2.295464909,-1.425578525
20070815,-1.910971892,2.69885926,-2.177212731
20070816,2.308317018,8.031924844,1.215409965
20070817,0.823803286,3.181884608,3.027529796
20070820,-0.652658628,2.632301188,-0.561542448
20070821,0.772710282,1.852011318,0.379060646
20070822,1.027758276,1.47479268,2.053142041
20070823,-0.204290163,1.326288705,0
20070824,0.738950999,0.905450186,0.687813182
20070827,-0.613969695,0.835047608,-1.071985763
20070828,-1.845406496,0.940207888,-2.205304056
20070829,1.272909771,1.028195509,1.613357919
20070830,0.273704961,1.421253145,-0.842464966
20070831,0.180249823,1.207088837,1.177473654
20070904,0.707080146,1.157838967,0.410783633
20070905,0.116331688,1.151210923,-0.836179054
20070906,1.739619209,1.041676773,1.855815723
20070907,-0.437750152,1.154878101,-1.739619209
20070910,0.795794214,1.192582727,0.924743297
20070911,0.876251717,1.017291884,1.10610752
20070912,1.338234843,0.846464457,0.818489742
20070913,0.99256398,1.192863023,1.567781272
20070914,0.496895432,1.275097853,-0.37105794
20070917,0.186950886,0.630969018,-0.484442908
20070918,3.30336575,2.508193233,3.775416316
20070919,-0.215079543,0.958943806,0.239521073
20070920,-0.351196243,0.771575526,-1.409407177
20070921,-1.278203825,0.763830838,-0.036401141
20070924,-0.805176974,0.887099552,-0.926609897
20070925,1.455950353,0.894660198,0.841622337
20070926,0,0.867641371,0.157776597
20070927,0.048297514,0.598551759,0.459770925
20070928,0.193376903,0.589951702,-0.024145841
20071001,1.438873745,0.620906533,1.414722073
20071002,0.21405645,0.648099687,0.21405645
20071003,-0.789761195,0.631753984,-1.122936182
20071004,0.15605309,0.631115664,0.15605309
20071005,-0.513525939,0.644428601,0.179759171
20071008,-0.528466279,0.327769807,-0.576370472
20071009,1.221133335,0.408569463,1.197045656
20071010,-0.644470544,0.576819659,-0.620675184
20071011,-0.933356064,1.366187712,-0.407918982
20071012,0.611622702,1.597568581,-1.428768705
20071015,-0.036703983,1.171042383,-0.342047731
20071016,-0.085894845,0.669923795,-0.318666773
20071017,0.073197515,1.14158357,0.660714504
20071018,-0.538293446,0.926980283,-0.587085835
20071019,-1.613138343,1.344683347,-1.957203563
20071022,0.849580322,1.492307734,0.548903574
20071023,0.643725917,1.391550413,0.817747092
20071024,-0.495909769,2.061371882,-0.718269342
20071025,-0.9544541,2.385468447,-0.211508633
20071026,-0.049517208,1.725020033,0.583671325
20071029,0.148111604,0.577920362,0.395452814
20071030,-0.07411983,0.531134792,-0.197530928
20071031,1.468095856,1.193537853,1.739600404
20071101,-1.676981347,1.363841665,-2.359411487
20071102,-0.173203062,2.131641208,0.421889198
20071105,0.099663643,2.410924163,-0.558764724
20071106,-0.273190285,0.716443783,0.136875527
20071107,-1.880136683,1.918174555,-3.081051791
20071108,-0.729696639,4.866710126,-0.192542258
20071109,-0.625002035,3.649844789,-1.645221383
20071112,-0.078482672,3.024771231,-0.183030513
20071113,2.112936117,1.536001128,2.608955931
20071114,-1.93390251,2.382487737,-0.767856345
20071115,-0.76718405,2.088541356,-1.592782135
20071116,-0.284863588,3.405102427,0.663503377
20071119,-0.808875904,1.375442431,-1.016560299
20071120,-0.183606609,4.346629457,-0.209808627
20071121,-1.820178731,3.355364214,-2.849347335
20071126,-1.89399601,1.918447451,-2.854259457
20071127,1.532906176,3.74948486,2.321918567
20071128,2.190969897,2.237171946,2.789654583
20071129,-0.262123348,1.467616714,-1.122287651
20071130,-0.649943793,1.857114953,0.627945548
20071203,-2.84000155,1.875499794,-3.638696467
20071204,-1.097404703,2.174995923,-1.966739165
20071205,0.710773905,1.753385981,1.260981621
20071206,1.554610559,1.224816623,1.527366314
20071207,-0.749869609,1.664348012,-0.201409937
20071210,0.40155321,1.027898549,0.616376064
20071211,-1.10245806,6.720902765,-1.196009688
20071212,-1.952382886,4.383216053,0.794456478
20071213,1.635205984,3.720033926,0.881298266
20071214,-0.998254614,1.293589101,-1.960057379
20071217,-0.859311023,1.564273325,-1.03571381
20071218,0.463405491,1.699563086,0.737003472
20071219,-0.545852884,1.650201092,-0.627474436
20071220,0.19143996,1.077740523,0.164068946
20071221,0.755943125,1.449069803,1.572274189
20071226,0.400160598,0.632738952,0.079904119
20071227,-0.482574663,0.715535084,-0.936211198
20071228,-0.548312975,0.860854415,0.201355864
20071231,-0.807541401,0.896197941,-0.767318835
20080102,-0.83909005,1.65406187,-0.569184353
20080103,-0.054288818,0.86723616,0.108666134
20080104,-1.585037663,1.484274993,-2.307160837
20080107,0.110588897,2.065437941,0.554171548
20080108,-2.70852799,2.859496114,-2.40503762
20080109,1.362476305,4.385431533,1.433212674
20080110,1.176154695,5.568654219,0.222965533
20080111,-0.990247164,2.15686107,-2.110079695
20080114,0.225861191,1.157669208,0.821185416
20080115,-1.966335331,2.207504156,-2.759091465
20080116,0.609669474,3.655602468,0.159316422
20080117,-4.518464138,3.220544883,-3.955651483
20080118,0.993579185,6.086106675,3.491478906
20080122,1.329610369,14.16612971,-0.934859277
20080123,3.181853348,11.83922345,1.673618341
20080124,-0.274269389,5.603230461,-0.158879213
20080125,-2.898753687,4.285608943,-1.720409833
20080128,1.245490394,2.537065607,2.15312362
20080129,-0.630555256,1.424930534,0.115074811
20080130,0.848132734,3.707592023,0.430354989
20080131,2.231213841,4.748708323,1.195233352
20080201,1.533131075,2.438906062,2.237855626
20080204,-2.406383602,1.434767559,-2.351073866
20080205,-1.305690971,2.166814574,-3.077165867
20080206,-0.814905557,2.435030062,-0.058428281
20080207,0.42425636,2.913997822,0.087629624
20080208,-0.853951008,2.040020023,-1.278207368
20080211,0.323958463,1.907789437,0.575010799
20080212,0.393787426,1.680675739,0.994741965
20080213,0.919282544,1.208994447,1.788853241
20080214,-1.991695221,1.383186493,-1.93451969
20080215,-0.218166038,0.933249637,0.11655013
20080219,-1.334513568,1.360834378,-0.29163042
20080220,1.067027591,2.303427895,0.437127317
20080221,-1.958969781,1.423328164,-2.279342852
20080222,-0.385814398,1.538393835,0.044612983
20080225,1.843030421,2.790235917,1.753784542
20080226,-0.308755667,1.321398569,-0.792025261
20080227,0.353773954,1.365734106,0.073599768
20080228,-0.295246745,1.026595282,-0.471977277
20080229,-1.436720313,0.921664437,-1.940649051
20080303,0.119760493,2.645756792,0.750867021
20080304,1.079147163,2.016963358,0.358423323
20080305,0.118835427,2.265496254,0.416543298
20080306,-2.16941319,1.335424427,-2.556145786
20080307,-1.38613031,3.150896086,-1.813481388
20080310,-1.85725198,1.865638486,-1.563020254
20080311,2.764873068,4.075013244,5.007957767
20080312,1.260302841,2.763732648,1.678963739
20080313,2.110935273,4.448799072,0.865552239
20080314,-1.772810329,10.61233025,-1.190227849
20080317,2.420425125,7.069795611,1.365359242
20080318,3.06936667,3.725120091,5.03304513
20080319,-1.754675293,2.91636836,-1.311951825
20080320,2.537933193,3.521748954,5.254286457
20080324,-0.34689828,1.565668034,-0.266951573
20080325,-0.026849242,1.694500367,-0.455459595
20080326,0.513306544,1.963563196,-0.349697734
20080327,-1.256179144,2.149734264,-0.879632169
20080328,-1.006400443,1.104239053,-0.558851042
20080331,0.666895973,1.411445388,0.762530928
20080401,2.745684623,1.391124437,4.093050735
20080402,-1.020817659,1.518287808,-1.020817659
20080403,-0.013205678,1.420034643,-0.395413722
20080404,-0.424967439,1.313780102,-0.76892862
20080407,-1.46571578,1.081922606,-0.855391476
20080408,0.054112555,1.492643793,-0.754517188
20080409,-1.091416018,1.213448437,-1.416531449
20080410,1.051419531,2.003408312,0.982808894
20080411,-1.425496714,4.042688018,-13.87844252
20080414,-0.743958794,1.63476356,0.311623811
20080415,-0.218647596,1.44677003,-0.49906529
20080416,-0.341562201,0.702707476,0.530174328
20080417,-1.211006882,0.741281439,-0.43640967
20080418,0.67464224,1.292750675,2.193815775
20080421,-0.736651582,0.627006651,-0.797794965
20080422,-0.523642041,0.960742239,-0.246761384
20080423,-0.246761384,1.262036088,0
20080424,1.040719525,2.157346396,1.410633633
20080425,0.768018232,2.502603859,1.481060774
20080428,-1.005335199,1.163484463,-0.52643575
20080429,-1.151179026,0.803164,-1.015544916
20080430,-0.88482652,2.021735707,-0.580597506
20080501,0.787405643,1.348651192,1.581060603
20080502,-0.224635063,1.396966643,0.601505573
20080505,-0.330479496,1.320069489,-0.360469
20080506,-0.030275507,1.166128685,-0.618823196
20080507,-1.525815381,1.053614068,-1.540956573
20080508,-0.153256735,0.961973861,0.245700369
20080509,-0.263341489,0.625409612,-1.125946961
20080512,0.092521209,0.713887764,0.633941048
20080513,-0.831669664,1.132810376,-0.339663751
20080514,0.169504625,0.905111923,0.447497082
20080515,-0.738919618,0.685291995,-0.354747037
20080516,-0.775558409,0.621926099,-0.775558409
20080519,1.101554851,1.076449791,0.914522378
20080520,-1.564487479,0.765997714,-2.168064333
20080521,-2.485787648,3.006158632,-2.296751675
20080522,-0.09682105,2.223305958,-0.064557781
20080523,-1.72727123,1.78815705,-1.791870715
20080527,0.032889328,1.833202528,-0.032878514
20080528,0,1.378441501,0.557469881
20080529,0.737164449,2.027527561,0.179694568
20080530,0,1.349642333,0.114183195
20080602,-1.372122148,0.98141574,-0.884236971
20080603,-0.295130563,1.923774522,0.164338574
20080604,-0.295518192,1.66727164,-0.131449247
20080605,1.330540479,1.419516673,1.986065606
20080606,-2.664193095,1.697991718,-3.343477609
20080609,-0.464345776,1.563228425,0.266311742
20080610,1.194836651,2.178760749,0.761719199
20080611,-1.199214905,2.001611897,-1.562791573
20080612,-3.550668846,2.433871781,-2.683129204
20080613,-0.581297585,5.386137897,0.377942384
20080616,1.285856118,2.560231421,-0.688233962
20080617,-0.932166253,1.471186854,-0.449905587
20080618,-1.47578223,2.674388186,-2.032305406
20080619,-0.820993367,2.642279451,-1.246676877
20080620,-1.934086497,3.105432729,-1.826617384
20080623,-0.545356742,1.98241356,0.127678996
20080624,0.636655175,2.264936277,0.527226019
20080625,1.221718394,3.816329343,1.529494504
20080626,-3.713366513,2.913359292,-5.260995027
20080627,-1.096212074,4.347864976,-0.964546485
20080630,0.944650894,2.873600829,1.05861102
20080701,2.59754864,4.874443177,1.918300746
20080702,-2.592219738,3.281918261,-2.38951074
20080707,-0.700205551,3.430131994,0.481928644
20080708,3.001490909,3.378665999,3.73841392
20080709,-3.686720378,4.077311731,-3.295608768
20080710,1.730619748,10.17250879,1.914544758
20080711,0.362976805,12.23909554,-0.307497755
20080714,-3.33485053,4.3111302,-1.717564605
20080715,-1.100449415,11.12247896,-1.747581192
20080716,4.71195001,4.711147063,4.22313535
20080717,-0.267594487,4.669745434,0.645163528
20080718,-0.463706913,2.692772768,-0.071479631
20080721,-1.112518203,1.977018851,-0.933914834
20080722,2.199450138,2.269934296,2.81107284
20080723,1.960509912,2.733316131,2.972911647
20080724,-3.625568089,3.425424496,-2.238770961
20080725,-0.969872514,3.661475767,0.069637886
20080728,-3.496673561,2.959389773,-3.723174224
20080729,1.759263498,2.406207079,2.515070587
20080730,1.146442989,3.814991952,1.97093674
20080801,-1.357207755,3.613013414,-2.713514409
20080804,0,2.433633697,-0.124300824
20080805,2.704741855,2.653592204,3.800352744
20080806,-0.550396986,1.968579382,-0.824463619
20080807,-0.47108174,3.075808742,-1.38939366
20080808,3.574263634,3.29281733,3.539280251
20080811,1.10720809,2.397406708,1.174707249
20080812,-0.569229731,2.604649293,-0.635985407
20080813,-0.882258862,3.325491324,-1.488525454
20080814,1.776609762,2.511965022,0.645492304
20080815,0.63984054,2.085044961,0.876607097
20080818,-2.122363645,2.140112884,-1.419902151
20080819,-1.55416701,3.172803587,-2.203187222
20080820,-0.139567364,4.285880132,-0.31375309
20080821,1.614070129,2.787881549,0.31375309
20080822,0.758362821,2.091590955,1.348335034
20080825,-2.1104821,2.190623385,-2.626923255
20080826,-0.106063294,2.224783122,-0.335481907
20080827,0,1.584595166,-0.177022528
20080828,1.678948148,1.341140305,2.138556523
20080829,-1.585936324,1.311423698,-2.386915706
