20020102,-0.102616736,2.533757119,0.020535989
20020103,1.757658165,2.252017133,1.346134951
20020104,0.439912727,1.083825932,1.527975043
20020107,-0.394867246,0.758338878,0.854281544
20020108,-1.536496355,1.023254645,-1.635457274
20020109,0.719140135,1.390013723,1.020314943
20020110,-1.052954995,2.216236366,-0.338949582
20020111,-0.521356705,1.802588353,-0.661258797
20020114,-0.321802369,1.559028522,-0.201247804
20020115,0.844056458,1.539135399,0.662586502
20020116,-0.200200267,1.881429311,-0.14018226
20020117,0.398406901,0.415114662,0.798407435
20020118,-0.978931002,0.691695037,-0.978931002
20020122,-2.864012143,1.586931441,-2.603360367
20020123,-0.308801069,1.088645628,-0.061836547
20020124,-1.218394009,1.198668495,-0.765811463
20020125,0.12394135,1.888999931,0.642023537
20020128,2.396168201,1.453140889,3.688361343
20020129,-2.021079299,2.313514405,-1.584310688
20020130,1.742309018,1.71025018,1.802933452
20020131,0.215538439,1.617566054,1.419302359
20020201,-0.254030425,1.234998687,0.039138944
20020204,-1.833105434,0.584795469,-1.657169508
20020205,-0.521565876,2.008435108,-1.100121106
20020206,-2.735422645,1.666345811,-2.856171302
20020207,0.618941526,1.922670227,0.618941526
20020208,1.316208128,6.092363371,2.217115122
20020211,0.742304542,1.489205997,0.641670539
20020212,-0.382640684,1.156082489,-0.943876874
20020213,3.178023162,1.397453022,3.157843564
20020214,-0.961640224,0.796834181,-0.863936259
20020215,-1.243232589,1.367428937,-0.692592063
20020219,-1.960264729,1.110821124,-0.697422375
20020220,3.643141765,2.325845745,4.419960729
20020221,-0.462606839,3.059062787,-0.980494253
20020222,1.900836551,2.808237439,2.574758424
20020225,4.022211448,5.376714564,4.491828165
20020226,-0.996114367,2.163322264,-1.104183542
20020227,-2.840319199,1.997402619,-2.09682135
20020228,-2.607224031,2.418071006,-1.498155362
20020301,2.784359829,2.331931342,3.685943697
20020304,3.860677678,2.960867402,6.392458476
20020305,-0.102284359,3.366933952,0.017057569
20020306,2.500552655,2.424268447,2.193070349
20020307,0.489796898,2.187413366,2.423262068
20020308,-2.10259559,2.555178457,-1.130140601
20020311,0.492207721,2.087538258,0.640343704
20020312,0.542630617,1.648791978,-0.196592462
20020313,-0.200033406,1.083554619,-1.736872709
20020314,-0.980318559,1.206375246,-0.066766819
20020315,0.876690753,1.107365293,1.376358681
20020318,0.246002584,1.02472286,0.542006747
20020319,-0.818335172,1.271324578,-0.328138112
20020320,-0.809186151,0.853756999,-0.891389197
20020321,-1.486209204,2.718589102,-1.453052705
20020322,0.670019257,1.593856313,0.770910471
20020325,-2.319041919,1.563330623,-1.8194572
20020326,0.610378294,2.616337287,0.576370472
20020327,1.470614739,1.358508668,1.875473592
20020328,-0.839580205,1.508757818,0.347768836
20020401,-0.451015548,0.957909903,-1.264365537
20020402,0.736774934,3.223139961,0.350965514
20020403,-1.770549008,1.328589351,-1.006044703
20020404,0.986712579,1.531213882,1.255982348
20020405,-0.282791505,1.221639086,-0.099900108
20020408,1.86858957,1.063333172,0.779892777
20020409,-0.198281625,1.332391403,-0.066137569
20020410,2.595441714,1.66028368,3.238424722
20020411,-0.419220221,2.464446001,-0.900762082
20020412,-1.240650732,2.364238296,-0.33988865
20020415,-1.603143394,1.283218874,-0.683262785
20020416,1.732326785,1.759671872,4.453692694
20020417,1.316317883,1.644738341,1.472324155
20020418,-1.23917323,4.331390907,-1.300730634
20020419,1.371467679,0.735876267,1.822444261
20020422,-0.476227953,0.457354714,-0.61406395
20020423,2.579203456,2.28476437,1.588789913
20020424,-0.28642516,1.136948985,0.393284428
20020425,-1.179819094,1.561637154,-2.074510027
20020426,-0.679224593,1.310915418,-0.494438585
20020429,-1.819087326,1.547534845,-2.144896318
20020430,1.383669874,2.069363568,1.336182734
20020501,1.615544022,3.902598139,2.284755142
20020502,0.636655175,2.207869434,1.002286295
20020503,-0.638203048,1.677810979,-0.880260654
20020506,-0.750903842,1.377023702,-0.903459173
20020507,0.061510074,1.178789989,0.061510074
20020508,0.242314218,1.476627104,1.616381639
20020509,-0.015198723,1.087126251,-0.485217025
20020510,-0.529862719,1.112334309,0.136705421
20020513,1.377061126,0.693343025,2.087946673
20020514,-0.014706964,0.215667758,1.06462635
20020515,-0.133382754,0.852541021,-0.827061279
20020516,-1.123186649,1.153579059,-1.539296626
20020517,-0.166553146,1.353663089,-0.619384109
20020520,-0.015184876,1.109538302,-0.212378721
20020521,-1.756709042,1.356960181,-1.468589956
20020522,0.107717176,0.92218874,0.200138624
20020523,-0.383877631,0.964131612,-0.030764498
20020524,-0.445777389,0.812403255,-0.138557485
20020528,-0.545385068,1.506125012,-1.411861169
20020529,-1.384540682,0.698871213,-1.384540682
20020530,-0.858374369,0.924068557,-0.763362486
20020531,-1.113774441,0.396589732,-0.223749494
20020603,-2.003945534,4.252081931,-2.003945534
20020604,-2.456147365,3.096639021,-2.881471088
20020605,-0.758026033,2.085135113,-0.64048761
20020606,-1.939826013,2.097368029,-1.602215969
20020607,0.498754151,3.138959304,0.154519732
20020610,1.349409834,1.814890945,1.108942525
20020611,-1.726686202,2.544119741,-1.624939542
20020612,-0.952965715,2.893076248,-0.952965715
20020613,-1.099496801,1.271344346,-2.396168201
20020614,-0.48749758,3.498765011,-1.491090233
20020617,2.192405789,1.450094095,2.625854183
20020618,0.404467271,2.092135919,0.457344685
20020619,-0.857388025,2.797173787,-1.156184275
20020620,-2.120872488,2.613259276,-4.865701724
20020621,1.022653178,2.364983957,2.557872455
20020624,-0.364631215,3.778309606,-0.528282493
20020625,-2.756626312,3.137272365,-2.665343786
20020626,0.850264924,3.847434424,-0.300582605
20020627,-4.574286386,9.707044437,-3.173049073
20020628,3.14102152,4.447845472,3.567378755
20020701,-4.744959971,3.941828558,-4.857467015
20020702,-0.690542351,8.354878865,-0.631539498
20020703,-0.853772683,4.320973961,-0.715282207
20020708,-0.757358703,3.85241567,-0.40852114
20020709,-1.263011057,2.136928529,-0.312378231
20020710,-6.590428276,5.202249441,-7.257489804
20020711,2.826067179,14.09390845,0.35680592
20020712,-3.002974645,7.944353219,-2.438886656
20020715,2.85582602,11.61445437,2.898753687
20020716,-3.448248263,12.39986906,-4.391157292
20020717,-3.399760854,8.525864332,-1.714327699
20020718,-1.352720483,6.719636167,-0.71190512
20020719,-4.783620658,9.055154317,-5.365798746
20020722,-4.613077426,14.14296715,-3.768596686
20020723,-0.794514833,12.15082539,1.191503458
20020724,7.929777319,17.22522598,7.808843697
20020725,-0.816331064,17.59091161,-1.827462024
20020726,-1.54612518,8.248340278,-2.116968151
20020729,4.488645069,8.975882798,6.787596891
20020730,-0.217202518,12.98205602,-0.065210306
20020731,0.585367525,8.994709842,0.585367525
20020801,-1.214238683,12.0269109,-0.91205844
20020802,-5.931657716,6.365746092,-5.931657716
20020805,-3.038745174,7.654167102,-3.270494988
20020806,0.68003545,5.226112998,2.316888506
20020807,0.939189128,8.28851954,2.469831256
20020808,0.704308262,13.2662945,0.704308262
20020809,0.950018455,8.316732831,0.564399286
20020812,-0.676440009,3.779910059,-0.496502938
20020813,-1.550065227,5.929600289,-1.527443352
20020814,3.114241897,5.815752075,2.607561864
20020815,1.565460257,8.214516211,2.279111814
20020816,-0.460476639,3.661996967,-0.460476639
20020819,1.941808586,5.252866713,2.817087697
20020820,0.298953885,1.929581824,0.213447253
20020821,1.215693027,2.682619406,2.318333546
20020822,1.676588035,3.444297204,2.712866739
20020823,-2.432608099,3.951003371,-2.879672449
20020826,2.608754288,3.69438916,2.879672449
20020827,-3.431709292,3.795900262,-2.463178719
20020828,-1.089472331,2.427995237,-1.359995854
20020829,2.176273376,5.031876812,1.7540646
20020830,-0.749691141,2.821045981,-0.977646892
20020903,-4.060272032,5.066465982,-4.773511892
20020904,0.109589052,5.364338348,0.087661632
20020905,-1.34531177,4.963281239,-3.001892999
20020906,1.142618452,3.528985598,3.264417761
20020909,0.326975768,2.956680473,0.392499414
20020910,0.343864512,2.228016374,1.426126158
20020912,-2.719036457,2.721165517,-3.63755194
20020913,-2.574288769,3.49650751,-2.795039411
20020916,0.923326006,2.713773954,1.149826669
20020917,-2.49479171,3.526293968,-1.513298218
20020918,0.435331195,4.294857816,-0.456205171
20020919,-1.639380978,5.960620154,-3.229459415
20020920,-0.069824278,4.761709475,1.406822733
20020923,-2.257968775,4.307563635,-3.193648116
20020924,-6.855636181,8.461348759,-8.552646603
20020925,1.015237146,5.895911474,3.625541702
20020926,3.373578292,5.129212124,4.927104901
20020927,-2.995644227,5.379742311,-4.448454283
20020930,-0.617285911,11.80654737,-2.622683742
20021001,3.990992698,7.854541897,4.736401625
20021002,-4.130829282,8.953609891,-5.020602824
20021003,-3.494488549,7.879811151,-2.541732533
20021004,-4.984954865,10.06553231,-3.483543808
20021007,-2.205769054,10.71710117,-1.439272008
20021008,-7.68514581,24.02802406,-5.944048906
20021009,-5.000255526,14.58727402,-8.615106938
20021010,5.083213879,24.73873821,6.492138882
20021011,2.681594666,11.35137504,4.952382409
20021014,-1.135696606,10.2526256,-4.409885599
20021015,2.092587371,11.1037744,9.812066503
20021016,-6.527139035,21.67714447,-7.347937077
20021017,-0.381329464,6.671078952,3.557658985
20021018,-1.619937073,5.190701062,-3.002020767
20021021,8.359223626,10.59569382,8.037914747
20021022,-1.71322234,5.676714072,-3.505287676
20021023,2.301501835,10.0161291,1.658412802
20021024,-3.867885457,6.746105462,-2.723146872
20021025,1.620043958,5.775030506,-0.08454277
20021028,-3.021548513,7.351460319,-1.677366974
20021029,-2.431641708,8.926406195,-3.382246591
20021030,-1.758153805,5.158183606,-3.071605523
20021031,1.820991138,7.541547771,1.66796892
20021101,2.377526549,7.774213515,2.377526549
20021104,-3.050345429,4.707018394,-0.441501821
20021105,2.032000249,6.666335178,2.620237239
20021106,3.87613001,10.94136694,4.933735981
20021107,-4.780998172,5.335113536,-5.770560948
20021108,-0.783862338,3.40162957,-0.581228024
20021111,0.463768947,2.935883949,0.783862338
20021112,-1.031696697,3.391701127,-2.429506294
20021113,0.47281412,12.57665819,0.502439361
20021114,1.583906403,3.956023379,3.134325057
20021115,0.859604147,3.591936932,0.142755199
20021118,-0.481382779,2.995521304,0.512237887
20021119,0.313524555,3.252394743,-0.255790959
20021120,0.65313309,3.564632055,0.539237861
20021121,7.348926523,7.150409054,8.670469727
20021122,-0.132890385,6.900480413,-2.443310824
20021125,2.884311114,3.753003441,2.857711832
20021126,-2.724107681,3.55454858,-2.698264548
20021127,4.057196327,5.698888364,6.003089963
20021202,-1.960117339,5.926775876,0.527573137
20021203,-5.34694303,6.412121167,-5.246767715
20021204,1.70719839,6.860680186,1.389821768
20021205,-1.957009619,2.70196632,-1.178795575
20021206,-0.749468176,6.128650704,-1.942325263
20021209,-2.592586195,4.857548278,-2.861620525
20021210,0.651821971,4.33204797,2.106492881
20021211,-0.217037524,3.58095992,-0.325379897
20021212,-0.533334598,3.341789782,1.562952862
20021213,-1.817492047,1.732469078,-2.353686361
20021216,1.787212477,3.00762,1.978652437
20021217,-0.543479599,3.722213915,-1.514361011
20021218,-0.466841436,3.191413306,-1.013290883
20021219,-0.359265275,4.191839377,-0.579711768
20021220,2.569851645,3.274477431,2.542162319
20021223,-0.62254904,2.581579067,-0.595562129
20021226,0.134861787,2.628451811,0.784742222
20021227,-1.843870026,2.134601443,-1.520941866
20021230,1.061378858,1.808806839,1.088742382
20021231,-0.271370587,3.546712919,-0.37971296
20030102,3.557790879,4.186686375,5.575344182
20030103,0.546094193,5.893570135,-0.903581725
20030106,2.773675497,3.68178879,2.357874482
20030107,0.453515517,2.470046007,0.757005886
20030108,-2.940629735,2.561786218,-4.052875781
20030109,1.454663905,3.092330732,3.270537406
20030110,-0.306591962,7.570226387,-0.99300625
20030113,-0.075405307,2.808047019,1.750203205
20030114,1.793323278,1.656539446,1.843599799
20030115,-0.595830958,2.013591523,-0.867738183
20030116,-1.251580793,5.810819236,-1.152028769
20030117,1.030548268,1.970987793,0.727823517
20030121,-2.199538811,1.437937088,-1.055816746
20030122,-4.29117271,3.172153036,-4.417610962
20030123,1.245475363,3.198273619,2.400950403
20030124,-3.221438704,3.255405929,-3.169879023
20030127,-1.235910412,4.130960565,-1.555825374
20030128,0.618032331,2.350045772,0.914968708
20030129,0.91595468,3.556783516,-0.107209874
20030130,-4.146802535,3.331775067,-3.79878987
20030131,1.1628038,3.610759435,1.190655074
20030203,0.272479733,2.64968767,1.149437943
20030204,-0.772204609,1.826412067,-1.729149711
20030205,-0.137080213,2.760461382,0.909472991
20030206,0.166158997,2.327341488,-0.854117329
20030207,-0.939752632,2.05177804,-0.36036075
20030210,0.80055638,3.369047486,0.994758134
20030211,-1.651565203,2.006749189,-0.939233424
20030212,-2.21132083,4.136598623,-5.828556105
20030213,-0.829388641,4.433046209,-1.094523573
20030214,-1.499278459,3.028115474,-1.55878456
20030218,3.661465985,2.178082825,4.113614457
20030219,-1.641784165,2.882586865,-1.932144416
20030220,-1.476259464,2.948365087,-0.622685481
20030221,1.035665419,2.330356178,1.035665419
20030224,-2.144854341,1.923431033,-2.262674678
20030225,1.861356651,2.9530606,1.227009259
20030226,0.390215113,1.83806042,-0.716420975
20030227,0.684221024,2.443687101,1.043073084
20030228,0.029581423,1.845703684,0.236896765
20030303,-2.59213083,2.343638408,-2.031740041
20030304,-4.293311708,3.349241591,-5.906004502
20030305,1.337173697,3.523094675,1.241066049
20030306,0.128328539,2.139757177,-1.369230116
20030307,0.128949083,6.892454203,-0.48208353
20030310,-1.327095055,2.40075591,-1.133982668
20030311,-3.094387771,2.418561943,-2.574399599
20030312,2.214600506,2.772885762,2.248028552
20030313,4.102657717,2.994150489,6.333233469
20030314,-1.857638557,7.429362016,-1.826959005
20030317,5.604314247,7.853593084,3.711513259
20030318,1.986133169,5.469067294,2.556619628
20030319,-0.470036118,4.6910351,-0.323387023
20030320,1.087766128,7.583600516,0.704228263
20030321,1.9190049,3.550929645,3.023988519
20030324,-1.641302964,3.434445423,-4.082199452
20030325,1.913229808,4.101631945,1.350181943
20030326,0.160314834,2.936967599,0.10198879
20030327,0.881062968,1.648326876,-0.3939598
20030328,0.324436208,2.278444615,-0.704228263
20030331,-0.178306139,3.248436825,-1.006223346
20030401,0.533967451,4.600629947,0.533967451
20030402,-0.143988506,2.299597672,2.627888446
20030403,-0.881564077,2.465582223,0.889404801
20030404,-1.707011577,3.542190836,-0.458059776
20030407,-1.402547535,3.376348031,1.565868293
20030408,-1.967837633,3.387530933,-1.939593035
20030409,-2.066663681,3.938186922,-0.6936444
20030410,-0.115908445,3.971458393,0.028998115
20030411,-0.915862155,2.826041896,0.837308198
20030414,3.00964918,3.166058042,3.697330973
20030415,-0.227208277,4.033195508,-2.582237217
20030416,-0.341783301,2.562185004,-0.341783301
20030417,0.680853694,2.158973916,0.908838974
20030421,0.702348722,2.017545119,0.984675279
20030422,3.958735718,2.797686223,3.790621361
20030423,1.045165618,1.751115709,1.099059448
20030424,-1.19307272,2.563440311,-2.292132168
20030425,-1.835934739,2.639721701,-2.877896455
20030428,1.884234188,2.815502682,2.248533316
20030429,-0.87695821,3.552788961,-0.274876479
20030430,-0.635624636,2.481724944,-0.718235132
20030501,-1.647851838,2.628036342,-1.564714796
20030502,2.17430562,3.467258143,0.813354645
20030505,-0.892863074,3.132378705,-0.335758569
20030506,0.664638282,2.827331179,1.52971972
20030507,0.24968802,2.174316835,-0.387168625
20030508,-0.139645324,1.469167568,-0.862674057
20030509,-0.083414436,0.724917661,0.474000609
20030512,1.927372438,1.849356254,1.982989792
20030513,-0.384933112,2.258860266,-1.014124081
20030514,-1.053808976,1.542021075,-1.191644973
20030515,-3.852578226,1.978822899,-2.79876925
20030516,0.43674549,4.170938246,-1.327580826
20030519,-2.251585074,2.35774476,-2.426054441
20030520,-0.836325066,1.952520204,-0.761936905
20030521,0.478756151,2.97448032,0.478756151
20030522,0.178677832,2.238212881,0.327820291
20030523,-1.076887464,1.846350026,-1.076887464
20030527,4.879016417,3.431849297,4.728527299
20030528,-1.004456716,3.396564323,-0.546528039
20030529,-0.375343302,3.892336061,-0.288850576
20030530,2.056627758,2.545671814,2.287774928
20030602,1.552998489,2.302883671,2.705505975
20030603,-0.637386112,2.680345041,-1.023380526
20030604,1.604086737,3.199621031,-0.417886107
20030605,-0.028093834,1.68678508,-0.644169711
20030606,-0.307477531,3.169065777,0.364605649
20030609,-1.323776548,2.145863863,-1.267801176
20030610,1.947210341,2.636380883,2.878499702
20030611,2.314602989,3.889102397,2.314602989
20030612,-1.099354147,2.628384072,-0.161637966
20030613,-0.413508515,2.568734321,-2.428827267
20030616,1.712696479,2.569755173,2.455785078
20030617,3.036434132,3.03853923,5.301687555
20030618,0.129785872,2.190740042,-1.467774516
20030619,-0.210194507,3.06976687,-1.384376295
20030620,-1.976196739,1.769923937,1.462167042
20030623,-3.133897019,3.231568885,-3.159820545
20030624,-1.292425098,1.754158688,-1.292425098
20030625,-0.748048371,2.116892763,-0.748048371
20030626,-1.874882601,2.340021301,-1.915846621
20030627,0.55571135,2.23166928,0.444321753
20030630,-0.772630775,0.968195477,0.027704668
20030701,-0.502653949,2.979584193,-1.058210933
20030702,0.502233199,1.414273645,0.586184512
20030707,-0.389538612,0.793938557,0.251221346
20030708,0.603402818,2.057243293,1.932694062
20030709,-1.155128356,1.706176698,-1.155128356
20030710,-1.168627657,0.936590896,-1.168627657
20030711,1.26744409,1.837815006,0
20030714,0.193023636,1.302119901,1.582706924
20030715,-0.796598087,1.775191683,-0.110253594
20030716,-0.833338156,2.402115613,-1.137163828
20030717,-0.836824967,2.050254123,-0.419287826
20030718,-0.695316388,1.381620366,0.363484253
20030721,-0.194525558,1.691763077,0.334355285
20030722,-0.027712346,1.143928332,0.360961103
20030723,-0.220446493,1.55569238,0.470068611
20030724,-0.877679798,1.93279632,0.137835997
20030725,0.984421403,1.677987872,1.232048439
20030728,0.620198833,1.917322487,1.217053562
20030729,-0.970358018,2.551439468,-0.755535164
20030730,-0.756351526,1.206753114,-0.108401095
20030731,0.615551254,2.293208967,1.613805868
20030801,-0.481928644,2.523678603,-0.58870922
20030804,-0.943530386,2.592257099,-0.916695554
20030805,-1.672417321,1.963162186,-2.052336367
20030806,-0.49099935,2.757296311,1.09981862
20030807,0.519197778,1.134947394,0.327600621
20030808,0.216626134,1.187895739,0.760253458
20030811,-0.269179167,0.758882505,0.351019666
20030812,0.879653813,0.642691647,1.551248009
20030813,-1.498556274,0.852608566,-1.578205821
20030814,0.457174388,0.64772364,0.484132199
20030815,-0.884368621,1.100982051,-0.322494233
20030818,1.269522472,0.458015656,2.393731314
20030819,1.043034228,0.987265393,1.30550157
20030820,0.416884397,1.080905849,-0.233735985
20030821,0.615071134,1.359565441,1.752622181
20030822,-1.896034252,0.726526099,-1.233948819
20030825,-0.544395382,0.736361495,-0.492675702
20030826,1.211823519,1.922279088,1.419561843
20030827,1.200371967,1.137418251,0.943764179
20030828,1.070061224,1.415827557,2.531780798
20030829,1.520382401,0.92995376,1.693499793
20030902,2.528157544,1.142883427,3.279767338
20030903,0.270159323,3.226594417,0.387847933
20030904,-0.959857539,1.242267159,-0.270159323
20030905,-0.621416914,0.89338806,-1.899843416
20030908,1.875871224,0.775791125,1.899843416
20030909,-1.145323901,0.719490436,-1.995789694
20030910,-1.672158191,1.146410716,-1.816250435
20030911,-0.292397869,1.679476988,0.146520173
20030912,0.992624056,2.42568791,1.285021925
20030915,-1.037028466,1.00118566,-0.628324928
20030916,1.324522675,1.094579578,1.324522675
20030917,-0.861249343,1.012408252,-0.431551857
20030918,0.885915048,0.846955819,0.789761195
20030919,-0.951934842,1.67850598,-0.310373891
20030922,-0.603065391,0.774068998,-1.178606548
20030923,0.300752106,1.148276005,0.711231978
20030924,-2.351338482,1.343262808,-2.075443147
20030925,-0.29382979,3.182978949,0.024524832
20030926,-1.203797856,1.585239241,-0.787793341
20030929,0.357473416,0.777517275,0.431593247
20030930,0.933438367,1.874880755,0.650029884
20031001,-0.663474605,2.788483237,-0.834770377
20031002,-0.220291363,1.275943819,0.614479013
20031003,0.531530606,1.104689004,1.676627782
20031006,0.623802407,0.679335604,0.744211813
20031007,1.004552815,1.023938615,0.501015005
20031008,-0.260941911,0.712036771,0.190204527
20031009,0.283420124,1.846917437,0.710062155
20031010,0.843491412,1.074104495,1.079062781
20031013,1.154747242,0.9377528,1.597071325
20031014,0.868974139,0.860301385,0.84600939
20031015,-1.636772162,1.769812086,-0.662481007
20031016,-0.387376581,1.503970124,0.388883025
20031017,-1.950721639,0.859667576,-1.495139985
20031020,-0.460830309,1.030880776,0.347021748
20031021,-1.162533437,0.88661738,-1.254954885
20031022,-1.891309331,1.382200692,-2.031725923
20031023,0.931795059,1.324791218,0.357355949
20031024,-0.262561316,1.480914912,-0.500656666
20031027,0.760098671,0.831492459,0.998819243
20031028,1.625101527,0.834973049,2.002995222
20031029,0.607052997,0.501719614,-0.36015142
20031030,-0.951393648,1.241370551,-0.163075167
20031031,-0.932407688,1.15392362,-0.443977829
20031103,0.093261839,1.610219625,0.490597877
20031104,-0.116428002,0.526392355,0.023301876
20031105,0.420168685,1.224108812,0.023296447
20031106,-0.069921923,0.610948252,-0.093218371
20031107,-0.139632324,1.06439406,0.116509392
20031110,-1.181767476,0.942302434,-2.070662218
20031111,0.620083074,0.760953147,0
20031112,1.437178701,1.162207177,1.627202511
20031113,0.163723578,1.057308442,0.093523505
20031114,-1.059456643,1.046634452,-1.270007663
20031117,-0.476758948,0.937060786,-0.951255687
20031118,-1.171281467,1.304929567,-0.623204318
20031119,1.384270314,0.998778841,1.432347238
20031120,-0.812818245,1.282172845,-1.26417903
20031121,-0.288392413,1.029779427,-0.264391453
20031124,1.233412221,0.915680415,2.072242784
20031125,0.494060527,0.586760177,0.446901838
20031126,0.093698765,0.691597076,0.234411734
20031201,0.325279097,0.5767198,0.76842851
20031202,0.347182388,1.078795895,0.393564578
20031203,1.282068843,2.613093896,5.068081481
20031204,1.80185055,2.117506955,2.06506632
20031205,-0.303358846,1.413306717,-0.864309616
20031208,2.296484654,1.829926598,2.253072455
20031209,-1.232048439,1.997273026,2.659007279
20031210,-0.556530345,0.904734878,-0.041330854
20031211,0.574478396,0.620169518,1.028180968
20031212,0.887639477,3.156348956,1.844584579
20031215,-2.281314238,1.849143038,-1.660629494
20031216,1.329496418,1.568471718,1.268215648
20031217,0.462637856,0.87232464,0.47271901
20031218,0.997813108,0.425604914,1.057999688
20031219,-0.653144331,0.481164816,0
20031222,3.970938215,1.358564055,3.970938215
20031223,-0.076952678,4.451370745,-0.843239952
20031229,0.69139769,0.644725628,1.368728596
20031230,-0.836824967,0.965972433,-0.279720462
20031231,-0.261780254,0.869687813,-0.261780254
20040102,-0.074446309,0.947049205,0.560120957
20040105,1.439404811,2.450785276,1.606831136
20040106,-0.459686385,0.952780192,-0.588020805
20040107,1.336404329,0.70027177,1.336404329
20040108,-0.254453063,3.319854771,-0.072766967
20040109,-1.293918237,1.204314021,-2.208001384
20040112,0.130002804,0.641569464,0.241568453
20040113,-1.211458298,1.464563494,-1.026032693
20040114,0.634567266,0.678115848,0.78446424
20040115,0.40808812,1.62081978,0.501068136
20040116,-0.018503099,0.550292035,0.037016473
20040120,-1.365838878,2.484217305,-0.426518959
20040121,0.036961745,0.947346738,0.57444798
20040122,-0.51461242,0.423581425,0.276778477
20040123,-1.074283345,0.572117322,-1.055858656
20040126,0.055808763,0.801287976,0.130268931
20040127,-0.615157127,0.670752243,-0.540793859
20040128,-2.187115837,1.944384137,-1.92567778
20040129,-3.278346152,5.017716894,-3.392784463
20040130,0.040273863,3.003987405,-2.072200069
20040202,-1.690984573,3.008422384,-2.033830527
20040203,-1.111757516,2.418309491,-1.68872182
20040204,0.417886107,2.382286679,0.219172451
20040205,0.661980076,1.446869683,1.119646778
20040206,0.267682647,1.902227497,0.267682647
20040209,0.387795159,1.212803394,0.941472365
20040210,0.335417299,0.706754792,0.376150497
20040211,1.888572732,1.917520925,0.878926707
20040212,-0.422578353,1.882561275,-0.241691961
20040213,-1.482712245,1.613440513,-1.462548922
20040217,1.159374321,1.021934649,1.179834679
20040218,-1.783590046,1.061163299,-1.118466159
20040219,0.790357747,1.31464568,1.300302758
20040220,-2.180867031,1.247461492,-2.059826064
20040223,-1.935342894,1.705801802,-1.955950828
20040224,-0.105274249,1.690309686,-0.252472257
20040225,0.208986492,1.385384936,0.901757185
20040226,-0.04184976,1.454521515,-0.250836252
20040227,0.406017944,1.290228729,0.719465071
20040301,0.474374407,1.355192056,0.98217383
20040302,0.744112569,2.107718488,-0.082338416
20040303,-1.057114207,1.214488158,-1.180749088
20040304,0.873367997,0.750262471,0.643890479
20040305,0.165528695,2.44247912,0.144822618
20040308,-1.47996448,0.724763474,-1.562694578
20040309,-1.88624857,1.299622729,-1.865251195
20040310,-1.678902974,1.229037129,-1.443835016
20040311,-2.615821198,2.056145101,-2.57241842
20040312,0.485544984,1.472388622,1.151474193
20040315,-0.951650426,1.386624332,-0.995693589
20040316,0.461996202,1.591814817,1.30345378
20040317,1.255699548,0.885400829,1.999197396
20040318,0.194363521,1.449316532,-0.280082053
20040319,-2.711734059,1.748373254,-2.711734059
20040322,0.044404974,0.978751609,-0.133096737
20040323,-0.564004813,1.322186698,0.07766129
20040324,-0.022180326,0.893732672,-0.011090778
20040325,0.351648714,0.795982845,1.103033465
20040326,0.41571004,1.17086444,0.48150673
20040329,0.732446187,1.055361316,1.710183471
20040330,1.268515953,0.799031724,2.144683541
20040331,-0.760781353,0.928522807,-0.971086373
20040401,-0.656156445,1.49922522,-0.106123325
20040402,-2.247762149,2.013909107,-0.981655344
20040405,2.18576341,1.16184858,2.142863367
20040406,0.230583898,1.772825212,0.25157246
20040407,-2.031385975,1.286480744,-2.073270793
20040408,-1.026527406,1.17942226,-0.557343351
20040412,-0.149524753,0.459015694,0.557343351
20040413,-1.543769938,1.273872532,-1.074585883
20040414,-0.629137556,1.405722555,-0.715605352
20040415,-1.693196822,1.557418288,-1.237219482
20040416,1.065343264,1.334012122,1.866357039
20040419,-0.237966581,1.243024568,-0.151498785
20040420,-0.06278121,3.628901285,3.406759088
20040421,0.020714656,2.211713456,1.061956883
20040422,0.904239618,1.237154232,1.235091863
20040423,0,1.018503898,0.550853173
20040426,-1.249008985,0.827630023,0.365556865
20040427,-0.241984389,1.095547175,0.404613135
20040428,-1.636028311,1.271088538,-2.101474866
20040429,-2.198346513,2.789631375,-1.684206563
20040430,-1.121546267,1.317985145,-0.536137947
20040503,0.916482149,1.57383674,1.662088124
20040504,-1.222686458,3.639711215,-0.561390392
20040505,-0.816672951,1.441304263,-0.837525834
20040506,-2.623590812,1.661050344,-2.74982689
20040507,-3.113177785,1.364727359,-3.698418428
20040510,-0.362237208,3.212779176,-1.127661927
20040511,0.246885997,1.204175037,1.172504977
20040512,0.587174225,1.884865777,-0.449337984
20040513,0,1.831196215,-0.587174225
20040514,0.36150062,1.468094333,0.429427714
20040517,-0.298953885,2.6878246,-2.096703974
20040518,1.369884436,0.874421872,1.5539618
20040519,-1.56981952,1.328497546,-1.11733006
20040520,-0.344313436,1.31511361,-0.275545525
20040521,-1.222480915,1.19603323,-0.924007498
20040524,0.435032169,1.301775218,1.565769958
20040525,2.191435263,2.850003169,2.214279352
20040526,0.890081533,2.806963501,0.867732667
20040527,-0.021990105,1.257184319,0.728399645
20040528,0,0.695674554,-0.176095137
20040601,-0.443263137,1.427746234,-0.818498099
20040602,-0.04406257,1.987664116,0.796464387
20040603,1.10230393,1.278632889,0.505551137
20040604,0.607113747,1.182551881,1.415066608
20040607,1.00288902,0.521079942,1.799534422
20040608,0.856015795,0.989648441,0.877244964
20040609,-0.274175011,0.758554809,-0.347863103
20040610,0.458812067,0.843660183,1.488341068
20040614,-2.017722929,1.480071631,-2.017722929
20040615,0.336276063,0.839191089,1.181947065
20040616,0.523287432,0.584443868,0.502303275
20040617,-0.396867362,0.775181888,-0.250836252
20040618,0.48061946,0.850865758,0.396867362
20040621,-1.174756535,0.651115097,-1.216457953
20040622,0.780018712,1.224257611,0.484160508
20040623,1.189372393,1.012090499,1.231362736
20040624,-0.916673086,1.095752112,-0.895932652
20040625,-0.05241365,0.902085869,-0.199025887
20040628,-2.18576341,1.57763935,-2.280177265
20040629,0.986497385,1.383903998,0.53493227
20040630,-0.672899735,0.791637941,-0.438433039
20040701,-3.316658178,2.624624191,-2.792900901
20040702,-0.242906159,0.998087309,-0.309051019
20040706,-0.982808894,0.847268568,-1.514842957
20040707,-0.788736483,1.287119467,-0.788736483
20040708,-0.910131425,1.019538111,-1.023317628
20040709,0.226500663,0.888470314,1.023317628
20040712,0.361745816,1.093353455,0.248559613
20040713,0.538721842,0.794320829,0.809175015
20040714,-0.744336356,1.922942785,-1.125630976
20040715,-0.544465955,0.71631723,-0.476569607
20040716,-1.344443174,1.476494382,-0.845236329
20040719,-0.500911794,1.07154053,0.503433558
20040720,-0.457876258,2.265139839,-0.526377231
20040721,-0.918490958,2.754498999,-0.529162629
20040722,0.115942042,1.04295714,-0.46242857
20040723,-0.302431311,1.212670449,-0.534449977
20040726,-0.630916919,1.325532294,-0.607620472
20040727,1.530287224,1.583213655,1.857926179
20040728,1.369259184,2.377685683,1.507221956
20040729,-1.070275456,1.596503074,-3.1543999
20040730,1.259051372,1.016362304,0.954494501
20040802,0.347102049,1.291418268,0.300752106
20040803,-0.579040413,1.82268808,-0.555943058
20040804,0.278681091,0.966751886,0.162469573
20040805,-1.539568548,1.092216735,-1.354211683
20040806,-2.07471374,1.962927677,-2.475138254
20040809,-0.120554566,0.947609374,-0.120554566
20040810,1.385593118,1.244849505,1.674680287
20040811,0.191800586,2.059815926,-0.953523315
20040812,-1.505613677,0.62885591,-2.130315372
20040813,-0.220777718,1.241833855,-0.367692533
20040816,1.678259018,1.803207996,1.800973477
20040817,0.072176113,1.100972472,0.289017542
20040818,0.837826565,1.444140723,0.885915048
20040819,-0.911058807,1.327511334,-1.030319406
20040820,0.825848755,2.503489655,-0.43446846
20040823,-0.530249495,0.715321451,0.096711806
20040824,-0.216841429,0.843975378,0.193143469
20040825,0.432901109,1.273092085,0.505233843
20040826,0.526191121,0.785711677,0.598159458
20040827,-0.477555826,0.797741629,-0.334528388
20040830,-1.44930073,0.56251276,-1.640963463
20040831,0.121138719,0.812179327,0.485437846
20040901,-0.26656989,1.470920609,-0.218155462
20040902,3.868082168,1.998156496,4.158850485
20040903,-1.052764431,1.485596261,-1.029489673
20040907,0.651316562,0.980580607,1.424425719
20040908,-0.46125543,1.367022151,0.300960987
20040909,-0.859770603,1.443150637,-0.952277548
20040910,-0.327485673,0.955306269,-0.397521861
20040913,-0.046598323,0.789999691,0.537447257
20040914,-0.817284176,0.881219709,-0.607762507
20040915,-0.850666755,0.657807377,-1.202986556
20040916,-0.759377166,0.503478064,-0.380409398
20040917,-0.592769963,0.768046239,0.166607203
20040920,-0.453407291,0.819960421,-0.572384105
20040921,0.095147486,0.910337765,0.596162491
20040922,-0.792606527,0.534427069,-1.412689602
20040923,-0.363769044,0.970041942,-0.750336329
20040924,0.048379295,0.408471564,0.46055105
20040927,-0.484849435,0.52046926,-0.484849435
20040928,0.145525129,0.89093091,0.266958052
20040929,-0.291262342,0.542689442,-0.291262342
20040930,2.869637367,2.813007222,3.063906491
20041001,0.721184933,2.414195547,1.683069182
20041004,-0.914747788,1.475888071,-1.635932722
20041005,-0.826939148,0.926403258,-0.68566293
20041006,-0.213700663,0.489059521,-0.189978685
20041007,-1.386918453,0.815330736,-1.291883996
20041008,-0.144543509,0.991730629,-0.120467428
20041011,-0.433526691,0.528587634,-0.120612727
20041012,1.638196115,0.754074497,1.008654085
20041013,-1.417100693,1.474083394,-1.226124268
20041014,-3.736864985,4.357611325,-6.160780939
20041015,0.282812889,2.554161888,0.205602745
20041018,-0.102748532,1.394820962,-0.102748532
20041019,-2.957413978,1.490815873,-2.419158161
20041020,-0.395517984,1.241851705,-0.34287255
20041021,-0.23594191,1.259673838,0.658330225
20041022,-0.527149349,0.831637415,-0.684753795
20041025,-1.92519315,1.475993433,-2.136833441
20041026,1.230949447,1.478803519,1.500564062
20041027,1.268515953,2.665247992,1.268515953
20041028,1.741434521,1.521791274,1.898873546
20041029,-0.59439379,1.613473468,-0.59439379
20041101,1.794919983,1.45872596,1.976196739
20041102,-0.685891169,1.849306248,-0.305421464
20041103,-2.693936735,2.849295251,-1.050618248
20041104,2.304839544,2.136614317,1.736509417
20041105,0.150867517,1.22892291,0.756624038
20041108,-0.301583541,0.710942111,-0.176034246
20041109,0.250626698,0.524056252,0.552210239
20041110,-0.910476699,1.036270363,-1.487860003
20041111,0.427082674,1.306658325,1.337559373
20041112,0.498754151,1.26069997,0.774132971
20041115,-0.074636152,1.405199645,-0.049763624
20041116,-0.878850603,1.035613178,-1.327841131
20041117,-0.527175816,1.020104767,0.201562175
20041118,-0.200350681,0.599009834,0.401909609
20041119,-2.261562529,1.103835199,-2.487437892
20041122,0.23068061,1.054334951,0.384763845
20041123,-1.385347964,1.396002677,-0.900096086
20041124,2.069303623,1.364835613,2.146772962
20041129,-1.101586649,0.985162935,-1.050618248
20041130,-0.74848717,1.053197509,-0.568330127
20041201,-0.386349483,1.724659382,0.387847933
20041202,-0.906859434,1.782543752,-0.855259846
20041203,0.259740406,1.345118451,0.337794267
20041206,-0.806980821,1.284978296,-0.7551136
20041207,-0.652658628,0.774185654,-0.209314571
20041208,-0.078482672,1.21717424,0.078544316
20041209,0.601859726,0.365393518,0.313561793
20041210,1.501063381,1.421340439,1.553228223
20041213,-1.179198488,1.321768633,-0.386051181
20041214,-0.464157615,0.719099897,-0.23234811
20041215,0.643420055,1.637201397,0.746752537
20041216,0.588312222,0.813462295,0.588312222
20041217,-1.261115672,0.78950034,-1.542050603
20041220,-0.0770911,0.9835132,0.748294035
20041221,1.325197783,0.928347792,1.530642128
20041222,1.026420327,0.646505649,1.632176849
20041223,-1.098363513,0.924061195,-0.775100768
20041227,-0.953343899,0.749521173,-0.427619819
20041228,0.325692384,0.453833483,0.778409455
20041229,0.6977352,0.501346524,0.722744579
20041230,-0.298210957,0.696548347,-0.223741548
20041231,-0.274211813,0.486711995,-0.299102915
20050103,-0.939206113,0.957532843,0.522844463
20050104,-1.395835225,1.859654766,-1.073534215
20050105,-1.672618822,1.339504921,-1.798199649
20050106,0.241132168,0.937790158,0.801786032
20050107,-1.600847298,1.016677308,-1.0320535
20050110,-1.341955622,1.228532,-1.418829425
20050111,-0.285454975,0.782061692,-0.02598415
20050112,-0.234039894,1.075390394,-0.182078344
20050113,-2.852808361,3.22443745,-2.878846638
20050114,-0.564138501,2.275155461,-0.537346806
20050118,-0.786018412,1.430561185,-1.001768226
20050119,-0.48820276,3.572240736,0.081599352
20050120,-0.714877941,1.055077538,-1.4790738
20050121,-0.582283636,0.478638373,-0.775627157
20050124,1.284814248,1.420323066,1.284814248
20050125,-0.027393508,0.764123524,0.205690851
20050126,0.788154644,1.251198477,1.198271418
20050127,-0.624408164,0.502614575,-0.597340902
20050128,-0.19086577,0.752942248,-0.218102595
20050131,-0.244266643,0.377903128,0.435730537
20050201,0.054156514,0.701721263,0.37971296
20050202,1.394498328,1.562666407,1.637840344
20050203,-0.774886977,0.567369975,-0.721638839
20050204,-0.214649935,0.628528815,-0.134210193
20050207,1.384473658,0.700743147,1.572317535
20050208,-0.90282079,1.56721581,-0.876383248
20050209,-1.221347792,1.006745702,-2.34796915
20050210,-0.597990366,0.585326727,0.163710814
20050211,1.029261524,1.015917603,1.165482768
20050214,-0.802143338,1.089812261,0.376546975
20050215,-0.268456537,0.407547941,-0.134318355
20050216,-0.215285336,0.822372488,-0.215285336
20050217,0.377054042,0.518396465,0.215285336
20050218,0.134282281,0.498787783,0.161160389
20050222,-1.485510099,1.099966049,-1.378213951
20050223,-0.624408164,0.972291446,-0.081665991
20050224,-0.24513154,1.143516724,-0.136258367
20050225,0.543627324,0.624743936,0.598152953
20050228,-1.22632529,1.756276847,-3.391089917
20050301,0.865322915,2.295699979,0.893361609
20050302,-0.874600017,1.090068113,-1.936359084
20050303,-0.538931953,0.300579608,-0.369056487
20050304,-1.481930796,0.483380168,-0.942998844
20050307,0.028657401,0.541817371,0.200774483
20050308,-1.384105141,0.463108356,-1.326814965
20050309,-1.05079776,1.269638098,-1.05079776
20050310,1.369684825,1.816636889,1.369684825
20050311,-0.783180218,1.066926028,-0.609669474
20050314,-0.0291248,0.417934733,-0.0291248
20050315,-1.792847434,0.879959423,-1.792847434
20050316,-3.390155168,5.896970078,-15.07953031
20050317,-2.302159572,4.10254831,-2.302159572
20050318,0.771662896,1.921565388,0.983153987
20050321,4.09062015,7.315721999,3.670451465
20050322,0.816053492,4.692447576,-0.540359302
20050323,-3.059183394,5.279506028,-3.02532526
20050324,1.547752307,2.142676915,2.243407286
20050328,-2.780853506,1.662789217,-3.22552672
20050329,0.244969501,2.330563638,0.842405824
20050330,2.784163335,2.42611412,3.063395628
20050331,0.409417153,2.092221578,-0.441651814
20050401,-1.252767358,12.44573249,-0.068119894
20050404,-3.154407711,2.470479604,-1.130729882
20050405,-2.550724922,2.919001262,0.034453058
20050406,1.757989832,2.749172324,2.75199973
20050407,3.530170095,6.503595994,2.384218896
20050408,-2.475870863,2.271471806,-3.462396457
20050411,0.136892561,3.316541727,-0.953036485
20050412,-0.034488705,1.966577333,-0.858669195
20050413,-1.717833654,1.358790811,-2.479610191
20050414,-6.002893063,11.39893538,-5.861550283
20050415,-5.158519417,5.094974299,-3.743752707
20050418,1.539676297,3.759923396,1.889394936
20050419,-0.382702342,16.42843339,-0.382702342
20050420,-0.348095497,8.021770262,-1.040672333
20050421,-0.498562874,4.215386518,0.771906573
20050422,3.613247211,4.137313424,2.880077807
20050425,-0.037362227,5.470092759,-0.037362227
20050426,-0.825830519,2.958332182,-0.863206711
20050427,1.913395459,1.739305666,1.422179659
20050428,0.411754278,1.799207919,-0.521610721
20050429,-0.411908465,2.564639194,-0.449270692
20050502,1.559051623,1.769282101,1.858789577
20050503,0.396897508,5.120731897,2.257925494
20050504,7.20918897,19.56974024,16.5862272
20050505,-6.251053423,11.41230172,-6.068182296
20050506,-0.129743774,3.885401513,-0.129743774
20050509,1.676377104,2.215075773,1.513960307
20050510,0.476721068,3.156226923,0.827766586
20050511,-2.423588011,2.783613002,-1.791474655
20050512,-1.811174994,3.475189472,-1.103549012
20050513,1.171507053,2.309988375,0.877341127
20050516,0.193735934,1.303466274,0.290744834
20050517,1.436524866,2.957254486,-0.485045413
20050518,1.048793977,2.10099917,2.496928697
20050519,4.434070082,3.021109636,3.449153463
20050520,1.021116851,1.363921593,0.715212666
20050523,-1.189582428,2.721253771,-1.174420575
20050524,-1.6596592,3.050512659,-2.86356323
20050525,-0.285216482,1.781402893,-0.506490478
20050526,0.37664828,1.138979988,1.292781681
20050527,-0.48631361,1.191490458,-0.392372786
20050531,-0.946976774,1.208296073,-0.836957116
20050601,-1.140335448,3.560562455,-0.44501027
20050602,-0.159872136,0.921888395,-0.446999467
20050603,-0.692824813,0.824654243,-1.04544579
20050606,-0.981041223,0.767457944,-1.613595437
20050607,-0.616784945,1.814478269,0.915937054
20050608,1.288313184,5.960452608,4.208462917
20050609,-0.626961301,1.357724462,-0.720667383
20050610,7.241486892,14.08169469,8.149303425
20050613,0.990684093,2.342936245,-0.028989709
20050614,3.344035024,7.736633996,3.951061024
20050615,0.995033085,3.063391548,1.328923212
20050616,-0.336417475,3.332978704,-2.084277202
20050617,0.168302985,1.517056573,0.196381042
20050620,0.377649235,1.194221844,0.377649235
20050621,0.083507312,2.01871361,0.348408129
20050622,-2.522452005,1.492286983,-3.108472937
20050623,-2.479345317,2.036203036,-2.853177528
20050624,0.500221729,2.385436348,0.618285497
20050627,-0.862972176,2.946467244,-1.806653611
20050628,1.435922108,1.492069391,2.68333953
20050629,-0.612872194,1.810493909,-0.612872194
20050630,-1.430472502,2.948832855,-0.44007699
20050701,1.979686196,5.566937313,1.979686196
20050705,0.836824967,1.96135673,0.31659258
20050706,-2.053579035,1.648227812,-1.680711832
20050707,-0.059031879,2.117343787,-1.028060163
20050708,2.481516912,2.829059269,2.363348508
20050711,2.317142382,2.000720922,3.178474149
20050712,0.869448753,2.574668977,0.02792906
20050713,0.531692871,1.337349616,0.055834731
20050714,1.60788312,1.938759683,3.186207453
20050715,-0.407332539,1.058507214,-0.650938019
20050718,-0.681665898,2.779352872,-0.545703946
20050719,0.190191607,2.074028605,0.790302519
20050720,2.393657283,5.241772145,-1.311494208
20050721,-1.434903207,2.584529884,-1.050604079
20050722,1.612041579,1.225242305,0.802772477
20050725,-1.658412802,1.064925804,-1.08109161
20050726,1.666477577,4.301700934,2.830247985
20050727,-0.162469573,1.751139047,-0.0270966
20050728,2.019182882,1.731467978,1.666257309
20050729,-1.801366091,1.465145264,-1.77471719
20050801,-0.216861023,1.6299506,-0.027133361
20050802,-1.467816513,2.666616903,-0.899556291
20050803,-0.356506616,1.319398374,-0.329128108
20050804,-1.103763965,0.608248997,-0.99393419
20050805,-2.302825714,2.158321912,-2.358335014
20050808,-0.655553153,1.505664102,-0.655553153
20050809,0,1.69492403,1.222126906
20050810,-1.840108537,1.639926812,-1.136375865
20050811,-0.286041385,1.232837558,-0.257474037
20050812,-0.288934035,1.672486562,-1.007637718
20050815,-0.02894775,1.95834489,-0.057887122
20050816,-1.369684825,1.019718829,-1.340737076
20050817,-0.058737153,1.041180883,-0.117439826
20050818,-0.948436274,1.003801186,-1.360565206
20050819,-0.832594759,0.717521761,-0.268376484
20050822,0.178890924,2.178200043,0.238592419
20050823,-0.386502637,1.585051992,0
20050824,1.974426892,3.798593785,2.063752489
20050825,0.264356153,3.03672058,-0.526624974
20050826,0.4107987,1.104629712,0.175849987
20050829,0.146778244,2.011671412,-0.175849987
20050830,1.21178211,1.578869284,1.065003866
20050831,-0.742956291,1.917135583,-0.757469026
20050901,-3.633514657,24.14232338,-3.648137747
20050902,-0.394597568,3.123670261,-0.27334869
20050906,0.575497575,1.661204282,0.697078137
20050907,-0.332779009,1.088491423,-0.332779009
20050908,-2.077044736,1.146125973,-1.834913867
20050909,-0.522836805,0.827953665,0.092549752
20050912,0.737104074,1.104955341,0.767934967
20050913,0.275693236,0.813021881,0.030595074
20050914,0.581485954,0.697235099,0.244424197
20050915,-0.459770925,0.583850353,-0.673609406
20050916,-0.430240369,0.285839195,-0.246078254
20050919,-3.112969489,1.554151881,-3.637905078
20050920,-0.641439018,2.121255555,-0.737300984
20050921,-0.487251248,5.671187463,-1.197619105
20050922,-0.817398699,2.667098721,-0.817398699
20050923,1.950013041,2.048555563,1.982837594
20050926,0.28924976,1.608638197,0.28924976
20050927,-1.357486909,3.054531507,-1.389584486
20050928,-0.549896259,2.397756349,0.324886576
20050929,-0.422284207,2.479494173,-0.357433362
20050930,-0.228273375,2.869674237,-0.293398743
20051003,1.819413411,4.510689831,1.394089688
20051004,-3.107363662,2.897057758,-3.139564597
20051005,-5.008711651,5.557674588,-5.041939763
20051006,-1.852228385,2.605228114,-0.947874395
20051007,-0.563381772,3.07682795,-0.105876135
20051010,-9.391829179,15.97289718,-10.52820504
20051011,2.297191368,19.17920644,3.583508071
20051012,-2.001549399,9.557157003,1.091672803
20051013,2.499663817,8.398121835,1.597062728
20051014,2.60789861,11.50173098,3.012385281
20051017,-3.373498217,13.74105964,7.073131899
20051018,-1.463357745,6.536457012,-2.872304233
20051019,-1.086015228,4.948640917,-2.710381339
20051020,-0.070472166,8.441558352,-0.070472166
20051021,-0.35298307,4.290156329,-0.317740779
20051024,4.124653284,3.42154974,4.053906907
20051025,-0.646810766,3.364314905,-0.5789221
20051026,0.205973296,3.433858187,-0.410678195
20051027,-4.317217187,8.738984441,-6.958093384
20051028,0.146950798,3.880133725,0.146950798
20051031,-0.36443189,6.05766286,0.549150199
20051101,-1.022653178,3.355687471,-0.549150199
20051102,-2.343421353,3.622701372,-2.490372151
20051103,0.300865214,2.793542995,0.225564005
20051104,0.524542229,3.288299934,0.486983543
20051107,1.069923507,2.541134722,1.814528585
20051108,-3.530448262,3.969512709,-5.158305148
20051109,-4.909933097,5.442532324,-4.909933097
20051110,-2.193255355,11.63841077,-4.950064377
20051111,2.439649631,6.406494852,4.298596275
20051114,-3.110348178,6.168314773,-3.069506846
20051115,-4.456718492,4.05347027,-4.92114829
20051116,-6.550772691,18.51851052,-6.065227707
20051117,5.971242737,28.97553465,6.065227707
20051118,3.948719329,9.643224789,6.093691037
20051121,-5.565004683,17.5286241,-1.806392323
20051122,-0.814232054,11.60405342,-1.494796144
20051123,1.630937438,7.778489229,1.069986669
20051128,-0.557104505,3.880410545,1.777631895
20051129,-0.864309616,2.455519248,-0.993314149
20051130,-4.639547488,3.543010917,-5.074519901
20051201,1.469632329,9.912347017,3.234783387
20051202,-0.856439763,3.982933865,-2.370945326
20051205,0.180995525,10.75779319,0.135715922
20051206,1.440817361,2.850845181,1.123859885
20051207,2.631730832,13.03603851,3.211184203
20051208,-3.39621559,4.849701576,-4.879016417
20051209,2.830794947,3.765304517,4.140364351
20051212,0.87146521,5.460009301,0.521967257
20051213,-1.469632329,6.368927522,-3.352762204
20051214,0.804653425,2.847037128,0.759780191
20051215,-1.568483869,1.505446565,-1.435002203
20051216,-1.135601575,1.995126218,-1.135601575
20051219,-3.911113012,3.060447241,-3.865440483
20051220,-5.917149957,11.04392643,-5.917149957
20051221,-3.453061439,11.92526039,-4.008758752
20051222,-2.849797074,11.88930693,-2.066298681
20051223,0.853793874,5.450616317,0.746670136
20051227,0.526317004,2.961991047,1.214696742
20051228,-2.335562638,2.392931093,-2.283082972
20051229,2.717993053,5.740198192,2.125478527
20051230,2.449953133,5.066715328,2.081240575
20060103,-1.416231381,8.175343122,-2.555549764
20060104,2.556883356,6.940609261,2.504043196
20060105,5.249893282,5.97871942,5.609883385
20060106,-0.048088484,5.784474939,1.258487084
20060109,3.310209281,6.093536965,7.548131577
20060110,-1.574127399,11.38973469,-1.618740382
20060111,-1.992819572,5.534427757,-0.910753108
20060112,-4.347494629,4.622771787,-4.347494629
20060113,-2.904366777,4.018968214,-2.761134478
20060117,-3.573581247,3.957423784,-2.839543207
20060118,1.652930195,6.317322333,1.703448004
20060119,0.942233601,1.803094055,0.643725917
20060120,-1.390981195,2.275314569,-1.341635031
20060123,7.622736539,11.12139777,8.667782128
20060124,6.5030754,10.08920559,5.488774404
20060125,4.323378198,10.43675526,3.582472652
20060126,1.880658971,23.32663215,-3.365599871
20060127,3.032476653,12.7419577,2.945783973
20060130,0.041093076,4.540236559,2.369680619
20060131,-1.032427093,5.364827813,-1.032427093
20060201,1.976186172,6.074481115,1.810004164
20060202,-3.588203047,5.378417468,-4.119575644
20060203,-1.795687412,5.535716813,-1.541126392
20060206,-0.640343704,5.606465061,0.73071462
20060207,-3.061243567,9.790350961,-2.208359933
20060208,-0.136456696,5.795339395,-3.883549839
20060209,1.480496236,8.17349497,0.657822492
20060210,-1.272744453,5.065569776,-1.159762857
20060213,0.683529661,3.958223156,0.729264855
20060214,0.137017605,2.416024463,-0.500797769
20060215,0.273597982,3.57303427,0.227946303
20060216,0.180099103,1.26176157,1.222011133
20060217,-2.702867239,2.588215393,-1.495609115
20060221,-2.72849296,5.991670466,-2.637210434
20060222,0.188857469,1.668467764,-0.611335081
20060223,-2.871010588,2.925216351,-2.871010588
20060224,-3.198304585,3.782912975,-2.955880224
20060227,0.498754151,4.181574035,0.498754151
20060228,-0.344403784,3.864318446,0.940833877
20060301,-2.969045401,4.475063152,-1.890603576
20060302,-2.33869327,4.581909336,-2.388931904
20060303,-0.882893297,4.261987158,-1.398624197
20060306,1.525970608,6.873343135,3.284030365
20060307,2.091709727,8.130175097,2.394129313
20060308,1.628459376,4.768457968,0.687625499
20060309,3.774032798,17.55374545,4.311012365
20060310,3.263583453,5.772759689,1.465994841
20060313,-2.95497031,4.444183847,-1.419123502
20060314,-0.471698988,4.893523126,-0.894334038
20060315,-1.203161205,6.825602363,1.548236415
20060316,3.271480125,3.094474259,3.364546675
20060317,-4.082199452,12.31189756,-5.054727755
20060320,-2.041371623,6.169783485,-1.286651059
20060321,4.368724444,6.631220273,5.323385632
20060322,-1.976704074,3.923953689,0.227117972
20060323,-0.13614706,8.075099279,-0.090785299
20060324,3.321669832,3.365281032,2.820872063
20060327,2.338513801,4.257180208,1.228624494
20060328,-0.263504764,2.802822836,-0.832060855
20060329,-1.07817756,4.9757591,-2.673956104
20060330,-5.046198979,5.671916211,-5.001042057
20060331,0.18796998,10.87880215,1.133156601
20060403,-6.717152816,10.96557718,-5.550278432
20060404,-3.074064178,4.94006039,-3.074064178
20060405,1.574036052,6.890041887,1.574036052
20060406,-1.52287207,4.084778622,-1.52287207
20060407,-1.222633671,2.377060725,-0.20481318
20060410,-1.077762549,3.466174194,-0.668554817
20060411,-1.906782841,1.872836069,-0.829020292
20060412,4.277637899,2.993164764,4.277637899
20060413,2.381064869,2.235641344,1.680711832
20060417,-1.680711832,2.085778674,-1.680711832
20060418,2.013326046,2.667771822,2.510592113
20060419,0,5.761198413,0.048602674
20060420,5.632733131,9.534065665,9.539852293
20060421,-4.443180906,4.957506925,-3.826710438
20060424,-1.526041175,3.834100517,-1.526041175
20060425,-0.372787011,3.320566521,-0.186567218
20060426,3.835603519,5.773981214,7.637297878
20060427,0.822693534,6.1133135,0.302310746
20060428,-1.257332844,4.223446617,-1.171125942
20060501,-2.222797988,6.211952142,-1.008559305
20060502,2.306957587,7.887311421,2.395063319
20060503,-2.676185156,3.080643177,-3.280416601
20060504,-0.573067471,1.719086102,0.576370472
20060505,0.97477215,2.710452985,2.510226752
20060508,0.595746443,3.161020595,1.603797874
20060509,3.307388072,8.716391971,9.117466847
20060510,4.395464669,10.09767319,2.637263488
20060511,-2.657646139,7.568537458,-2.69537487
20060512,0.422346568,5.554500513,1.136704273
20060515,0.382409644,8.75665562,0.382409644
20060516,-2.322085759,9.523855755,-2.551356016
20060517,-3.017730501,14.39822037,-4.238939296
20060518,-1.76995771,5.189156243,-1.64748372
20060519,2.169104892,7.262687045,2.542162319
20060522,-0.692608187,4.2705573,-0.976411337
20060523,0.163465504,5.633965448,0.122574071
20060524,4.897836404,10.58190269,8.151788881
20060525,4.100135063,11.64721375,4.812682612
20060526,-3.084717067,5.920299376,0.750405522
20060530,-2.197072177,3.464686089,-5.600731651
20060531,1.305745095,6.769801438,1.568952617
20060601,-0.722426037,7.054407357,-0.315545505
20060602,-2.020270732,3.836952167,-1.630623704
20060605,-0.268353621,5.449308287,-1.561639049
20060606,-3.317377368,9.485498626,-3.317377368
20060607,-1.470322534,3.730221499,-0.876848982
20060608,-1.080226547,7.726631164,-0.481541861
20060609,0.872675114,2.934706221,1.833451119
20060612,-0.809721023,5.800958324,1.994200983
20060613,-2.650194075,8.09015522,-1.994200983
20060614,1.151034736,5.90048984,0.078957762
20060615,0.746418708,5.997639443,0.825314176
20060616,-0.584227562,2.865945192,0.195503484
20060619,1.722530628,4.271865335,2.88759235
20060620,-2.65349158,5.438526238,-2.65349158
20060621,2.236022226,3.290374785,2.197043469
20060622,3.892707051,4.0978994,3.77826874
20060623,-1.032076983,3.290943557,-0.922005425
20060626,2.518840959,2.989781826,2.740898786
20060627,-8.646446302,9.285059923,-6.824642031
20060628,2.00878462,6.030604729,2.816015604
20060629,2.660910873,5.185234329,2.848352352
20060630,-1.46327852,14.23840606,8.49121657
20060705,-0.372944999,4.403168848,0.101954129
20060706,-0.614126802,1.511258164,-0.750088754
20060707,0.509771707,3.373451412,0.953685702
20060710,-0.441801908,2.36530362,-0.47570596
20060711,0.40760926,3.239900844,0.47570596
20060712,0.915726257,2.155124134,0.405954549
20060713,-3.024739543,5.165604659,-4.4528495
20060714,-3.188520156,4.625344779,-3.082681374
20060717,-0.252662109,7.236697352,0.725429369
20060718,-2.442406817,6.022171489,0.126410852
20060719,2.775978963,5.147752964,2.794024619
20060720,0,3.134101166,0.245398896
20060721,1.916101123,6.11209292,1.459879942
20060724,2.486927692,2.770328455,2.521428296
20060725,3.720123427,3.694490487,3.146475828
20060726,-0.093940824,11.15642634,3.994779446
20060727,-0.435053514,3.371365001,0.593473552
20060728,1.149616514,2.705721715,0.806455984
20060731,0.435594964,2.340265098,-0.49551046
20060801,-2.459915901,3.850420356,-2.802009222
20060802,1.403084242,5.149268976,0.82671377
20060803,0.256904444,1.775945533,-1.27471452
20060804,-1.785192452,3.000081512,-0.289063956
20060807,0.960314678,3.809365645,0.960314678
20060808,-0.767267191,5.088200936,-0.735414985
20060809,-2.27975839,2.984181624,-1.194525907
20060810,-0.065359479,3.275149374,-0.651680377
20060811,-1.041245669,1.45641312,-1.631411316
20060814,1.233965966,3.064624182,0.248900817
20060815,0.229621226,1.113261969,1.153415325
20060816,2.056543836,1.161351043,1.399079271
20060817,-0.326797676,2.263328571,-1.300831351
20060818,-0.098119386,2.570954852,0.032727868
20060821,0.557287133,2.255722746,0.098119386
20060822,1.171507053,1.761296298,1.040659798
20060823,-2.034190877,2.335925192,-2.423170297
20060824,-2.124208647,2.300153776,-1.200414548
20060825,-1.891948325,2.189784559,-1.657403067
20060828,0.374723654,1.445456055,0.306487555
20060829,0.391589842,1.560246903,0.050990058
20060830,-0.715627522,1.226107497,-0.630701826
20060831,-0.649685992,1.006557852,-0.308272209
20060901,2.676640221,2.8708036,3.836271224
20060905,-0.589392669,2.274273432,0.526836912
20060906,2.205018002,4.318805708,2.369086947
20060907,1.827852717,5.062040321,0.925784745
20060908,1.35584609,2.406419308,1.451129565
20060911,0.125667626,2.373433867,-0.250862471
20060912,4.242874321,2.744017161,4.211472217
20060913,0.330281039,3.312077547,0.420547331
20060914,-1.236258772,2.662012781,-1.206287245
20060915,-4.070194309,4.959234124,-4.039859105
20060918,-0.47566286,3.903564545,-0.617921637
20060919,-1.92586852,3.966432142,-0.286487543
20060920,1.172197803,1.727897384,1.204070314
20060921,-2.585938188,4.380309057,-2.648950162
20060922,-1.039983374,4.580839276,-1.007647076
20060925,-0.650197349,3.379986791,0.163212049
20060926,2.075197127,4.033281898,2.400824246
20060927,2.763127122,4.712512048,2.779046886
20060928,-0.272026766,4.164080747,2.296136388
20060929,0.03010688,1.669701439,0.543315553
20061002,0.897940783,2.238217319,1.018277741
20061003,-0.477470319,4.429815209,-0.388118117
20061004,-0.329687096,18.59376085,-0.359604823
20061005,0.211576322,2.323642954,-0.572032269
20061006,-6.61294832,31.03646525,-6.58275964
20061009,2.472432892,3.412767245,1.662974044
20061010,1.008517845,2.539388693,1.135300746
20061011,1.757183587,2.597324508,0.811996966
20061012,0.92166551,1.235861879,1.696262722
20061013,1.465675092,1.755470785,0.882940734
20061016,-0.672785412,1.760863714,-1.219899239
20061017,0.494744361,1.401808358,-0.522997654
20061018,-0.277307218,2.600295991,-0.030849915
20061019,1.187770931,1.996198015,1.894922225
20061020,-0.179964056,2.830270292,0.84414128
20061023,5.69913155,3.5348211,5.51884304
20061024,3.458801129,5.852195622,2.746039736
20061025,-1.615359262,6.107020854,-4.191089562
20061026,-1.501616434,10.08002483,-0.941149349
20061027,-0.499633662,3.339072925,-1.258983106
20061030,1.868667514,3.822655932,1.839199413
20061031,0.661968168,1.521474503,0.835378616
20061101,-1.975160819,3.250164565,-0.777541714
20061102,0.521589128,2.303813151,0.028905911
20061103,-1.797670909,1.955747877,-1.221300438
20061106,0.636576224,2.475206867,1.423408201
20061107,-1.062770308,0.792125651,-0.115440128
20061108,0.201932854,1.177365188,0.201932854
20061109,-0.303929607,1.440458465,-0.592530095
20061110,-0.288267712,1.537269239,0.41946977
20061113,1.232637077,1.313356402,1.319204678
20061114,0.622173953,2.596758913,1.048613831
20061115,0.198047879,1.977624662,-0.254058005
20061116,-0.126555596,1.724115769,0.437143755
20061117,-0.704923263,1.15302827,-0.550265939
20061120,-2.65451247,1.518839146,-3.278982282
20061121,-5.264373349,4.659311857,-4.914110293
20061122,-4.467556384,12.34031424,-4.652001563
20061127,-3.114101783,2.419019876,-2.858265379
20061128,-0.699420004,2.343567017,-1.42693644
20061129,-3.005234507,3.692916795,-1.413688976
20061130,-0.953685702,11.15394122,-0.953685702
20061201,1.424718807,4.725785995,1.595688245
20061204,0.57268137,3.065261829,0.269088625
20061205,1.810914679,4.022146158,1.069171561
20061206,-2.139389269,3.013535162,-2.438940167
20061207,-0.617285911,4.963348388,-1.00967744
20061208,2.173440564,3.72686348,1.586928619
20061211,0.905590626,2.364406171,1.39533238
20061212,-0.100418418,2.537373706,-0.300953245
20061213,-1.93494722,2.141521704,-1.450522987
20061214,0.505647462,1.756218493,1.047837879
20061215,-2.325294322,1.314953228,-1.388205804
20061218,-0.5789221,2.215286015,-0.17061939
20061219,0.582892101,1.578686096,-0.102511542
20061220,1.021111663,1.462208362,0.952712208
20061221,0.06775068,1.945435439,0
20061222,-0.560225555,1.450847796,-0.543295055
20061226,1.249805155,0.825660425,1.419902151
20061227,2.448831832,1.100253958,2.650039144
20061228,0.03268508,1.956468041,0.03268508
20061229,0.423936718,1.346426822,0.423936718
20070103,-2.845380242,4.275107105,-4.254546604
20070104,0.811637868,2.261566137,0.811637868
20070105,1.735691104,2.605811795,1.769366807
20070108,-0.37560263,2.29846722,1.118800745
20070109,-0.097450065,1.557994765,0.684822504
20070110,-0.016346547,1.730279331,-0.603049664
20070111,0.715682951,2.251183628,0.862705766
20070112,-0.032515038,0.831188269,-0.32467561
20070116,0.292255444,1.502571145,0.292255444
20070117,0.357085268,0.83016728,0.064829824
20070118,-0.889182158,1.506777698,-0.2270885
20070119,1.920058986,1.067945467,2.438362705
20070122,2.473126516,3.181599645,2.473126516
20070123,-1.832064905,2.631177911,-1.338541386
20070124,2.004693195,1.619177592,2.598352179
20070125,1.871773432,2.391045093,1.25921409
20070126,-0.273099851,2.190368407,-0.771854002
20070129,-0.76208264,1.362801472,-0.701329296
20070130,0.153350743,1.141556216,-0.153115939
20070131,0.671963433,2.362753829,0.671963433
20070201,-0.543643743,2.758849033,0.516169356
20070202,0.760459939,1.820729853,-0.060587703
20070205,-0.396825918,1.190872019,-0.928540045
20070206,2.084352759,1.308330459,2.282962556
20070207,0.386732596,2.009909483,0.68524028
20070208,0.712380573,1.043919039,0.385242735
20070209,2.746458098,9.64545599,6.248450537
20070212,-0.614698778,1.831182824,-0.865081438
20070213,-0.70806396,2.555247518,2.518467132
20070214,-0.273597982,1.316451434,-0.246271844
20070215,-0.01371648,0.458362134,-0.137080213
20070216,-0.822373056,3.884340113,-0.329761222
20070220,-1.31099649,2.323997309,-0.926380631
20070221,-1.795783387,1.55586168,-1.893066419
20070222,-2.734434111,1.382476546,-1.972901732
20070223,-1.030862123,1.237053873,-1.074186552
20070226,-1.692976804,1.457076671,-0.850071072
20070227,-2.760911561,5.630630286,-5.506533149
20070228,-1.091203345,4.448930648,-0.780644089
20070301,1.050463265,9.123490199,-1.008200096
20070302,-2.435800722,4.145002426,-3.08706186
20070305,-0.229696574,6.31663576,-0.589585724
20070306,0.968686942,3.173792488,2.209316632
20070307,-0.680164565,2.680465278,-1.131050998
20070308,-0.096509578,1.442830847,0.970253407
20070309,-0.579338601,2.546698007,-0.290088842
20070312,0.995672269,2.160031093,0.995672269
20070313,-0.863830651,6.339235438,-2.409755158
20070314,-0.330360393,6.822525931,-1.069704926
20070315,-2.388675387,4.442254001,-2.853021163
20070316,-0.682829556,2.214787268,-0.614756034
20070319,-0.720044256,2.79464053,-0.446352672
20070320,0.683997195,1.345671414,0.958911457
20070321,2.125227566,2.831503469,2.091138593
20070322,1.629296225,2.589023322,1.194440213
20070323,5.032306713,4.609457243,5.361579319
20070326,0.466346252,2.910264308,0.778456368
20070327,0.217831111,3.072277285,-0.217357639
20070328,-1.807564673,3.070195808,-2.901496507
20070329,-3.032953943,3.192397242,-1.288262583
20070330,-0.715915847,4.610454678,-0.748336012
20070402,1.075454394,2.182581391,0.748336012
20070403,1.343375392,1.794271439,2.005682958
20070404,-1.37668254,1.909109288,-1.456142218
20070405,2.702437546,4.721868911,2.734669617
20070409,0.109503335,1.243918562,0.313185348
20070410,0.031176929,1.162874953,0.312207559
20070411,-1.639380978,1.51494935,-1.951588537
20070412,-0.047835447,2.150587456,-0.350263055
20070413,2.242317223,1.793144915,2.114644049
20070416,1.296314449,1.829453634,1.825828223
20070417,-1.758490478,1.250581821,-1.482881667
20070418,-0.69160917,2.263882201,-1.347349224
20070419,-0.318268887,2.868965233,-1.046465868
20070420,0.347496796,3.115494035,1.078006635
20070423,-2.939262422,2.848196854,-3.318409795
20070424,0.651468102,5.890348174,0.406669938
20070425,0.661773055,1.329178021,0.904983552
20070426,3.498121554,2.568680495,4.267356117
20070427,-2.285277101,2.90081565,-2.671407784
20070430,-0.701757266,2.259096262,-1.082468386
20070501,0.383754868,3.764947852,0.287677999
20070502,3.858091787,4.102351826,3.666398437
20070503,-3.110720596,4.335256389,-5.697743474
20070504,0.649352931,2.666838355,0.649352931
20070507,-2.557516444,1.457359108,-2.589884141
20070508,-0.316429609,2.389912928,-0.449364158
20070509,0,1.368484103,-1.090157547
20070510,-2.288742091,1.636084052,-2.423740424
20070511,1.4703633,2.387261022,1.780868983
20070514,-0.065295464,5.744152188,3.86199792
20070515,3.143614948,2.690172742,4.376996373
20070516,-0.972861902,2.894903443,-0.879126541
20070517,0.126702583,1.582016196,-0.379147374
20070518,-0.72865838,0.713160212,-0.444163167
20070521,-0.700639809,1.091213478,-0.510042547
20070522,0.191509794,1.425509486,0.22346378
20070523,-0.222540229,1.703756031,0.191143735
20070524,-2.321344394,2.894084359,-3.152285577
20070525,-1.432316153,1.136382167,0.180490655
20070529,-1.385703466,1.836754021,-1.320151186
20070530,0.266311742,1.433036478,-0.066467267
20070531,-0.962663036,1.25965064,-0.333000641
20070601,0.493503222,2.838546088,1.621210032
20070604,0.329924417,1.76440578,-0.361664047
20070605,-0.397351516,2.0807733,-0.727275933
20070606,-0.34898249,1.853993391,-0.34898249
20070607,-1.072396336,2.280262288,-1.188995
20070608,3.847260596,3.360029429,4.351378619
20070611,2.713221014,3.065413063,2.406298877
20070612,-0.286032294,1.985519425,-1.060556043
20070613,1.081430491,0.856737514,2.063227767
20070614,4.094582586,2.250997328,4.793614559
20070615,1.862142839,3.809548008,3.043840489
20070618,-0.841682519,2.034232032,-1.101460411
20070619,0.87362233,1.65453241,0.523257008
20070620,2.015649686,2.489358854,2.406303442
20070621,1.911244237,2.861918203,1.656178206
20070622,-1.233199485,4.065856774,-1.288894279
20070625,-0.851536529,2.356122287,2.203408065
20070626,0.220203777,2.171360636,0.33048777
20070627,3.123132312,3.108140206,2.792644542
20070628,-0.626961301,4.270067267,2.011714216
20070629,-0.738594758,2.363964523,-1.027270986
20070702,-0.20997383,1.723538737,0.764872514
20070705,1.728912439,2.289793104,-3.252210342
20070706,-0.410285039,1.806638939,-0.737305361
20070709,0.408330498,1.773729956,0.886833017
20070710,-0.160213652,2.212841934,1.643577346
20070711,-1.186637441,1.814013128,-1.50783686
20070712,1.800397952,1.666010151,1.854642597
20070713,-1.155150521,1.533169677,-1.448523181
20070716,-0.868862376,1.282050283,-0.922916431
20070717,-1.402084824,1.171724837,-1.511225353
20070718,-0.194255646,2.792182662,-0.332779009
20070719,-2.347788106,2.378479007,-1.793770069
20070720,-1.407572823,3.382029535,-1.25215068
20070723,0.285388322,2.200453723,0.485645862
20070724,-0.345722038,1.272177863,-1.261846396
20070725,-3.627755957,3.801091497,-2.779988828
20070726,-3.448091398,12.22726831,-4.522087402
20070727,-3.631022406,10.32553051,-3.506914416
20070730,4.069419083,11.24709067,4.710446919
20070731,-6.538666491,10.26978608,-0.584527122
20070801,0.581130248,12.62694946,1.16565737
20070802,1.768085349,4.307325728,1.783332738
20070803,-3.342331656,6.943813429,-4.003590453
20070806,0.804459784,10.31352061,1.177942945
20070807,3.300428827,7.392369687,2.945408002
20070808,2.859838902,5.065502429,3.931277723
20070809,0.43072572,10.85820841,0.401952881
20070810,-0.882358666,5.400855418,-3.054782985
20070813,1.03597629,3.687500791,1.742484969
20070814,-3.075800651,4.862177845,-3.395661348
20070815,-4.164678916,8.549431737,-5.510227979
20070816,-0.922560561,18.69291307,-2.441496152
20070817,-2.680606169,9.018815317,-0.652530863
20070820,0.161943355,3.572970137,1.139149829
20070821,1.033934897,3.909861966,0.677312701
20070822,0.73588558,1.83437162,0.832271129
20070823,-2.331107887,3.26884788,-2.028728409
20070824,0.873367997,3.407867335,1.003407027
20070827,-1.913542728,1.642700274,-2.511137981
20070828,-3.465443491,2.729744047,-3.597631217
20070829,3.826785352,3.587839571,4.746880445
20070830,0.264550419,3.211489352,-1.149249228
20070831,0.260671376,2.514487754,1.475194757
20070904,4.285913383,3.771722912,3.861976664
20070905,-2.038936515,2.955252824,-2.761641938
20070906,-1.121986445,4.495762939,-0.161056566
20070907,-3.130458753,2.70018569,-4.821006167
20070910,-2.052833136,5.321622515,-1.32813122
20070911,3.448330333,4.255042743,4.57327828
20070912,-0.412303709,1.340255558,-0.92121066
20070913,5.171974373,8.183415251,9.679643225
20070914,4.179712868,7.004188969,2.576775175
20070917,3.099347177,6.068716515,2.953041372
20070918,3.642975404,10.79202014,1.56330203
20070919,-2.416566405,6.532023787,-2.332755812
20070920,-0.43384016,2.12015961,-1.310219593
20070921,0.631097906,1.713764959,1.353122704
20070924,-2.552605978,16.34335331,-0.458584925
20070925,-0.290275966,1.46398326,-1.184813744
20070926,2.051422747,9.305936531,9.094018013
20070927,-3.355883945,5.136735132,-3.223257931
20070928,-0.408219372,10.07185536,0.519481688
20071001,-1.461490235,7.171709983,-1.844004363
20071002,2.262601632,5.630083834,3.009803116
20071003,0.320598725,6.102525981,1.045726113
20071004,-1.186759711,1.834283735,-0.57513701
20071005,1.635488842,1.837719469,2.503607816
20071008,-0.261986003,1.51649547,-0.261986003
20071009,0.576219509,2.047802686,0.44496867
20071010,-0.915158695,1.628576863,-0.576219509
20071011,2.834915233,8.156419927,5.120135425
20071012,5.02569993,5.816930637,6.216485521
20071015,-3.442845411,8.516262697,-3.654137895
20071016,-1.934004774,5.017254217,-4.172445302
20071017,-2.892474055,6.420648966,-1.933355143
20071018,3.967250905,4.831422578,2.992900878
20071019,-5.421416741,5.276008547,-5.798538496
20071022,1.377303312,7.456149407,0.119593397
20071023,0.169768242,4.883935341,1.763899886
20071024,1.784947396,5.110790313,1.038430931
20071025,-2.51190601,8.06951999,-2.563572247
20071026,-0.79218793,7.455650315,-0.053008218
20071029,-0.15789477,2.59823033,0.660591648
20071030,-0.182982668,2.518098963,0.656256457
20071031,1.02617627,4.352023148,2.48074737
20071101,-3.624779039,7.100468649,-5.051446769
20071102,-2.139118998,8.949399295,-0.673403218
20071105,-1.640171838,4.305130187,-2.795468412
20071106,0.290637531,3.417310282,0.554325144
20071107,-1.287320294,15.37400099,-6.332311852
20071108,-3.500802465,23.17981837,-2.504603193
20071109,-4.065536737,14.65218339,-5.939877323
20071112,-2.059274828,10.89304064,-1.452341165
20071113,1.882333452,5.340116599,2.820699826
20071114,-1.36792335,4.588932491,-1.336322781
20071115,-2.490299071,7.882510301,-3.520572189
20071116,-3.919443229,7.443336258,-2.929009249
20071119,-8.396287866,16.22742388,-8.704243627
20071120,-2.798041891,16.54631208,-2.166421735
20071121,3.430669835,46.467587,0.512870343
20071126,-2.53643445,5.607329128,-1.11071116
20071127,0.516987858,9.189797709,1.073885528
20071128,3.278394809,6.597257891,4.395520244
20071129,0.139033738,4.446848394,1.46958558
20071130,2.064021843,6.000397258,3.649168749
20071203,-4.181555048,6.431000806,-4.416257587
20071204,-2.758918422,7.808244878,-3.074431392
20071205,0.285408685,5.927966393,1.308848805
20071206,3.481701586,5.614980499,2.010295172
20071207,-0.869419491,2.540781853,-0.034922298
20071210,1.30176272,3.56415453,1.266828222
20071211,-5.345459346,6.291597952,-5.293739666
20071212,-4.011999379,7.842610314,-0.510391192
20071213,-0.11109055,6.75798473,-1.361566572
20071214,-0.338664482,2.313392051,-1.719025888
20071217,0.227272825,4.174914268,-0.377643953
20071218,1.720955305,6.97927274,1.985455743
20071219,-1.008788678,4.052365664,-1.231588622
20071220,-0.188430431,1.363939337,-0.451637952
20071221,0,1.928772109,0.676694312
20071226,0.151000406,2.039575119,-0.11310086
20071227,-1.335133317,1.295384496,-1.788820296
20071228,-2.767668373,4.409668318,-2.882942161
20071231,-0.919822522,2.803139551,-1.633827935
20080102,-2.569171348,4.834729391,-1.988298408
20080103,-3.168337427,11.41242064,-1.986820322
20080104,0.593222079,18.13667431,-1.050650556
20080107,-0.274117199,8.189689912,0.042238649
20080108,-2.579825411,9.783529792,-2.263602948
20080109,-1.026770353,17.11507628,-1.655090046
20080110,4.866350975,25.24635261,3.93980563
20080111,0.468984019,11.36385839,-0.741607382
20080114,0.126609006,4.699747486,0.847103753
20080115,-4.062475409,9.043317314,-6.086189163
20080116,2.434287052,17.11561235,2.479099959
20080117,-0.043715848,16.12573702,0
20080118,2.254039832,10.26322453,2.951210412
20080122,4.317527897,25.1668516,0.465905121
20080123,11.06075952,30.46007961,8.210464776
20080124,-0.642838485,16.56013905,-0.409556886
20080125,-0.135751015,10.21641203,0.701073952
20080128,3.142020918,7.677219368,2.850503852
20080129,2.192173983,5.931616964,2.606253249
20080130,1.209470488,13.76540661,0.878161516
20080131,4.477413004,19.31748131,2.713309924
20080201,2.212441083,12.93502601,2.848598026
20080204,-4.986007057,4.922153172,-5.089437509
20080205,-2.165880034,9.723975131,-4.032356908
20080206,-1.005033585,13.23242536,-2.872110112
20080207,2.93117784,10.22504543,2.190289288
20080208,-1.079008542,2.988291612,-1.918708132
20080211,4.997254681,11.87834103,4.803343431
20080212,-0.394774458,16.87341478,-1.995404201
20080213,-0.60332008,8.305668346,-0.396339105
20080214,-2.861152634,4.347542666,-2.295433607
20080215,1.851190542,2.624339729,1.269003763
20080219,-1.770631694,4.348699681,-0.536399754
20080220,-0.973717528,5.506723155,-1.861240236
20080221,-5.090259307,7.061949123,-4.933825955
20080222,-0.950616789,10.71511264,-0.991743666
20080225,2.259510352,9.514670988,0.373057427
20080226,2.179810759,8.227037536,1.682090942
20080227,1.583789451,3.046887329,0.971667564
20080228,-0.305343749,6.09446365,-1.195677433
20080229,-2.955048281,2.908568341,-4.952437859
20080303,-0.988617551,9.252914186,-0.817384633
20080304,0.870327513,9.091798464,-0.302833889
20080305,-1.019199975,7.882414637,-0.608432994
20080306,-1.420352329,3.42221347,-2.51613362
20080307,-0.771503713,7.371522185,-1.895363598
20080310,-4.675933597,5.851443994,-4.949656395
20080311,0.458716401,9.432504769,4.493034597
20080312,-3.055466832,7.71073032,-4.206227517
20080313,-1.029168604,33.62836437,-3.151776032
20080314,-6.163147153,19.24443777,-5.207140362
20080317,-4.506256898,24.7206032,-7.991298075
20080318,3.951001119,18.69675147,8.457258017
20080319,-2.185310689,12.04158433,-1.824392535
20080320,2.12608475,7.550804139,2.493635702
20080324,3.140053645,7.998151302,4.465251428
20080325,-0.636944829,11.07927448,-0.171884634
20080326,-2.929502419,4.751113587,-4.190802682
20080327,-1.235218999,9.802591424,-1.030405819
20080328,-3.72844446,7.394797427,-3.263447497
20080331,1.055418768,8.095192262,1.907848011
20080401,3.489608184,13.47132016,5.464724366
20080402,4.67693611,12.9854631,4.328416963
20080403,3.613570633,7.546911041,2.560929334
20080404,-2.353049741,12.27456204,-4.628807779
20080407,-0.190385588,14.64076186,1.972640343
20080408,0.430313836,6.994446799,-0.143027438
20080409,-4.179422646,5.281976073,-3.941157106
20080410,0.298062814,6.582571241,0.049615481
20080411,-1.466524387,6.429092604,-2.664143491
20080414,-2.817816005,8.874088567,-2.894258868
20080415,0.445551779,5.362608553,0.261848801
20080416,2.188939523,4.348678537,3.797275099
20080417,0.201816416,5.480235296,-0.100755676
20080418,-0.173848299,4.851133406,1.376570355
20080421,5.587234675,9.776692384,5.512635641
20080422,-3.347993233,7.166858416,-3.324472122
20080423,1.271457695,9.930748456,1.998381177
20080424,4.035129552,14.19646513,5.337693854
20080425,-4.213077287,9.516406768,-3.42522853
20080428,2.311707196,9.944667063,2.311707196
20080429,-2.972815297,5.867966128,-3.110020898
20080430,4.643809375,22.56139455,9.183236346
20080501,-0.107886514,10.78569191,-0.387847933
20080502,-2.5803756,10.47506455,-0.064787822
20080505,-3.218263193,6.520873799,-3.629563697
20080506,0.314253906,6.961781817,-0.044812907
20080507,-4.838917506,6.246286647,-4.257910285
20080508,-1.598529572,9.881364428,-1.318286511
20080509,-2.884698874,4.93589338,-3.717541284
20080512,2.0428726,3.983205382,2.141201025
20080513,-3.235111262,3.595240207,-2.659017494
20080514,-0.247831601,4.267684083,-0.371517455
20080515,4.975670086,7.603421167,5.173984479
20080516,-2.31486294,5.327214378,-2.432745778
20080519,-1.00311326,5.625767101,0.577757987
20080520,-3.512604505,3.125154222,-4.768659666
20080521,-3.96420657,8.931703955,-3.562195978
20080522,-2.274345523,9.594120301,-3.6667232
20080523,-4.064015981,9.397836831,-4.851956479
20080527,0.460300007,11.066995,-1.027993062
20080528,-3.732847975,6.91020285,-1.91254743
20080529,0.869822822,4.362235057,1.336840601
20080530,-2.046475801,3.818866719,-0.869822822
20080602,-1.759909176,6.380487995,1.67488755
20080603,-1.692087749,11.18057314,0.684934185
20080604,-2.663735953,6.198777094,-3.119837086
20080605,-0.673797774,2.970181564,-0.176211499
20080606,-3.751196013,6.146763054,-4.755635772
20080609,0.851068967,7.595239014,1.832671941
20080610,2.888287415,7.867455387,2.037218448
20080611,-4.736768882,4.988382303,-4.736768882
20080612,-2.842609014,9.262809829,-1.883294833
20080613,3.094306275,12.10050964,3.914758968
20080616,-0.613498857,8.031382076,-0.979799633
20080617,-3.6525261,6.650803758,-2.429269257
20080618,-5.013334772,12.87788698,-6.37821868
20080619,-0.503948656,11.80004738,-0.235492119
20080620,-4.333952867,13.96433513,-6.685398746
20080623,-7.724700053,23.88294521,-6.971333261
20080624,2.966890701,18.52504986,1.684572761
20080625,-3.079535114,13.74919507,-2.927790016
20080626,-3.627340679,25.66249252,-11.76853078
20080627,-0.08669268,25.37461385,1.397402652
20080630,-1.088623858,35.44974979,-0.958613005
20080701,5.97192347,112.6265542,2.678345844
20080702,-12.76331513,32.30692705,-16.056507
20080707,-6.114607378,18.48910714,0.296004163
20080708,3.216928293,16.75697071,5.650138359
20080709,-1.574835697,21.64376464,-3.265016777
20080710,-6.447398627,41.28160939,-7.074662445
20080711,8.071429937,64.00241787,2.49821812
20080714,-8.282708422,23.10713279,-5.698071504
20080715,3.6687142,56.2164457,4.939917759
20080716,13.64051373,55.16419644,15.00107894
20080717,10.05709068,71.07807981,12.38779609
20080718,1.725833823,52.26656373,1.45540677
20080721,-1.966780492,29.03257737,-0.45731787
20080722,11.22119906,35.94633949,8.980858161
20080723,0.171262244,74.54141937,2.004906423
20080724,-10.56658126,44.57589622,-10.90939956
20080725,-9.69145195,55.88747654,-9.69145195
20080728,-7.801820351,43.68984368,-7.507887744
20080729,4.433581382,48.86338287,6.408510921
20080730,-9.123848043,49.51486784,-3.02137786
