20020102,-1.302307277,2.697570438,-1.302307277
20020103,-0.199600865,2.100806298,-0.59761134
20020104,0.749806196,2.414261107,1.625085307
20020107,-1.082155174,2.039011247,-0.631041337
20020108,-0.195886449,1.852197948,0.886268726
20020109,-2.242864035,3.081246336,-1.461610061
20020110,0.7137223,1.984605402,0.7137223
20020111,-0.237670938,1.55467813,-0.376051903
20020114,-1.819868244,1.547645526,-1.760397531
20020115,0.34263865,2.883375179,0.302267233
20020116,-1.113935569,2.693895304,-1.21458983
20020117,-0.88232849,2.981804179,-1.188295072
20020118,1.159913584,3.180152464,0.082406268
20020122,-0.944177786,3.238111249,-0.144255563
20020123,-0.267572456,2.489114701,0.061849296
20020124,-1.447801918,1.516613476,-1.077507317
20020125,-1.164650539,1.377652491,-2.211780525
20020128,0.608670155,1.253824339,1.773320694
20020129,-2.06410024,4.160233784,-1.688159948
20020130,4.26925843,5.843861311,4.29053729
20020131,1.104983619,1.917985816,2.018231975
20020201,-1.511363781,2.65658264,-1.611313814
20020204,-1.076480386,3.286501443,-0.57015019
20020205,0.183542419,3.073879624,0.224375413
20020206,-0.285831146,3.312800873,-0.346974529
20020207,-0.143193233,3.161595925,-0.122749606
20020208,1.156551392,2.109728822,1.463143354
20020211,1.939866849,2.08189125,1.838948484
20020212,-0.396825918,2.090870659,-0.377021977
20020213,0.46948443,1.941312945,1.851539992
20020214,-0.038850039,2.022175177,0.447863664
20020215,-1.9589265,3.690145414,-1.80361682
20020219,-0.712028325,3.171097535,-0.336867454
20020220,1.834197763,2.203006213,2.625028298
20020221,-0.253337366,3.576219958,-0.912893589
20020222,0.039231072,3.40954016,-0.508608295
20020225,1.644933074,2.905646815,2.153541369
20020226,-1.06127383,4.855651293,-1.06127383
20020227,-2.524405895,3.952056265,-1.367208797
20020228,-1.803636249,3.430706884,-1.685711707
20020301,-0.199084278,1.943771342,0.359353551
20020304,1.800028376,2.612525935,-0.579595907
20020305,-3.37052478,4.705294526,-4.803879288
20020306,1.908375692,2.416041018,2.328103485
20020307,-2.451103101,2.850856335,-0.63897981
20020308,0.020447807,1.763640441,1.13088488
20020311,-0.660613468,1.975801644,-1.296447832
20020312,0.539084863,2.29713869,0.165562952
20020313,1.327269588,2.830998826,0.371517455
20020314,0.207039411,1.856033291,-0.39219784
20020315,1.25374163,1.926111703,1.25374163
20020318,-1.508385712,2.274343464,-0.552996801
20020319,0.506432765,2.334877577,1.629695877
20020320,0.707430944,1.84157725,0.322776153
20020321,-1.055633027,2.485654561,-1.317809238
20020322,0.732157023,2.645858696,0.711746777
20020325,-1.537703287,1.544521881,-1.943795216
20020326,1.646127705,2.017277556,1.232048439
20020327,0.223782008,2.338978141,0.427655677
20020328,-0.799102705,2.129848019,-1.226758382
20020401,0.103788281,1.867649003,-0.847025
20020402,-1.483365755,2.075679181,-1.441880586
20020403,-1.671465974,4.804144652,-1.356240326
20020404,1.512316157,2.972313495,2.319800358
20020405,0.885417089,1.787540476,1.674457727
20020408,2.433906831,2.033287498,1.445023618
20020409,-0.852104973,2.530867802,-0.831900912
20020410,1.052215293,2.108601233,1.215081778
20020411,-0.868253814,3.227824291,-0.747553739
20020412,1.000008333,2.356891872,1.88836467
20020415,-1.973483298,2.205829245,-2.172686552
20020416,0.463383523,2.342993661,1.172678218
20020417,-0.323102058,1.691784593,-0.625065046
20020418,-0.141228713,2.93493412,0.181873345
20020419,-1.193017891,0.699834346,-0.74982619
20020422,-0.86066105,1.181096453,-1.166253628
20020423,0.698298175,1.564876204,0.554131741
20020424,-1.442729064,2.47439286,-1.422264519
20020425,1.135320276,1.898661961,1.135320276
20020426,-2.078477951,1.359407041,-1.301536811
20020429,-1.520941866,3.051395923,-2.335227606
20020430,-0.77369825,3.520624373,-1.350068722
20020501,-0.064620358,5.484622296,0.129366124
20020502,0.557104505,2.657050072,0.836824967
20020503,-0.858374369,3.227413766,-0.858374369
20020506,-4.059800527,2.504946663,-3.844515191
20020507,1.100121106,1.31407431,2.324399058
20020508,-0.967229464,3.127195389,1.304366319
20020509,-0.194995187,2.888992473,-0.411211487
20020510,-1.311494208,2.196679631,-1.44170256
20020513,0.241466477,2.505835463,0.35141701
20020514,1.93853521,1.604480941,4.940596308
20020515,-2.08494443,4.005771348,-1.959814069
20020516,-0.59435539,1.47263897,-0.042571308
20020517,1.888828452,2.294434197,2.377307707
20020520,-1.108158272,2.699861952,0.745653828
20020521,-3.657475443,5.795465905,-7.786115722
20020522,-1.044989064,6.668099907,-2.347207735
20020523,-2.555093539,3.970143375,-2.076678228
20020524,0.856784215,1.676543796,1.112925932
20020528,-2.967576815,7.332237153,-4.407453061
20020529,-0.36652454,3.686467197,-1.578660593
20020530,-1.558087659,3.630378611,-1.803185821
20020531,2.256555776,5.037812305,3.814643435
20020603,-1.715728362,6.084406841,-2.995475394
20020604,-1.26694031,5.338506883,-1.118718939
20020605,0.482704075,4.381816827,1.229905559
20020606,-3.847111751,5.113983866,-3.736048618
20020607,0.853490245,4.612751879,-0.462487977
20020610,2.843552847,3.812645584,2.843552847
20020611,-2.247285585,4.179597367,-1.997285455
20020612,-2.592833867,7.081646621,-2.822924727
20020613,1.007966094,3.047198706,-0.473934536
20020614,1.168015452,8.430062328,-2.29588301
20020617,3.434948001,5.294563317,3.892984637
20020618,-1.975047742,4.967223898,-2.36541909
20020619,0.053149084,6.234705061,0.106326432
20020620,-2.969178981,6.814417025,-3.075505413
20020621,-0.639157379,5.059074395,-1.741096904
20020624,2.653555363,11.04132281,2.178495087
20020625,-3.472948052,7.145022665,-1.207478996
20020626,2.805349919,16.14593588,0.797474321
20020627,-0.374532273,7.134148138,2.167519157
20020628,-1.084021455,6.025788951,-1.648463217
20020701,-3.17925878,6.553581454,-3.04311172
20020702,-2.207342021,13.38256564,-3.138631382
20020703,7.88655445,11.03296244,6.426674508
20020708,-1.84521882,7.097666701,-2.505461546
20020709,-5.122226914,4.184818016,-5.122226914
20020710,-5.502770757,7.325836815,-5.219082624
20020711,-5.888586487,23.40115398,-5.918522126
20020712,0.068941747,16.45725681,-8.168478766
20020715,0.501254182,12.95184384,3.321213421
20020716,0.196850457,16.73542508,1.685711707
20020717,-2.940448344,23.88481991,1.043374317
20020718,-4.553739565,13.08272906,-4.003843306
20020719,-1.686496693,13.78637452,-2.772725974
20020722,-2.914020474,27.68327875,-2.602115872
20020723,-0.674119991,33.30600847,0.071225074
20020724,11.13787334,39.69374367,9.015109699
20020725,-4.912079733,22.92198653,-6.518935097
20020726,0,13.95008417,1.550418654
20020729,2.959768829,7.731600952,5.358127326
20020730,-0.973717528,19.65995315,-0.650197349
20020731,0.389358052,13.99596822,0.714985171
20020801,-3.98062504,13.38693427,-4.40249813
20020802,-3.729714068,10.80891946,-3.899062118
20020805,-3.653701535,10.54902191,-3.618521235
20020806,0.250581839,9.115793606,2.02245969
20020807,-0.809436058,13.24362387,1.172929744
20020808,-4.043872285,22.44279976,-4.185315024
20020809,4.976512547,11.39408837,3.902229202
20020812,-2.952243927,6.965250808,-5.536738102
20020813,-0.901922687,13.45320046,-0.789626212
20020814,5.41064978,13.35159042,6.574108203
20020815,1.322218289,12.07642284,2.237073367
20020816,0.035580858,5.992506147,-2.875373407
20020819,-0.069013115,10.30563979,3.013542686
20020820,-0.660068403,8.456779989,4.15811126
20020821,3.903696281,3.971197455,7.800293134
20020822,2.812030935,3.601982964,3.757015866
20020823,-0.979381623,2.539189586,-1.097445391
20020826,0.828652271,3.290663814,1.185901832
20020827,-3.803191568,4.292132917,-2.71861403
20020828,-0.700901849,2.372603548,-0.973836059
20020829,2.73484551,6.540385942,0.882940734
20020830,-0.152091284,3.767025891,-0.425274031
20020903,-2.356698218,3.34514514,-3.02866165
20020904,2.457737645,4.00736816,2.080497336
20020905,0.24968802,4.396754419,-1.423731879
20020906,2.335916919,4.848144014,3.882498936
20020909,1.422757464,3.895320164,-0.240168233
20020910,-1.201576487,1.37583089,-0.54249681
20020912,-1.225130178,2.569945721,-2.315059224
20020913,3.077165867,5.493080693,3.169573081
20020916,1.929702153,3.714368721,1.525842506
20020917,-4.17282021,7.648549442,-2.742347709
20020918,0.847462699,5.066158863,0.271616283
20020919,-1.509811456,6.272709047,-2.967032142
20020920,-3.745520431,6.383910073,-3.250009971
20020923,-1.463765323,6.677852103,-4.392708829
20020924,-2.949042851,13.47203555,-4.946063017
20020925,-4.04597413,7.130441286,-2.821111923
20020926,1.96610444,4.53729462,2.291543165
20020927,-4.699462409,9.988494762,-5.231850534
20020930,-0.534760633,17.41541264,-2.645656954
20021001,1.908454869,18.60150641,1.293777559
20021002,-4.621025733,14.56672193,-5.838233611
20021003,-0.40080214,18.67646001,-0.200601873
20021004,1.36427764,21.14478296,3.666880364
20021007,-4.633255664,23.53582462,-6.311998972
20021008,1.633827935,23.90807039,4.238777835
20021009,-4.826674097,17.59106666,-6.701853718
20021010,3.946514221,16.70398613,3.692599569
20021011,3.807763816,8.049768012,6.619193964
20021014,2.168622175,13.01682444,1.287896589
20021015,4.778590022,7.762846854,9.985044397
20021016,-1.914766941,7.160452281,-3.148504317
20021017,-2.54035676,9.01896566,2.430675222
20021018,4.231658889,11.51069765,4.231658889
20021021,-1.692986494,9.470244474,-1.791686946
20021022,0.169348051,7.614664948,-1.077088838
20021023,2.815679553,9.217477086,2.950951809
20021024,-2.019601833,8.168693692,-1.773478155
20021025,1.914881884,5.219320647,2.24877201
20021028,-3.268264743,5.339215326,-1.582102875
20021029,-0.066688899,10.39049636,-0.399467908
20021030,-1.31514288,7.237667614,-1.749708164
20021031,-2.570835671,6.175589721,-2.265802389
20021101,-1.468557861,7.91902365,-1.433841666
20021104,-4.317217187,6.370848622,-4.281999718
20021105,3.886779273,4.869531407,4.070434054
20021106,-0.634698887,8.907938528,-0.212014214
20021107,-3.719511629,4.771825629,-3.931976298
20021108,-2.442756545,4.380055525,-1.819244531
20021111,-1.550418654,1.587960417,-1.700399934
20021112,0.931973195,5.994307969,2.669833328
20021113,1.492008281,11.65766558,0.222387045
20021114,0.323799527,2.321517345,3.026666766
20021115,1.101058895,6.461042438,1.674126366
20021118,-2.146153677,4.04136649,0.949207338
20021119,-2.300775825,8.410289846,-13.70364786
20021120,-2.364365799,9.650282203,-1.048819618
20021121,0.12016825,4.016648663,1.289300696
20021122,0.916158569,4.01750874,0.956182584
20021125,0.275319741,2.633513633,0.947126259
20021126,-0.955041083,1.434309793,-1.783284824
20021127,3.270046131,1.853239752,4.304263782
20021202,-3.858045237,5.594303502,0.075671589
20021203,-1.221855598,3.022257382,-1.562829598
20021204,2.215834099,5.261560559,-0.076863955
20021205,0.30864222,2.714802922,-0.192418762
20021206,2.483635615,1.863406568,0.499520731
20021209,-0.58083416,1.254422238,-1.311747204
20021210,4.020260769,2.148099154,4.36916595
20021211,0,3.852195226,-0.447094634
20021212,0.367107608,3.272348439,1.886499446
20021213,-1.5416737,3.634353938,-3.353518421
20021216,1.167401697,3.079002949,1.205287661
20021217,-2.759853201,4.480253286,-3.738040083
20021218,-0.936775,3.613927691,-0.897917413
20021219,-1.076350834,4.513586931,-2.180462997
20021220,-1.776389061,5.347980846,-1.616196796
20021223,0.450728073,2.285947162,-0.367272398
20021226,0.124403914,3.360806857,-0.289675353
20021227,-0.796149188,2.149561323,-1.503159826
20021230,-0.379347136,4.499872527,-0.379347136
20021231,1.809432914,3.360386482,1.258933958
20030102,2.729849692,5.401977131,3.684411827
20030103,-2.858654776,5.007948145,-15.16083623
20030106,1.059673588,2.178367588,2.037107481
20030107,-1.435542133,2.971447761,-1.75686442
20030108,-1.175101654,2.020394022,-1.361843071
20030109,0.701757266,2.736079535,1.408473988
20030110,1.448962018,5.405909326,0.465117118
20030113,0.227842432,2.338182131,1.930206985
20030114,0.227117972,2.278042935,0.318109789
20030115,-1.723398663,2.018196863,-0.820050154
20030116,0.542006747,2.15473043,1.543380613
20030117,-0.40080214,4.128238873,0.941499893
20030121,-3.071605523,4.158246056,-2.759731802
20030122,-1.060650939,4.052791258,-1.060650939
20030123,0.77679166,2.337857022,1.8374426
20030124,-2.760875973,3.046173221,-3.308572459
20030127,-2.164066178,6.469856391,-3.275845815
20030128,-1.356609953,5.638865046,-0.340881752
20030129,4.14188313,5.212224837,2.171376022
20030130,-1.151091847,4.729776825,-1.055671992
20030131,1.107644361,4.35635046,0.720983657
20030203,1.793346787,3.530451971,2.366414258
20030204,-0.236686501,2.816979748,-1.318286511
20030205,0.18788169,3.123503198,0.990340563
20030206,1.678361075,5.743829666,1.490479385
20030207,-2.637210434,4.143553726,-1.396670748
20030210,0.604231446,4.519022499,1.165242735
20030211,-1.16796469,2.411289083,-1.399929536
20030212,0,3.07866285,-0.235238876
20030213,-2.580171799,4.387511596,-2.721581202
20030214,3.385305389,5.367847813,3.191506879
20030218,1.79769764,3.678599298,2.591537905
20030219,0.045861042,3.066794243,-0.366133132
20030220,-1.46657074,3.367573891,-0.690133864
20030221,3.0785591,3.38029058,3.493210696
20030224,-1.873382174,3.924497086,-0.985671063
20030225,2.392670632,9.985268414,2.797074688
20030226,0.569802111,3.637164943,0.174978172
20030227,0.43384016,3.283832921,0.956945102
20030228,1.114934362,3.383694767,1.503787736
20030303,-1.782501828,5.060935253,-1.61207145
20030304,-3.46701391,3.17004892,-4.271978552
20030305,0.904983552,6.453104093,0.406229401
20030306,1.093903342,6.055816229,-0.632627505
20030307,4.310034287,6.84501835,2.063778945
20030310,-1.897075863,2.670535366,-2.654824084
20030311,-1.051438258,3.71951446,-0.778214044
20030312,1.777216975,4.302591791,1.731250529
20030313,2.826346527,3.790977825,4.43928472
20030314,-0.952388151,4.694655862,-0.671943571
20030317,4.931331354,6.453225749,3.881912016
20030318,-0.208986492,5.327724127,0
20030319,2.059380852,4.353649356,2.601839933
20030320,1.41616771,5.339991638,1.456925811
20030321,0.975617495,2.506034703,3.396851073
20030324,-0.511510067,4.100355232,-5.487661023
20030325,3.033599661,4.21029323,2.930982925
20030326,1.028490079,2.466892961,1.227495119
20030327,-0.039976015,2.162037627,-1.586705244
20030328,-1.290861007,2.772933471,-1.531053276
20030331,0.720538372,3.419400983,-1.040719525
20030401,0.607658341,4.574601212,1.567143093
20030402,1.714105077,2.722525867,4.462734595
20030403,0.03838035,2.396383678,0.654477793
20030404,1.410353089,1.802062592,1.37197274
20030407,-3.472441465,3.599255786,-0.379219264
20030408,-0.340200668,2.827395631,0.341361985
20030409,-3.020684645,4.540271739,-2.491982507
20030410,-0.539916468,2.754928089,0.387447211
20030411,-1.799780535,2.018741251,0.077309629
20030414,2.653080508,2.64136554,2.53709364
20030415,1.260676689,3.119173195,2.216724837
20030416,-2.041265903,2.991051414,-1.746931621
20030417,2.5917778,3.385982706,2.554275456
20030421,0.437797124,2.206195874,0.401240735
20030422,1.567373075,2.244464221,0.653122786
20030423,1.154830589,1.784140709,0.792511353
20030424,0.799132477,1.586778201,-0.828684259
20030425,-0.580342579,1.35744215,-0.544169672
20030428,1.444068415,1.121333537,1.480438665
20030429,0.318640737,3.115032677,1.388169649
20030430,0.178094437,1.891833774,-0.673880897
20030501,-0.75013747,2.600777249,-0.75013747
20030502,2.521888223,3.305123417,2.198670129
20030505,1.358669219,3.150996064,1.358669219
20030506,-0.406504625,2.211180683,1.919181592
20030507,0.270819394,3.023454914,0.406504625
20030508,-0.409696715,2.642388559,-1.190287816
20030509,0.878977938,1.386591728,1.628811035
20030512,1.847239764,1.252680392,1.137897151
20030513,0.367831881,1.954199194,-0.299950233
20030514,-1.542619457,1.475711745,-1.242669224
20030515,-1.75680194,3.115859503,-0.84846937
20030516,0.34364295,2.581872016,-0.649685992
20030519,-0.356506616,1.759296937,-4.025040262
20030520,-0.941412569,4.507989041,9.075436327
20030521,1.514182978,3.777843969,-0.163212049
20030522,0.683485167,1.853127017,0.716148894
20030523,-0.652318034,1.396506254,-0.87962776
20030527,4.14188313,3.772211623,2.791179018
20030528,0.442199078,2.334872984,0.965885112
20030529,-1.322021143,2.722763558,-0.537210962
20030530,1.363516631,1.410367543,2.90418537
20030602,-0.305810636,2.595717384,0.491250604
20030603,0.183711013,2.772735411,0.122436501
20030604,-0.644470544,0.627582668,-0.644470544
20030605,1.971721301,1.583392154,0.919405802
20030606,-0.667478206,2.324909243,0.213317161
20030609,-1.070837829,1.25188803,-1.040401061
20030610,0.184672259,1.608695645,0.030755036
20030611,1.346409568,0.960940169,1.161737309
20030612,-0.816577953,2.136027319,0.091143862
20030613,1.229216497,1.999603434,1.895078521
20030616,1.875238074,2.321938596,2.617411586
20030617,-0.637868211,1.280661853,-0.20339975
20030618,-2.917548913,2.265697771,-2.772221174
20030619,-1.837677863,2.990118212,-1.658412802
20030620,-1.710487641,1.664487122,-1.316009811
20030623,-1.647278896,2.16114587,-1.70891218
20030624,0.43518875,2.352582844,1.028847735
20030625,0.339454114,4.254449089,0.680064445
20030626,-0.798284866,2.700041899,-0.061633284
20030627,-1.071165559,1.716367908,0.184786009
20030630,0.817319519,2.0348765,2.040576362
20030701,0,3.564742523,-0.150852344
20030702,0.059898175,1.355064644,0.841857047
20030707,0.326361364,0.742012169,1.763081677
20030708,2.31376554,1.403178337,2.284140299
20030709,-2.156338166,2.320915964,-3.087118591
20030710,-1.55990317,2.225794762,-3.185465756
20030711,-0.751318335,2.16067582,2.165048738
20030714,-0.864258099,1.315422335,0.781253974
20030715,-1.169253315,2.53165188,-0.75109261
20030716,1.05027222,2.527895344,1.020110856
20030717,-1.201215645,2.421183808,-1.201215645
20030718,-1.352387253,1.711316872,-0.151171609
20030721,-3.089403061,1.663088422,-2.636572099
20030722,-1.158253675,2.918470974,-1.344820893
20030723,0.280592546,1.378258577,1.12712527
20030724,-2.137102076,2.224080519,-2.012646553
20030725,0.941922192,1.984102091,1.638347925
20030728,-1.375881617,2.741954406,-0.752826642
20030729,-1.257878221,3.395303732,-0.505051579
20030730,-1.018468383,3.374221411,-1.08177956
20030731,-0.987426402,2.749935259,-0.064000002
20030801,-0.938366374,2.251161432,-1.548418033
20030804,0.421189672,3.483205005,0.551144206
20030805,-0.884816521,3.08897591,-1.794208953
20030806,1.903590309,2.587285012,2.951406051
20030807,2.024104524,2.394305348,2.056058511
20030808,1.07544438,1.203518869,2.412736895
20030811,0.061218245,1.553013523,-0.122324174
20030812,0.484409061,1.157893288,1.307208157
20030813,0.150806845,0.89455018,0.21119332
20030814,-0.181323712,1.096438134,-0.362319237
20030815,0.838579338,0.765736822,1.411646809
20030818,-0.383085779,1.606616177,1.008910635
20030819,-4.705679188,7.098905951,-5.149532558
20030820,1.204647772,0.911470485,1.235727804
20030821,0.091617047,1.135409942,0.58166397
20030822,-0.486767009,1.22085522,0.091533187
20030825,-0.461894586,0.993417995,-1.196516806
20030826,0.093124328,1.562988843,-0.526072697
20030827,0.990413543,0.698224618,0.741889029
20030828,0.093037687,0.826229768,-0.648851342
20030829,0.248911143,0.66051192,-0.248293113
20030902,1.028206597,0.981539135,0.248293113
20030903,1.971721301,1.538557472,1.599050062
20030904,2.817087697,2.333725634,4.240707075
20030905,-0.354820006,2.454665202,-1.294897434
20030908,0,1.484018892,-0.029625241
20030909,-2.517014399,2.000013577,-4.794607607
20030910,-0.689874169,1.706910082,-1.219718014
20030911,-0.157109223,1.58866165,0.062912868
20030912,0.444163167,2.466321399,-0.662567497
20030915,2.316705928,1.928342114,3.606234727
20030916,1.543847827,1.980356449,1.635408951
20030917,-0.332577782,1.186330109,-0.814361309
20030918,0.696655854,1.802660809,0.332577782
20030919,-0.241254641,1.021783936,-0.030188679
20030922,-0.365854067,1.531680689,-1.153975757
20030923,-0.302572092,0.961751925,0.790998952
20030924,-1.834913867,1.689626618,-1.834913867
20030925,-0.681750394,2.975324823,-0.743497849
20030926,-0.405806706,1.567889563,-0.592548124
20030929,0.812250639,1.958374574,0.530339724
20030930,-0.90611462,3.316880281,-0.875005583
20031001,2.368977112,1.777394522,3.181735572
20031002,0.602956304,1.921471902,1.148742983
20031003,-0.267499045,0.871395465,0.986997694
20031006,1.182745899,0.765319765,1.242252
20031007,2.349594137,1.938101902,1.256041049
20031008,-0.261438057,1.020836802,-0.20339975
20031009,1.173957649,1.455375562,2.158046632
20031010,-0.200085818,0.639348679,-0.51369976
20031013,1.133156601,0.624075579,1.56142278
20031014,-0.480023511,0.67954262,-0.480023511
20031015,1.248109393,1.536528282,2.653416388
20031016,-0.055126793,1.516949746,-0.027567195
20031017,-0.771778914,0.92923658,-0.359066813
20031020,-0.483526534,1.073692664,-0.096892526
20031021,0.083044987,1.093146354,0.096892526
20031022,-0.277008487,1.321761952,-0.249342143
20031023,-0.055803573,0.927608091,-0.612133241
20031024,0.393590612,1.265271553,-0.531692871
20031027,0.724842872,1.162721451,1.005033585
20031028,2.978828428,1.292142265,4.028851891
20031029,0.134246228,1.149993696,-0.561874388
20031030,-1.220099603,2.194011563,-0.551558538
20031031,-0.967229464,1.543833907,-0.067471833
20031103,0.240160222,1.268217471,1.287571436
20031104,-0.401338331,1.14127493,-0.588079749
20031105,-0.242555031,1.540444109,-0.645510579
20031106,1.295914464,1.480212891,0.591876896
20031107,-0.080267563,1.563587417,0.214362354
20031110,-0.323537624,1.169178281,-0.887221844
20031111,-0.054141853,1.62829593,-0.270416606
20031112,0.135409635,0.500776073,0.054141853
20031113,-0.274952057,1.449810265,-1.719709366
20031114,0.41522551,2.269401764,-0.33094349
20031117,-0.450197722,2.694247471,-2.065381819
20031118,-4.31077098,3.807246862,-1.420074986
20031119,1.077718883,2.494551433,1.391870219
20031120,-0.056625143,1.89429944,-0.395704304
20031121,0.280899061,1.226174569,0.958293692
20031124,1.826787584,1.182940574,2.246662239
20031125,0.355726193,1.065087587,0.410565788
20031126,-0.300834358,1.241308075,-0.273523146
20031201,-0.298710338,1.181561081,0.027199783
20031202,-1.411006948,0.940281527,-2.422359015
20031203,-1.231473721,1.615166668,-1.06443582
20031204,-1.733244128,5.184880189,-1.761409176
20031205,0.635106061,3.122833551,-0.402068319
20031208,0.6936444,1.875134301,-0.086368222
20031209,-2.410455024,1.723694245,-2.036730282
20031210,-2.768445892,3.498773395,-2.650937066
20031211,3.071738311,2.623259786,4.182360563
20031212,-0.317048832,0.909378005,0.274626175
20031215,-3.182151827,2.977309095,-0.898947622
20031216,0.43763746,1.725574486,0.05824112
20031217,2.890374618,2.976472916,2.15991118
20031218,0.539237861,1.853087393,0.65313309
20031219,0.197656425,1.49774124,0.339079161
20031222,-1.398624197,1.415560771,-1.879326381
20031223,0.115707274,1.634615202,-0.576536621
20031229,1.559209476,0.930432247,1.845332704
20031230,-0.508906951,1.21725871,-0.762392511
20031231,0.764551367,0.972968421,0.480702184
20040102,-2.148796276,1.643019382,-1.30609466
20040105,-0.085579808,1.33665062,0.142795969
20040106,0.907807653,1.44296798,1.050400006
20040107,1.178134244,1.950817473,1.262820205
20040108,-0.979988243,3.871968476,-0.896364545
20040109,0.857891486,3.313967474,0.463191227
20040112,-1.128998726,1.85319181,-1.339274265
20040113,-1.106551226,1.456211072,-0.512237887
20040114,1.077413314,1.153991845,1.162968717
20040115,-0.281849116,2.59696153,-0.084638177
20040116,-1.590039178,3.598626105,-1.392661417
20040120,0.171477607,0.896658384,0.228702215
20040121,1.27210196,1.410512472,1.6426311
20040122,0.782564083,1.600782159,0.894860558
20040123,-0.36126203,1.306162607,0
20040126,1.108351607,1.142838353,1.024797779
20040127,-0.582606725,1.012666649,-0.969133987
20040128,-3.435989934,2.318913251,-2.936405215
20040129,1.557002438,2.800260805,1.985880865
20040130,0,2.648816089,-0.422238488
20040202,-0.537103765,3.420956701,-0.480702184
20040203,0.028526601,1.43078546,-0.625535165
20040204,1.13476395,2.15746699,1.106237349
20040205,-0.028172982,1.913924363,0.112771368
20040206,2.029820838,1.523563308,2.339287957
20040209,-0.496689763,1.617497584,-0.496689763
20040210,-0.691087754,0.75518452,-0.277008487
20040211,1.974831047,1.362266809,2.113431207
20040212,-0.518065235,1.741257019,-0.653953284
20040213,-1.098912158,2.820626733,-1.044252413
20040217,0.08270159,0.830122347,0.248310239
20040218,-1.273549882,0.983859605,-1.108351607
20040219,-2.059633063,1.030230984,-0.923729451
20040220,-0.083951313,1.766099104,0.448934536
20040223,-1.459470194,1.726125349,-0.984675279
20040224,0.640581497,2.793980927,1.821033653
20040225,0.109829775,0.798320466,1.159273264
20040226,1.146613709,0.943219635,1.0917139
20040227,-1.717365365,0.743902741,-1.283995239
20040301,0.708256842,0.770592558,1.283995239
20040302,0.704609961,1.305812108,0.514418354
20040303,0.405570382,0.827932599,0.080982593
20040304,-0.242555031,0.934879772,0
20040305,1.561690328,2.749596537,0.993430106
20040308,-0.669794868,1.241400107,-0.616376064
20040309,0.054112555,1.354246784,-0.620198833
20040310,-1.174395581,2.163913756,-1.553799831
20040311,-0.331950512,3.764812246,-0.855295599
20040312,0.110895492,2.177210509,0
20040315,-1.513481804,2.468514232,-1.902155253
20040316,0.783878594,1.742995962,1.262820205
20040317,0.825541287,0.936733981,1.741578227
20040318,1.387588581,1.961302634,1.414989595
20040319,-0.759634689,1.23176097,-0.786658065
20040322,-0.691087754,1.2332935,-1.841470202
20040323,0.027620495,0.94284927,0.442846005
20040324,-0.443582651,1.478081275,-0.609420169
20040325,3.140189755,2.11048761,3.306763919
20040326,-0.0541272,0.593989873,-0.701378651
20040329,0.970096533,0.691339285,0.943021942
20040330,0.294472171,0.460195422,0.321285417
20040331,0.160642605,1.012625022,-0.080224633
20040401,-0.564593515,0.831848543,-0.778841053
20040402,-1.676167926,1.74323746,-1.111574411
20040405,1.898104708,0.864432561,1.48832405
20040406,-0.162293787,0.943209975,-0.781991311
20040407,-1.711765747,1.120918767,-1.225672432
20040408,-1.507910683,1.719735239,-0.797913162
20040412,0.522625313,0.50034786,0.688233962
20040413,-1.659330107,1.396158118,-1.631899028
20040414,1.064734071,1.440500225,0.055756901
20040415,0.139450587,0.833163007,0
20040416,0.082953136,0.953432803,0.832644278
20040419,-0.138792527,0.647066499,-0.498754151
20040420,-1.252625982,1.729317371,-0.836824967
20040421,-0.449060536,1.589680618,-0.421053254
20040422,2.423179418,1.766621189,2.197890672
20040423,1.019713948,1.181614309,0.357094185
20040426,-0.65789711,1.057796112,-0.302073551
20040427,0.521048759,1.116716702,0.548547728
20040428,-0.774768679,1.801140075,-1.543580813
20040429,-0.474662346,2.606342481,-0.752826642
20040430,-1.437656897,1.822845033,-1.437656897
20040503,-0.085142619,1.34551229,0
20040504,0.453258566,2.077945346,0.453258566
20040505,0.198497159,0.887347367,-0.226372479
20040506,-1.758223705,1.906728089,-2.61171395
20040507,-1.534095359,3.97184479,-4.15613392
20040510,2.544049984,2.53721874,1.354830298
20040511,0.119510023,1.143978907,0.149409859
20040512,0.865806274,5.996761544,0.44689483
20040513,1.462931002,2.151066885,0.296824201
20040514,0.623424908,3.497256448,0.148082361
20040517,0.509975607,2.659384268,-1.101037756
20040518,0.43446846,1.627048467,3.46991589
20040519,-2.381064869,1.414179413,-1.661119355
20040520,0.381399905,1.508705562,0.35200975
20040521,0.669288109,2.304140703,0.961685978
20040524,0.144404357,1.449600061,0.491827984
20040525,1.829667965,1.570089724,1.85852383
20040526,0.622173953,1.159202139,0.480430485
20040527,1.036859506,1.534571787,1.121402276
20040528,0.139411705,1.084062024,0.055741362
20040601,0.027952481,1.068130047,-0.306962708
20040602,1.840108537,1.253057173,-0.363993122
20040603,-0.056353904,1.580050126,-0.477998942
20040604,-0.535589723,1.409528359,-0.282246871
20040607,0.755988481,0.798033347,1.319687831
20040608,0.474397429,1.158634474,0.195067639
20040609,-0.169252509,0.909829705,-1.401761108
20040610,0.168208618,0.994470065,0.787405643
20040614,-0.14094435,0.892653341,-0.702743581
20040615,-0.055881533,0.849186597,0.92658251
20040616,0.585204401,0.894965043,0.585204401
20040617,-0.753877646,0.76226984,-0.865081438
20040618,-0.985784634,0.898117792,-0.985784634
20040621,1.324522675,1.299017838,1.097829464
20040622,-0.880812627,1.061706338,-1.922048994
20040623,1.563642377,0.92903654,1.163298691
20040624,-0.19737776,1.684166983,-0.05643341
20040625,-0.168918959,1.298527954,0.169204778
20040628,-0.028172982,0.801892569,0
20040629,-0.510784311,1.039894463,-0.96263484
20040630,0.45519282,0.869182494,0.22733741
20040701,-0.769782846,1.473814594,-0.826568765
20040702,-0.947602209,1.452776459,-0.804602042
20040706,0.695251931,2.083242252,-0.057720059
20040707,1.294051128,0.959147567,1.03389778
20040708,-1.505529305,1.200920262,-2.078596776
20040709,0.174774294,0.940656883,0.233100339
20040712,0.840219343,0.977033976,0.869318717
20040713,0.373939743,0.603189036,0.489280009
20040714,-0.750580891,1.038096526,-0.922994727
20040715,-0.985800967,0.557426182,-0.552086249
20040716,-2.129912756,1.377954343,-1.201831848
20040719,-1.993223805,2.46356413,-1.875334018
20040720,1.900859135,2.251557602,2.110974776
20040721,-2.007151207,1.543276515,-1.332760731
20040722,1.192264496,2.769851994,0.624166092
20040723,-2.099027589,2.046457876,-2.247285585
20040726,-0.515699611,2.651954437,-0.364299128
20040727,1.295393924,3.200581351,1.599068618
20040728,0.418410652,2.470258683,0.358530411
20040729,0.326361364,2.617225976,0.683610925
20040730,0.326846228,1.933510484,-0.148214048
20040802,0.973889946,1.701287519,1.003550335
20040803,-1.158142121,1.572567055,-1.688178697
20040804,0.927456162,1.539105842,0.298240603
20040805,-1.984430724,1.811189292,-1.954655526
20040806,1.039129155,1.893483677,-0.121543619
20040809,0.030390518,1.182011873,0.060790275
20040810,1.11497313,1.521274855,1.388072981
20040811,-0.090620758,1.844654814,-0.842617083
20040812,-0.666063619,1.508587276,-0.515074612
20040813,0.544960477,1.427504609,0.605695371
20040816,1.601457713,1.939099858,2.592903419
20040817,-1.30055551,1.884658047,3.327371905
20040818,2.475513191,1.44371484,2.390103933
20040819,0.539831057,1.183114275,0.637033036
20040820,0.248036506,1.219516803,0.303239378
20040823,-0.77498312,1.464940805,-0.940272414
20040824,0.30349037,0.727600446,0.857661918
20040825,1.043678795,0.979359689,0.823049914
20040826,0.109439135,0.760675908,-0.082000825
20040827,0.136593383,0.726906658,0.163934463
20040830,0.054704597,0.479988874,-0.163934463
20040831,-0.355046119,0.7990497,-0.054704597
20040901,0.871702605,1.621733371,0.871702605
20040902,2.620470799,0.90687291,2.728901278
20040903,-0.743497849,0.555611332,-0.981310089
20040907,-0.265392937,1.139479051,0.292748047
20040908,-0.588394316,0.671110492,-0.934461479
20040909,-0.632870893,1.131702451,-0.713375392
20040910,1.42227005,0.764682363,1.381737725
20040913,-0.772204609,0.521183446,-0.320256479
20040914,1.293064593,0.58458444,1.932555181
20040915,1.152750517,1.361529695,0.653340884
20040916,0.8040505,1.076413551,0.830095558
20040917,-1.1150122,1.439974376,-0.934343678
20040920,0.442882058,1.368101249,0.312418895
20040921,0.18057531,0.911782403,0.854152987
20040922,-0.781253974,1.159773842,-1.427668636
20040923,-0.209369352,1.581431747,-0.209369352
20040924,0.862412244,1.109910189,0.678853782
20040927,-0.208550649,0.72012504,-0.286645147
20040928,1.452684431,1.049937404,1.322119064
20040929,1.535735327,1.478154193,1.381096121
20040930,-0.229445607,1.121203237,-0.483769244
20041001,-0.862511689,1.171744256,0.178503171
20041004,0.075728894,0.475118294,0.963496297
20041005,0.101214584,1.007443155,-0.227358946
20041006,0.277392688,0.94205349,0.42902274
20041007,-1.163980753,0.734729486,-1.063301157
20041008,-0.17918858,1.603336608,-0.663945238
20041011,1.939363138,0.660700318,2.679634546
20041012,0.276347368,1.122294158,-0.575361187
20041013,-0.551518069,0.820551281,-0.200904136
20041014,-0.961789241,0.931609726,-1.163097815
20041015,0.706182002,2.32195791,1.188232916
20041018,1.024624733,0.875243732,1.074875991
20041019,-1.27613392,1.885791147,-1.27613392
20041020,-0.605756522,1.866325751,-0.530237324
20041021,0.808902287,1.593369581,0.555416727
20041022,-1.496160786,1.267020245,-1.470987721
20041025,-0.670624128,2.178803029,-1.285695262
20041026,2.579634806,1.386872899,2.605511375
20041027,3.188314891,1.501161747,2.809383024
20041028,1.516663123,2.326089625,0.975855512
20041029,-0.048709207,1.490823391,-0.340467255
20041101,0.170503025,1.159488767,0.0973947
20041102,0.097228982,1.022387288,0.170212807
20041103,-1.014256461,2.246567074,0.097134539
20041104,1.660488158,1.65807988,1.684757057
20041105,0.831062601,1.859362122,0.926482456
20041108,0.56710927,1.012839026,0.354066226
20041109,-0.568991578,0.896772207,-0.899414347
20041110,-0.332383972,0.780501778,-0.023778386
20041111,1.64903619,1.061826386,1.767871617
20041112,0.813674139,0.742312883,0.907088438
20041115,1.49617246,1.948017987,1.333966423
20041116,-2.253486943,3.849997687,-1.774853551
20041117,-1.362803047,2.357134924,-1.712250111
20041118,1.269112216,0.942661984,1.292766858
20041119,-0.606911293,0.417196093,-0.257219831
20041122,1.128640755,0.86636052,1.175457235
20041123,1.086088088,1.211733169,0.680313953
20041124,-0.069021054,0.796410136,-0.137994502
20041129,-0.648600838,1.126680423,-0.856189426
20041130,-1.913368871,0.96378208,-2.589598567
20041201,0.759918167,1.795415418,0.80760534
20041202,-0.307947655,2.34235983,-0.284293013
20041203,-0.191341843,1.216309141,-0.905630594
20041206,1.028594166,0.933517368,0.596731691
20041207,-0.071796102,1.434213496,-0.596731691
20041208,1.230493519,1.411948897,1.779617496
20041209,1.480116296,1.224681566,0.843096329
20041210,-0.4677277,0.960365188,-0.514380372
20041213,-0.093611053,0.803654193,0.117137181
20041214,-0.093720719,0.693969832,-0.117137181
20041215,-0.680673911,0.610088488,-0.469925677
20041216,0.141110089,0.8809892,0.211739874
20041217,-0.969389315,0.992157333,-1.086967224
20041220,-1.592806763,0.920147054,-0.858988818
20041221,1.122131865,1.037148347,0.930239266
20041222,0.825963398,0.692651325,1.015716775
20041223,0.04702563,0.754233793,-0.023504525
20041227,-0.542390199,1.754498721,-0.589415829
20041228,1.126772485,0.759788494,1.29215941
20041229,0.678444525,0.354407029,0.116645295
20041230,-0.303207229,0.375833817,-0.186697837
20041231,-0.233644966,0.445785799,-0.140252477
20050103,0.139470037,0.53405044,0.699303549
20050104,-1.585114774,0.709416263,-1.144738584
20050105,-0.779500817,0.959614301,-0.920577727
20050106,-1.493545894,1.612267496,-1.517262247
20050107,-0.541941472,1.406199628,-0.313479881
20050110,1.240755543,1.446755621,0.865702172
20050111,0.312162578,0.429102592,-0.131776
20050112,1.418463499,0.967157578,1.27450954
20050113,-0.775891687,1.799710528,-1.238553406
20050114,0.23894874,0.468017087,0.418535738
20050118,1.553754217,0.647395537,0.618607731
20050119,-0.405776902,0.84622979,-0.833635886
20050120,-0.822651627,1.214852648,-1.56686344
20050121,-0.609386407,0.838360879,-0.633684792
20050124,-1.742589193,1.54278489,-1.254783347
20050125,0.197384717,0.795070029,0.444664764
20050126,-0.294406493,0.534224185,0.319921523
20050127,0.418668263,0.564667326,-0.024573043
20050128,-0.83785606,0.755187767,-0.690508292
20050131,1.491287874,0.686143185,1.960366626
20050201,-0.170047411,0.540589505,-0.194316311
20050202,0.485673611,0.514277589,0.364033893
20050203,0.77369825,0.528089118,0.579711768
20050204,2.289630191,0.688422161,2.120894463
20050207,0.542646135,0.333237278,0.211989244
20050208,-0.592769963,0.439351208,-1.064468951
20050209,-0.833834492,0.687461836,-0.596304689
20050210,0.806264742,0.666728259,1.283592618
20050211,1.340408076,1.140394946,1.103945445
20050214,-0.398173614,0.227735656,-0.468275265
20050215,0.775288742,0.52510949,0.281228214
20050216,-0.376914463,0.566926271,-0.846068502
20050217,-1.034676532,0.696364424,-1.294631777
20050218,0.59602036,0.608584213,0.584065073
20050222,-2.820542584,2.599114079,-4.546790198
20050223,-1.533982814,2.383333627,-1.03770388
20050224,-0.189286447,1.898807641,-0.503969821
20050225,1.967439877,1.061031594,2.408552194
20050228,-0.523104942,1.144043777,-1.265682611
20050301,0.074878326,0.745217569,0.099850233
20050302,0.400701763,0.664592737,-0.174803391
20050303,-0.702637772,0.630583388,-0.752637773
20050304,0.25000013,0.741693322,0.852562837
20050307,-0.275309897,0.847734057,-0.375234962
20050308,-0.050075114,0.429981139,0.075159718
20050309,-0.831762829,0.74904376,-1.057411665
20050310,1.085184151,0.85476718,0.831762829
20050311,-0.8832865,0.833520209,-0.983738542
20050314,-0.328822859,1.268166702,0.050684238
20050315,0.302191114,0.966477925,0.757196954
20050316,-1.40362136,2.22535985,-2.186157222
20050317,0.308880554,1.114261105,0
20050318,-0.36036075,0.697353837,-0.334663718
20050321,-1.643872634,3.844755353,-2.005536681
20050322,-0.448372108,1.552829803,-0.474684436
20050323,0.292592309,1.11008357,-0.47694844
20050324,0.950627703,0.74269681,1.056813006
20050328,0.780238028,0.63144747,1.435119216
20050329,-1.866265231,1.082456922,-2.385746919
20050330,0.920453573,1.045377727,1.344070833
20050331,0.157026989,0.819607676,0.104657257
20050401,-2.052163572,6.350971759,-1.634626431
20050404,0.954155132,1.024954589,0.767910566
20050405,1.3437167,2.032216353,0.788233193
20050406,-0.921908281,1.915647025,-1.10527441
20050407,-0.559926806,1.232515897,-1.037381294
20050408,-0.053333335,1.005610738,0.240352633
20050411,0.451707956,1.108124975,0.611622702
20050412,1.963156883,2.207554047,2.254354971
20050413,-1.376619576,2.078693663,-1.844274365
20050414,-1.655136556,1.819622307,-1.932749267
20050415,-1.155128356,3.259251679,-2.728682256
20050418,1.56618121,2.132869731,1.455469878
20050419,-0.765868076,1.434634766,-0.711357309
20050420,-1.426398118,3.389405589,-2.558537782
20050421,2.122168659,1.846874658,3.24262856
20050422,-1.788464234,2.353175451,-1.788464234
20050425,0.498477908,1.374798625,0.498477908
20050426,0.332226219,1.786839772,-0.055263886
20050427,0.111018607,1.958655405,-0.359961624
20050428,-1.863407954,1.687505075,-2.699067414
20050429,0.311570851,3.668604558,0.766504817
20050502,1.75077419,2.098090692,2.62365035
20050503,3.034715639,3.946590362,1.36801039
20050504,0.622717594,2.185312665,0.677050657
20050505,-0.352160732,2.467993732,-0.541273311
20050506,0.161594433,1.240407605,0.837729531
20050509,0.673403218,1.018475018,0.241903088
20050510,-0.6564575,1.040604966,-2.198487243
20050511,0.164609091,2.422448472,0.109709281
20050512,-0.523489279,2.331654951,-0.770504637
20050513,-0.357486975,2.580741508,0.275862244
20050516,2.332625426,1.892476546,2.717558538
20050517,-0.360082694,2.169313171,3.968461873
20050518,1.874896573,1.248575907,2.619348734
20050519,0.80080508,1.428717848,0.700353038
20050520,-1.379332213,1.562432589,-1.304584483
20050523,0.025009379,0.965433805,0.98003046
20050524,0.125517777,0.770536817,-0.325610807
20050525,-0.607443022,1.214197567,-1.18613378
20050526,1.03210482,0.973653216,1.361594409
20050527,0.401204149,0.642271161,0.075103271
20050531,-1.137093743,0.935557548,-1.538297892
20050601,1.920220698,1.775334609,1.538297892
20050602,1.071661347,0.797241702,0.946457875
20050603,-1.548869335,1.219721148,-1.548869335
20050606,0.60241146,0.549255209,0.60241146
20050607,-0.224803392,1.416030138,0.075046908
20050608,-0.853633102,1.194454895,-0.828629977
20050609,0.202224538,0.998019622,-0.151400483
20050610,-0.227646488,0.782447468,-0.278164296
20050613,1.24005132,1.274875649,0.681390649
20050614,1.004781124,1.091218324,0.626804108
20050615,-0.846829469,0.993547734,-0.07500938
20050616,0.748880185,1.203198346,0.573639184
20050617,-0.89175721,0.516760218,-0.049751245
20050620,-0.100050033,0.920397668,-0.573925468
20050621,-0.402313844,1.039191957,-0.677968699
20050622,-0.57709356,0.780116708,0.125897033
20050623,-1.572439196,1.968730677,-1.572439196
20050624,-2.020270732,2.215575976,-2.327490635
20050627,0.338409798,1.219281366,0.677968699
20050628,1.538491884,1.411663337,2.108589308
20050629,-1.101586649,1.039753579,-1.228894113
20050630,-2.538207327,1.497520993,0.205867288
20050701,0.712108808,1.0322179,1.429324997
20050705,1.330507892,1.775652259,1.608883372
20050706,-1.992751022,1.154063185,-2.142489008
20050707,1.020417017,2.445142623,0.381437208
20050708,1.482625475,1.076162641,1.736111035
20050711,1.248455666,1.043747941,0.52245423
20050712,1.905284796,1.171454591,2.523715957
20050713,-0.584085379,1.297778808,-0.874853696
20050714,-0.776137779,1.58110036,0.243783641
20050715,1.475773729,0.965267116,1.378331578
20050718,2.383334927,1.490744202,1.950121253
20050719,1.564173364,1.654803956,1.658335329
20050720,1.629784726,1.030003627,1.722398763
20050721,-0.827210599,3.153955124,-1.329380109
20050722,0.553762375,1.576296446,0.276497872
20050725,-0.648300488,1.704918669,-0.947874395
20050726,1.440365974,1.320962399,1.510028116
20050727,-0.964194798,1.179517623,-0.815580881
20050728,1.411626126,1.843150309,1.203797856
20050729,-0.6416154,0.775212098,-0.858374369
20050801,-0.930022979,1.26979376,-1.598921794
20050802,-0.680993591,1.042570764,-0.868040641
20050803,0.284630173,1.236706757,-0.519727133
20050804,-0.604231446,1.319551523,-2.324292964
20050805,-0.632759473,1.539689073,-0.705513205
20050808,-1.126910505,1.535293988,-0.907424988
20050809,1.069009208,1.183650972,1.927594147
20050810,-0.095969297,2.010334816,0.674376352
20050811,-0.336862686,2.924399637,-0.408900149
20050812,0.193986482,1.668381014,-0.507431317
20050815,-0.837826565,3.930673207,0.772204609
20050816,-0.662335305,1.57735496,-2.359345727
20050817,0.221866232,1.002734396,-0.04923683
20050818,0.616144894,0.92340118,0.221375075
20050819,-0.962138913,0.670106129,-0.888455992
20050822,0.024694407,1.258574782,0.395844159
20050823,-0.295057996,0.926516925,0.271236759
20050824,-1.343972444,1.248124222,-1.738742264
20050825,0.799804313,0.749614256,0.649352931
20050826,-0.550827632,1.246050688,-0.850005118
20050829,0.234408842,0.812978758,1.853171621
20050830,-1.473001293,2.546838357,-2.029073161
20050831,0.571927457,2.611082253,1.42342271
20050901,-0.172138245,1.89925189,0.741110111
20050902,-1.428243929,1.205305941,-0.765908624
20050906,2.547135885,0.993526639,3.485182753
20050907,0.405873781,1.102767082,0.525562605
20050908,-1.470083108,1.286489545,-1.87595689
20050909,0.024274791,0.785734218,0.024274791
20050912,0.242365606,1.039901902,0.266634505
20050913,-0.589247961,1.320209252,-1.709025971
20050914,-1.035767583,0.719479928,-0.667080917
20050915,-0.617819832,1.059045712,0
20050916,-1.490710835,0.854285938,-0.971486031
20050919,-1.082452356,1.152220409,-1.107486779
20050920,-2.070890829,1.485642852,-2.045583983
20050921,0.013019986,3.006439241,-0.791030514
20050922,0.80321717,4.187808057,0.894309635
20050923,-0.697406934,2.42833469,-0.439674832
20050926,-1.241930581,1.56746016,-0.441616512
20050927,-0.4159091,1.695153881,-0.052083335
20050928,-1.18189163,1.482461275,-1.416602913
20050929,0.950376741,2.902571796,0.553288198
20050930,0.288600489,1.474136323,0.288600489
20051003,-0.026215756,1.423285934,-0.078626658
20051004,-0.052314937,1.291856715,0.209533864
20051005,-1.37060659,1.976332066,-1.42294891
20051006,0.290505948,3.865738023,0.634922768
20051007,-0.92166551,1.863152778,-0.316957476
20051010,-0.183896019,1.45206251,0.606621931
20051011,0.524660175,1.705902421,0.498361687
20051012,-0.419177978,2.486133698,-0.340715832
20051013,0.184672259,2.381210579,-0.394581598
20051014,0.574264173,1.81306942,1.257219283
20051017,-0.103950113,1.228098204,0.104058282
20051018,-0.392413846,0.744939934,-0.809298243
20051019,3.338387384,5.261100462,2.944427584
20051020,-0.479012639,2.164273331,0.710122183
20051021,-0.35237892,1.55430306,0.227186769
20051024,1.611938188,1.655384059,2.46557129
20051025,-1.214238683,1.899363046,-1.337315621
20051026,0.847462699,1.956955803,0.447761942
20051027,-1.585537179,1.291404611,-2.182999748
20051028,1.967929992,2.002287432,2.80158393
20051031,1.127462924,2.23683508,1.201436543
20051101,-0.03659206,1.188846385,-0.109736035
20051102,0.925256175,0.530643773,0.668736154
20051103,-1.363878911,2.013199123,-1.17017425
20051104,1.04509397,1.414618846,1.412246505
20051107,0.386287298,1.316388503,0.337919704
20051108,-0.883441329,0.954079032,-2.266455002
20051109,0.26997194,0.876278044,0.565320419
20051110,2.127739845,1.747008449,2.421425812
20051111,1.732478366,0.737771975,0.286670048
20051114,0.353149278,2.743610053,1.491681501
20051115,-1.428763033,3.455737774,-0.376736965
20051116,-0.354400843,2.554373872,-0.330813156
20051117,0.282619124,0.883546301,0.637019967
20051118,-1.869213301,2.034079192,-0.282619124
20051121,0.402796422,0.66956628,-0.259771075
20051122,0.687287929,0.602588681,0.118161422
20051123,0.518746742,0.682349414,0.424228777
20051128,-1.783426177,1.585538288,-1.759855169
20051129,0.477669884,1.287064659,0.69336799
20051130,-0.525186215,0.944816539,-0.453732122
20051201,-0.695529846,1.880772243,-0.552023483
20051202,0.674863974,0.957340624,0.192353991
20051205,0,0.851045541,-0.554018038
20051206,-0.265412148,0.867153905,-0.024157507
20051207,0.362100577,1.157015991,0.265412148
20051208,-0.60466988,1.14163606,-0.676985177
20051209,-0.607166407,0.85957661,-0.413273956
20051212,0.460662713,0.577263609,0.703971836
20051213,2.685368746,1.238001993,2.224706033
20051214,0.495576235,1.33740719,0.495576235
20051215,0.18814681,1.562512906,0.18814681
20051216,-0.609757987,0.660760336,-0.117550266
20051219,-1.153195922,1.113199795,-1.648421554
20051220,-0.409096949,1.007359467,-0.828485258
20051221,-0.432173542,0.860853932,0.216789197
20051222,-0.072402561,0.473256684,-0.337431026
20051223,0.481580512,0.683486561,0.505720524
20051227,-1.595392794,0.960151555,-1.427386034
20051228,-0.267347346,0.567066208,0.121758203
20051229,-1.025399609,0.490832075,-0.830894321
20051230,-0.517944184,0.946005033,-0.763644553
20060103,1.601207589,2.167404392,1.946801613
20060104,-1.129955525,1.386348677,-1.847938531
20060105,-0.074840966,1.440196842,-1.018010033
20060106,0.322460902,0.657489419,0.770668824
20060109,1.380692545,1.163196671,1.132738041
20060110,1.715225043,3.518323245,2.2037458
20060111,2.120220765,1.611853833,2.717237464
20060112,-0.281426077,0.910432185,-0.748716647
20060113,-0.807989187,1.374179708,-1.586019753
20060117,0.144404357,1.050855994,-0.790517951
20060118,0.766838169,1.482493501,0.742785253
20060119,-1.276664335,1.816258258,-1.539602218
20060120,-2.459543558,2.593488753,-2.67796374
20060123,-1.822544518,1.475263607,-1.177220859
20060124,1.74698728,0.77507703,1.822544518
20060125,-1.019528911,1.931152254,-1.019528911
20060126,0.720589526,0.692912012,0.945280671
20060127,-0.698605636,1.651824945,-1.120390159
20060130,0.024996876,0.864539285,0.175109488
20060131,1.365632645,1.610212213,1.340635769
20060201,-0.545365754,1.118648704,-0.79227946
20060202,0,1.351011781,-0.673403218
20060203,-0.175813181,1.323461136,-0.451468035
20060206,-0.706538392,1.052815692,-0.731679813
20060207,-1.536915498,1.848446292,-1.917481732
20060208,0.664454272,0.855007533,1.333353087
20060209,-0.460005922,1.422454012,-0.56194273
20060210,0.690804845,1.141895123,0.460005922
20060213,1.291974906,1.339395229,1.291974906
20060214,2.86227287,1.831858876,3.414483108
20060215,1.064869695,2.490056659,1.040541754
20060216,0.575127394,1.642128489,0.743497849
20060217,-0.095625157,1.648947629,-0.095625157
20060221,-1.845769391,3.215212986,0.143403466
20060222,-0.595168999,0.707464157,0.023880597
20060223,-0.862074304,1.567310423,-0.718910357
20060224,-0.383509578,1.851102104,0.144196132
20060227,1.565868293,1.301006603,1.997213319
20060228,0,1.353271089,-0.708720188
20060301,0.956267248,1.935342822,0.885118188
20060302,0.236798595,1.128500113,-0.648319593
20060303,0.415801015,1.166160463,-0.248653257
20060306,-0.85755647,1.036177021,-0.89312889
20060307,-0.626206285,1.135628964,-0.985703377
20060308,0.158025925,0.871330225,-0.545092501
20060309,-1.077121797,1.129062734,-1.308167075
20060310,1.489830951,1.475357389,1.514440278
20060313,0.412972772,1.234442534,0
20060314,2.522050332,1.739901808,2.182079145
20060315,0.592769963,1.261837114,0.331518182
20060316,0.633730557,1.080678464,1.034816384
20060317,-0.046554936,0.37343446,0.490139854
20060320,0.350508596,0.691149714,-0.186436782
20060321,0.372787011,0.719736604,0.302783508
20060322,1.230427595,0.855978821,0.787588041
20060323,1.377748544,2.225883271,1.169872271
20060324,-1.405067455,1.240585223,-1.701973006
20060327,0.093088208,0.831511891,-0.278745825
20060328,0.186306528,1.191595422,-0.023263929
20060329,-0.302431311,0.764826219,-0.139697345
20060330,-0.97412894,1.135970506,-1.230748701
20060331,-1.293374878,0.620200548,-0.342607695
20060403,-0.070813174,0.833017621,0.236406729
20060404,0.589276897,0.942062587,0.471143392
20060405,-0.140646999,0.821946028,0.187837576
20060406,-1.038234904,0.754686115,-1.108632654
20060407,-0.686474468,1.306234852,-0.142416354
20060410,-0.66762289,0.946070267,-0.715140116
20060411,-1.152197096,1.192577645,-0.913248356
20060412,-0.801656182,0.986258661,-1.019178926
20060413,0.463471985,1.302498199,0.219271619
20060417,-1.596889357,1.332657675,-1.743017001
20060418,2.202732232,2.105649564,2.276998852
20060419,-1.024649121,1.786613313,-1.291283626
20060420,-0.024482801,1.993663716,0.147022815
20060421,-1.965665255,1.074597929,-1.331052434
20060424,-0.274006897,1.154417929,-0.52245423
20060425,-0.2998503,1.834322485,-0.324797287
20060426,-0.224243273,0.814318084,0.324797287
20060427,0.648543056,1.73868414,0.323745769
20060428,-0.773167588,1.124086367,-0.698605636
20060501,0.917323899,1.526836246,1.441735139
20060502,-1.848481467,1.110304453,-0.792868376
20060503,0.409607722,0.87427464,0.409607722
20060504,-0.396629176,0.794768396,-0.260465264
20060505,1.416385095,0.999652867,2.405023894
20060508,-0.316417448,0.706053443,-0.53489065
20060509,0.606871628,0.624159894,0.728689161
20060510,-0.145384082,1.058350508,-0.19379851
20060511,-0.733499621,0.785750834,-1.195281946
20060512,-1.366311157,3.099226433,-1.907651061
20060515,1.545779969,1.927338344,1.09453829
20060516,-2.212593477,2.230662614,-5.022612787
20060517,-0.236811057,4.239899412,-1.256561036
20060518,0.312907687,1.366907226,1.178486862
20060519,0.800107507,2.009233742,1.267640827
20060522,-0.259403518,3.521413773,-1.033600933
20060523,-2.148929653,1.71175938,-1.96727656
20060524,0.632913505,2.401670444,0.765276198
20060525,0.091199277,1.039752998,0.928900511
20060526,0.077589555,0.899718646,0.73954278
20060530,-1.474486956,1.211069373,-2.566257613
20060531,0.843664377,1.248470798,1.029168604
20060601,1.568659617,1.238008311,1.200431952
20060602,-1.099487516,1.689830095,-1.463313281
20060605,-0.691124495,0.782774165,-1.324873645
20060606,-1.447746466,2.890105239,-1.234583582
20060607,-0.678889233,1.703970079,-0.895163986
20060608,1.73493102,3.763780953,1.38007873
20060609,-0.526992639,1.524912904,-0.823049914
20060612,-1.01607355,1.581786111,-1.845953832
20060613,0.552487593,2.971668721,0.193023636
20060614,1.728675233,2.195371637,1.259255622
20060615,0.860451665,2.349121393,1.592261409
20060616,-1.023991702,1.676417175,-1.157950194
20060619,-0.257714622,1.41793841,-0.284803881
20060620,-0.793112321,1.035098701,-1.078729652
20060621,0.959042835,1.294766559,0.684090778
20060622,-0.600930516,0.660217891,-0.464672149
20060623,0.192387032,1.198794146,-0.219418629
20060626,0.987933392,1.249433915,0.547646495
20060627,-0.411241155,0.577457951,-0.60257646
20060628,-0.303741777,0.633781906,-0.661523912
20060629,0.825314176,1.713381847,0.935872506
20060630,-1.715118114,1.46223502,-1.824767248
20060705,-0.309293091,0.523832325,-0.729520632
20060706,0.056401581,0.793667856,-0.112707817
20060707,-0.409171647,0.540100997,-0.29646383
20060710,-1.136375865,0.922295553,-1.0374569
20060711,-1.443026483,1.84670124,-1.729149711
20060712,-2.262473469,1.347981124,-2.204350829
20060713,1.657332992,2.373502294,1.240417558
20060714,-0.294898474,2.084467654,-0.618285497
20060717,-1.007117517,2.097972215,-0.800597308
20060718,-1.23143169,1.635206101,-1.499728169
20060719,3.437375451,2.972635587,3.678848554
20060720,-2.21132083,3.404915046,-0.995324376
20060721,-0.588929853,2.76080095,-0.3831987
20060724,1.367294028,2.112518605,2.190828094
20060725,2.267931279,3.211967382,1.775533471
20060726,-0.115174214,1.869956922,-1.487016248
20060727,-1.922016068,1.495861679,-2.037323085
20060728,0.696462479,1.740485566,1.662088124
20060731,0.375126684,0.986794048,0.404040954
20060801,-0.788670657,1.531733081,-1.80185055
20060802,0.411523215,1.283916156,-0.029329814
20060803,2.994939052,1.731512321,1.398216778
20060804,-1.50271164,2.437927261,0.303271227
20060807,-0.086467796,2.68693415,0.014418571
20060808,-1.447203261,2.629019771,-1.101779774
20060809,-2.832883449,1.112907229,-2.62900978
20060810,0.956373099,1.719526628,0.626587161
20060811,-1.164366043,1.254336716,-0.956373099
20060814,-0.898209632,1.675549055,-0.150262988
20060815,-0.376975943,3.845538559,3.458302368
20060816,-0.318425511,1.243907338,0.203163617
20060817,0.635656575,1.668851331,0.664646284
20060818,-0.028772839,1.247276767,0.086368222
20060821,0.32112128,0.656280832,-1.274271514
20060822,-0.906571496,0.631923122,-0.790055317
20060823,-0.356189157,0.865601178,-1.211777795
20060824,-0.626587161,1.117926892,-0.656326938
20060825,-0.059719321,1.084013908,0.209298925
20060828,0.65456943,1.102354417,0.714288751
20060829,0.854328366,0.999482526,1.091295302
20060830,-0.087912094,1.363272255,0.058651028
20060831,0.555475774,0.744189779,0.555475774
20060901,1.249471435,0.995538707,0.957500424
20060905,0.403226353,1.08547005,0.460963075
20060906,-0.583602473,1.01186185,-1.798192304
20060907,1.467593115,1.431483551,0.438020849
20060908,-0.494402636,1.198131962,-0.058292045
20060911,2.278397042,1.605795491,2.220070998
20060912,4.064015981,2.303338934,4.434017826
20060913,1.327752875,4.507538404,1.327752875
20060914,1.216066871,1.506730627,0.215111672
20060915,-0.69724069,3.635967614,-0.188197394
20060918,0.054704597,1.255305316,-1.600468178
20060919,-1.095901379,1.838358029,-0.741049089
20060920,-0.192281339,1.925445647,0.192651773
20060921,-2.070467336,1.709699662,-1.440069195
20060922,0.222779262,1.699015547,0.278551712
20060925,1.709443336,2.483443244,1.73725588
20060926,0.60257646,2.544424245,0.109289628
20060927,-0.602081731,3.079016826,-0.520192823
20060928,0.794415902,2.072798605,0.602081731
20060929,-0.660068403,1.336258677,-1.124994716
20061002,0.578753166,1.454673016,0.413053045
20061003,1.283294062,2.018050601,1.283294062
20061004,1.965863766,1.381125371,1.721398073
20061005,-0.428495567,1.588005413,-0.64205678
20061006,0.242555031,1.347738406,-0.295659401
20061009,2.389054706,1.051003387,1.469632329
20061010,0.052966103,1.042910124,0.185504227
20061011,1.006631017,1.316902044,0.449082778
20061012,-0.184477586,0.933832403,-0.079103498
20061013,-0.661494143,1.170287641,-2.659695702
20061016,-0.439319762,0.760173576,-1.569890954
20061017,-0.474000609,0.880630202,-1.552998489
20061018,-0.222779262,0.953842784,0.251221346
20061019,0.139411705,1.185096664,0.055741362
20061020,0.138869624,1.031594011,0.38932196
20061023,1.303944124,1.174596649,0.691470049
20061024,0.880578062,0.813686942,0.604563534
20061025,0.054674687,1.186010265,0.246271844
20061026,1.455159064,1.959669611,2.1360823
20061027,-0.484523155,0.925905752,-0.859758117
20061030,0.998254614,1.015413426,0.511372397
20061031,0.187743115,1.740717462,0.187743115
20061101,-0.40080214,0.910006542,0.08035356
20061102,0.404040954,1.514534111,-0.40241503
20061103,-0.536338105,1.407499508,-0.026885334
20061106,1.489533295,1.193506426,0.026885334
20061107,0.215053846,1.043206661,0.107469113
20061108,0.296057275,1.076186695,-0.080591005
20061109,-1.025373258,0.967463004,-0.917933011
20061110,-0.449377756,0.662998065,-0.639414463
20061113,-0.137306077,1.353277059,-0.671005599
20061114,5.808959931,5.000483784,4.118466576
20061115,-0.609515601,2.533707352,-0.794285351
20061116,0.026451528,1.503062199,0.503779403
20061117,1.315116271,0.819912419,1.209268153
20061120,0.705608572,1.931855954,0.339116016
20061121,-1.283916497,1.573433993,-1.257878221
20061122,0.44731031,0.832407441,0.44731031
20061127,-1.440775699,1.826762438,-0.438393263
20061128,-0.645337007,1.111906722,-1.299850798
20061129,1.043487729,2.255037227,1.339784242
20061130,1.258378086,1.74019215,1.098548537
20061201,-1.781217576,5.629617407,2.508742736
20061204,1.232681248,2.038221027,0.58876402
20061205,0.688163796,1.23066434,0.483769244
20061206,1.007057856,0.987745392,1.387334649
20061207,-1.592086103,1.667601907,-2.472705707
20061208,-0.437187272,1.709300063,-0.373014774
20061211,-0.051559681,1.210357092,-0.051559681
20061212,-0.051692945,1.165389836,-0.258197923
20061213,0.256410397,1.394669101,0.95202057
20061214,2.200670573,3.035736034,2.328629644
20061215,-0.973182977,1.25195845,-0.225422763
20061218,-0.124859549,1.414750176,0.350438406
20061219,-0.088378265,1.041224036,-1.092907053
20061220,-0.826608636,0.643924049,-1.092213042
20061221,-0.844318691,1.070260127,-0.601987089
20061222,-0.102695773,0.531942128,0.02569043
20061226,1.158463207,0.931522483,0.358974744
20061227,0.633153945,0.634814652,1.372670257
20061228,0.758345394,0.569244645,0.252143351
20061229,1.128255669,0.493639656,1.002263464
20070103,-0.218685545,1.565711256,2.462572113
20070104,-1.176772589,1.92938061,-1.371562035
20070105,-1.397577028,1.100773044,-1.892015612
20070108,-0.479980712,1.092806082,-0.756814914
20070109,-0.418384129,1.452653039,-0.34244437
20070110,1.365726842,1.32415393,1.149510542
20070111,0.877748582,1.182500678,0.60105365
20070112,0.387234261,0.904536991,0.13723413
20070116,0.709796891,0.784472957,0.472637696
20070117,0.547128945,0.711027366,0.062023199
20070118,0.921892092,1.058431856,1.34263272
20070119,-1.055095053,1.054946149,-0.798480994
20070122,-0.981313384,1.041402461,-1.203563136
20070123,0.907232967,1.212711693,0.894749352
20070124,0.566992768,0.662466365,0.653556799
20070125,-1.091551399,0.741797449,-1.460964453
20070126,-0.299775393,0.901767987,-0.299775393
20070129,-0.723826947,0.794438949,-0.125172128
20070130,0.17436796,0.870908013,0.649190794
20070131,1.871298176,1.170470296,1.34727951
20070201,0.757486823,1.162253916,0.867923057
20070202,-0.134564825,0.848041415,-0.573697027
20070205,0.856903273,0.977483242,0.427533785
20070206,0.571117659,0.611327648,0.59549304
20070207,0.411672697,0.604850186,0.278298927
20070208,-0.097252621,0.57745338,-0.654627141
20070209,-0.498269245,0.64510566,-0.170420005
20070212,-0.408998525,0.885778599,1.06641825
20070213,1.325799822,0.720957139,0.672756021
20070214,0.011983942,0.906890988,-0.083847403
20070215,0.264264418,0.760545459,-0.10790721
20070216,-0.481928644,0.591271381,-0.674051661
20070220,1.437471457,2.542618791,-0.145032658
20070221,1.094501988,1.388950665,0
20070222,0.024286582,0.619837608,-0.387785265
20070223,-0.910919033,0.896343652,-0.486855879
20070226,-0.220399257,0.780223683,-0.464718948
20070227,-1.656017425,1.899362968,-2.394209753
20070228,0.607904608,2.227836343,-0.566573754
20070301,0.737635292,3.411015517,-0.354161767
20070302,-0.893889236,1.047694684,-1.223880652
20070305,-0.361570642,1.679980349,-0.850191905
20070306,0.568476983,0.647974835,0.413117035
20070307,0.181089171,0.756416227,-0.309677667
20070308,0,0.674937117,0.283907792
20070309,-1.28536474,0.748350412,-0.38734716
20070312,-0.666277205,0.747561749,-1.315208749
20070313,-1.832477249,1.457397947,-2.213330031
20070314,0.668362333,3.015998574,0.587922591
20070315,0.080053373,1.505449749,-0.10663824
20070316,-0.399202127,1.572522394,0.026670223
20070319,0.252106549,1.028118221,0.6114601
20070320,0.530505223,0.79645883,0.185356865
20070321,2.218543295,1.214425846,2.456355535
20070322,-0.714335137,1.217213034,-0.985740796
20070323,-0.287243963,0.681213456,-0.313316183
20070326,-0.591290074,1.291135597,-0.787612368
20070327,-1.065824105,0.84328316,-1.620867158
20070328,-0.920417976,1.378362198,-1.511499761
20070329,-0.420026361,1.03334785,0.149466704
20070330,-0.081621553,1.602590079,-0.231088256
20070402,0.367672505,0.560283444,0.12240736
20070403,2.148887415,1.126194952,2.271145122
20070404,1.214376064,0.607495249,1.267511028
20070405,0.289817091,0.33888608,-0.262743188
20070409,0.262881329,0.467205547,0.210249749
20070410,0.314548097,0.884217368,0.314548097
20070411,-0.420610504,1.013433071,-0.656428772
20070412,0.237185511,0.896552596,0.078999346
20070413,-0.184574871,0.736005009,-0.263574217
20070416,1.398258652,0.882304511,1.674993361
20070417,1.790787176,1.594073287,2.33433711
20070418,-0.918139579,1.26518661,-1.044994854
20070419,0.722024797,1.103307404,-0.282232387
20070420,-0.254517826,1.070073524,0.818837738
20070423,-0.025506951,0.750304841,-0.10198879
20070424,0.523060451,1.244501302,0.242053752
20070425,0.431527513,0.812240286,0.469693025
20070426,-0.664794062,0.677185869,-1.274552049
20070427,-1.163555467,1.279845815,-1.368999813
20070430,-1.545949825,0.733465115,-1.519945404
20070501,0.783293822,1.120411535,1.519945404
20070502,0.413544141,1.165439577,0.828805573
20070503,0.256410397,1.483872867,0.71961246
20070504,-0.512558785,0.809425284,-0.333461897
20070507,-0.15436072,0.806433499,-0.205761389
20070508,-0.064687239,0.498122454,-0.529204204
20070509,1.867768601,1.673384963,1.400781113
20070510,-0.744643318,2.741138248,-0.974616589
20070511,-0.077071295,1.392587214,0.283104037
20070514,0.05121639,1.143729745,0.384763845
20070515,0.707642843,4.368324852,-1.991015996
20070516,0.601073285,1.479685702,0.234772509
20070517,0.313889873,0.789586419,-0.234772509
20070518,1.086404891,0.786897344,1.503397937
20070521,-0.155239358,0.995662254,-0.645246786
20070522,-0.025957171,0.671430489,-0.259269007
20070523,0.129048927,1.268914492,0.646916475
20070524,0.85063021,1.887782297,0.488872709
20070525,-1.397176674,0.721183565,-1.499898819
20070529,0.752761504,0.919545232,0.752761504
20070530,0.28434813,1.026024787,0.180855236
20070531,0.309198906,0.839000328,0.335008689
20070601,0.331929323,1.759292271,0.921901536
20070604,2.055649088,1.034510146,1.467637679
20070605,-1.253053091,1.232083621,-2.415269306
20070606,-0.754524199,0.822856959,-1.477667846
20070607,-1.529969174,1.588681745,-1.765294162
20070608,0.740744128,0.879999698,0.847014063
20070611,-0.225240241,0.175481301,-0.647850484
20070612,-0.547288291,0.691273121,-0.906068824
20070613,0.318556149,0.999469781,0.998876255
20070614,-0.079375583,0.707340509,0.13243281
20070615,-0.236624272,0.89555599,0.554310513
20070618,-0.026319253,0.756193972,0
20070619,-0.02611307,1.294855135,0.786579829
20070620,-1.94204879,1.714198111,4.444040752
20070621,-0.150112613,1.60061223,-0.225084502
20070622,-0.151668381,1.262394204,-1.031845068
20070625,-0.610223099,1.460921963,-0.8128061
20070626,-0.636863699,1.113016601,-0.204238008
20070627,2.032590301,1.385551105,1.597194557
20070628,-0.303260278,0.946777909,-0.630757737
20070629,-0.481684288,1.785905937,-0.405782956
20070702,-0.379987791,0.877255557,0.126984144
20070705,1.59436504,1.035647478,1.670924952
20070706,1.009543067,0.910736654,1.222722657
20070709,-1.358548745,1.141167375,-0.273190285
20070710,-0.334967127,1.5353355,0.062154269
20070711,0.470356109,0.813574914,0.631776645
20070712,1.228516679,1.522258558,1.129678026
20070713,0.416922738,0.673808392,-0.220022091
20070716,0.123289376,0.195575967,-0.687625499
20070717,-0.83121873,0.655698491,-1.102656281
20070718,0.024996876,1.287014662,-0.311934871
20070719,-0.877748582,0.740600907,-0.777823518
20070720,-0.784317746,1.175374749,-0.834708274
20070723,-1.275527498,0.623683318,-1.072533264
20070724,-1.489639463,1.936427999,-2.521906693
20070725,-0.550965581,2.132840133,0.078957762
20070726,-0.906431159,4.36460963,-1.778414489
20070727,-1.298719553,3.385917832,-1.674357236
20070730,2.326619187,2.361683458,2.978087289
20070731,-2.437033852,2.854463077,-1.975504714
20070801,1.909142826,4.576357717,1.92262264
20070802,0.158730192,2.676829622,0.052882074
20070803,-4.615475103,2.955572482,-4.694808705
20070806,1.44712423,4.801808314,2.178616002
20070807,-0.738616407,5.945427975,-1.282243731
20070808,3.393808069,4.467853,3.613226698
20070809,0.391389932,10.87443955,-5.218575317
20070810,1.636056908,5.437343489,0.584227562
20070813,-1.829233501,2.124761285,-2.357673056
20070814,-4.263419398,6.702886127,-4.918785755
20070815,-0.433645539,8.432988019,-0.463482926
20070816,-0.803826274,10.53845457,-1.601242671
20070817,-1.192975675,8.057459765,1.496287268
20070820,0.14834597,2.97373016,1.192975675
20070821,1.8538121,2.128749969,1.67577051
20070822,0.895571492,2.147813928,1.360959185
20070823,-0.322628231,2.129702333,-2.121864231
20070824,1.320678074,3.098452262,1.862684821
20070827,-0.382139026,2.020500331,1.658602506
20070828,-1.034516418,1.519577132,-0.45480465
20070829,3.651973774,3.123465223,3.993271034
20070830,1.74343833,1.231336139,1.359455412
20070831,2.603384558,2.471181943,3.450448447
20070904,-2.503532113,3.024844909,-5.469065817
20070905,0.701371231,3.205655514,0.535899599
20070906,-2.40503762,2.240699948,-3.216875585
20070907,-1.765858593,3.116283444,-3.13379101
20070910,-2.399178855,2.560034552,-1.382171688
20070911,2.686186917,1.326058206,3.291399481
20070912,1.335171654,2.388428824,0.457405028
20070913,0.959375304,1.935318031,1.55656178
20070914,0.547638805,2.50885588,0.266423771
20070917,0.070706359,1.519591373,-0.942673178
20070918,2.365492235,4.623229079,2.760526609
20070919,-1.209470488,1.501272804,-0.551573379
20070920,-2.076393341,2.21099954,-2.492079128
20070921,-2.799383027,1.495197684,-2.149387803
20070924,-1.52316946,3.020299883,-1.871399643
20070925,0.03024346,1.552075476,-2.419834279
20070926,-0.483530709,1.903347001,-0.181598113
20070927,-0.957235905,0.875595196,-0.790758378
20070928,-0.736651582,0.742951009,-0.889439999
20071001,1.764036011,2.056384272,2.163729087
20071002,0,1.166609808,0.511202436
20071003,1.875892436,2.235533984,1.665713706
20071004,-0.76764475,1.508370574,-0.473093727
20071005,0.645352782,2.71396921,1.354156695
20071008,-0.587718412,0.881199617,-0.792606527
20071009,-0.324915365,1.8534641,-0.383877631
20071010,-0.207992944,1.601211793,-0.533967451
20071011,-0.908487893,3.755814109,-0.596660481
20071012,-0.179425885,0.950714923,-0.02992668
20071015,-1.442766235,1.477862556,-1.143901697
20071016,-1.375117161,1.179077891,-1.617615007
20071017,-3.23282348,2.820733086,-2.16165792
20071018,-0.252127458,2.15972289,-0.362233643
20071019,-2.314471682,2.772325165,-3.011117945
20071022,1.302525742,4.15301596,0.518976189
20071023,-0.209931446,3.260624204,0.064683055
20071024,0.291781695,5.181947691,-0.129407977
20071025,-1.231383025,6.305995061,-0.71475288
20071026,1.267566109,2.764753135,2.224821736
20071029,-0.508179591,3.611568149,0.143392042
20071030,0.095404682,1.630265516,0.174978172
20071031,-0.728196981,4.813733829,0.031781345
20071101,-1.968122891,3.135655685,-2.509784244
20071102,-1.72727123,5.10598447,-0.88365818
20071105,-0.803486077,2.303170157,-2.227115484
20071106,0.633441025,1.584273449,1.136375865
20071107,-1.219940579,3.293354048,-2.558200765
20071108,-1.061108707,6.840653455,-0.924822485
20071109,-2.469261259,5.434781149,-3.715814797
20071112,1.165473196,6.745553802,1.699757637
20071113,3.8533664,8.523510894,2.153608763
20071114,-0.722273131,4.876496523,-0.44773624
20071115,-0.378723124,4.110569157,0.069013115
20071116,-0.034429334,4.815091828,0.172324702
20071119,-1.928192955,3.216590611,-2.758073236
20071120,1.519195443,3.864148505,0.951213795
20071121,-0.21405645,2.925704657,-1.840108537
20071126,-5.009038539,3.494709667,-5.320403606
20071127,-1.171745373,3.776591738,-1.098912158
20071128,3.526813884,5.259548687,4.077779465
20071129,-0.927584246,3.366089539,-1.35281522
20071130,1.620324284,5.318740625,2.54790853
20071203,-0.595135662,2.468097115,-0.490368758
20071204,1.736733416,2.661926262,0.94356807
20071205,0.120762544,3.014745555,0.865806274
20071206,2.403961919,2.887789797,1.607696676
20071207,-0.776375208,2.242335616,0.135639221
20071210,0.270544636,2.925498071,0.338295316
20071211,-4.371716611,3.649555639,-4.101901944
20071212,-1.530464656,5.535880642,0.386304256
20071213,-2.463090787,3.940681921,-3.060737143
20071214,-2.3347364,2.821570161,-3.68094556
20071217,-2.702352834,3.223323257,-2.852446671
20071218,0.721476454,3.655558602,1.948485713
20071219,-0.057137417,2.65022482,-0.702423391
20071220,0.342531258,1.763804705,0.285361175
20071221,0.789626212,2.112256231,1.433445895
20071226,0.688695137,1.163172902,-0.20383589
20071227,-0.093274888,1.202309008,-0.614012535
20071228,-0.449102551,3.045411312,-0.486436881
20071231,1.876227646,2.578348177,0.896197186
20080102,-3.333956017,4.303244896,-2.999941975
20080103,-1.784562374,3.262382722,-1.078385186
20080104,-2.611941123,3.489640508,-3.487007475
20080107,1.42973047,4.259748907,1.670018932
20080108,-3.460277615,4.731347947,-2.596510957
20080109,-0.28231517,7.880147304,0.202142782
20080110,2.806920445,10.51447726,2.117961287
20080111,-1.686786981,5.936168495,-2.401075732
20080114,1.386435359,6.030807074,2.91379624
20080115,0.792397173,4.141338741,-0.315209087
20080116,3.87495205,9.247792745,3.756492016
20080117,0.152439054,9.191869895,-0.190222618
20080118,-0.73829015,14.67186843,0.209224993
20080122,10.69350092,32.33159623,7.095433879
20080123,7.97504992,25.72116977,5.81019214
20080124,-0.489328573,10.01021009,-1.277328291
20080125,-3.481309681,8.515703319,-3.616719316
20080128,2.061571496,10.52922453,2.254300422
20080129,1.475978954,10.76529987,1.801238164
20080130,-1.21911432,9.519432221,-1.15177425
20080131,5.85040762,14.84844429,4.236084396
20080201,-0.22977197,6.070382268,-0.622442632
20080204,-3.712180119,5.738352218,-3.613641763
20080205,-2.868652491,8.810310693,-4.690948061
20080206,-2.112124337,6.946151896,-1.311906676
20080207,3.072218759,16.98740668,2.800504074
20080208,-1.20954872,8.387927427,-1.720968581
20080211,2.363008908,6.807217866,2.648927616
20080212,-0.667254451,6.771098266,-1.086395826
20080213,-0.791073827,3.595375076,-0.176335789
20080214,-3.081024646,4.540134534,-3.028091253
20080215,0.290909296,4.85226724,0.199909199
20080219,-2.139700852,4.572684817,-0.948566033
20080220,2.482785434,7.479880182,1.636102665
20080221,-1.810331844,6.284763556,-1.306733658
20080222,1.302950029,6.626992454,1.594814519
20080225,4.549469679,11.36719163,3.428503321
20080226,1.240732387,8.863886766,0.034740316
20080227,0.277777956,3.577671952,0.173520779
20080228,-3.338378193,3.504915438,-4.069197523
20080229,-3.19894153,3.628669144,-3.978425219
20080303,1.600034135,5.767149881,1.787757111
20080304,0.205013584,6.084536178,-0.871263274
20080305,-0.706453951,7.423831404,-0.205013584
20080306,-3.452235641,3.467668025,-3.938490574
20080307,1.992253392,8.919765411,0.348702407
20080310,-3.009964615,5.508636426,-3.222916007
20080311,1.170726355,5.871814389,4.567538647
20080312,-1.145487897,6.703556556,-0.631641491
20080313,1.908090708,13.1431486,1.581135902
20080314,-3.14761321,19.29166598,-2.507068443
20080317,1.669160009,12.06182572,-0.485673611
20080318,4.091394432,8.958172258,5.733150283
20080319,-1.589388475,8.867042922,-1.295594654
20080320,3.723979487,6.248190464,4.373875006
20080324,3.089987201,6.730104299,4.224751151
20080325,-1.244829353,6.137810199,-1.758969303
20080326,-0.743234708,3.724410563,-2.074252607
20080327,-2.278489455,5.034240852,-1.359105327
20080328,-1.271126612,3.202691182,-1.487420856
20080331,2.096209751,4.217185527,2.169282461
20080401,4.684290876,4.062203474,5.361534598
20080402,-1.378393303,3.607069727,-1.090672025
20080403,0.755238743,3.035362967,0.205409179
20080404,-1.274780398,4.829688196,-1.377432246
20080407,-1.705872524,3.080663488,-1.256122587
20080408,-0.212766038,1.500372588,-1.094450466
20080409,-1.683119411,2.603733396,-1.718624471
20080410,2.31698121,3.644258973,2.461333455
20080411,0.35524016,2.940236436,-0.636269379
20080414,-1.175855344,3.147068875,-1.069528912
20080415,-0.286123228,2.861044133,0.071658907
20080416,-0.213903825,2.95079807,0.357526301
20080417,0.463211233,2.444082488,0.391808159
20080418,0.840046942,4.112182444,1.971200749
20080421,1.845777632,2.574401564,1.00573069
20080422,-0.976297852,4.464714225,-1.529932484
20080423,-1.657009532,3.331934839,-1.446998955
20080424,2.328740444,5.451494678,2.665889198
20080425,1.966831798,2.482439038,3.034151278
20080428,0.370932814,1.912099007,-0.235333778
20080429,-1.015580834,2.578755345,-1.082920904
20080430,-1.875323775,4.460209234,-2.062637581
20080501,2.062277279,6.809506001,3.732857765
20080502,-0.099519,3.567716186,0.816467087
20080505,-1.723889235,2.970402456,-2.691047015
20080506,0.581496422,2.969515349,-0.034100597
20080507,-2.149874757,4.244935641,-2.731371179
20080508,-2.582843028,4.378090442,-2.23294764
20080509,0.645858004,2.995107631,0.214822854
20080512,1.831682066,3.241163938,2.43785258
20080513,0.052169378,3.014179013,0.383208969
20080514,0.482426849,3.60800069,1.140893965
20080515,1.708275228,4.625481082,1.467352723
20080516,-1.366141466,4.274084535,-1.501734707
20080519,0.208478185,4.405658545,-0.932810357
20080520,-2.385367888,6.203632412,-5.23717178
20080521,-1.693707645,5.02405309,-1.510992447
20080522,-0.074377095,2.422634886,-0.185839117
20080523,0.074738419,3.760837727,-0.410065812
20080527,1.512664888,3.858687857,1.997107795
20080528,-0.761839346,2.92165707,0.547746485
20080529,1.124626401,4.880635358,0.942377398
20080530,-1.12626077,1.874955611,-1.270665127
20080602,-1.20858457,1.95008695,-0.843886865
20080603,-0.036920805,2.977327151,-0.221320636
20080604,0.239565212,4.003019668,0.313393196
20080605,1.626639878,3.185389238,2.633882164
20080606,-0.842650159,3.181780426,-2.578679292
20080609,-2.548263991,4.243243608,-2.382837982
20080610,2.079863213,3.02467208,0.675931976
20080611,-2.252433458,4.385008971,-3.116937996
20080612,1.482635028,3.273598646,2.290176429
20080613,3.135052988,3.165126167,3.849476031
20080616,0.584156462,2.304622273,-0.254499319
20080617,-3.1713775,2.073777586,-2.301491623
20080618,-0.638739726,2.309183621,-1.180341572
20080619,1.933145702,3.047929303,2.346913454
20080620,-2.968468947,3.156033267,-3.522282435
20080623,-5.023442728,2.848446309,-4.60479321
20080624,1.152406952,3.806371756,1.072502833
20080625,0.511308882,5.706677737,0.708664383
20080626,-2.170503214,3.140051924,-3.513335399
20080627,-2.016114369,4.614003341,-2.260215386
20080630,-2.783815362,4.382050421,-2.86697545
20080701,0.475060276,6.622875201,-0.729773576
20080702,-3.237378081,4.50297377,-3.151245432
20080707,-2.829543324,6.426231757,-1.070483015
20080708,3.062250511,8.400109713,3.286214771
20080709,-2.735062413,6.629312746,-3.017517789
20080710,-1.316704607,7.846497106,-2.170067073
20080711,0.162318876,12.55799077,-1.380601772
20080714,-1.660554761,7.395446694,-0.37140247
20080715,1.503081375,11.59165988,-0.232828976
20080716,5.785893926,9.141292097,5.575883349
20080717,3.127970044,12.47759284,3.039747718
20080718,0,7.869415981,0.085506632
20080721,-1.544763608,5.574665566,-1.182173897
20080722,4.047410793,7.920392856,3.505404046
20080723,4.57970461,13.07340454,4.370718118
20080724,-3.71698905,12.76555423,-4.037245529
20080725,-1.58534818,20.17519617,-1.045815849
20080728,-1.497354179,8.226900509,-2.469261259
20080729,4.431171113,8.798514298,4.796880889
20080730,-3.864516424,12.90306054,-2.538101711
20080801,-1.060852383,10.97325906,0.755671102
20080804,-0.750942202,9.372781276,-0.125549295
20080805,2.770034543,4.86101495,4.142482786
20080806,0.887102592,6.023755723,0.080321289
20080807,-1.257878221,7.218709985,-1.700445831
20080808,6.973860895,8.938708151,7.320340402
20080811,4.587789418,11.18801638,4.016902996
20080812,0.619874364,5.661749854,0.291226999
20080813,-3.24312681,7.18412137,-3.57081689
20080814,2.986410813,7.481318053,2.400785261
20080815,1.805794623,4.505710439,1.713806759
20080818,-3.39634616,9.012146722,-2.711782146
20080819,-3.044576653,6.631357345,-3.323568744
20080820,-0.115451235,6.87478836,-0.269179167
20080821,3.75667018,5.195188549,2.321702761
20080822,1.450109069,2.477758787,1.900560281
20080825,-1.048306118,3.402049737,-1.938189633
20080826,2.0180057,3.560049196,1.716460052
20080827,0.590625563,2.601193516,0.516606315
20080828,-0.346178719,2.386719749,0.824709155
20080829,-0.036839197,2.176913718,-0.935186058
