20020102,0.628205075,2.159021152,0.305343749
20020103,1.786417261,2.104141027,1.901710035
20020104,1.058465499,1.324257371,1.349092974
20020107,-0.730662852,1.287249921,-1.026225634
20020108,0.281294138,1.365005489,0.410149757
20020109,-0.281068244,1.429468481,-0.20084361
20020110,-1.350492377,1.591922616,-1.834169257
20020111,-0.984251774,1.32466306,-1.468673264
20020114,-1.689186767,1.393056847,-1.947186993
20020115,0.709043234,1.600962077,0.759882076
20020116,-0.629093293,1.307152828,-1.380500433
20020117,0.008343415,1.166605905,2.193070349
20020118,-0.787061343,1.607534645,-5.100352458
20020122,-3.337350882,1.588238938,-3.03053495
20020123,-2.559554719,3.361100738,-2.288429383
20020124,-0.22083189,2.5750977,0.51717884
20020125,0.798645637,2.430199678,0.743361382
20020128,-1.240539686,2.355690328,-1.121747695
20020129,-4.966433255,6.082180758,-4.966433255
20020130,1.286651059,7.143182301,2.580355142
20020131,1.344307026,3.612798151,2.099027589
20020201,0.148533262,3.127714611,-0.037098869
20020204,-1.257878221,1.436853336,-1.072521356
20020205,0.131677972,3.36160248,-0.244085739
20020206,-0.065626028,3.714041694,0.22533105
20020207,-2.602977777,1.774139849,-2.593599992
20020208,1.91361193,2.779943157,1.043620942
20020211,2.353049741,1.968300271,2.362574004
20020212,-0.084344694,1.940782583,-0.78446424
20020213,1.275800701,1.461694868,1.313296014
20020214,-0.995767033,1.743359122,-0.138895342
20020215,-1.762457139,4.908741544,-4.743822449
20020219,-1.735185139,3.143266339,-3.469927519
20020220,-0.150806845,4.546405622,-0.020120724
20020221,-2.429269257,3.525006801,-3.075279377
20020222,2.125009387,3.473584103,2.125009387
20020225,-0.152477793,3.647666914,-0.152477793
20020226,-1.886367431,3.083465996,-1.176785133
20020227,-0.265387519,4.653683992,0.707731556
20020228,-0.437548396,3.388549085,0.224604484
20020301,4.365772662,2.695505128,4.914945201
20020304,2.710865629,3.683554131,3.050095419
20020305,1.52311369,3.313559439,-0.320694483
20020306,1.021865264,2.58081565,0.358355721
20020307,-3.364449053,3.155066706,-2.362239568
20020308,0.190476248,2.285835565,1.292811877
20020311,0.573341274,2.095848656,-0.142823162
20020312,1.907478164,1.923151324,3.326612671
20020313,-1.207631955,1.430999462,-1.392133852
20020314,-0.299457458,1.532808689,-0.280767615
20020315,0.187529356,1.342404213,0.04684938
20020318,-0.674538814,1.688109906,-0.347206279
20020319,0.476169146,1.352165385,0.917008391
20020320,-1.318286511,0.952034848,-1.747672031
20020321,0.847861886,2.05241845,1.037255882
20020322,-0.886547351,1.506802208,-0.98040001
20020325,-2.024128682,1.812056277,-1.797027903
20020326,-0.794885922,2.560461285,-0.901037923
20020327,-0.279909454,1.407797613,0.68862112
20020328,0.462473124,1.182073707,0.549425451
20020401,-1.296834201,2.081098648,-1.325676195
20020402,-0.906053076,1.30289448,-1.551027461
20020403,-1.640603539,1.672534166,-1.324522675
20020404,0.886415843,2.267164609,1.096720863
20020405,-3.020161094,3.581319375,-3.030077302
20020408,0,4.958630749,-11.1694698
20020409,-0.885262846,1.649987907,0.251113019
20020410,0.619894913,2.113228173,1.448644618
20020411,-4.482868559,5.120393413,-5.556022038
20020412,-2.312241742,3.435205397,1.544022659
20020415,-1.584745354,2.877162649,-0.421941554
20020416,-0.139065963,1.592490773,1.272118456
20020417,-2.465527842,3.409871677,-1.519075717
20020418,1.746670242,3.651831635,4.613459729
20020419,-1.231129148,1.723340005,-0.157533508
20020422,-1.164710402,1.450614325,-0.99593399
20020423,-1.184119494,1.625336061,-0.696230627
20020424,-2.096656972,2.446481403,-1.082461053
20020425,0.787132204,2.418990618,0.41594514
20020426,-2.156889211,1.772868613,-2.191485302
20020429,-0.960804497,1.646355879,-1.125937821
20020430,-0.119246377,2.77434023,-0.107328136
20020501,0.357143237,4.343578091,0.404858853
20020502,0.262342149,2.923213182,-0.214132844
20020503,-1.576745825,2.691927934,-2.618234859
20020506,-5.471342485,3.230802457,-5.593666659
20020507,-0.704779738,3.836927279,-1.301254535
20020508,4.775839155,4.756880487,7.552898468
20020509,-2.484830237,5.692159118,-3.020632785
20020510,-0.426172618,2.508483399,-0.351097539
20020513,2.315659574,3.199557325,3.116364465
20020514,1.071165559,2.893597416,3.915983221
20020515,-0.36710326,3.196194974,-1.319995595
20020516,1.64903619,2.778671448,1.542204914
20020517,-0.639723031,1.166380735,0.116754246
20020520,-1.248249839,1.619577605,-1.540391443
20020521,-1.143822789,1.912217429,-1.120126106
20020522,0.393208728,2.11538927,0.764000374
20020523,-0.047489019,3.084712664,0.14260252
20020524,-0.743943916,1.403730794,-1.411169077
20020528,-0.727275933,1.503914043,-1.004668621
20020529,0.171631769,1.431328534,-0.683596412
20020530,1.575611128,3.133371217,0.293542285
20020531,-1.894741722,3.198320448,-1.687336048
20020603,-3.336790526,2.723187611,-3.039134347
20020604,1.448932314,3.932766875,1.461735591
20020605,1.123607327,3.182767364,1.627069687
20020606,-1.111053187,2.363956051,-1.111053187
20020607,-0.153022218,3.859698515,-1.645398468
20020610,-1.294516459,2.512185362,-2.076020661
20020611,-3.131371307,3.10301863,-1.708320125
20020612,-0.798939003,6.603482352,-0.865230023
20020613,0.026504108,4.687408542,0.891734132
20020614,2.67285375,8.030403822,0.975746138
20020617,1.200431952,3.663907129,1.161059289
20020618,0.264200946,3.498721368,-1.700498792
20020619,-1.220354128,2.442352152,-3.353768376
20020620,-3.324938787,4.55952092,-2.374490355
20020621,-1.866529422,5.36564481,-3.670920074
20020624,3.635702277,10.39754901,1.066753665
20020625,-2.316817059,6.486745762,-1.517041302
20020626,4.811221014,10.94654015,1.946287919
20020627,1.131217984,6.430821529,2.773849084
20020628,0.920765434,7.261899069,0
20020701,-6.393693385,7.382642258,-6.393693385
20020702,1.288639885,9.49655679,1.731772073
20020703,3.698240313,7.096648748,2.55687586
20020708,-2.384365799,4.08690304,-3.066962306
20020709,-2.625195098,5.406182726,-2.456986479
20020710,-2.655340795,6.707369853,-1.156918182
20020711,2.109936402,8.80380627,1.013033265
20020712,-1.149437943,8.082325104,-0.360620658
20020715,3.165731987,11.50530656,2.002928188
20020716,-0.714675484,11.89838723,-2.270627222
20020717,-0.536648654,8.421805502,2.298951822
20020718,2.258002111,9.097590963,2.087934043
20020719,-0.593641319,6.871980891,-2.201280612
20020722,-3.906914569,16.44574072,-2.905425135
20020723,-1.684436989,11.64276048,-2.079260929
20020724,5.260682527,15.8791753,3.592850312
20020725,0.650996874,17.98656174,-0.309542053
20020726,-3.613602117,9.102446365,-4.482543138
20020729,2.678604368,4.32566352,7.016847336
20020730,1.701749808,6.286236297,0.812101915
20020731,-0.353982671,6.191696656,-1.701749808
20020801,-3.586272116,6.508344898,-3.728216782
20020802,-0.396621893,3.613128996,0.029442073
20020805,-2.987972509,5.446824257,-2.987972509
20020806,1.319612892,5.531792291,2.914351067
20020807,0.246073802,9.476199478,1.86784943
20020808,3.548988498,6.074216886,3.592350499
20020809,1.643410819,6.764232085,0.111513811
20020812,1.230956934,4.827322008,0.208753816
20020813,-0.209863666,5.082263281,-0.739555453
20020814,4.084979122,5.318987549,4.85233552
20020815,1.356801424,4.114000785,1.955406471
20020816,3.70816749,3.216630038,3.799712648
20020819,3.88086269,3.927177916,3.830465814
20020820,-1.017352649,4.379264293,-1.61313531
20020821,-1.166731074,4.517432843,-0.271404065
20020822,1.300951092,2.98250432,1.300951092
20020823,-1.276586711,2.589291602,-2.269181099
20020826,-1.075413641,4.64546259,-0.788934028
20020827,-3.081830155,4.534942875,-2.006416514
20020828,0.11835099,2.153791001,-2.427902445
20020829,1.35323618,3.773866248,0.707179479
20020830,-0.225270088,2.487717374,-1.644665714
20020903,-2.538692365,2.470516445,-4.116476132
20020904,1.821593887,4.329258655,1.835416542
20020905,-0.097067192,2.757703358,-2.195477865
20020906,-0.734897156,1.932138071,1.555541036
20020909,2.602149409,3.660528324,1.558613919
20020910,1.265418151,3.859361382,1.587652587
20020912,-3.043832463,3.364094719,-3.327023266
20020913,1.402703368,3.546447585,0.94222673
20020916,0.457286185,2.248531672,-0.248550252
20020917,-1.866628687,3.598191504,-0.944582659
20020918,-1.569219076,5.100689087,-2.97472359
20020919,0.200570923,3.083777193,-6.950650856
20020920,-2.242073044,2.773437548,-1.443788178
20020923,-0.487460671,3.405348285,-0.80069507
20020924,-3.17853024,11.56637697,-5.97580365
20020925,2.898753687,4.093475335,5.279818557
20020926,-3.470754833,7.683076175,-1.583906403
20020927,-1.840038771,7.290117192,-2.77977349
20020930,-2.121420244,8.48402173,-3.389583411
20021001,3.175397702,8.077297828,4.707342555
20021002,-2.32182901,7.785855714,-2.501994484
20021003,-0.498754151,8.347220247,0.668898815
20021004,-5.04975032,13.48205949,-5.886575287
20021007,0.616470468,11.82814807,0.669488054
20021008,-1.271461873,19.44352647,0.175438641
20021009,-1.600609659,7.480195296,-3.369002338
20021010,5.222607056,13.10563761,4.293723226
20021011,3.034145862,7.589549617,10.43005585
20021014,2.07013762,4.240974958,-0.72236495
20021015,1.057123337,2.518066934,7.614349897
20021016,-2.33946565,6.00179487,-5.108577209
20021017,-0.661980076,2.956429104,10.50991842
20021018,3.297001924,3.59018319,2.365598791
20021021,2.547054581,3.217337065,2.072959551
20021022,-0.067136626,2.7885941,-1.466692959
20021023,0.335458215,4.184279717,0.268276486
20021024,-4.552398078,4.456778311,-3.420184851
20021025,2.694407111,2.605897329,3.192195749
20021028,1.858863095,3.605663176,2.754411418
20021029,0.312989301,4.764822615,0.312989301
20021030,1.929320293,7.444886068,2.189398463
20021031,0.355330323,3.753577661,0.558944545
20021101,1.845974437,2.516560025,1.795290199
20021104,0.778877006,2.32066125,2.603610165
20021105,-0.15914798,2.36161268,-1.060274389
20021106,0.948458179,4.240329511,-0.061278267
20021107,-1.587534916,2.134076018,-3.53102618
20021108,-1.217573517,2.563643216,-1.522839589
20021111,-0.348589857,2.428859053,-0.297023528
20021112,1.904332582,3.53199075,2.136860784
20021113,-0.251889302,4.468462717,0.391686646
20021114,0.409709432,2.039926443,1.76243547
20021115,-0.461376216,1.707434024,-0.871085647
20021118,-2.126409075,1.847317256,-1.143875209
20021119,-0.089098205,3.147060435,-0.723215739
20021120,4.453542474,3.233595413,3.712230286
20021121,3.296672526,2.721662398,3.969252255
20021122,0.581983946,1.709722807,-0.425431982
20021125,1.791721917,2.174582911,2.016480987
20021126,-0.515948612,1.704337712,-1.284914302
20021127,2.119406675,2.407372466,3.102100591
20021202,-1.523968992,2.689964621,0.27541904
20021203,-1.733105316,2.207290892,-2.353868316
20021204,0.335128979,3.297441163,-1.823398849
20021205,-2.263348552,2.488480605,-0.827888825
20021206,0.976808744,2.276087682,-0.846950011
20021209,-1.743506182,1.996546004,-3.335701483
20021210,0.958493677,1.346007084,1.39722832
20021211,0.801236952,2.724609939,0.9002959
20021212,-1.338144115,2.763320725,-1.583995499
20021213,-0.113629202,2.446138545,-1.267825932
20021216,2.444745446,1.989542598,2.999042658
20021217,-0.347999357,1.845342467,-1.544289137
20021218,-0.189453798,2.812892224,-1.530578117
20021219,0.127145599,3.051521785,-0.506971935
20021220,0.54010054,1.07982904,1.425621823
20021223,0.886342486,1.91475451,0.786079286
20021226,-1.379157686,1.644871541,-1.605089751
20021227,-1.514597045,2.356437642,-1.50185738
20021230,-0.991916251,5.076275603,-1.406639499
20021231,-0.450306325,2.550182134,1.703663028
20030102,2.208925155,2.703431739,3.807935879
20030103,1.047775379,1.918517767,1.221408066
20030106,2.054452923,2.030648491,2.482719102
20030107,2.261314116,1.907500038,2.679100459
20030108,-1.697553436,1.093993879,-2.070905871
20030109,2.574249655,1.665275261,3.332277684
20030110,2.132031203,2.893855461,0.847365657
20030113,-0.898601281,1.795525977,-0.20545607
20030114,1.136246743,1.794328356,1.124820131
20030115,-1.226591188,1.542235848,-1.136246743
20030116,-1.370910244,1.962693863,-1.496689233
20030117,-2.731581065,1.369606887,-5.925535901
20030121,-0.852330526,2.025691514,-0.790810991
20030122,-0.689874169,1.708125217,-1.449481831
20030123,1.091957742,1.835569746,1.969156349
20030124,-2.030399365,1.77846421,-2.562480061
20030127,0.28111442,3.086621551,-0.775345479
20030128,2.017722929,2.444356871,2.183465301
20030129,1.051060727,3.408879246,0.299177486
20030130,-2.495718138,2.392772409,-2.508166013
20030131,0.783109465,3.149952272,-0.191632125
20030203,-0.025578719,2.453784568,-0.025578719
20030204,0.129785872,1.85438064,-1.39105798
20030205,-0.890271024,2.711589236,0.077790747
20030206,0.568991578,3.664053535,0.504170159
20030207,-1.019561003,1.18532451,-0.594931915
20030210,1.070770729,2.426037527,1.083741738
20030211,-1.181925372,1.905259084,-0.708263858
20030212,-1.252978382,2.021323449,-1.098019673
20030213,-0.434582892,3.578239337,-1.00457166
20030214,1.235788085,2.995690796,2.063814108
20030218,1.652509957,1.606099907,2.514972663
20030219,0.529702336,0.896194288,0.226671801
20030220,-0.782239669,1.201244448,-0.694228096
20030221,0.602033676,1.947952795,1.283682364
20030224,-1.36434658,1.423114323,-1.702544435
20030225,1.52869219,2.627845928,0.608675478
20030226,-1.540466919,1.589142454,-2.301891918
20030227,-0.83790371,3.019875059,-0.064703982
20030228,-0.320410399,1.72230101,0.83790371
20030303,-1.551412615,1.730636156,-0.656837959
20030304,-1.257878221,1.659267863,-0.98689283
20030305,1.2953549,2.524369129,1.386661239
20030306,0.194615696,1.568365961,-0.710367856
20030307,2.092208081,2.948796898,0.787558134
20030310,-1.742135881,1.197156221,-2.711323541
20030311,-1.22879263,1.323362152,-0.60967717
20030312,-0.106368844,3.140983761,-0.066493785
20030313,3.198304585,2.263340496,4.296417095
20030314,0.761908448,3.457417229,0.736417752
20030317,5.693759174,4.420320103,4.356585477
20030318,0.352134418,3.067048747,-0.084812509
20030319,0.250145031,2.139897453,-0.540853921
20030320,1.274214741,2.173435019,0.10353544
20030321,1.203756863,1.266250896,2.726076947
20030324,-0.218420181,0.971878713,-2.507178647
20030325,1.800761694,2.101330721,1.411277268
20030326,-1.799221888,1.515897868,-2.387847529
20030327,0.887689222,1.522333296,-0.061353459
20030328,-0.197726214,1.523219494,-0.776296179
20030331,-1.2058279,1.679264661,-3.179658377
20030401,0.292565241,1.995091778,0.534896843
20030402,1.223067936,1.291929789,3.384227561
20030403,-0.487093023,1.773264249,0.587660849
20030404,-1.97443412,2.191704217,-1.450904587
20030407,-2.711989019,2.02938382,-0.434432508
20030408,-0.772012302,1.956526549,-0.486315567
20030409,-1.512316157,2.528573904,-1.574835697
20030410,-0.063231112,1.886013958,0.380228595
20030411,-1.699757637,1.967685498,-0.380228595
20030414,1.867797863,1.456792514,1.549832571
20030415,3.292276217,2.56930111,3.404741084
20030416,-0.072315298,1.886788016,0.229344056
20030417,1.639479072,1.488960441,1.567111441
20030421,-1.073867855,1.614372433,-1.061999123
20030422,3.127475931,1.810707851,2.815088316
20030423,0.070044364,1.566502432,-0.058332849
20030424,0.635894748,1.277388367,-0.585207663
20030425,-1.489741432,1.475027674,-1.466267253
20030428,1.253267763,1.628634186,1.372315397
20030429,0.374269443,2.086082228,0.64414347
20030430,-0.727959068,1.875997622,-0.938313241
20030501,0.631064382,1.609393239,1.148225855
20030502,2.820357541,1.699861177,1.77813252
20030505,-0.701999546,1.336688785,-0.908208806
20030506,1.5214678,1.510599371,0.953975398
20030507,-0.287935701,1.6460965,-0.827020565
20030508,-0.336329688,1.024683887,-0.717678737
20030509,0.745202646,1.077650048,1.693296232
20030512,1.575192635,1.032578165,1.575192635
20030513,1.275898674,0.778235033,1.095840106
20030514,-1.364827092,1.360317892,-1.275898674
20030515,0.412555639,1.17001022,1.220278226
20030516,-0.693825523,0.849766688,-0.916617193
20030519,-1.799166161,1.116372065,-2.92848364
20030520,-0.765221125,2.114360295,-0.649654257
20030521,0.476883719,1.677184077,0.302150143
20030522,-0.127617629,1.096410005,-0.046425256
20030523,-0.502719244,0.83107507,-0.956498602
20030527,3.233377447,1.563825201,2.739897419
20030528,0.045651678,1.451502339,-0.057035306
20030529,-0.251543695,1.777543803,-0.331447815
20030530,0.672405519,1.684498263,0.786822008
20030602,-1.894232331,1.341169675,-0.809721023
20030603,-0.119118537,1.739253811,-4.006843295
20030604,0.356506616,0.97436963,0.475625153
20030605,-2.020270732,1.155606485,-2.376777348
20030606,-2.71119502,2.814440014,-2.796265208
20030609,2.371652662,2.331521002,2.309172185
20030610,-1.337405953,1.244554993,-0.268915943
20030611,1.45164807,0.987422436,2.728649309
20030612,-0.971686754,1.429738238,0.02381803
20030613,-1.617285925,1.413699109,-1.415061386
20030616,1.718009328,1.241214268,2.079673375
20030617,-0.863042538,2.107893861,-0.37923724
20030618,0.627852563,1.655019488,0.544702353
20030619,-0.341961303,0.884240831,-0.023621117
20030620,-0.094161966,0.437519203,0.306640174
20030623,-1.820936955,0.78112292,-1.974139507
20030624,0.900096086,1.212910043,0.527073573
20030625,-1.288941533,1.802144216,-1.468313779
20030626,0.714288751,1.609938232,2.18260253
20030627,-0.871283187,1.283449605,-1.049377624
20030630,-1.585809302,1.470629076,-1.012056831
20030701,1.251972534,1.500377204,1.215637525
20030702,0.924834669,0.966964531,1.35458345
20030707,1.405175346,0.947654622,2.412591273
20030708,0.174084649,1.453641106,0.278681091
20030709,-0.816331064,1.396961146,-0.978800637
20030710,-1.135838051,1.422036459,-1.605322482
20030711,0.827917207,1.374766716,1.018121734
20030714,-0.583092031,0.971068317,0.704228263
20030715,0.208719927,1.636263158,0.96607863
20030716,-0.2416711,1.452074978,0.531424541
20030717,-0.670500596,1.304657479,-4.176340613
20030718,-0.202948795,0.948634942,0.527199879
20030721,-0.772204609,0.792628758,-1.347469858
20030722,-0.681102122,1.072848085,-0.753802961
20030723,0.425920936,0.893335484,0.49911845
20030724,-1.689907093,0.838201409,-0.963951092
20030725,2.115521627,1.524839651,2.470457438
20030728,-1.456716303,1.423353007,-1.373019281
20030729,-0.827154698,1.224561001,-0.718070389
20030730,-1.823684347,1.060554267,-1.117741785
20030731,-0.797794965,2.155252899,0.234408842
20030801,0.0123221,1.322738339,0.0123221
20030804,0.346149437,1.282007808,-0.160305848
20030805,-1.60281744,1.502192771,-1.479482447
20030806,0.037634072,1.672331832,-0.137870549
20030807,1.027886328,1.1712282,1.178281142
20030808,-0.228515061,1.245125593,0.235235963
20030811,0.172967673,0.953653854,0.179150627
20030812,0.036825631,0.787212196,0.578498752
20030813,-0.626576164,1.267032215,-0.418153358
20030814,0.676717439,0.951864353,0.504027129
20030815,-0.134564825,0.581975884,0.171526629
20030818,1.799674153,0.916742336,2.239396372
20030819,-0.56277464,1.202691386,-0.311713476
20030820,0.373697017,0.62930496,-0.204339274
20030821,-0.420597868,1.059623608,-0.084261215
20030822,-0.636753518,1.33385179,-0.084332274
20030825,-1.092243868,0.699237192,-1.236979149
20030826,1.023525446,0.964908979,0.656776868
20030827,0.073143975,0.559937362,-0.522638686
20030828,-0.085402311,0.907093321,-0.158546286
20030829,0.073188586,0.469283973,0.097596689
20030902,4.020044217,2.114739197,4.494468804
20030903,0.139049849,1.540844095,0.673872656
20030904,1.802264244,1.694925746,1.767519904
20030905,-0.755844185,1.539337732,-1.040663517
20030908,0.754635557,0.84532442,2.419060666
20030909,0.235149316,0.735019507,0.324875657
20030910,-1.277936532,0.724085071,-1.74878942
20030911,1.582783358,1.114327384,0.022760897
20030912,1.259162459,0.9684005,0.940037502
20030915,-1.413847609,0.81564908,-0.248307125
20030916,1.676016886,0.775695619,1.969404593
20030917,0.254101667,1.674150245,0.420168685
20030918,1.565525432,1.271225318,1.565525432
20030919,0.861610069,0.860155152,1.284352013
20030922,-0.654309859,0.935313478,-2.003858006
20030923,-0.22977197,1.078256188,-0.120422588
20030924,-1.817023179,1.795892764,-2.047324317
20030925,-0.011186308,1.923577915,-0.055919031
20030926,-0.280002423,2.032659371,-0.257631058
20030929,0.290893022,1.299139824,0.391784237
20030930,-0.946166103,1.44601528,-1.293097233
20031001,1.692636003,0.937408844,2.133040984
20031002,0.606754067,1.602118696,-0.188511921
20031003,-0.308166654,1.362761349,0.69131708
20031006,0.41790449,0.731941331,0.439947916
20031007,1.109840522,0.721293858,0.427093679
20031008,0.65005646,0.931901879,1.184088572
20031009,-0.915215002,1.076359894,-0.162118382
20031010,0.378072284,0.753052323,0.323974365
20031013,0,0.504142206,0.37664828
20031014,0.161768706,0.542411417,-0.322754449
20031015,-1.199928689,0.836617245,-0.021554047
20031016,-0.01120511,0.79492003,-3.890172976
20031017,-0.044812907,0.6601094,0
20031020,-0.392487187,0.32200414,-0.269299983
20031021,-0.392927814,0.264939616,-0.112422721
20031022,0.260284196,0.859892653,-0.473560475
20031023,0.7279377,0.766144902,-0.271616283
20031024,0.510060613,0.935541922,0.237704566
20031027,-0.327111002,0.326434898,0.067811937
20031028,0.849831795,0.793402539,1.45807877
20031029,-0.178731057,0.320116216,-0.412831828
20031030,-0.892863074,0.540140265,-0.268696982
20031031,0,0.592466738,0
20031103,-0.222717241,0.605102406,0.558972948
20031104,-0.671293637,0.5871998,-0.693592668
20031105,-0.045197741,0.377694589,-0.675830462
20031106,1.069769788,0.616222237,0.900096086
20031107,-1.215409965,0.838594748,-1.08109161
20031110,0.390081297,0.714484678,1.773135895
20031111,-0.769620663,0.584713619,-0.658447778
20031112,1.387754717,0.767031618,1.544389343
20031113,0.782330033,0.797272473,0.45102106
20031114,-0.849566538,0.661310563,-0.948397051
20031117,-0.133570812,0.772328716,-0.522136386
20031118,-1.129576401,0.625748816,-0.973761122
20031119,1.215409965,0.729558553,0.549606005
20031120,-0.956406728,1.089377462,-1.068326157
20031121,0.259843111,0.512124462,0.203298014
20031124,0.772031807,0.325350023,1.22233089
20031125,-0.223314072,0.45834928,-0.290211165
20031126,0.05566999,0.608192415,0.423871243
20031201,0.131926141,0.628884689,0.528752058
20031202,0.110350927,0.590502802,-0.385272093
20031203,-0.770928928,0.837040634,-0.242932982
20031204,1.520858055,0.829851225,1.077644034
20031205,-0.670369014,0.866930176,-0.812655472
20031208,0.868948986,0.631632848,0.681321317
20031209,-0.56108844,1.083078596,-0.736469391
20031210,1.172937536,1.288886678,1.22808561
20031211,0.509790138,0.762243967,0.727512846
20031212,0.032357224,0.483532776,0.324044354
20031215,-1.42289778,0.850434294,-0.670852981
20031216,1.999206739,1.166296217,1.999206739
20031217,-0.502057349,0.290769692,-0.629839285
20031218,-0.301529412,0.716359649,-0.709299051
20031219,-0.166393855,0.322055459,0.382142073
20031222,0.622854247,0.561883282,0.359278613
20031223,-0.247431679,0.510332382,-0.612082448
20031229,0.53561992,0.363777205,0.890707182
20031230,-0.688544947,0.452144073,-1.041732022
20031231,-0.237709458,0.57099662,-0.205327786
20040102,-1.497261344,0.784250206,-1.043941625
20040105,0.962742035,0.508624736,1.529562824
20040106,0.906937765,0.626096603,0.161351081
20040107,-0.441169274,0.653058947,-0.33374634
20040108,-0.225551892,0.786769379,0.290744834
20040109,-0.590294674,1.051759603,-1.943495296
20040112,0.459418879,0.70830544,0.459418879
20040113,-1.876434747,1.306214548,-2.073070161
20040114,0.455025479,0.475820808,0.622016889
20040115,-1.005033585,2.554283201,4.057835948
20040116,0.294303345,0.284917237,1.29933693
20040120,1.293679103,0.508007886,2.046505745
20040121,0.569188522,0.666350553,0.548620855
20040122,-0.327600621,0.781562363,-0.271370587
20040123,0.183842356,0.688213539,0.49099935
20040126,1.932182916,0.589184377,1.830090003
20040127,-0.696585523,0.45690964,-1.108212027
20040128,-1.7397051,1.248844823,-1.294945447
20040129,-0.081582709,1.516590637,0.593473552
20040130,1.226884844,0.642903283,1.226884844
20040202,0.241765001,1.37550924,0.161111705
20040203,0.975029084,0.626409161,0.5818636
20040204,0.751845555,0.64380322,0.159920074
20040205,-1.136433008,0.903016264,-1.266348581
20040206,0.040457167,0.668533594,0.020226537
20040209,-0.747251786,0.582629803,-0.232852548
20040210,1.101076835,0.67695935,0.887997762
20040211,0.773212669,1.268787433,0.431056755
20040212,-0.681911989,0.481504852,-0.59192548
20040213,0.603623563,1.092784137,0.321479079
20040217,-0.541517569,0.400530389,-0.251067167
20040218,-0.77837138,0.689285443,-0.919244818
20040219,-0.621721414,0.902734671,-0.743573581
20040220,-0.686021223,0.561898966,-0.491955486
20040223,-1.447801918,1.445624324,-1.375907497
20040224,1.625374394,1.704123275,0.788549427
20040225,0.08286721,0.448725232,-0.18620053
20040226,0.569684072,0.430890822,0.248190407
20040227,-0.310398594,0.603056235,-0.331057617
20040301,0.578633563,0.483944147,0.578633563
20040302,-0.263124104,0.644915893,-0.283732038
20040303,0.279199809,1.052620083,0.056810847
20040304,-0.145062713,0.417227855,-0.413907876
20040305,0.530119219,1.418642477,0.020736133
20040308,-1.978189997,0.757091604,-1.947093858
20040309,0.217155351,1.541991434,-0.10047329
20040310,-1.408473988,1.615425708,-1.540829674
20040311,-0.796643052,1.535005951,-1.942229989
20040312,1.338823712,1.347509892,2.135466764
20040315,-0.878578242,1.404419007,-1.567345494
20040316,0.032462263,1.012503687,0.694824205
20040317,0.871207446,0.534550203,1.022558827
20040318,-0.19363173,1.515109928,-0.547652375
20040319,-1.202549566,1.14570562,-1.213317885
20040322,-0.274288394,1.281201526,-0.798822435
20040323,-0.284246392,0.980166315,0.350954517
20040324,0.229070185,1.528438154,0.480560121
20040325,0.325027372,0.708688998,0.727354887
20040326,0.432012768,0.821315355,0.367091753
20040329,-0.377094667,0.643461791,-0.161786154
20040330,-0.400065409,0.844284887,-0.367687232
20040331,-0.326371047,0.807337424,-0.575869468
20040401,0.836461343,0.898427653,0.727433858
20040402,0.649941023,1.038464397,1.843567755
20040405,0.244511896,0.438651534,0.021238186
20040406,0.064082027,0.496084093,-0.553664106
20040407,-0.139328033,0.640679202,-0.449438959
20040408,-1.069528912,0.831000151,-0.257732101
20040412,0.320341972,0.40008766,0.856536286
20040413,-0.888894742,0.961002272,-0.899556291
20040414,1.850310964,1.005891329,0.92087598
20040415,0.170430378,1.103697937,0.149110689
20040416,-0.097555696,1.247710925,-1.880057524
20040419,0.054392169,0.485741212,-0.28236335
20040420,-1.345974251,0.741825868,-1.291611651
20040421,0.252013501,0.667854018,0.66978016
20040422,0.275862244,1.604540826,-0.691816299
20040423,0.340080411,0.929862075,0.615183748
20040426,-0.336654199,1.231995573,-0.951837947
20040427,0.550056392,1.269177189,0.776456997
20040428,0.099618139,1.021406081,-0.837285931
20040429,-1.004921364,1.764762391,-1.426208019
20040430,-0.948195387,2.307225489,-1.060479253
20040503,-0.193083143,1.044002708,-0.238460341
20040504,1.03979237,1.938602534,1.10798194
20040505,-0.951588485,1.195337855,-0.044984256
20040506,0.226757467,1.640000787,-0.677203491
20040507,0.409417153,3.373979664,-0.215407373
20040510,-0.767780085,1.834503628,-1.348283679
20040511,-0.011468548,1.058628539,0.298644835
20040512,-0.563187512,1.838761582,-0.494395948
20040513,0.436882737,1.356144515,0.471454906
20040514,-0.288934035,1.855318665,-0.887255921
20040517,0.199098268,1.300143563,-1.082223863
20040518,-0.0232369,0.522413633,0.687929023
20040519,-0.389774654,1.512420463,1.155280871
20040520,0.321101193,1.119925925,0.321101193
20040521,-0.446250526,0.799438669,-0.160421714
20040524,-0.743497849,1.120193806,-0.114744706
20040525,2.234220371,1.012192355,1.831573867
20040526,-0.214580239,0.790424072,-0.293520193
20040527,-0.180444393,0.923026935,0.158156382
20040528,0.146818029,0.286942005,0.022573364
20040601,0.170309437,0.682613714,-0.520480922
20040602,-0.498697622,0.739365192,-0.158946446
20040603,-0.479234144,0.447556251,-0.661197119
20040604,-0.364506612,0.430478413,0.228493187
20040607,0.701916162,0.268604885,1.145981793
20040608,1.400347759,0.886321373,1.400347759
20040609,0.211122919,0.607270035,0.222247008
20040610,0.221410475,0.520212829,0.376690009
20040614,0.022207417,0.412176021,-0.398892496
20040615,0.03314734,0.648924941,0.498367497
20040616,0.143940677,0.356659982,-0.154781678
20040617,-0.055263886,0.32679847,0.077420786
20040618,-0.21086518,0.504465244,-0.487643657
20040621,-0.967050275,0.403999211,-0.534701062
20040622,0.903167203,1.204393683,0.623540602
20040623,0.862646358,0.546184413,0.796024104
20040624,-0.299517668,0.643586698,-0.884863643
20040625,-0.568595099,0.459712339,-0.635276586
20040628,-1.120962304,0.540145128,-0.819538687
20040629,0.011317979,0.430607734,-0.395324398
20040630,-0.118983555,0.561413904,-0.186910649
20040701,-0.96751082,1.057058794,-0.871179887
20040702,-0.504414689,0.666500903,-0.481541861
20040706,-0.859171662,0.795162699,-1.447035726
20040707,0.023443911,0.58840305,-0.514380372
20040708,-1.612938193,1.140298328,-1.988701904
20040709,-0.594178813,1.142421414,0.310373891
20040712,1.112832604,1.377620184,1.231951141
20040713,-0.631359516,0.419208821,0.376028645
20040714,-0.852277886,0.999576968,-1.34610605
20040715,-0.059449499,1.247150772,-0.047562427
20040716,-2.423013137,1.425188857,0.379867503
20040719,0.907115839,1.022886665,1.025529115
20040720,0.837311555,0.671699411,1.258611184
20040721,-1.662152522,0.832142256,-1.199991099
20040722,1.204481614,2.334677939,0.828717903
20040723,-0.926095359,1.124810167,-1.310420062
20040726,0.388167281,1.626017601,0.317479248
20040727,0.373134761,0.84876855,0.864996627
20040728,0.058203831,1.268654549,0.011638056
20040729,0.629896041,0.716538424,1.0016005
20040730,0.691645408,0.955989403,0.293364989
20040802,-0.138232944,0.861299013,-0.345224739
20040803,-1.218465902,0.570753164,-1.276119406
20040804,0.753310228,0.871605948,0.343833201
20040805,-0.958399108,1.008302228,-0.929314967
20040806,-1.178234398,0.950192391,-1.920855834
20040809,0.119717481,1.002965503,0.059840825
20040810,1.101058895,1.118959178,1.602313077
20040811,-0.011948145,1.165550442,-1.470789175
20040812,-0.992263708,1.262041269,-1.759929706
20040813,1.526930779,1.225160931,1.903213313
20040816,0.429185208,0.699955831,0.297849747
20040817,-0.04757374,0.696312965,0
20040818,1.79010174,0.810268353,1.241370791
20040819,0.260016693,0.696301262,-0.45928362
20040820,0.824795532,0.596098287,0.588444678
20040823,-0.552975113,0.261617537,-0.541241467
20040824,-0.294551023,0.529446956,-0.011798714
20040825,0.164686545,0.459687266,0.388624407
20040826,-0.365372556,0.311361962,-0.45944594
20040827,0.330227921,0.219830889,0.282985686
20040830,-0.213068262,0.244684156,-0.637847662
20040831,0.141827231,0.826956272,0.331243648
20040901,0.273272908,1.173663773,-0.461675872
20040902,0.485639095,0.530693586,0.414422475
20040903,0.154092367,0.534895407,-0.2366025
20040907,0.247627035,0.528319926,0.566908333
20040908,0.996199273,0.925779873,0.984421403
20040909,0.626961301,0.832091044,0.755158976
20040910,0.461734631,0.402173792,0.496450826
20040913,-0.599494532,0.585692599,-0.403901074
20040914,0.161532284,0.477803219,0.300196508
20040915,0,0.452599425,-0.404321004
20040916,-0.092850517,0.482914669,-0.313025587
20040917,-0.871845104,0.407841996,-0.547244773
20040920,0.315660518,0.756423499,0.023348121
20040921,0.058326044,0.515319326,0.093338007
20040922,-1.309058141,0.679894794,-1.776621822
20040923,-0.202489498,0.615663774,-0.440188683
20040924,0.748978119,0.608370209,0.665480769
20040927,0.106958237,0.324519463,-0.284663933
20040928,0.177672537,0.464311821,0.367538501
20040929,0.472367435,0.789550898,0.448695994
20040930,0.527149349,0.568967699,0.832995959
20041001,0.857280505,0.666883772,1.277008299
20041004,0.149313759,0.890642838,0.506271936
20041005,-0.627318852,0.363185194,0.309402642
20041006,1.084299843,0.510770785,0.786373646
20041007,-0.672405519,0.441293851,-0.729181766
20041008,-0.792333479,0.755095285,-0.815206306
20041011,-0.16147639,0.422850444,-0.126896251
20041012,0,0.525322071,-0.706634855
20041013,-1.53031431,0.905104477,-1.251697924
20041014,0.011798714,0.841462582,-0.223911472
20041015,-0.094406427,0.521871579,-0.070813174
20041018,1.903476575,1.017111032,1.43010291
20041019,0.810723954,1.28968129,3.712802939
20041020,0.417442926,1.095698401,-0.393281028
20041021,-0.328593576,0.835829611,-0.802581599
20041022,-0.870931932,1.174715429,-0.746165852
20041025,1.273902578,0.951993325,1.165216241
20041026,0.744420311,0.837462199,0.574746609
20041027,1.612576937,0.532097216,1.1507864
20041028,-0.334635003,0.553283615,-0.579324258
20041029,0.268096675,0.718920931,0.156302365
20041101,0.969204935,0.640737886,0.622777814
20041102,1.000564212,1.147461973,0.221484033
20041103,-0.054809538,1.111345727,0.881062968
20041104,1.450169883,0.830484589,1.285560792
20041105,0.926431273,0.620150642,0.948078638
20041108,0.936144998,0.737726662,0.117880312
20041109,0.397060134,0.602978346,0
20041110,0.224587015,0.551400567,0.256712089
20041111,1.32663129,0.670980263,1.3159481
20041112,0.694812775,0.585930304,0.494295585
20041115,0.931700014,0.609508632,0.67959904
20041116,-0.373399682,0.46829743,-1.126462544
20041117,0.241052362,0.602764801,0.666931709
20041118,-0.24148261,0.525256268,-0.419595706
20041119,-0.718743185,0.311059337,-0.908137181
20041122,0.89734041,0.55898469,0.929158833
20041123,0.600096553,0.823406117,0.126037198
20041124,0.493309843,0.428322741,0.251598833
20041129,0.629989484,1.134431208,0.861983683
20041130,-0.939767225,0.829981389,-1.348808647
20041201,1.449757507,0.75219553,1.704048807
20041202,0.219309785,0.728872328,-0.020861583
20041203,0.557737451,0.814613849,1.274958965
20041206,0.791655808,0.628062522,0.575127394
20041207,-1.734505595,0.895283719,-1.683315422
20041208,0.393293821,1.075848151,0.819379163
20041209,1.332045097,0.902790463,0.699951391
20041210,-0.310077768,0.567184621,-0.917106742
20041213,-0.279170941,0.741399544,-0.020706077
20041214,1.176848516,0.68018267,0.886512352
20041215,0.49403147,0.532417784,-0.041059331
20041216,0.607654169,0.509524844,-0.010267468
20041217,-0.496073775,1.098618655,-0.897329522
20041220,0.36260076,1.10483111,0.18631617
20041221,0.526615911,0.296676866,0.412797284
20041222,0.358882723,0.270898121,0.616018375
20041223,0.327667711,0.178135599,0.122749606
20041227,-0.235716225,0.237095407,-0.36870177
20041228,1.041782479,0.392667949,0.980199802
20041229,0.43866431,0.305352849,-0.183057104
20041230,0.457666703,0.26863275,0.31505692
20041231,-0.076093853,0.148249756,-0.025371052
20050103,-1.271052752,0.757800277,-0.820407669
20050104,-1.059408211,1.113214956,-1.038943666
20050105,-0.09321113,1.248198031,-0.207017981
20050106,-0.352807256,0.985552366,-0.321727225
20050107,-0.81157453,1.012794952,-0.500209463
20050110,-0.104460471,0.721071663,-0.041797284
20050111,-0.608032065,0.783039178,-0.608032065
20050112,0.273310377,0.905404778,0.168102582
20050113,-0.7799365,1.037260457,-0.790434637
20050114,-0.04255772,0.562320258,-0.573006661
20050118,1.304850636,1.015271695,0.963735285
20050119,-2.010599084,1.191038326,-1.936848883
20050120,0.441739661,1.194172618,-0.042992262
20050121,-0.701378651,0.70370852,-0.722881715
20050124,-0.964724842,0.747537847,-0.586448249
20050125,0.260586467,0.456470483,0.445580262
20050126,-0.325556446,0.407543699,-0.238844973
20050127,0.561263496,0.532432491,0.016303019
20050128,0.31241609,0.810074976,1.032525323
20050131,-0.181691922,0.409440953,0.54706492
20050201,0.202634315,0.172710137,0.40568007
20050202,0.552957598,0.346510695,0.467687927
20050203,-0.330790463,0.455635941,-0.787824792
20050204,1.621023018,0.363629587,1.031430272
20050207,0.254049041,0.219436881,0.063451779
20050208,-0.021231423,0.190786138,-0.423774339
20050209,-1.595408324,0.745469901,-1.64850661
20050210,-0.210010578,0.483902257,0.113265566
20050211,0.730871697,0.445841186,0.671558115
20050214,0.513919761,0.328577807,0.278045308
20050215,0.957963686,0.373329522,0.808343053
20050216,0.434161745,0.298913824,0.253914652
20050217,-0.770153853,0.395785581,-0.91819237
20050218,-0.513315211,0.335289557,-0.539978323
20050222,-0.454251268,0.482650129,-1.099622982
20050223,-0.151810916,0.608050514,-0.10845988
20050224,0.876771325,0.504683552,0.692119125
20050225,0.389063497,0.288727284,-0.086253375
20050228,0.043219882,0.138682244,-0.151122654
20050301,0.731343333,0.39740668,0.806933207
20050302,0.183120641,0.522886148,-0.429553925
20050303,-0.873367997,0.47361767,-0.626149082
20050304,-0.615187305,0.307355685,0.032483353
20050307,-0.706332738,0.332128435,-0.727987134
20050308,0.489530485,0.44291505,0.489530485
20050309,0.466201311,0.664797914,0.325027372
20050310,0.0541272,0.528132562,-0.054097919
20050311,-0.925680446,0.37283828,-1.088150019
20050314,0.468844559,0.324366214,0.578193942
20050315,-0.676194091,0.355113564,-0.600078174
20050316,-0.154406119,0.594544185,-0.857242309
20050317,-0.698644372,0.593945954,-0.820130941
20050318,-0.591552593,0.400092593,-0.591552593
20050321,0.11176932,0.524118394,0.212468629
20050322,-0.100485689,0.500993434,0
20050323,0.67571567,0.713646171,1.177137412
20050324,-0.077122243,0.339722039,0.165462505
20050328,0.407063657,0.403483214,0.385017801
20050329,-0.165444255,0.53199379,-0.539440951
20050330,0.430868479,0.332057528,0.132377295
20050331,0.979051877,0.59130807,0.70306782
20050401,-1.259400153,0.889043849,-1.106260766
20050404,0.310352721,0.600599974,0.016601644
20050405,-0.667188064,0.409592636,-0.811160623
20050406,-0.044928676,0.492030456,-0.69413624
20050407,-0.699067003,0.670412118,-0.710302327
20050408,-0.784674521,0.377950884,-0.897886353
20050411,-1.278892942,0.589546812,-1.553272901
20050412,-0.104827917,0.901286486,-0.499855734
20050413,-1.420962198,1.030634667,-1.479247447
20050414,-0.975037451,2.129875873,-1.02235793
20050415,-3.058971319,4.811340415,-8.826135677
20050418,-0.519819234,2.311535611,0.169524719
20050419,-2.007546264,1.934590199,-1.708320125
20050420,-4.636861518,2.99548114,-4.597107989
20050421,1.387588581,1.39205316,2.683622164
20050422,0,2.418170001,0.283305417
20050425,-0.654601229,1.605137707,0.510616535
20050426,0.959495634,3.525917945,1.053272853
20050427,1.88684843,1.205246819,2.151749248
20050428,-1.516963835,1.17200477,-1.503984407
20050429,-0.938851596,1.151301517,0.578112239
20050502,-0.404040954,0.854272772,0.313930931
20050503,-0.404568252,1.485639903,-0.130684807
20050504,0.611702304,0.634537576,0.781559273
20050505,-3.270862954,1.957023266,-2.071390264
20050506,-0.344690783,0.629271525,-0.252006235
20050509,-0.372737386,0.461674857,-0.42587235
20050510,-1.945218704,0.837162822,-2.252438607
20050511,-0.517430348,1.254715733,-0.081877734
20050512,-1.231542659,0.807381031,-0.850018828
20050513,0.851185809,1.488229206,0.713406785
20050516,1.641939323,1.011647693,1.559882426
20050517,0.485765359,0.636745762,-0.013459856
20050518,1.757793227,1.299470092,2.708969265
20050519,0.859044721,0.702408553,1.081514223
20050520,-1.119074789,0.961088255,-0.963674602
20050523,0.385886217,1.121124583,0.228735845
20050524,-0.394789301,1.183289738,-0.990594252
20050525,0.779241875,0.534820846,0.223905263
20050526,0.872571793,0.554790913,1.449773972
20050527,-0.025940337,0.426643914,-0.038907983
20050531,-2.289926687,0.697139855,-2.017888175
20050601,1.679609095,1.277626485,1.706078127
20050602,0.739926787,0.505436828,0.609718436
20050603,-1.569480294,0.917124236,-1.906311808
20050606,-1.034354799,0.863623282,-1.113479161
20050607,0.133244523,0.768549317,0.106581412
20050608,-0.280243061,0.425588456,-0.360168468
20050609,0.534903656,1.165581531,0.200253722
20050610,0.026752274,0.775388445,-0.28046763
20050613,0.695561927,1.001861671,0.333800964
20050614,-0.206742546,0.498444822,-0.166761203
20050615,0.789477785,0.69016419,1.858580567
20050616,0.795258738,0.379809427,0.926234526
20050617,-1.6349138,0.710124396,-0.742916418
20050620,0.668548076,0.700678619,0.130736063
20050621,-0.431175947,0.646067569,-0.22235311
20050622,0.596939224,0.614552726,1.197463222
20050623,-1.83949478,0.930902034,-2.46246889
20050624,-1.514672748,1.59733768,-1.833440451
20050627,-0.135208241,1.248620774,-0.175735091
20050628,1.905075056,1.790474168,1.796776683
20050629,-0.693336111,1.013047492,-0.680047957
20050630,-0.764950385,1.01324507,-0.684704293
20050701,0.536914042,0.714380769,0.631171101
20050705,0.563079648,0.658491954,0.133779284
20050706,1.328217162,1.00544107,1.314847284
20050707,2.937145708,1.251300619,2.089121546
20050708,2.539211383,2.309815109,2.526288982
20050711,-0.505051579,0.868915415,-0.467261064
20050712,1.067514062,0.846026789,1.320358698
20050713,-0.184105606,0.213986708,1.672383357
20050714,0.364520452,0.57761491,1.2816776
20050715,-0.084956617,0.665221268,-0.109216685
20050718,-0.134252781,0.78199163,-0.584512137
20050719,-0.903477377,1.696029833,2.24619998
20050720,1.668691879,0.928268732,1.021750602
20050721,-0.236686501,1.433010467,-0.236686501
20050722,0.534411343,0.675798035,0.035538708
20050725,0.303183658,0.276674201,-0.231227684
20050726,0.011882835,0.387973885,-0.089076285
20050727,0.095419855,1.037584559,-0.333254296
20050728,0.382272595,0.391620954,-0.011922504
20050729,0.203873669,0.652763554,-0.478069513
20050801,0.492759846,0.695750713,-0.071907961
20050802,0.096026895,0.777622445,-0.071959706
20050803,0.967576085,0.546479939,0.919574164
20050804,-0.694946482,0.549496357,-1.135764495
20050805,0.782429511,0.751549709,0.276160348
20050808,-0.155978195,0.651997888,-0.143988506
20050809,0.227558635,0.736570839,0.37154714
20050810,-1.967830747,1.218478935,-1.896077575
20050811,0.874960011,1.290857896,0.76517043
20050812,0.060845758,0.55067838,-0.54595222
20050815,0.742050726,0.969760484,0.376419605
20050816,-1.127324768,0.742650044,-1.662020416
20050817,-0.073737253,1.118630845,0.233860652
20050818,0.049309666,1.121549923,-0.24618427
20050819,1.252067654,0.851115222,2.001042854
20050822,-0.169327568,0.991049818,-0.205574775
20050823,-0.776891502,1.026846645,-0.668005156
20050824,-0.478381777,1.15836669,-0.893573484
20050825,-0.418307697,0.715875147,-0.27086941
20050826,-0.583309131,0.575005731,-0.953862915
20050829,1.698002003,1.065559874,1.273902578
20050830,-0.285236133,0.97312908,-1.050105394
20050831,0.298248015,1.089193464,0.086897156
20050901,-0.738749995,1.109243734,-1.273743495
20050902,0,0.67614442,-0.088011573
20050906,1.527695363,0.718809119,2.029578475
20050907,0.296956417,0.704149082,-0.234466696
20050908,-0.542809129,0.700471677,-0.123624691
20050909,0.653315113,0.613069098,0.67805228
20050912,0.504709633,0.689389036,0.061413746
20050913,-0.862711784,0.861102007,-0.801335731
20050914,-0.446263292,0.794736537,-0.372024239
20050915,-0.523561405,0.662423983,-0.598132624
20050916,-0.099576807,0.7320079,0.361799409
20050919,-0.439892622,0.560942565,-1.139720522
20050920,-0.721659143,1.159235817,-0.872926031
20050921,-0.4886841,0.990266829,-1.446240092
20050922,0.847353895,1.286197735,0.834461482
20050923,0.372535597,0.653755338,-0.294475598
20050926,-1.155933755,0.931809231,-0.746464213
20050927,1.044160308,1.232515356,0.733641234
20050928,1.827925991,1.326514511,1.930463811
20050929,1.465548871,1.50092315,1.150587981
20050930,0.237159195,0.499908956,-0.261470609
20051003,0.249004113,0.79638055,0.261470609
20051004,-0.796717771,1.08161633,-0.511127461
20051005,-0.42531963,1.248607951,-0.300413294
20051006,-0.175548634,1.399150592,-0.112888065
20051007,0.248911143,0.939384308,0.961726016
20051010,-0.061564984,1.239977586,0.915621344
20051011,1.136375865,0.969012504,2.433506142
20051012,-0.66687122,1.275553814,-1.197184623
20051013,0.63445796,1.622455874,0.024327941
20051014,-0.230289175,0.991240289,0.230820731
20051017,0.278872566,0.948857467,0.218181905
20051018,-1.073996004,1.343235881,0.916000137
20051019,2.077528939,1.745948947,0.943346897
20051020,-0.993009296,1.217979253,-1.159537228
20051021,0.3364579,1.669650984,0.228187212
20051024,0.491873105,1.072782086,0.239635868
20051025,0.408408976,1.522292062,-0.167684792
20051026,-0.024108004,1.085400629,-0.565007213
20051027,-0.157642669,0.731433518,-0.665257972
20051028,-1.03792372,1.546731435,-1.135058259
20051031,0.404040954,0.657066961,0.453126732
20051101,-0.28136296,0.943065659,-0.256928018
20051102,-0.197238723,1.048734176,-0.725398152
20051103,1.888342643,1.150958989,2.220957671
20051104,0.108492567,0.667042434,0.168817115
20051107,0.215465729,0.81013875,0.75616996
20051108,-0.264105796,0.519979027,-0.52751591
20051109,0.169123017,0.842607593,-0.409540442
20051110,1.690586394,0.96022918,1.50937221
20051111,0.41481541,0.328507842,0.521760937
20051114,0.225265375,0.796186939,-0.130185236
20051115,1.72255321,0.951242866,1.235818706
20051116,1.302192567,0.930082739,1.255392519
20051117,0.820481866,0.828559736,0.368961562
20051118,-0.301590692,0.903202217,0.967795671
20051121,-0.24001383,0.826760318,-0.394004792
20051122,1.269531547,0.738159951,0.684231202
20051123,0.768712806,0.655643993,0.916347834
20051128,0.382151752,0.392257583,0.382151752
20051129,-0.056082106,0.619555005,-0.011218938
20051130,-0.202338199,0.671959735,-0.292135039
20051201,0.134514088,0.528653657,0.449085744
20051202,-0.427880396,0.512877388,-0.730791942
20051205,0.079154185,0.583265616,-0.169405428
20051206,0.292200702,0.703849211,0.720805013
20051207,-0.281294138,0.785739377,-0.404813327
20051208,-1.215440646,1.107331614,-1.418463499
20051209,0.195660994,0.539090658,-0.607556176
20051212,-1.179204416,0.72330121,-1.133222118
20051213,-0.951255687,1.005888125,-2.699203293
20051214,-0.599522179,1.043567327,-0.659277186
20051215,0.775220973,0.696069415,0.44997826
20051216,-0.561832809,0.927583468,-0.125789947
20051219,-0.566300688,0.66595873,-0.794323589
20051220,-0.556094276,0.559708286,-0.3267779
20051221,0.790804278,1.066332696,0.802926225
20051222,0.421560395,0.389423536,0.054101171
20051223,-0.608993464,0.282706091,0.347951638
20051227,-0.564599974,0.807252413,-0.576578174
20051228,-0.012034418,0.663425644,0.096327521
20051229,-0.411473411,0.419418473,-0.76110304
20051230,0.365854067,0.537114172,-0.37664828
20060103,-0.474136199,1.35042669,-0.109615747
20060104,-0.535802548,0.894848785,-0.195169616
20060105,1.360482199,0.981861117,0.748110414
20060106,1.172374136,1.685558802,2.896502989
20060109,-0.178944277,0.723338661,-1.410895418
20060110,1.147926034,0.563749313,0.428929527
20060111,-0.237332495,0.91211093,0.071309725
20060112,-0.298703848,0.521035,-0.715395921
20060113,0.306757932,0.765688221,-0.37764169
20060117,0.265348123,0.417523653,-0.282664449
20060118,-0.023840744,1.149980064,1.030566341
20060119,-1.386421156,0.580364525,-0.946284836
20060120,-2.080746724,1.012112929,-2.14094055
20060123,0.086032083,0.723506544,0.086032083
20060124,-0.702795569,1.663861821,-0.715081336
20060125,-0.111104264,1.085390017,0.173074589
20060126,-0.593033613,0.774269395,-0.321663026
20060127,0.444829598,0.730822554,0.506768281
20060130,0.835796409,0.536355456,0.724774378
20060131,-0.184218658,0.754894273,-0.42931682
20060201,1.399310914,1.201209685,0.844609954
20060202,-0.270469799,0.546284608,-0.992229614
20060203,-0.71015062,0.70252816,-1.550803364
20060206,-0.514204431,0.963928485,-0.564229445
20060207,0.564441762,1.152487401,0.526713031
20060208,0.608357454,0.839491306,1.045175621
20060209,-0.037320396,1.343019026,-0.521222327
20060210,1.076276858,0.793119957,1.113597254
20060213,-1.050624583,0.765023903,-0.976823841
20060214,0.735956814,1.04371534,0.822897142
20060215,-0.037108047,0.961790475,-0.388949402
20060216,0.272311098,0.611991859,0.086564032
20060217,-0.259885054,0.615512671,-0.247524879
20060221,0.485709903,0.606936129,-0.260562217
20060222,1.661126581,0.845705535,1.050494737
20060223,-1.029338784,0.794381279,-1.386504014
20060224,0.187324438,0.410652256,-0.087298129
20060227,0.648138876,0.539663323,0.423307405
20060228,0.049925113,0.451465176,-0.43578479
20060301,-0.087527358,0.402183607,-0.249875192
20060302,0.551587208,0.655022723,0.062527358
20060303,0.614383476,0.626539829,0.012500781
20060306,0.162550833,0.382680271,0.049987504
20060307,0.361799409,0.629919152,0.324311124
20060308,1.002545683,0.615445441,1.114562621
20060309,-0.135643402,0.853483056,-0.197238723
20060310,0.737738499,0.879312459,0.725398152
20060313,0.452627845,0.396209183,0.366838269
20060314,1.66680664,0.539485707,1.152855436
20060315,0.915338199,0.778133028,0.637442774
20060316,-0.66141784,0.803509014,-0.637442774
20060317,-0.060006002,0.571625289,0.505477066
20060320,0.528022348,0.585324698,0.299670587
20060321,0.047709925,0.729090476,0.37034867
20060322,1.107351912,0.757341001,0.701090151
20060323,-1.218361941,0.653684045,-1.479211034
20060324,0.444845939,0.724800652,0.180104509
20060327,0.156541666,0.42503102,-0.300354644
20060328,-0.508168063,0.812382801,-0.809427554
20060329,1.137063176,0.823128452,0.84551778
20060330,0.373336978,0.845020038,0.060121447
20060331,-0.556094276,0.738817058,-0.845007442
20060403,0.434258825,0.582646506,0.712692514
20060404,0.420294825,0.71184438,0.44436511
20060405,1.026752096,0.707500397,0.882849924
20060406,0.1432665,0.796084919,-0.440450685
20060407,-1.324522675,0.698234177,-1.587334916
20060410,-0.212927837,0.508522282,-0.486027688
20060411,-0.822140958,1.172458301,-1.15155015
20060412,-0.382976563,0.699879009,-0.456931947
20060413,0.944039378,1.577169235,1.42561097
20060417,-0.085642631,1.26469147,-0.305530332
20060418,1.71917067,1.26700904,1.951458812
20060419,-2.484450024,1.721075405,-1.71917067
20060420,0.488699812,1.241177182,0.195193425
20060421,-1.023525446,0.945635277,-0.488699812
20060424,0.997468724,1.239889791,0.567888437
20060425,0.715544864,1.711853145,0.770331047
20060426,0.63774959,0.598122303,0.746451817
20060427,1.078371342,1.125384875,0.645626346
20060428,-1.338094825,1.278601406,-1.815935897
20060501,-0.449002635,1.088731443,-0.218685545
20060502,0.425351556,1.084340095,0.291474581
20060503,0.314503707,0.771758479,0.411473411
20060504,-0.447482152,0.466967821,-0.362976805
20060505,0.469060936,0.377654611,1.013033265
20060508,0.302206335,0.705608768,-0.589688212
20060509,0.784885995,0.414950505,0.349418995
20060510,-0.012063454,0.663051286,-0.301150622
20060511,-0.157413606,0.792504339,-0.44737394
20060512,-0.097052052,1.44915961,-0.157661788
20060515,1.227158344,1.948541247,0.508475672
20060516,-0.956365863,1.16274685,-0.727187788
20060517,-0.588886501,1.168532694,-1.15000044
20060518,-0.297066687,1.559267442,-0.741018582
20060519,-0.832044539,2.380351758,-0.596794013
20060522,0.237722977,1.755908383,-0.212221539
20060523,-0.65008355,1.458643141,-0.363067691
20060524,0.590565265,1.990138988,0.112817311
20060525,0.337394884,0.42969895,0.425053772
20060526,0.671393794,0.955599202,0.671393794
20060530,-0.249221313,0.750721104,-0.683869622
20060531,-0.312402628,0.953800142,-0.312402628
20060601,0.971607045,0.883876955,0.959090618
20060602,-1.237438451,1.173433199,-1.448395904
20060605,-0.063231112,0.871877224,-0.580223626
20060606,0.86896838,1.538341002,0.881617801
20060607,-0.830715916,0.999392109,-0.793105435
20060608,-1.967023631,4.308856999,-2.690055893
20060609,0.413437281,1.941038895,0.698670199
20060612,-0.801866687,0.776302709,-0.711654682
20060613,-0.434487244,2.056605579,-0.097437404
20060614,1.073124268,1.113029881,1.066625064
20060615,0.876048701,1.435687682,0.991722514
20060616,-0.677968699,1.130479099,-0.799007095
20060619,-0.282812889,1.129360311,-0.295649036
20060620,0.154043676,0.813703881,0.359805066
20060621,0.281690327,0.869310973,0.320164197
20060622,-1.248809277,0.903182592,-1.312760165
20060623,-0.025926886,1.047989263,-0.077760502
20060626,0.155642055,0.978857828,0.038887809
20060627,-0.948613442,1.179978965,-0.741466812
20060628,0.07836991,0.555421413,0
20060629,1.244506599,1.205584681,1.335860602
20060630,-1.178083403,0.600256442,-1.07507026
20060705,-0.243886906,0.908231434,-0.46159846
20060706,0.603920885,1.110172309,0.320780412
20060707,-2.148671842,1.319156567,-2.11024725
20060710,0.693311692,0.778815979,0.365678872
20060711,0.288109157,1.261456649,-0.313357092
20060712,-0.758754011,0.671062156,-1.283207816
20060713,-1.03183495,1.712966469,-1.676334042
20060714,-0.920168874,0.984669807,-0.920168874
20060717,0.476029461,0.901642155,0.190139946
20060718,0.783893729,2.156581382,0.783893729
20060719,-0.367165374,1.226867346,2.446930594
20060720,-0.224971973,1.074802289,-0.844332193
20060721,-0.824692091,1.413632477,-0.811444426
20060724,1.404927018,0.591556945,1.471687152
20060725,-0.131682927,1.224884226,-0.118522434
20060726,0.436248957,1.091862892,-0.105471335
20060727,0.407975824,1.014803089,0.434354089
20060728,0.736999912,0.649267518,1.051712996
20060731,1.235145391,0.774617591,0.576669237
20060801,-0.941183418,0.598246686,-1.628382233
20060802,0.091809305,1.034231972,0.183702978
20060803,0.3939598,0.967824896,0.026215756
20060804,-0.99646819,1.327806824,-0.538801487
20060807,-0.125690487,0.909279637,-0.468879842
20060808,-0.450570601,1.400682422,-0.324880113
20060809,-0.18545508,0.856545248,0.172516797
20060810,0.662692949,0.928875529,0.370566861
20060811,0.185651824,0.494628286,-0.291043994
20060814,1.15350604,0.695791227,1.642504569
20060815,0.207846269,0.786573408,0.429157301
20060816,2.044015976,0.814240594,2.58756591
20060817,1.025779906,0.681622796,0.36604648
20060818,0.652940542,0.685049659,0.665538967
20060821,0.012609545,0.465179189,-0.741162868
20060822,-0.391785651,0.480219154,-0.429619059
20060823,-0.38071112,0.87277853,-0.406040401
20060824,0.63171404,0.392913445,0.949073875
20060825,0.867438967,0.658248022,0.615232024
20060828,0.461952254,0.188919807,0.486983543
20060829,1.672176202,0.48010565,1.397759166
20060830,0.036948088,0.7407593,-0.245972329
20060831,-0.369686188,0.324348181,-0.258923762
20060901,0.418204792,0.349539098,0.578569965
20060905,-0.370187984,0.606639958,-0.714464729
20060906,0.049806999,0.527607881,-0.694705684
20060907,-0.640343704,0.830395024,-1.177073445
20060908,1.122206291,0.471057723,1.574638883
20060911,0.482704075,0.916372995,0.420688569
20060912,1.346574393,0.491783024,1.531611145
20060913,-0.279346754,0.673124558,-0.024322024
20060914,0.802631087,0.7552734,0.412672026
20060915,-0.39737544,0.316606893,0.386847678
20060918,-0.351878055,0.664342628,-0.738725733
20060919,-0.085433581,0.546078318,-0.450753032
20060920,1.25469133,0.950965817,1.826921539
20060921,-1.107673671,1.299422531,-2.071420439
20060922,-0.662741748,0.74488236,-0.601560957
20060925,0.317576913,0.581752331,0.968085497
20060926,0.717808301,0.761085272,0.595782661
20060927,0.146234489,0.962411929,-0.449548172
20060928,0.128201232,0.488081535,-0.201127601
20060929,0.048828126,0.600991078,-0.018304402
20061002,0.158875683,0.680032086,-0.061038884
20061003,-0.256802342,0.683913473,-0.269014591
20061004,1.766197704,0.573574868,1.747829419
20061005,0.156862777,0.623471684,-0.204757675
20061006,0.270945766,0.868690916,0.25888813
20061009,1.029086502,0.748440679,1.011046272
20061010,0.571770468,0.354858367,0.225935051
20061011,0.08315021,0.610672118,0.035627338
20061012,0.662881215,0.421314486,0.639131067
20061013,1.853642938,0.759866908,1.487233923
20061016,1.18824757,1.069986988,0.862248911
20061017,0.945143043,1.300954585,0.454167328
20061018,-0.344540491,2.566251113,2.994743264
20061019,0.479563736,1.213201128,0.066777966
20061020,0.4764288,0.556057369,0.654285672
20061023,1.662942346,0.948790242,1.197619105
20061024,0.646896615,0.712136983,-0.06555228
20061025,0.775409335,1.036022782,0.457966126
20061026,-0.31630064,0.609458961,-0.414259832
20061027,-0.088037862,1.555266398,-0.778640771
20061030,1.309221627,1.15896593,0.724004918
20061031,0.762115828,1.657004516,0.773045387
20061101,-0.770528529,0.989405585,-0.445677133
20061102,-0.130804466,0.648138468,-0.119910626
20061103,-0.26215198,0.762149834,-0.273060079
20061106,1.20581549,0.72668598,1.282347501
20061107,0.334863937,0.440897371,0.129491763
20061108,0.367886154,0.958026347,-0.151090035
20061109,-0.118873954,0.55360137,-0.118873954
20061110,-0.564973254,0.531215926,-0.759799596
20061113,0.544663656,0.533008334,0.293749871
20061114,1.381714555,0.753606234,1.327381492
20061115,0.075175861,0.490939703,-0.139462555
20061116,0.353944704,0.427052856,0.268024819
20061117,0.379284089,0.3752437,0.400695073
20061120,-0.150005385,0.439008525,-0.550700459
20061121,0.225915862,0.352694005,-0.214684496
20061122,0.665167134,0.36385797,0.493087075
20061127,-1.362855355,0.942629213,-2.045415176
20061128,0.74733835,0.860251973,-0.142239753
20061129,0.17499731,0.416190422,0.196893522
20061130,0.643790755,1.030558379,0.468793445
20061201,-0.70980369,1.001978228,-0.753319792
20061204,1.075279178,0.881497423,2.435844383
20061205,0.979043683,0.754250072,0.989738298
20061206,-0.286183883,0.365760283,-0.233248621
20061207,0.22846223,0.836784125,0.005307151
20061208,0.202677546,1.027779368,-0.398820023
20061211,-0.064040988,0.443516118,-0.192000059
20061212,0.527227955,2.317314749,0.505871842
20061213,0.137253888,0.928912108,0.682849436
20061214,0.399327979,0.638966235,0.599591551
20061215,-0.246363642,0.67254844,-0.083936633
20061218,0.483041998,0.717765681,0.199234586
20061219,1.046034642,0.59728387,0.66820044
20061220,-0.1457878,0.386356418,-0.1457878
20061221,0.218989607,0.635386477,0.04167535
20061222,-0.47113106,0.37105663,-0.742331811
20061226,0.549955557,0.434030492,0.4554624
20061227,0.837170927,0.312294608,1.487960677
20061228,-0.23185728,0.337577208,-0.237003563
20061229,0.231821447,0.363751325,0.247295335
20070103,0.701540069,1.379742536,0.102859503
20070104,1.382156633,1.148823045,1.104192795
20070105,-0.373889652,0.849829346,-0.929574087
20070108,0.506792084,0.769066421,1.497354179
20070109,0.807973683,0.523654793,1.1309779
20070110,0.486569637,0.961246859,-1.151200347
20070111,-0.030399757,0.583279599,-0.222717241
20070112,0.667140855,0.702387888,0.596172129
20070116,1.449662978,0.718220342,1.489953067
20070117,0.039968026,0.727362048,-0.647251451
20070118,-0.381833261,1.133401463,-0.772204609
20070119,1.413858186,2.611545632,-3.243416944
20070122,0.723442593,0.914222149,0.983088582
20070123,0.216461456,0.938265081,0.01029707
20070124,0.257188558,0.66688874,0.215993913
20070125,0.18471016,0.840122145,0.215528384
20070126,-0.041038269,0.99229183,-0.092312433
20070129,0.978800637,0.535722485,1.132607383
20070130,0.625885346,0.444282382,0.818475746
20070131,0.333451529,0.572431475,-0.24181372
20070201,0.156656676,0.528902313,-0.111027011
20070202,0.131094659,0.627825098,0.211853799
20070205,1.198219535,0.375562365,1.102436501
20070206,-0.150112613,0.332456508,-0.479569308
20070207,-0.230726892,0.470333811,-0.280814546
20070208,0.886923774,1.034199315,0.090347845
20070209,-0.788121691,0.877817598,-1.089599158
20070212,-0.263237977,0.528945461,0.060845758
20070213,-0.365593989,0.538958348,-0.355456628
20070214,0.768612198,0.443179185,0.982037758
20070215,-0.201816416,0.600697868,-0.262282002
20070216,-0.14134278,0.255496732,-0.020204061
20070220,0.712142205,0.306705167,0.373115947
20070221,0.202020271,0.509330358,-0.251952766
20070222,-0.238125508,0.638309869,-0.536248566
20070223,-0.52552482,0.670243561,-0.845606384
20070226,-0.611968689,0.713613191,-0.832182334
20070227,-2.15843292,3.429913387,-3.117312426
20070228,-0.643502864,2.029322471,-1.086182058
20070301,2.48010078,2.418547297,-0.734344553
20070302,-0.886753854,2.424858952,-1.441072973
20070305,1.825430058,1.635110315,0.908549843
20070306,1.568912474,1.190221174,2.177279369
20070307,0.095800742,1.376684016,0.213015311
20070308,-1.60020483,1.067066205,-1.069643314
20070309,-0.149941123,1.074985416,0.332814736
20070312,0.9070115,0.898258392,0.896292812
20070313,-1.126319228,1.434847118,-1.54145634
20070314,1.136863381,2.411063646,1.147650286
20070315,0.042812802,0.892026492,-0.341844153
20070316,-0.235596596,0.657023057,-0.192802116
20070319,0.266311742,0.737609544,0.779626953
20070320,0.504046697,0.450131583,0.504046697
20070321,0.895449755,1.387370278,0.921908281
20070322,-0.068282693,0.641761594,-0.199464661
20070323,0.210703828,0.493253697,-0.147228968
20070326,0.01052687,0.639455584,-0.021050416
20070327,0,0.531846536,-0.305730036
20070328,0.201923656,1.155293999,-0.55055724
20070329,-0.453706924,0.809974308,0.392053482
20070330,-0.047759294,0.948762988,-0.381437208
20070402,0.759016927,0.568509631,1.076982218
20070403,0.668270212,0.305024445,0.909524852
20070404,0.437591863,0.334552641,0.104014988
20070405,0.550679349,0.246175436,0.332122775
20070409,0.176156721,0.493358766,0.082858627
20070410,-0.155384089,0.404239456,-0.134680155
20070411,-1.414022673,0.727597353,-1.36738209
20070412,0.723690819,0.937063848,0.565920605
20070413,-0.682453171,0.535434106,-0.807936822
20070416,1.214293158,1.166954878,1.245893727
20070417,0.930527806,0.973987267,1.096865302
20070418,-0.021099272,1.892142309,-2.490360531
20070419,0.122051542,0.666302846,-0.528933847
20070420,-0.474559288,0.665078945,0.338839799
20070423,-0.099666911,0.444990765,0.705748966
20070424,1.297194023,1.328743685,3.37475914
20070425,2.2625174,0.779381373,2.930063118
20070426,0.128949083,0.687409069,-0.583149663
20070427,0.80425395,0.54625904,0.237623874
20070430,1.111614417,0.578977136,1.081942294
20070501,1.081723748,0.646830035,0.925075977
20070502,-0.595094679,0.551734079,-0.944643534
20070503,1.262927354,1.286510759,0.575639426
20070504,0.165233065,0.49326574,0.174961164
20070507,0.417699378,0.454342586,0.184349734
20070508,0.85537069,0.364456272,0.154978721
20070509,0.470408394,0.714765196,1.049448807
20070510,0.882415087,0.674513072,0.29646653
20070511,1.153174483,0.400195909,1.186591359
20070514,-0.250763066,0.607512716,-0.401863293
20070515,-0.504306697,0.584295832,-0.679741179
20070516,0.720518855,0.432796675,0.977747597
20070517,-0.331895426,1.101834775,-0.549399885
20070518,2.072249469,0.984222909,2.550775955
20070521,-0.550348854,0.528391944,-1.01438681
20070522,-0.266822862,0.488601293,-0.224740239
20070523,-1.342428487,0.601574042,-1.159788588
20070524,-1.27171002,1.427122872,-1.452069839
20070525,1.080678045,0.769265053,1.157630723
20070529,0.19399566,0.7814839,0.611651702
20070530,1.544868705,0.899212171,1.13277045
20070531,-0.589199741,0.769927749,-0.346458514
20070601,-0.065681447,0.607738978,-0.065681447
20070604,0.296994915,0.510767617,-0.300808649
20070605,-0.45248946,0.451015731,-0.358389519
20070606,-2.632680865,0.910752566,-3.182184853
20070607,-0.802745378,1.378360823,-0.768613188
20070608,1.264264027,0.712178833,1.308484639
20070611,0.262097903,0.721456188,0.067885373
20070612,-0.642901104,0.872677498,-0.798135442
20070613,0.179581187,0.876547402,0.759349443
20070614,0.65726121,0.578637153,0.66695912
20070615,0.649228937,0.700724273,1.225599409
20070618,0.15201181,0.309020414,0.242378276
20070619,1.588085176,0.564539797,1.221915045
20070620,-0.470589104,0.711060666,-0.592580392
20070621,0.805259702,0.718848609,0.569132083
20070622,-0.57872179,0.825646006,-1.421813706
20070625,0.37646879,0.880744023,0.019027685
20070626,0.218600097,1.126632105,0.199572411
20070627,0.934229864,0.83884554,0.05694761
20070628,0.311747454,0.721773332,0.596000061
20070629,-0.738709676,0.983740845,-0.776445526
20070702,-0.650570949,0.635140935,-0.237925404
20070705,1.98026273,0.697610148,1.378304554
20070706,1.189666818,0.790024328,0.883983657
20070709,0.445803528,0.655671923,-0.041262637
20070710,0.027633215,0.717249817,-0.418170313
20070711,0.731390827,0.776097072,0.47318338
20070712,-0.082338416,1.301903639,0.151130069
20070713,-0.055274069,0.526600831,-0.679587518
20070716,1.11866195,0.467443841,1.054136898
20070717,1.134570827,0.846827445,1.025091754
20070718,0.595669631,2.119634207,0.297391288
20070719,0.895819038,1.26304456,4.336352947
20070720,-0.221503272,1.298585545,-0.917556751
20070723,1.301893348,0.717029519,1.175721345
20070724,1.235383514,1.187642653,0.09878665
20070725,2.142143431,1.130740265,1.271185483
20070726,-0.051282052,4.628833308,-0.842809228
20070727,-0.774730569,2.220761525,-1.074401155
20070730,-1.026899634,2.25779176,-1.217194649
20070731,-3.649065536,2.668636032,-3.561630014
20070801,1.610398709,4.855703482,1.555996676
20070802,1.332050599,2.103408892,1.162339514
20070803,-1.296643389,1.986048004,-1.323111252
20070806,1.515449066,1.32407924,1.618194156
20070807,0.008818731,2.962413097,-0.259803312
20070808,-0.740809455,1.802933134,-0.379909455
20070809,-1.245480013,5.085810599,-1.840323512
20070810,2.193938025,7.904620758,1.370068442
20070813,0.026592209,2.01827385,0.346251511
20070814,-0.898222945,2.024444679,-0.791924769
20070815,-0.287279127,2.385278075,-0.636288386
20070816,-0.391247485,5.956455823,-1.394192418
20070817,-1.060684102,5.544886407,0.880423205
20070820,-1.453249917,1.733863332,-1.236604229
20070821,0.197243246,1.543776416,-0.173984752
20070822,0.013638533,1.193975034,0.80329049
20070823,1.000233615,0.721748094,1.390416044
20070824,1.642921128,1.746528119,1.508337644
20070827,0.243131654,0.639977542,0.017662384
20070828,-0.853945769,0.941516251,-1.159059981
20070829,2.062655763,1.017936341,2.365929566
20070830,1.1339968,1.346184591,0.582838412
20070831,0.770310425,0.818892573,1.159870716
20070904,1.569194743,0.661732014,1.315948552
20070905,0.565441636,0.934270733,-0.203286535
20070906,-0.093477806,1.102788786,-0.271693154
20070907,-0.775799081,1.654056058,-1.766921343
20070910,-0.301789408,1.623567904,0.207468954
20070911,0.804041625,0.742459552,1.355196999
20070912,-0.807009874,0.830321627,-1.174014084
20070913,-0.383133984,0.683304726,-0.073296401
20070914,-0.320860528,1.059131012,-0.688150559
20070917,0.069875101,0.623990487,-0.522512728
20070918,1.334764206,1.594719036,1.726904485
20070919,0.034290613,0.74731771,0.124359458
20070920,0.454799771,1.063375075,0.111363356
20070921,-0.508428602,0.685618701,-0.059949473
20070924,-0.317828726,0.810572155,-0.429258901
20070925,0.326572996,1.390488565,0.274937883
20070926,0.349993955,0.897056015,0.684055682
20070927,0.229523627,0.670293264,0.357264756
20070928,0.612611462,0.892588395,0.101841645
20071001,1.123180325,0.812390969,1.004354984
20071002,-0.413485252,1.033888752,-0.690994575
20071003,-1.03379963,0.727113705,-1.550947152
20071004,-0.483092727,1.114850095,-0.689420173
20071005,-0.008602521,0.70444338,0.517510211
20071008,1.436413206,0.584968224,1.333125196
20071009,0.304671867,0.928461737,0.457356603
20071010,0.431272073,0.620294444,0.143550795
20071011,-0.818466367,2.863612933,-0.405851576
20071012,-0.647662433,1.105477335,-0.250249319
20071015,0.03813317,1.478125683,0.250249319
20071016,1.35100222,2.033750351,1.325581722
20071017,-1.976518756,2.738553402,-3.735130236
20071018,-0.060978267,1.38978127,-0.400035319
20071019,-1.767611201,2.294358915,-2.300573015
20071022,2.254294241,3.172569553,1.196557596
20071023,0.642470687,1.056547945,1.112728877
20071024,-0.968658507,2.025891126,-1.545381532
20071025,-0.451587964,2.698515378,-0.292436736
20071026,0.900111972,1.567476156,1.015416433
20071029,0.708075864,0.663238664,0.848537655
20071030,-0.314685574,0.79099204,-0.506507065
20071031,1.186829022,1.831114863,1.649772592
20071101,-1.631300623,1.582790544,-2.10607384
20071102,0.358000819,1.844509073,0.901814105
20071105,-0.501386457,1.859790242,-1.166015052
20071106,-0.335008689,1.648434788,-0.141193105
20071107,-1.057926309,2.446147631,-2.042981087
20071108,-3.732311397,7.234737943,-4.465047952
20071109,-3.887544902,11.88910804,-5.651275821
20071112,0.380519843,3.5842027,1.086077774
20071113,2.232181964,2.142699152,3.827361847
20071114,-2.473522713,2.806311225,-2.212766373
20071115,0.473636766,4.195713648,0.65789711
20071116,0.373366955,3.064114035,0.911933366
20071119,-2.253807253,2.744581914,-2.349409555
20071120,1.06849001,4.765708417,1.244425937
20071121,-0.342315362,3.346889419,-1.391276029
20071126,-2.397823952,2.651732106,-2.205793168
20071127,1.688704726,2.573548791,2.07115187
20071128,2.585659499,1.65665036,3.252280676
20071129,0.695176243,1.757536172,0.181492476
20071130,-2.271868852,3.517110464,-1.678505346
20071203,0.236462631,2.731386719,0.094517965
20071204,1.036278704,1.756684768,0.799816073
20071205,0.681678542,1.344489997,1.386778239
20071206,1.505582465,1.110105415,1.431611126
20071207,-1.078621061,1.199847937,-0.860180999
20071210,0.421130349,0.883021626,0.595594375
20071211,-2.316277475,8.356966212,-2.366536768
20071212,-0.537401105,3.604307956,1.545525391
20071213,0.518375686,2.378275741,-0.23515861
20071214,-1.688753896,3.301501868,-2.448720483
20071217,-0.837701234,1.614875608,-1.027113167
20071218,1.516616747,3.419255173,1.602613599
20071219,0.698762428,1.764991237,0.64700868
20071220,1.005033585,1.876507017,1.861251008
20071221,0.942035952,2.083536995,1.746133852
20071226,0.282695214,0.709497595,-0.058234597
20071227,-1.025556931,1.297027779,-1.776679269
20071228,-0.272492107,1.430367474,0.296040113
20071231,-1.398752905,1.056954235,-1.868269438
20080102,-3.267589552,2.798106324,-2.953007501
20080103,0.491964788,1.267606501,0.162128689
20080104,-2.558983272,2.609568931,-3.747647574
20080107,-0.124741178,3.937385438,-0.929314677
20080108,-2.96595454,3.67021395,-2.851186931
20080109,0.162849909,3.795395482,1.022190235
20080110,2.42343926,4.794929497,1.503939525
20080111,-1.847205674,2.465204572,-2.228617358
20080114,-2.122936459,6.885343852,5.364659777
20080115,-0.831422601,4.119186637,-1.162065711
20080116,1.059048845,4.120330892,-0.236011517
20080117,-1.108560918,4.874385057,-0.197102656
20080118,-2.396127671,6.428012666,1.682520371
20080122,1.443170108,10.49612613,-1.850363625
20080123,5.949457179,11.06602091,4.756600092
20080124,0.920799515,6.293835532,0.74161335
20080125,-2.47813684,5.609557438,-2.365966329
20080128,0.620201406,2.577679312,0.677645161
20080129,0.401407826,1.72646375,0.909011088
20080130,-0.18908959,4.210561986,-0.396676002
20080131,2.869107465,4.857939218,1.372201982
20080201,1.944505712,4.047685365,1.776344237
20080204,-0.494535706,2.750831888,-1.046261244
20080205,-1.80287105,2.881979643,-2.747877268
20080206,-1.807191699,2.02155009,-1.294175183
20080207,-0.711261341,4.562014601,-1.330698088
20080208,0.738656289,2.317522239,0.973054287
20080211,2.258408497,1.655138723,1.884902691
20080212,1.42785273,1.715639245,1.204293286
20080213,1.39381554,1.32910827,1.731242048
20080214,-2.105046108,2.279495982,-2.211220382
20080215,0.169763315,1.319778911,0.113143516
20080219,-1.714854126,1.671894096,-1.122941842
20080220,2.613176235,2.399138296,2.675100166
20080221,-1.125645636,1.783169075,-0.829184422
20080222,1.157479512,2.797164658,1.204245635
20080225,2.098573169,2.30854036,1.691033124
20080226,4.408636565,8.546769995,3.916653066
20080227,2.930101491,2.584866326,1.676924709
20080228,-0.138744386,1.586988635,-0.967192341
20080229,-0.035090798,1.594921526,-1.108165435
20080303,0.245312897,1.48502579,0.271632149
20080304,2.104881204,2.371956064,1.239227112
20080305,0.008674908,1.501472593,-0.367989679
20080306,-2.214696372,1.751658162,-2.414409893
20080307,1.708384103,3.152331529,1.245214129
20080310,-0.078805661,2.220475877,0.192897912
20080311,0.283541883,3.111317035,2.071939231
20080312,0.815210247,1.445858024,0.393903575
20080313,0.207218171,3.01101822,-0.918658532
20080314,-0.657185988,5.997541396,-0.583899066
20080317,1.801062848,5.249611938,0.125718018
20080318,1.824899283,2.683705772,2.507083182
20080319,-0.345925053,2.822455043,-1.245684964
20080320,1.142529789,1.651285612,1.292150422
20080324,0.556212457,0.825479709,0.501296414
20080325,-0.186188273,1.484615972,-0.793119244
20080326,-0.380041878,1.675316423,-1.004605759
20080327,0.121180661,2.058676421,-1.092624971
20080328,-1.395472266,1.898746811,-0.894996633
20080331,0.715472906,1.963104989,0.392003638
20080401,0.309597771,2.111353522,1.244184012
20080402,-1.632795119,1.431113503,-1.42692783
20080403,1.327395537,1.352171273,1.057019025
20080404,-0.258732356,1.906011832,-0.198421322
20080407,-0.111852023,0.889167019,0.310398594
20080408,0.569310603,0.854391683,0.08605112
20080409,0.394494744,1.50040791,0.493362077
20080410,1.620670999,1.415159604,1.676289543
20080411,-1.065592623,1.094355054,-2.20836546
20080414,1.125843959,1.129781512,1.065592623
20080415,-0.025576538,1.989308426,-0.153361196
20080416,1.501265248,1.583819227,2.401025159
20080417,1.381926403,2.176841611,2.474742975
20080418,0.677148899,0.740096493,1.074280353
20080421,1.425933583,0.948908481,-0.128627721
20080422,0.295265852,0.957982914,-0.411108555
20080423,0.690077835,2.194669874,-0.161681523
20080424,0.593881152,1.394353954,0.42788585
20080425,-0.87343863,1.031401183,-0.825113887
20080428,-0.625935318,0.804528329,-1.041059434
20080429,0.52705889,1.369295725,0.70746814
20080430,-2.036864111,1.367689722,-1.792663745
20080501,1.862875065,1.334792655,2.470880247
20080502,-0.753436545,1.857553457,-0.458409354
20080505,0.147553105,0.796213402,-0.726385565
20080506,1.48861702,1.124006434,0.616542385
20080507,1.017583224,1.608520694,0.911694153
20080508,0.843886865,0.826323985,0.795472436
20080509,0.008059641,0.794682804,-0.698713841
20080512,1.083869147,0.85799626,0.922552771
20080513,0.937780059,1.109280583,0.945765047
20080514,0.736296269,1.080674911,0.815366408
20080515,1.017621306,1.041775014,0.738703013
20080516,-0.211011762,1.18091848,-0.452736703
20080519,-0.701011062,1.18284754,-1.026214601
20080520,-0.302644385,1.000421662,-0.909151309
20080521,-1.110139307,2.863693474,-1.40570209
20080522,0.736881468,1.318653261,0.813700361
20080523,0.096556171,1.079370134,-0.2329599
20080527,2.488897209,1.347434844,2.376239274
20080528,1.65138509,1.281671759,1.643531172
20080529,0.425450265,0.86277099,0.08494537
20080530,0.495663964,0.58161177,-0.08494537
20080602,-0.968984686,0.928739707,-1.627825188
20080603,0.191814664,1.560544561,0.391850031
20080604,-0.289775822,2.17391912,-0.274133714
20080605,0.625246273,0.962060965,0.664454272
20080606,-2.548614398,2.202073283,-2.852933622
20080609,0.6292084,2.097430733,0.96534317
20080610,0.481871066,2.138021822,-0.075455217
20080611,-1.829307047,2.156168835,-2.107792268
20080612,-0.165332618,1.633593161,0.534154718
20080613,1.084540136,1.878157865,1.752255098
20080616,1.012254838,1.649422413,0.407638835
20080617,-1.539957405,1.102359139,-1.259928036
20080618,0.181243379,1.397556892,-0.605782849
20080619,0.80321717,2.077835516,0.597783169
20080620,-1.258336282,1.836169313,-1.775672159
20080623,0.206607459,1.460767718,0.608891672
20080624,0.227033261,2.071052017,-0.064772085
20080625,0.955748781,1.598768763,0.894986825
20080626,-1.96309265,1.633052425,-2.866178936
20080627,-0.581493581,4.2028596,-0.854457893
20080630,-1.183743831,2.860405734,-1.358853319
20080701,1.095670464,3.458088285,0.748815076
20080702,0.496445969,2.179237037,-0.13420569
20080707,1.422168796,3.467021022,1.585161205
20080708,1.928743351,2.870897645,1.920509171
20080709,-3.034873627,2.168512329,-2.788821428
20080710,1.817190055,3.08652832,2.363865814
20080711,0.352444937,5.303459497,-0.863549155
20080714,-1.931836579,2.40798073,-0.590843669
20080715,1.769522701,4.405615227,1.348886179
20080716,2.78556088,2.323960919,2.248187823
20080717,0.629817296,4.74226594,0.534495977
20080718,2.450883425,2.479874026,2.553496111
20080721,-0.295008365,1.206099734,-0.990260297
20080722,1.558291862,1.759253137,1.063366747
20080723,-0.131076776,1.592346121,-0.296604674
20080724,0.775781115,1.714551064,0.338905046
20080725,-0.648055199,1.175976769,-1.253498307
20080728,-1.40346284,1.415340455,-1.676356853
20080729,0.656900779,1.578236732,0.973119075
20080730,0.3228507,1.939358973,0.952090851
20080801,-1.556253356,1.251202749,-1.715603552
20080804,0.424378805,1.583892246,0.751750072
20080805,0.497977998,1.938116492,1.033731973
20080806,0.683391648,1.389755877,0.286766327
20080807,0.707101124,1.556115217,-0.046446819
20080808,0.213928785,2.190877168,-0.360696185
20080811,-1.21242142,1.291964219,-1.58612266
20080812,-0.819187784,2.169033571,-1.143414077
20080813,0.593166412,2.2362807,0.597159305
20080814,1.57946059,1.79943365,0.806455984
20080815,-0.564092934,1.533063022,-0.469641923
20080818,-1.465344369,1.462502612,-1.3902114
20080819,-1.127297936,1.538023795,-1.650122373
20080820,-0.683207212,1.224328411,-0.065268828
20080821,0.92317146,1.291352287,0.358452522
20080822,1.357496023,0.825401435,1.613328531
20080825,-1.188997709,1.193461077,-1.670269193
20080826,-0.159180459,1.376606048,-0.403579765
20080827,0.842410109,0.801063549,0.793380486
20080828,0.645007477,1.277171215,0.847428501
20080829,-1.734076912,0.992083895,-2.160928927
