20020102,3.375002504,5.014800562,4.763913721
20020103,5.939471742,4.276563949,7.458412141
20020104,-1.139059405,5.133619575,0.672836853
20020107,-2.10415955,5.512337549,-1.463578053
20020108,0.676821535,4.272997652,0.875093799
20020109,-1.682597183,5.51808917,-0.620244447
20020110,-2.226119324,7.293650733,-2.028351213
20020111,-0.807386162,5.733099749,-0.317965292
20020114,1.562079781,5.412115627,0.864807927
20020115,-0.746915279,5.877150847,-0.460300007
20020116,-0.768552408,5.196504349,-2.866531455
20020117,1.370883362,4.777817297,2.404102886
20020118,-0.178997661,5.231320357,-3.029197941
20020122,-5.672018253,5.98371261,-5.493020592
20020123,2.417494645,5.297220063,2.322812612
20020124,0.816824992,5.608330748,2.270381873
20020125,2.464066974,4.062000887,1.495243169
20020128,0.265682813,3.093653085,0.680375351
20020129,-3.651521298,7.386286527,-3.754758531
20020130,3.026448211,10.65993416,3.636764417
20020131,1.234760842,3.545026331,3.366539628
20020201,-0.431717464,3.437121211,-1.061550637
20020204,-1.909539838,5.226842139,-2.024979966
20020205,0.059189111,5.761260952,-0.516415755
20020206,-2.518873801,9.248564361,-2.60767061
20020207,-1.691047215,7.949932781,-2.086605315
20020208,0.061519534,9.162961361,0.833724144
20020211,4.069295394,4.716644207,3.20455869
20020212,-0.438696717,4.891819498,-1.799955444
20020213,0.555682139,3.519261403,1.220538018
20020214,-0.866323566,4.8703187,-0.164880499
20020215,-3.408729294,3.889011075,-3.139066209
20020219,-1.267845826,4.284803793,-2.985296315
20020220,-0.12706482,9.827070276,0.350263055
20020221,-2.941388521,12.46751999,-6.500483031
20020222,-0.05084315,11.9279285,0.050869013
20020225,4.131254802,6.97180572,5.008897566
20020226,-4.048871673,9.723637876,-3.277907366
20020227,-2.050336375,13.73100581,-0.266933759
20020228,-5.337555308,11.25994812,-4.737953245
20020301,6.327009929,7.674383775,8.218278238
20020304,2.866438289,12.90534764,2.737281022
20020305,0.552148642,6.404673901,2.603183872
20020306,0.349464763,9.151676795,0.837717183
20020307,-1.519397413,10.6311972,0.060652011
20020308,2.851396028,6.941819189,3.470967334
20020311,-1.18978203,4.214195649,-2.160806285
20020312,1.649395975,4.448192576,-1.23439773
20020313,-2.115311705,3.867379712,-5.191530894
20020314,-0.996632586,4.616293425,-1.25222378
20020315,3.037803536,5.381304008,2.551972621
20020318,-0.991431522,4.7328071,-0.426103383
20020319,0.157753622,5.934867916,0.331570526
20020320,-0.18001805,3.614686334,-3.840137677
20020321,2.678875701,5.4610953,2.826187292
20020322,-1.653466102,4.408715045,-2.613473475
20020325,-2.306527293,4.047749675,-1.94757765
20020326,2.452192321,4.873810528,2.4855201
20020327,-0.164284578,4.104259743,-1.128108097
20020328,-1.290340484,3.395810169,0.016440608
20020401,3.360290058,4.813259962,2.452018601
20020402,-1.814931851,4.023902011,-3.725921178
20020403,-0.650381681,6.790415974,-0.484019972
20020404,1.813734798,6.352028745,2.364332668
20020405,-2.041559217,4.113358853,-1.780462463
20020408,3.035417442,7.76015743,-0.416701995
20020409,-4.969327998,7.116985043,-5.052877172
20020410,2.072613052,12.14769432,2.737998102
20020411,0.398096588,7.975668909,-1.048209615
20020412,-2.659869977,6.396470472,-1.97128058
20020415,-0.337328327,6.23662756,-0.938142999
20020416,1.433961068,5.114406709,4.80870216
20020417,-1.794857788,5.548732991,3.807925359
20020418,-0.295130563,4.522092379,-0.638352278
20020419,-2.396307014,3.619616269,-1.15608224
20020422,0.433261801,2.545424651,-0.099717475
20020423,-2.228831266,4.325551816,-1.896825649
20020424,-2.561178068,4.621147864,-2.037218448
20020425,1.48972095,11.2687919,0.586309664
20020426,-4.57113205,6.891046957,-3.374741092
20020429,-0.533524296,5.644187077,-0.267117958
20020430,2.136946659,6.426601129,2.029899369
20020501,0.209790287,11.06126942,0.052406325
20020502,-2.270406143,8.986252903,-2.690427762
20020503,-4.742664177,11.55174237,-4.814451689
20020506,-2.71579131,8.186832144,-2.941950471
20020507,0.038233608,13.12013454,1.42447067
20020508,6.29765233,11.87090956,10.30643034
20020509,-1.423699238,9.075806208,-2.637937921
20020510,-5.229242486,8.762382042,-4.470928297
20020513,4.738862224,8.616711404,5.439842774
20020514,0.699420004,4.491478095,5.49157576
20020515,1.918484064,7.964507075,0.430535522
20020516,1.801998276,6.30085134,1.669723125
20020517,0.578965914,4.564441131,1.325292402
20020520,-1.348926524,4.056430367,-3.226611991
20020521,-3.813520981,4.792661949,-3.780402915
20020522,2.392458609,8.651243741,1.840542754
20020523,-0.880764501,8.584501162,-0.745766168
20020524,-0.59223305,4.811486705,-2.65487063
20020528,-0.702743581,5.559084823,-0.912607246
20020529,-2.230575751,3.606878726,-3.937587329
20020530,1.543013714,7.567647933,0.603347657
20020531,-1.261505286,6.265416701,0.509092009
20020603,-3.053248552,7.610866717,-3.544114005
20020604,4.764578106,14.88655232,3.326248995
20020605,2.008315661,12.82518424,2.353049741
20020606,-1.834913867,7.116079964,-4.224320634
20020607,-1.556715024,12.67669755,-20.52490614
20020610,-5.590800784,7.31783294,-4.280639734
20020611,-5.883343311,10.37216843,-4.135650413
20020612,7.134733528,17.55075603,6.464672701
20020613,-2.293571168,14.75931334,-2.085117126
20020614,3.55882209,14.74923374,0.754720564
20020617,4.07296115,8.511452127,5.796740148
20020618,-0.543479599,9.552366938,-2.378393465
20020619,-4.288658456,10.50500562,-9.22218564
20020620,-4.472289999,14.90857669,-4.273782965
20020621,-1.798038921,16.95174409,-2.633116843
20020624,4.930762861,22.35992406,3.099801641
20020625,-7.718340037,21.41403724,-5.366493397
20020626,6.096069979,28.44542273,1.516822147
20020627,-1.320318178,19.37507231,0.279715957
20020628,-2.37977699,13.91872723,-2.06983699
20020701,-4.628648899,12.41924472,-4.191728488
20020702,-5.292240145,22.63451943,-5.635293655
20020703,8.706259469,22.58332077,6.939536696
20020708,-4.025967429,20.07299059,-5.469291453
20020709,-1.766050315,14.04145742,-2.962366921
20020710,-8.217394758,18.97530687,-6.560813529
20020711,8.815773742,44.89353513,8.162615244
20020712,-4.459684079,24.07723893,-1.490505099
20020715,5.866626882,26.91864017,6.199775441
20020716,-1.060214399,23.56534568,-3.950512369
20020717,0.722770312,20.98553231,5.558013927
20020718,-0.52015722,12.0831806,-1.372545178
20020719,-0.267737777,15.34971108,-2.776120116
20020722,-1.088742382,27.17297735,-2.05857757
20020723,-3.202924257,22.29715704,-2.493894835
20020724,8.071138038,40.55679866,4.820210182
20020725,-4.422775102,36.38024597,-6.803839971
20020726,0.6758744,25.33020004,1.871333315
20020729,2.954821469,12.10357724,5.943422422
20020730,2.104779978,15.85731972,0.396249363
20020731,-0.742708984,11.37400891,-0.980270136
20020801,-6.283057879,10.28210237,-6.603058152
20020802,-5.021486878,13.42517987,-5.135317283
20020805,-4.870923219,11.45359993,-4.990755468
20020806,5.024980536,15.34076467,7.591374843
20020807,-1.682597183,19.30556203,3.101914404
20020808,4.395700697,17.90666,3.828484202
20020809,-0.11166947,11.77632438,-2.591818638
20020812,1.87190491,5.261528778,-2.117227993
20020813,-3.988798576,16.87094177,-4.762109031
20020814,7.785810822,14.49368285,9.03471198
20020815,1.353566957,19.26377057,1.653826497
20020816,3.640717221,9.652052801,0.776754943
20020819,4.517574873,9.973596146,3.821454257
20020820,-0.995554463,7.287140821,-2.496229456
20020821,1.880287205,8.75481889,3.136190683
20020822,-1.451554776,9.016684673,-2.297171602
20020823,-4.783520627,5.188923123,-6.415565275
20020826,0.193183446,6.537448628,0.969670986
20020827,-4.103139668,6.912306151,-5.351595334
20020828,-1.590607909,7.28324208,-2.057081058
20020829,3.38010239,10.1691252,1.82411648
20020830,-1.251133389,6.121419624,-2.778777668
20020903,-3.774032798,4.970847288,-5.041018072
20020904,1.755530978,12.81976139,1.43977448
20020905,-4.396312342,10.91276505,-6.15184332
20020906,-1.134459507,5.021471144,6.925721196
20020909,0.373832211,5.166989666,-0.836047601
20020910,1.71467765,6.737143437,2.396428044
20020912,-3.802265435,3.033111013,-5.379968064
20020913,2.080125427,9.525611121,1.825672363
20020916,-1.830281449,6.196595176,-2.080125427
20020917,-3.719306725,6.942710275,-0.831472651
20020918,0.39344313,10.38672349,-1.880120211
20020919,-0.534046663,8.432800369,-2.250260403
20020920,-1.332464751,5.458507633,-0.201005093
20020923,-4.09069166,8.225620379,-5.373193208
20020924,2.399550556,20.91657801,1.475263848
20020925,4.301738508,13.67664857,5.824259268
20020926,-3.249148711,13.41021414,-0.395517984
20020927,-2.567708635,13.24469671,-3.563402225
20020930,-2.630795164,14.57548953,-5.125727068
20021001,4.318219638,14.52240644,5.535563708
20021002,-3.30381046,19.29481786,-2.624460021
20021003,-3.199704175,16.9219542,-3.199704175
20021004,-3.086000179,15.47770384,-0.870832789
20021007,0.653359856,13.44508754,0.726219604
20021008,-5.904556292,25.07245376,-4.325198266
20021009,3.662859913,24.28750384,1.871312091
20021010,5.055227916,14.41139912,5.166400802
20021011,5.472489969,13.00115203,6.871114166
20021014,1.2000144,7.203482092,-0.792083349
20021015,3.513458457,6.031793297,8.993398515
20021016,0,12.89231162,-19.90568157
20021017,0.035155564,7.659096392,5.009153783
20021018,1.427352344,14.40546932,1.673095842
20021021,8.325506315,10.66982716,6.652410473
20021022,1.867966255,11.136969,-2.157651536
20021023,6.921403703,12.92441656,6.524052187
20021024,-4.567575293,19.66293834,-3.336790526
20021025,5.574198301,9.609688854,6.085055095
20021028,-1.825190497,13.4462671,1.376031284
20021029,-1.933594985,16.56346695,-2.649161545
20021030,2.474414513,13.29479043,3.536478813
20021031,1.219881523,13.03899778,1.982572225
20021101,6.836889518,10.63504644,5.558545555
20021104,-0.557992679,8.112574063,2.45460739
20021105,-0.081732739,11.96839117,-2.263637478
20021106,3.507267023,16.61759148,4.294565782
20021107,-1.346640334,11.19014033,-3.77804975
20021108,-1.205494051,10.82903588,-1.640277344
20021111,-3.513109152,7.787777508,-4.510347333
20021112,1.585537179,8.974460536,2.618248595
20021113,2.798168011,15.8674713,1.781784332
20021114,1.733691965,6.098626267,5.789397842
20021115,1.877233995,6.788115629,-1.999014488
20021118,-3.086993394,6.458326602,-1.714940207
20021119,-0.9327914,6.639663904,-1.96512874
20021120,4.871179733,6.43591893,5.366094134
20021121,4.040953834,6.613435894,5.390221838
20021122,1.204833852,6.49670104,-0.795232819
20021125,2.220668603,6.984678566,2.220668603
20021126,-1.473504067,7.113963534,-1.375943084
20021127,1.640171838,3.608520546,3.357162756
20021202,-3.891904437,8.22348163,0.763362486
20021203,-2.863578338,6.671873126,-3.531201228
20021204,1.534556967,9.002996894,-3.049473985
20021205,-5.589305805,7.473371217,-3.728553099
20021206,0.589655957,8.952836118,-1.427496447
20021209,-4.322002295,5.299288863,-5.775594511
20021210,1.83389413,5.673985469,2.7919178
20021211,1.108658806,6.002354333,-0.110192849
20021212,-1.201543674,5.877548815,0.33021494
20021213,-1.524161597,3.731922244,-3.465970183
20021216,2.943805316,3.22500657,3.567566907
20021217,-2.2100347,4.580715353,-1.763684848
20021218,-2.248581333,3.711894109,-4.280253923
20021219,-0.176730532,8.631230987,-1.114054325
20021220,-0.701757266,5.101558332,0.470589104
20021223,2.112754643,4.423456478,1.05079776
20021226,-1.191199315,3.263968879,-0.537796337
20021227,-1.151179026,3.519717462,-1.691883257
20021230,-4.318111437,4.801404497,-4.105053983
20021231,-0.830675703,6.715438829,-1.053145205
20030102,4.157077778,6.104568525,6.90998062
20030103,-0.782900717,6.874458938,-0.962702983
20030106,2.95006644,4.11605506,3.912769422
20030107,-0.716438084,8.803007664,1.069838164
20030108,-3.476049523,5.098222917,-4.139736853
20030109,0.470036118,5.484743246,2.252614513
20030110,2.205545002,7.182878747,2.088242936
20030113,-2.725892797,5.504042156,-0.287439117
20030114,1.273181719,4.027035703,2.361082515
20030115,-3.399760854,4.894248096,-2.476289901
20030116,-1.734147504,3.56905663,-1.159433278
20030117,-3.310564139,5.83540618,-4.838208418
20030121,0.09215175,5.21939907,-0.33716507
20030122,0.369458548,4.878493132,-0.09215175
20030123,0.873407439,7.379487631,2.48874757
20030124,-3.717900324,4.193742181,-5.167201054
20030127,2.486580139,12.46402081,0.252206943
20030128,-0.623054975,5.998665339,0.752826642
20030129,4.417896338,8.012623729,4.04219145
20030130,-5.183146494,6.374166464,-5.363380847
20030131,1.992994285,13.03051174,-0.5079376
20030203,0.795549144,4.581684974,0.412895616
20030204,0.384615859,3.08050747,-0.923426399
20030205,-1.24423363,7.232481728,-0.352507976
20030206,-0.51780051,5.015176784,-1.065041534
20030207,-3.337132485,5.282231845,-2.503498138
20030210,1.318410659,5.362286717,1.590845128
20030211,-0.325415191,3.957571607,0.457367671
20030212,-0.986525594,3.474186981,-1.378426814
20030213,1.556451654,4.031915217,2.673781714
20030214,3.291329105,8.21755618,4.156303262
20030218,1.871470255,4.457712931,3.162523009
20030219,-1.183445765,3.928246803,0.477327875
20030220,-0.410678195,3.158821759,1.242252
20030221,-1.301793532,4.941043518,-1.301793532
20030224,-0.783372491,4.51569024,-1.560655926
20030225,2.756497409,7.220862132,1.232542283
20030226,-1.893186315,5.552964172,-3.125728598
20030227,2.055695122,5.4312944,2.976229392
20030228,1.635550477,3.764044408,3.238434305
20030303,-2.841268368,3.98771552,-3.568121401
20030304,-0.300210373,3.964525806,-0.150217844
20030305,1.961429895,4.045504616,2.141664248
20030306,-1.252625982,3.649303173,-1.961429895
20030307,0.878850603,7.873042187,-4.04219145
20030310,-0.188619987,4.923650019,-0.689874169
20030311,-0.722705424,2.39610613,-0.220507256
20030312,2.375111647,5.015535635,2.09088597
20030313,4.298571697,4.847500614,6.91987387
20030314,-1.214238683,6.911257459,-0.9264687
20030317,6.162816892,9.531481927,4.992528521
20030318,0.137494866,5.918974259,0.689372646
20030319,-0.554325144,5.672086581,-1.13307831
20030320,2.239828186,5.859539972,1.626500364
20030321,1.329453242,4.996216255,3.466691362
20030324,-1.503787736,2.855326051,-6.042654318
20030325,0.667039716,4.282421694,1.282426274
20030326,-0.568848782,2.691491407,-0.946291503
20030327,-0.169838637,3.481121675,-1.6352211
20030328,-1.154747242,2.857196206,-2.125905975
20030331,-2.307327616,3.077660317,-5.613413843
20030401,0.305157393,3.973052429,0.795354453
20030402,2.845661575,2.960067185,6.436711705
20030403,-0.679504313,4.442608313,0.564087989
20030404,-3.395045071,5.424030476,-3.224735635
20030407,-3.892157235,3.859654205,1.851716354
20030408,-1.624165633,4.232492665,-1.509024572
20030409,-2.778777668,4.504242176,-2.486806658
20030410,0.177777825,3.435554189,1.251133389
20030411,-2.943120017,5.402783469,-0.892066576
20030414,2.029779938,2.982653896,2.536260985
20030415,0,4.334620177,-0.29163042
20030416,1.051767238,2.726798948,5.897400246
20030417,4.151333385,4.15306106,2.876724829
20030421,0.537635704,4.656336273,-0.214247538
20030422,3.808451676,2.645680926,1.859283308
20030423,2.101517214,3.734623176,2.469261259
20030424,-0.368906874,3.114270044,-2.7855504
20030425,-1.466222303,2.633023805,-3.546852173
20030428,2.237591671,3.138195382,2.565281751
20030429,-0.237435806,4.097047626,0.928758169
20030430,-2.416224928,4.469892528,-2.839730061
20030501,0.894193738,3.879072674,0.731017199
20030502,3.254488344,3.243512153,2.740626497
20030505,-1.018684531,3.284768996,-0.026250164
20030506,2.907785343,3.711976249,2.565904668
20030507,-0.546094193,3.48164969,-1.885629936
20030508,-0.264620424,2.695241344,-1.603398787
20030509,1.233948819,2.70641147,3.642442203
20030512,2.609394408,2.587925577,2.148446089
20030513,0.184266709,2.413565457,-0.84628156
20030514,-1.354650719,3.016874495,-0.894208839
20030515,0.752826642,3.19379882,1.765493524
20030516,-1.229011619,2.543549269,-2.588206971
20030519,-2.563904152,2.462811411,-4.266447282
20030520,0.026791695,3.4559748,-0.053561865
20030521,0.462680646,2.605144664,0.970363767
20030522,-0.848361398,2.063543266,-0.356127625
20030523,0.212879271,1.406916802,0.159616953
20030527,5.609218906,3.377761328,5.022706961
20030528,-0.563253702,3.098118625,-0.196867891
20030529,5.119227918,6.603421572,5.422718288
20030530,-0.191754613,3.885951591,0
20030602,-3.044448706,5.442664721,-2.232018909
20030603,3.617467018,3.987147577,3.519283407
20030604,2.306527293,3.655574917,1.784084879
20030605,3.911113012,6.011681429,1.889892617
20030606,-3.113267451,8.610495265,-0.365965642
20030609,0.212441774,6.523334352,-0.66213227
20030610,0.273473279,4.474413094,1.347222869
20030611,1.598854526,3.850002752,-0.424202976
20030612,0.389352176,3.727199673,1.154348393
20030613,-2.651452154,3.822671381,-3.358841854
20030616,1.843370169,4.490703477,2.309571479
20030617,-2.41807982,3.789510002,-2.076199145
20030618,2.059821802,3.967248073,1.405001875
20030619,-2.912589917,2.9030526,-2.744941434
20030620,-2.6111144,6.356002523,-1.785314792
20030623,-1.656150859,4.584257857,-2.089991019
20030624,1.824058461,5.936060645,0.538820799
20030625,-2.615495748,7.468679292,-2.322812612
20030626,1.467018975,4.310744732,2.955880224
20030627,-0.41157303,4.169420041,0.048531911
20030630,-1.908454869,3.71341402,0.72516634
20030701,2.076525769,5.643069011,3.08300443
20030702,2.819650189,3.668751002,4.072857586
20030707,2.699876316,2.32432206,5.060403531
20030708,2.170842847,3.332024611,1.860317547
20030709,0.81214381,5.363992211,0.683471264
20030710,-1.110275909,4.614283582,-2.806141388
20030711,0.386349483,2.63690278,2.165524207
20030714,-1.320356095,4.021659509,2.792686929
20030715,-1.400929381,4.673448866,0.411634435
20030716,0.282596752,4.537707449,4.864788967
20030717,0.914299003,3.89590948,-1.65342424
20030718,-1.8290129,5.491059748,-0.954858728
20030721,-2.13648225,3.291769941,-2.339528005
20030722,0.327869146,4.012506011,1.483951386
20030723,1.870733693,3.932194089,1.542864547
20030724,-4.636861518,3.729828651,-3.276296312
20030725,3.075912113,5.377992025,3.69844992
20030728,-0.563381772,3.090226054,-0.583443965
20030729,0.682870699,3.948391427,0.80386285
20030730,-1.825978913,2.874712955,-2.267303601
20030731,0.360794138,3.470756815,2.307327616
20030801,0.923886869,2.858959797,0.080000004
20030804,0.878073892,3.780295708,0.617839534
20030805,-3.261709174,3.47578387,-3.580117404
20030806,0.165837517,5.665085932,-0.578275052
20030807,0.083437635,2.880009238,-0.665006607
20030808,-2.388548499,4.46881818,-1.682125449
20030811,1.0515344,3.064754882,1.347956383
20030812,1.278895319,1.99099548,2.049973433
20030813,0.934396398,3.285598155,1.363888827
20030814,1.361654999,1.932812622,1.644312163
20030815,-0.159616953,1.2082426,-0.398565693
20030818,4.209506917,2.039149487,4.528486454
20030819,0.51054285,2.702412931,1.176260953
20030820,0.724226531,3.205683503,-0.681304679
20030821,-1.130807376,3.970030982,0.189717378
20030822,-2.846526183,6.074028894,3.647594547
20030825,-1.039870722,2.782575906,-0.347826438
20030826,2.650251065,2.91018269,1.655034594
20030827,1.34930535,2.516089289,0.933579492
20030828,0.709222831,2.57144742,1.137183541
20030829,1.56707142,2.136927908,1.124396948
20030902,-0.260620424,3.564150792,0.418410652
20030903,-2.483079139,3.175040315,-1.755046803
20030904,1.07103122,2.635893516,1.371570648
20030905,-0.521287019,2.926805449,0.244200366
20030908,1.032711416,1.685759072,1.727158651
20030909,-0.761512853,1.86789428,-1.448800782
20030910,-2.619770245,2.470611301,-3.860936428
20030911,1.40063342,4.122639498,1.256072498
20030912,2.028178399,3.401209792,1.240490832
20030915,-1.136375865,2.150691002,-1.383246031
20030916,3.018832262,1.599260147,3.232888712
20030917,-0.069132391,2.663512238,0
20030918,1.728352736,2.558742517,0.89501458
20030919,-0.754461741,2.553746988,-0.44650598
20030922,-0.33266248,1.560353727,-1.876358037
20030923,1.669604001,1.915598936,1.669604001
20030924,-3.984309829,3.202602843,-4.191492224
20030925,-2.023190397,5.067297847,-1.44930073
20030926,-0.876878107,6.434232016,-0.548949228
20030929,2.968213613,4.251233555,4.063115062
20030930,-2.517213095,4.29709255,-3.295427139
20031001,2.885411254,2.683570885,4.259754766
20031002,0.017456577,3.62813352,-0.034904014
20031003,1.289902474,2.587640243,3.448321758
20031006,-0.388415586,1.945122227,-0.337838159
20031007,2.226061566,2.333644967,1.444674882
20031008,-1.073475588,1.989443062,-1.106836723
20031009,-0.635772595,4.757592475,0.471064128
20031010,0.791560861,1.710808861,2.158476627
20031013,0.146305805,1.35173233,1.110759542
20031014,0.904983552,1.33841682,0.969939709
20031015,-3.023251722,4.131602491,2.180052922
20031016,2.368924017,2.126525353,1.515298852
20031017,-1.955172941,2.56994327,-1.862192925
20031020,1.865111663,1.415155348,1.707033855
20031021,-0.449927064,1.295213966,-0.139849296
20031022,-0.932002639,1.265534427,-2.042169619
20031023,1.030273118,2.585184914,-0.908734831
20031024,0.35409662,2.508024737,-0.320821578
20031027,0.382531547,1.053784653,0.99121515
20031028,3.385942335,1.807870538,4.083472113
20031029,1.040719525,1.622005987,0.304971264
20031030,-0.590418792,1.778112993,0.27368118
20031031,0.091005618,1.06376254,0.151722074
20031103,2.079076967,1.052622967,3.104726984
20031104,-0.680375351,0.877372739,-0.974752955
20031105,0.296560122,1.490212538,0.237177698
20031106,0.756661094,1.815732,1.148253452
20031107,-1.552235003,1.742240345,-0.823049914
20031110,-1.867550943,1.323993131,-1.367034662
20031111,0.509975607,1.073885689,0
20031112,1.713483577,1.38549332,2.13151942
20031113,-0.472953882,1.516381376,-1.148930005
20031114,-3.09194674,2.524371386,-2.855190193
20031117,-0.55744957,3.181237436,-1.846206284
20031118,-2.176026177,2.694454947,-1.187142964
20031119,1.86225121,2.846768824,2.176026177
20031120,-1.295779585,3.138050328,-2.176026177
20031121,0.434109209,2.083060672,1.559121074
20031124,2.89567719,1.305670086,3.466446191
20031125,-1.112960804,1.992806775,-1.202660317
20031126,-0.149767888,2.197257882,0.90334851
20031201,0.648396023,1.227718876,1.479754731
20031202,-0.999420429,1.240919014,-0.559730435
20031203,-2.420850382,2.348552117,-1.758352559
20031204,-0.014933174,3.732541859,0.659277186
20031205,-1.208380312,2.943037202,-4.271546262
20031208,-0.817357584,2.279810421,-1.254721605
20031209,-5.12271765,3.578395678,-4.618938247
20031210,0.296589441,4.672245272,0.461742245
20031211,1.432549323,2.730542118,1.777462205
20031212,-0.919583797,1.941038371,-0.275147863
20031215,-4.136507326,3.451777605,-2.162600663
20031216,-0.033074252,4.04593031,0.132406507
20031217,-0.198281625,2.901690695,0
20031218,1.826534798,1.889891023,2.321503635
20031219,-1.427205542,2.490609918,-1.072309219
20031222,0.221848002,1.460969159,-0.491240549
20031223,2.112869108,1.161429093,2.04718766
20031229,2.007595657,1.098526694,2.579570525
20031230,-0.466491283,1.128447851,-0.373366955
20031231,-0.248370199,1.533594615,0.280155825
20040102,-0.743958794,1.02430161,-0.093298094
20040105,1.313597627,1.257909525,2.488990064
20040106,-0.030381285,1.212121724,-0.121469799
20040107,2.050287241,1.10254971,3.258396166
20040108,0.263042677,1.754682171,0.761796828
20040109,0.265761267,2.304051899,-1.026853676
20040112,-0.350877553,1.126402938,0.675976123
20040113,-2.179120385,2.459382056,-1.624131374
20040114,-1.190844677,2.126016012,-0.597194967
20040115,0.623054975,3.371950969,-1.159738881
20040116,-1.328521955,1.74194234,-0.318640737
20040120,-1.433606984,1.50070074,-1.069528912
20040121,-0.466491283,1.693217556,-1.454458566
20040122,-2.050631455,2.172095567,-1.460109149
20040123,-0.376884868,3.297690717,0.52054696
20040126,2.27601407,1.769296343,2.055506814
20040127,-2.191010964,2.008924607,-2.623510865
20040128,-1.804131858,2.596973162,-0.921958525
20040129,-2.210565746,4.341004041,-1.415269682
20040130,-0.911168035,2.728938821,-0.911168035
20040202,-1.794208953,2.958943832,-0.6888661
20040203,3.185137088,2.70895894,3.366013566
20040204,-3.050917293,2.781161586,-4.558080662
20040205,-1.361016859,2.917874673,-0.33366731
20040206,2.691334083,2.281404706,3.158157205
20040209,-1.752153845,2.223061273,-1.074403954
20040210,-0.293781834,1.338961727,0.130847255
20040211,0.387973329,2.792007457,1.299141364
20040212,-0.745667258,1.396864288,-0.842519566
20040213,-2.879780155,3.227621185,-2.004997321
20040217,1.308063124,1.438336257,2.167572548
20040218,-0.846359219,1.745782045,-0.619197025
20040219,-3.553005303,2.294805863,-2.415336605
20040220,-0.299550898,3.728329604,0.467758955
20040223,-2.669528349,4.31178317,-2.702867239
20040224,1.413572926,4.807486616,0.034240713
20040225,0.813012608,2.062417511,1.461368403
20040226,-0.186267093,1.864087991,-0.473453708
20040227,-1.697833653,2.511658924,-1.022155407
20040301,2.385121582,2.417878185,1.697833653
20040302,-0.505477066,2.407490398,-0.337268448
20040303,-1.809231804,2.575300758,-1.944458329
20040304,2.02577359,1.605575188,2.180665627
20040305,-0.069084631,2.771856546,-2.49117131
20040308,-4.974002796,2.720581419,-4.523739497
20040309,0.753907717,3.455788893,1.078759113
20040310,-2.747822919,3.399958428,-2.462108439
20040311,-0.276778477,5.757261618,-0.809721023
20040312,0.835278069,2.401975779,2.355627958
20040315,-1.83088234,2.471610978,-2.355627958
20040316,-0.642380845,3.270026988,0.350456874
20040317,1.412811038,1.207557418,2.347482921
20040318,-2.002615624,2.9868565,-2.218676205
20040319,-2.243084699,2.250907494,-2.759310034
20040322,-0.190585154,3.032665083,-0.911514097
20040323,-1.291811277,2.969517042,-0.229182682
20040324,1.327033692,3.372304427,1.518055718
20040325,3.254995715,2.173773252,4.564649607
20040326,-1.523977245,2.101198204,-1.595971489
20040329,0.180864582,1.48325643,1.163226493
20040330,0.036449791,1.415883444,-0.834699094
20040331,-0.879126541,1.902920002,-0.952039413
20040401,0.073072711,1.940281017,0.733141114
20040402,0.320913094,2.023064662,2.560082126
20040405,0.879513145,0.913453287,1.624329499
20040406,0.035391966,1.377228373,-1.020955885
20040407,-1.382667132,1.748971094,-2.055662698
20040408,-2.543197757,1.890883863,-1.144322722
20040412,-0.36527409,1.942956957,0.836824967
20040413,-0.720983657,1.994139281,0.144822618
20040414,0.659101617,2.352860982,-0.872098551
20040415,-2.738883266,2.8432303,-2.775386278
20040416,-1.127407657,4.112383926,-0.715499193
20040419,1.09208391,2.000438078,0.902940672
20040420,-2.545129888,2.058239873,-2.54138464
20040421,0.30522725,2.490377368,0.841627003
20040422,1.982527761,4.153674715,0.910131425
20040423,2.72576728,2.411148309,3.814570978
20040426,-1.225214193,1.556416958,-1.261558006
20040427,-1.256019467,1.821071995,-1.01711464
20040428,-1.168722068,3.32726878,-1.989928624
20040429,-1.179393545,3.820375306,-0.914292083
20040430,-1.886485204,3.482479783,-1.542645324
20040503,0.04874557,2.599190534,1.27439454
20040504,-0.152091284,3.639358131,0.840662192
20040505,-0.91220701,3.157057147,-0.34305351
20040506,0.072473269,1.701375769,-0.920604891
20040507,1.96627505,5.545153753,1.908454869
20040510,1.021768587,3.345842557,0.41501663
20040511,3.406298922,2.04160649,4.454997671
20040512,0,3.663531098,-0.61405286
20040513,-0.036449791,2.662522531,-0.617846777
20040514,-1.397081547,3.119322423,-1.543013714
20040517,1.158813665,3.296209845,-0.705928995
20040518,-0.073556458,1.199967719,1.333353087
20040519,-1.863748447,2.211584906,-0.257874521
20040520,0.456663503,2.054573299,1.1916907
20040521,-0.651232403,1.178025306,0.418296509
20040524,-0.197930789,1.41864824,0.759360004
20040525,2.217544374,1.627401085,1.820503607
20040526,0.924571315,1.257364889,0.317852996
20040527,-0.296936851,1.390192526,0.193747309
20040528,0.76842851,1.058708671,1.13727059
20040601,-0.317740779,1.279491184,-1.613503962
20040602,-1.134361685,2.088394708,-0.816620906
20040603,-1.646648985,1.488175019,-2.326315347
20040604,-1.061956883,1.880369575,2.504409784
20040607,1.084116231,0.821321539,2.28681909
20040608,1.704092706,1.186250298,0.865806274
20040609,-1.364850583,0.976268586,-2.161115825
20040610,0.402696859,1.082661359,0.824638413
20040614,-1.137183541,0.956082006,-2.244108662
20040615,0.52565784,1.279765403,1.560315343
20040616,-0.850164526,0.931058337,-1.096773775
20040617,-1.222597034,0.860656594,-1.686138602
20040618,0.400656154,1.947400201,-0.471442396
20040621,-1.15650006,0.928349418,0
20040622,1.724180643,1.390205014,2.050800422
20040623,1.696753326,2.134185604,1.589858607
20040624,-1.736093205,1.786919766,-1.946619599
20040625,-0.342620478,2.077892367,-1.077983849
20040628,-1.953045803,1.873899699,-1.089731089
20040629,1.24179828,1.519307593,0.618971574
20040630,-0.307164394,1.918393775,0.289960334
20040701,-1.378318246,2.81677484,-2.23248064
20040702,-1.803204381,2.112098728,-2.397118524
20040706,0.191901805,1.78858196,-1.143741023
20040707,0.83905908,1.957683589,0.954023645
20040708,-0.266921036,2.989734389,-0.533131499
20040709,0.528303116,1.656405159,1.440510125
20040712,0.649725198,2.525439031,-1.211677073
20040713,-0.953296066,1.816095202,-0.573067471
20040714,-3.354391067,4.676899786,-11.32673845
20040715,-1.325374867,2.546081345,-0.624127712
20040716,-3.052515387,2.668840723,-1.808131168
20040719,0.349574313,2.6038675,0.788267712
20040720,1.124579326,1.567240247,1.407711389
20040721,-4.259661788,3.062805819,-3.190132876
20040722,3.323436606,3.554475184,3.190132876
20040723,-1.751358249,2.676698179,-2.65868787
20040726,0.484621874,2.709670022,1.403531812
20040727,0.301269864,2.365157997,1.341140586
20040728,1.459253362,2.405709654,0.855803255
20040729,2.171275278,2.938007233,3.104276109
20040730,2.071325089,3.85063492,0.740744128
20040802,3.394314815,2.805731779,1.948904559
20040803,-2.451103101,2.65495257,-2.813641263
20040804,-0.31253281,3.593215061,-0.914007194
20040805,-1.634228702,3.046951253,-1.217734972
20040806,-2.043105191,3.247512205,-3.876454345
20040809,-1.363557524,2.271812754,-0.837932135
20040810,-0.530622514,1.898010701,-0.110778786
20040811,0.27063616,3.848449908,-1.586448198
20040812,-3.380734093,3.077861926,-4.467701316
20040813,0.418702635,3.849313522,1.449639601
20040816,-0.791253837,2.787063893,-0.65207497
20040817,-0.786858955,3.05339718,0.559181327
20040818,3.713468161,3.938825713,3.201004892
20040819,-0.838151922,2.991797134,-1.085983524
20040820,-1.378064987,2.038846181,-1.651413676
20040823,0.388705188,1.880140942,1.33243414
20040824,-2.349292673,1.978496681,-1.124509842
20040825,1.283832397,2.187701326,1.306908433
20040826,-0.41256075,1.496181642,-0.823426427
20040827,0.797361555,1.225742599,1.209922305
20040830,-1.789448988,0.840029561,-1.99387836
20040831,-0.515344312,2.619743276,-1.445583578
20040901,1.269410558,4.304980081,0.538706069
20040902,1.068038943,1.959198466,1.138091485
20040903,0.349912879,2.163652454,-7.727517823
20040907,-1.544239902,1.775599281,-0.600602406
20040908,-0.908638256,1.793321661,-1.009090298
20040909,1.39722832,2.638635444,2.305866575
20040910,1.643200676,2.96200468,1.841220542
20040913,0.288461738,3.140143359,1.329003492
20040914,-0.433005247,2.543280145,-0.433005247
20040915,-0.878054422,1.255671782,-1.603922598
20040916,-1.921714719,1.893292107,-1.530516176
20040917,1.419157657,2.185734698,2.359991534
20040920,2.126711377,5.380153622,1.590778303
20040921,-0.283956651,3.539036597,0.904552704
20040922,-2.800762499,2.339430622,-3.275822775
20040923,-0.41610634,3.067693168,-0.171547647
20040924,-1.67656787,4.715664558,-1.358213249
20040927,-0.150338289,2.663755883,-0.848943925
20040928,-2.011128618,2.246338159,-1.261687188
20040929,1.555865764,2.149114309,1.961340217
20040930,-0.602006843,3.692348642,-0.204392005
20041001,2.67330622,2.567917051,3.967357347
20041004,-0.331204466,1.755329477,1.191909224
20041005,1.298259708,2.537722065,1.037255882
20041006,-0.189125352,2.039783257,-0.895176767
20041007,0.566841385,2.647184197,0.472144409
20041008,-2.30557763,2.451855589,-3.109554531
20041011,-0.290697879,2.484276943,0.14566645
20041012,-0.098425205,2.321039813,-1.466301931
20041013,-1.841846636,3.657583134,3.245622738
20041014,-2.168237194,2.498752959,-2.168237194
20041015,-0.339065474,2.65679764,0.388916387
20041018,1.113004473,2.763637278,0.821459077
20041019,-1.289724111,2.57205502,0.096200104
20041020,3.366044257,4.021243673,3.077165867
20041021,0.276880657,3.39185642,1.158761517
20041022,-1.672100624,3.128424308,-1.902781234
20041025,0.376293953,3.362261549,0.04226245
20041026,0.13547922,2.158695516,0.56179923
20041027,2.906779047,2.007539083,2.626273955
20041028,1.648451012,2.489123609,1.51193222
20041029,-0.403859647,1.552819129,-0.381465738
20041101,1.009090298,1.505669298,0.761481843
20041102,1.114570887,1.634810586,0.846474211
20041103,-1.423121993,2.89536873,0.329096607
20041104,1.454090392,1.675919137,0.812566237
20041105,0.773199728,1.40875685,2.206449018
20041108,-0.043075598,0.937018596,-0.686992826
20041109,-0.561677865,0.743159528,-0.561677865
20041110,-0.306011168,2.905579142,-1.045305685
20041111,0.562650262,1.429702755,1.434495366
20041112,1.616368666,2.412025933,2.26167097
20041115,0.929846091,1.830641517,0.294923323
20041116,0.8847751,1.407110294,0.294056083
20041117,1.44900072,2.339220567,2.03453146
20041118,2.281157978,2.146659544,2.034244272
20041119,-2.252808769,1.624905649,-2.818238385
20041122,0.665836834,1.188905268,-0.124352348
20041123,-1.442536682,2.50462907,-2.989066983
20041124,0.25456102,1.747248675,0.851068967
20041129,-0.991601141,2.903451481,-0.561677865
20041130,-2.906413294,2.270229796,-3.079873876
20041201,2.610083467,2.019858956,3.1448441
20041202,-1.876555176,3.901148599,-1.72512194
20041203,-2.193342633,3.734057565,5.151353445
20041206,0.292092843,2.413870206,0.417537141
20041207,-2.108003858,2.171183935,-2.233082049
20041208,-2.065477903,2.519526286,-2.022879393
20041209,-0.175361728,3.990376558,-0.917237267
20041210,-0.530739857,1.352818527,-1.058677731
20041213,-0.088300226,1.781796357,0.398318739
20041214,1.476249239,1.77118558,2.744672398
20041215,-0.603450107,1.65576491,-0.603450107
20041216,-0.566573754,2.104398929,-1.086730973
20041217,0.087834876,2.627902057,-0.438020849
20041220,-0.47680347,1.923941152,-0.345195642
20041221,1.762349502,1.674507465,3.329200826
20041222,-0.085251497,1.669109458,-0.085251497
20041223,0.809721023,0.856162063,0.467986389
20041227,-1.233271,1.366218106,-0.809721023
20041228,-0.300107406,0.899034249,-0.342906465
20041229,0.388015145,0.986709822,-0.214915191
20041230,0.172117082,0.815021029,0.086021511
20041231,0.299337405,0.568667798,0.685521108
20050103,-2.398401901,2.053318542,-1.505728598
20050104,-2.577124499,3.112672297,-2.058316591
20050105,-0.401517381,4.005105601,-1.022913078
20050106,-0.44385337,2.429039617,0.490524952
20050107,0.263736417,2.444456376,1.325693299
20050110,-0.08733625,1.739171982,0.481717595
20050111,-0.662400302,2.182728972,-1.407854314
20050112,-0.301789408,2.900687608,2.580506188
20050113,-1.306638799,1.326507542,-1.522761641
20050114,0.348280718,1.095496716,0.872986775
20050118,0.349192847,1.086825718,-0.261096754
20050119,-1.756742587,1.495255773,-1.669634568
20050120,0.133185369,1.7661164,-0.133008222
20050121,-0.800004267,0.856348905,-0.57842208
20050124,-2.339287957,2.618406007,-1.982940142
20050125,0.224870794,1.753141643,1.311345945
20050126,-0.267260738,1.271843506,0.71620718
20050127,-0.402775214,1.764346617,-0.536673918
20050128,-0.493385168,1.810318166,-0.269420908
20050131,-0.044553353,0.845167632,0.895261127
20050201,0.620569367,1.026567737,0.843137899
20050202,-0.353669688,1.23828961,-0.221190092
20050203,-0.534999047,1.062598871,-0.934378322
20050204,2.732651305,1.029371851,2.777344043
20050207,0.087298129,1.457592555,-0.348432408
20050208,2.069931601,1.628910304,2.200736067
20050209,-0.470790512,1.303320995,-0.513479947
20050210,0.255645644,1.707818125,0.81179681
20050211,4.00812984,3.189744163,2.852542404
20050214,1.178551841,1.691612385,0.597878289
20050215,1.191713302,2.188637863,0.635182957
20050216,-0.577559361,1.75534744,-1.274426293
20050217,-2.659564146,1.895844476,-2.556183593
20050218,1.488653133,2.893188265,1.954459607
20050222,0.231116817,3.807754618,-0.835950532
20050223,-2.754995177,3.594406324,-2.357047223
20050224,1.659259509,3.174704657,1.831007083
20050225,1.842598195,2.459986103,1.673679236
20050228,-0.727124841,2.880340943,-0.49916909
20050301,1.102276929,1.594682226,2.674506253
20050302,0.490597877,2.018618611,-0.447610106
20050303,-0.040807999,1.43914027,-0.081599352
20050304,-0.182352396,1.808749467,0.630660213
20050307,1.846700412,2.486590747,1.948048349
20050308,-0.763822809,3.125423205,-1.442332696
20050309,-0.221350327,2.885564211,0.161290358
20050310,-0.240963972,2.392111328,0.201247804
20050311,-3.531927901,3.216383645,-2.730962465
20050314,0.082440236,1.594555045,0.288838658
20050315,-1.94824815,1.451514199,-1.57810584
20050316,-0.127415604,2.502971875,-1.51837586
20050317,-0.383550438,1.740871546,-0.468584457
20050318,-0.850706959,1.618538871,-0.042707667
20050321,0.170357792,1.464818885,0.383713965
20050322,-2.361131365,1.622192266,-2.063701786
20050323,1.530367188,1.891115167,1.530367188
20050324,-1.240127076,0.931696656,-0.579214319
20050328,-0.257290022,1.381549801,0.214915191
20050329,-0.860220358,1.575599205,-0.602930336
20050330,0.940579829,1.699933898,1.500564062
20050331,-1.262183833,1.129208867,-1.177113645
20050401,-1.337091303,1.91521119,-0.843157087
20050404,-0.781932742,1.714504961,-0.435161696
20050405,0.563381772,1.328610116,0.91166249
20050406,-0.648650923,1.003613974,-0.389695232
20050407,1.679264434,1.143924732,1.592458873
20050408,-0.385687215,1.361071218,-0.556627427
20050411,-0.775531677,1.060412819,-0.732604009
20050412,0.517688818,2.505150291,0.517688818
20050413,-1.393143995,1.66173501,-1.867589569
20050414,-1.061487189,2.637156413,-1.412827033
20050415,-0.519129932,3.116698589,-1.771942739
20050418,-0.112498606,2.229441425,0.519129932
20050419,0.443263137,1.606856007,1.784964838
20050420,-3.280407098,3.750236933,0.132596705
20050421,1.682887613,1.856589803,3.173489522
20050422,-0.193569261,1.648356275,-0.622386385
20050425,0.342319547,1.169259689,0.79339968
20050426,0.515686575,2.738975497,-0.342319547
20050427,1.156577467,1.932827708,0.640890893
20050428,-0.666167716,2.28482492,-1.242784369
20050429,0.213174244,2.252235733,1.242784369
20050502,0.255102179,1.096432554,0.29768255
20050503,1.523516561,2.007041965,1.097984004
20050504,1.251580793,1.221669163,1.293571136
20050505,0.537302388,1.895008265,0.578753166
20050506,0.163599218,0.565443444,0.861897394
20050509,1.503787736,0.554214512,1.299246859
20050510,0.202963333,0.852375524,-0.525784831
20050511,0.121236628,1.623265704,0.404695008
20050512,0.201491102,10.13456049,0.322580925
20050513,0.597968694,1.617464902,1.280017477
20050516,1.071226272,0.853081357,0.712874306
20050517,2.083818275,0.859080812,1.410681701
20050518,0.813485021,1.068325938,0.852387958
20050519,0.231035913,0.910987691,0.308166654
20050520,1.606767544,0.934546624,1.337173697
20050523,0.075471702,1.490700837,0.605374531
20050524,2.211898986,1.847987977,1.720311685
20050525,0.775931572,0.789452628,0.259211402
20050526,0.934200295,0.855357727,1.213027188
20050527,0.769657455,0.697634923,0.073046022
20050531,-0.994666517,1.048781281,-1.397081547
20050601,1.884408245,1.679337068,1.14118669
20050602,1.495559519,1.325036274,1.092111328
20050603,-1.27297591,1.114895825,-1.092111328
20050606,-0.842958996,1.396649212,-0.550561126
20050607,-1.550991209,1.823512836,-1.110300081
20050608,-0.036893562,1.36255061,0.852330526
20050609,1.748041597,1.568263317,2.189868531
20050610,-1.945372416,1.726307199,-2.633656241
20050613,0.370920307,1.321063355,0.111131702
20050614,-0.783439933,0.973524334,-1.15436024
20050615,0.334635003,1.916702502,0.894860558
20050616,0.554632592,1.734516001,0.665929209
20050617,-1.227683766,1.706133134,0
20050620,-0.092893643,1.158496317,-0.814517646
20050621,1.072693844,1.39057991,1.035512212
20050622,-0.735027198,1.088373146,-0.257874521
20050623,-1.298478641,2.429990702,-1.224732325
20050624,-2.944720133,1.824372179,-2.572002593
20050627,-1.115181717,1.974207645,-0.923794098
20050628,2.071420439,1.69691922,1.839132297
20050629,-0.152149135,1.370483199,-0.266109262
20050630,-1.487725322,1.325520804,-0.956213061
20050701,0.019067595,0.96211259,0.78476812
20050705,2.122095548,1.699866522,1.682618391
20050706,-0.807895423,1.724278202,-0.620594375
20050707,1.078840785,2.235902102,0.207293017
20050708,2.37399873,1.151464898,2.674750837
20050711,1.271588433,1.036017133,1.527858022
20050712,0.397040767,1.366725426,0.216372245
20050713,-0.578454252,0.939644549,-0.650526327
20050714,-0.071710293,1.247289586,1.081871353
20050715,1.137183541,0.817669126,1.495221876
20050718,0.070871725,1.141180137,-0.247656238
20050719,0.418410652,1.414890024,1.790463839
20050720,1.137418243,2.569812712,-4.738197034
20050721,-1.833568053,2.265363365,-1.433057778
20050722,-1.483156591,1.50444012,-0.9295475
20050725,-1.274380065,1.151041879,-0.975983723
20050726,0.970519003,1.526776688,1.534748448
20050727,0.779080179,1.559132945,0.518711797
20050728,1.065990613,0.96096972,1.065990613
20050729,-0.440691128,0.726907017,-0.660310543
20050801,-0.551979322,0.56123278,-0.257969555
20050802,1.387896639,0.789489679,1.719449715
20050803,0.616949879,0.501481564,0.253577386
20050804,-1.652323254,0.631205641,-2.305683109
20050805,-0.966550276,1.316527286,-0.892531027
20050808,-0.559807396,0.963640731,-0.186950886
20050809,0.428505546,1.701157132,0.652804706
20050810,-0.296956417,1.807562959,0.018589088
20050811,1.162585755,2.275708817,-0.297840875
20050812,-0.474159257,1.227801807,-1.957893867
20050815,1.079862724,1.195989642,0.88956771
20050816,-0.49798992,0.941184096,-1.883079894
20050817,0.191754613,1.033525936,0.230149699
20050818,-0.46296379,0.891312684,-0.923794098
20050819,-1.08528197,0.758385333,-0.776401416
20050822,1.234583582,1.36674208,1.623537787
20050823,-1.790403009,1.063733639,-1.312253489
20050824,-0.546876363,1.679482859,-0.819197091
20050825,-0.039269586,0.995140866,-0.274563812
20050826,-0.353565483,1.049885903,-0.19657958
20050829,1.564977167,1.236943141,1.36801039
20050830,-0.078033558,1.122914116,-0.544960477
20050831,0.428599916,1.357006311,0.38956029
20050901,-1.199975056,0.995958388,-1.784886063
20050902,-0.315831293,0.813882895,0.098902194
20050906,0.897007216,0.616636787,1.608193122
20050907,0.116981881,0.687337487,-0.155763271
20050908,1.622910427,0.876178046,1.661873996
20050909,-2.367785013,1.551401361,-3.272594343
20050912,-1.312406986,1.311005219,-1.075065102
20050913,0.220994565,0.957668123,-0.260547296
20050914,-1.700445831,1.069095445,-1.720516077
20050915,-0.284726652,1.623556247,0.244698328
20050916,0.302389103,0.856261315,1.174340282
20050919,-0.48907759,0.884274372,-0.646205803
20050920,-1.096903137,1.519731556,-0.813674139
20050921,-1.297666223,1.359622433,0.081665991
20050922,0.305841812,2.231402864,0.244598573
20050923,-0.613122705,1.096673236,-0.694589105
20050926,-0.944759543,1.035631199,-0.65816774
20050927,-1.622669263,1.3956561,-1.622669263
20050928,0.166875299,1.418401916,0.627223465
20050929,2.104472136,1.681710131,2.062779411
20050930,0.671758251,0.947736953,0.630916919
20051003,-0.587700547,1.041961069,-0.182759722
20051004,-0.87752902,1.361730108,-0.611622702
20051005,-1.892281884,1.503414637,-1.524859548
20051006,-1.524833722,2.440849073,-1.35885858
20051007,-0.094413854,0.750795047,0.273252929
20051010,-1.819385916,2.220836117,-1.693520576
20051011,-0.383550438,1.460214502,0
20051012,0.73418598,3.537115323,-0.771542619
20051013,-0.472610976,2.322290076,-0.086095571
20051014,0,2.044653565,0.043057051
20051017,1.242784369,1.239228982,1.070444818
20051018,0.633849576,1.579721984,1.101239422
20051019,2.955880224,4.195662258,-0.210837101
20051020,0.190698225,2.360139102,-0.29592074
20051021,-2.600871396,2.251747182,-2.009903024
20051024,-0.733552372,1.574521205,-0.259515717
20051025,0.716537644,1.627141814,0.086580092
20051026,0.08669268,1.110972641,-0.129898265
20051027,-0.872225329,1.611852877,-1.08909811
20051028,1.511581361,1.627763069,2.166462549
20051031,-0.063959068,1.050293276,0.491716651
20051101,-2.357158458,2.155802183,-3.493899921
20051102,2.776751069,1.699308684,3.173489522
20051103,1.559567964,2.274714481,2.284363292
20051104,0,1.575959002,0.292336813
20051107,1.76995771,1.758714058,2.186104794
20051108,0.817666044,1.427836254,0.203790574
20051109,1.136375865,1.253529642,0.891777292
20051110,0.079302145,2.168229203,1.799688645
20051111,-1.108922255,1.115261685,-0.476758948
20051114,0.692044284,0.696402197,1.049826419
20051115,-0.358209338,0.660265013,-1.16937216
20051116,-0.759851686,1.739369808,-0.680138649
20051117,-0.159172338,0.999037543,0.79968439
20051118,-0.315831293,1.232609961,0.714288751
20051121,-0.276734709,1.482313498,-0.118694376
20051122,4.137983013,3.384385826,3.462707359
20051123,1.971254126,1.808368149,1.856465516
20051128,-0.297287473,0.703304373,0.223547038
20051129,-0.632795709,1.173046903,-0.335508236
20051130,-0.337142106,0.991569106,-0.486618965
20051201,1.034364597,1.0943294,2.079540218
20051202,1.173464144,1.150780587,0.805275215
20051205,-1.347256698,1.108677075,-1.913934021
20051206,-1.564860547,1.179343282,-1.045956491
20051207,-2.045525866,2.096957926,-1.895432029
20051208,-2.345810315,3.533615789,-1.659308763
20051209,3.182285753,4.010404291,1.544432243
20051212,1.674218114,1.950715855,1.98026273
20051213,1.356463903,2.149675645,0.367440704
20051214,-0.225056359,1.221183815,-0.337394884
20051215,0.01880583,1.621666576,-0.150319457
20051216,-0.7552906,1.596187532,-0.792905797
20051219,-2.281759429,1.767340585,-2.300714978
20051220,-0.077459338,1.3417698,0.116301622
20051221,0.154619281,1.286902698,0.309478003
20051222,0.424137902,0.782309133,0.385505489
20051223,-0.096200104,0.698240088,-0.057731167
20051227,-2.214112588,1.116101917,-2.002594386
20051228,-0.294262105,0.930710252,-0.039285013
20051229,-1.347088516,0.803074544,-1.504383083
20051230,-0.480962851,1.089347384,-0.720579579
20060103,1.457579479,2.448136837,2.695367292
20060104,1.261785157,1.505525,1.359508218
20060105,1.264142481,1.423200818,1.341273221
20060106,-0.435235809,1.243850144,0.360976928
20060109,0.227100779,1.66746995,0.321878532
20060110,-0.495711215,1.838039791,-1.102463172
20060111,0.057388811,1.741969726,-0.057355895
20060112,-0.269075696,2.45005494,-0.63309564
20060113,-0.695789432,2.262264282,-0.772801373
20060117,-0.313111802,2.13582259,-1.052846536
20060118,-1.165232487,2.877694119,-12.06782459
20060119,-1.725324815,1.105957859,-0.888499848
20060120,-2.986647329,1.831112751,-2.897441257
20060123,-2.401963051,3.228399303,-1.760935215
20060124,-1.16796469,0.889618655,-0.515585862
20060125,-0.986154975,0.872069729,-0.423829219
20060126,0.279981517,1.645311503,1.266136492
20060127,-0.322358096,1.909272778,1.019943937
20060130,-0.873769643,0.944440459,-0.138472212
20060131,-1.955369563,1.317556482,-1.770782524
20060201,1.495354967,1.342552698,1.354211683
20060202,-1.683856436,1.295190342,-1.683856436
20060203,-1.910277764,1.48885219,-2.193697888
20060206,-1.109782198,1.89482212,-0.62878079
20060207,0.411473411,2.6291,0.435730537
20060208,-0.724116126,1.187282106,-0.290275966
20060209,1.148887697,2.151861863,1.776757424
20060210,1.370208066,1.609783686,1.417793125
20060213,-0.236239184,1.590199385,-0.800946567
20060214,0.893072916,1.265643999,1.082108889
20060215,0,1.082714964,-0.093632966
20060216,-0.046827442,1.231555012,0
20060217,-2.066884441,1.128918078,-3.624621863
20060221,-0.048437879,1.236093976,0.242541957
20060222,-1.379332213,1.672241709,-2.353049741
20060223,0.592887112,2.126963866,0.692044284
20060224,0.887579791,1.726735255,0.344234419
20060227,0.292683136,1.57795538,0.782400079
20060228,0.388538614,2.787294921,0.485909605
20060301,0.192678287,1.532169534,0.724465859
20060302,-0.825447756,1.64869841,-1.307841359
20060303,1.614741332,4.179486225,-1.078441825
20060306,-0.786244837,1.678169151,-0.098619337
20060307,-0.447873354,1.368981918,-1.091280671
20060308,-0.12492194,1.782405768,-0.24968802
20060309,-1.65791288,1.342410852,-1.308523955
20060310,0.075362417,1.193544765,0.53025327
20060313,-1.159579416,1.015956764,-0.631621753
20060314,0.151937229,1.831774746,0.202634315
20060315,0.655079188,1.154510911,0.756242576
20060316,-1.989739488,0.944683513,-1.28903592
20060317,-1.120174646,1.870048737,-0.638001399
20060320,0.870238407,1.453114961,0.459770925
20060321,-0.050543342,2.708873576,0.812187206
20060322,1.664603379,2.513316049,1.056082232
20060323,-1.411313748,2.387751475,-1.461351277
20060324,-0.813012608,1.155589527,-0.508906951
20060327,0.609448306,1.46600974,0.762392511
20060328,-0.864485424,1.205458535,-0.864485424
20060329,1.039431338,1.315166075,1.243513042
20060330,-0.959361057,1.546419596,-0.581764636
20060331,-1.528302798,0.817321804,-1.173782295
20060403,-1.589369524,1.0339631,-0.669587874
20060404,-0.465237334,1.116199764,-0.258732356
20060405,0.618558673,1.155537749,0.825598085
20060406,-0.56628208,0.793025586,-0.463559934
20060407,-1.136963152,0.587583228,-0.673403218
20060410,0.310398594,0.843784689,0.621763661
20060411,-1.425818063,1.019842383,-1.090636622
20060412,-0.052287583,0.468743158,-0.1567808
20060413,1.294348901,1.241665839,1.659789141
20060417,-1.217789373,1.364185454,-1.346472958
20060418,0.698670199,1.207026363,1.08893998
20060419,1.234583582,1.695452054,0.872919535
20060420,-1.631856712,3.103637542,-0.563959454
20060421,-2.3347364,1.503867198,-2.077996849
20060424,-0.842553694,0.795708548,-0.73762189
20060425,1.102662787,1.504125846,1.261183296
20060426,1.812112749,1.934783117,1.759879789
20060427,3.546470957,3.18862091,3.032066531
20060428,-0.050012504,2.234449528,-0.499003031
20060501,-2.882626901,1.732315249,-2.533063499
20060502,-0.254907097,1.347749825,0.511771844
20060503,-1.814519013,1.409010704,-2.17248411
20060504,0.310720084,1.018921551,0.888109917
20060505,0.385257957,1.219846344,0.849535293
20060508,2.711009401,1.651960783,3.451658937
20060509,-0.150564646,1.289597686,-1.396531425
20060510,-1.471734253,1.625675001,-1.773545347
20060511,-1.181621763,1.216482128,-1.079424513
20060512,-1.200118761,4.070738131,-1.56253179
20060515,1.360068905,2.106966344,1.412548571
20060516,-1.043850814,1.701413399,-1.360068905
20060517,-1.648535074,1.421859381,-2.174575214
20060518,-1.289647106,1.352390743,-0.861610069
20060519,1.981352654,6.501211963,-0.76004709
20060522,-0.719626687,3.988285399,-1.92578166
20060523,-1.277440309,1.587052384,-0.612986038
20060524,-0.668526167,2.734711567,0
20060525,0.388781384,2.052675626,0.834961711
20060526,0.46761191,2.534774683,0.99283772
20060530,-2.390995192,1.378585696,-2.500824967
20060531,1.016226467,2.064253409,1.563404261
20060601,-0.110864756,1.52040673,-0.110864756
20060602,0.908971966,1.630782325,1.130578705
20060605,-1.545284612,1.571347046,-1.408279522
20060606,-1.535270909,2.034055312,-1.146705335
20060607,-2.390552085,2.364647776,-2.362426646
20060608,-0.757138154,3.325339869,-1.47978908
20060609,0.175182527,1.192870145,0.204409474
20060612,-2.374433697,2.003809794,-1.676756448
20060613,1.946389962,2.988267801,1.560002203
20060614,1.305723916,2.849277998,3.501074937
20060615,1.98824763,1.268638907,2.396325309
20060616,1.320151186,2.736238758,0.767968667
20060619,-1.551262568,2.415207963,-0.383247116
20060620,-0.878161516,2.016720389,-0.4949144
20060621,0.983077278,1.552881608,1.423121993
20060622,-1.03571381,1.661816698,-0.818558459
20060623,-1.379332213,1.907078181,-1.379332213
20060626,0.823049914,1.352994248,1.652930195
20060627,-3.159304149,2.188036264,-1.264795524
20060628,3.154149453,2.071864236,3.32003282
20060629,3.044854645,3.04103444,3.472205722
20060630,-1.726435765,1.47536029,-2.03715585
20060705,-2.371652662,1.25657971,-3.201532943
20060706,0.265322522,0.914441317,0.637960696
20060707,-0.804941293,2.033416141,-1.656463202
20060710,-2.446438944,1.45887784,-2.123684495
20060711,3.321840956,3.185114756,2.714607515
20060712,-3.786460562,2.678335612,-4.323518781
20060713,-0.563381772,3.716862514,-1.011813017
20060714,0.842938399,4.806205893,0.955868959
20060717,0,2.87459457,-0.168020202
20060718,1.383147915,3.576746299,1.997846693
20060719,1.144114905,3.274516095,1.418463499
20060720,-4.787238846,5.411961173,-7.477491674
20060721,0.878997749,4.014665724,0.058360083
20060724,1.789369532,2.852260205,1.964245706
20060725,0.428143939,3.343831369,0.428143939
20060726,-0.569802111,3.633155972,-0.313792869
20060727,-1.762911735,3.020766815,-0.40080214
20060728,3.187298036,2.269632722,4.157902288
20060731,-0.332410278,1.364459643,-0.828963023
20060801,-1.266017754,1.60386564,-2.0180057
20060802,-0.567538413,1.403801131,-0.510929298
20060803,-0.80321717,2.5429065,-1.202419297
20060804,-0.683763348,2.585799031,0.74605798
20060807,-0.403342523,1.305105793,-0.97673859
20060808,-0.574714226,3.494773272,0.173060326
20060809,-1.257159414,2.374723798,0.230282197
20060810,2.165326765,2.496278518,1.992664852
20060811,-1.42574414,2.136990685,-1.87772231
20060814,1.863934223,2.066624619,2.607857539
20060815,-0.11013217,2.340089108,1.554723154
20060816,2.004943887,4.344165684,2.663924855
20060817,-0.564138501,3.233815174,-0.43010819
20060818,-0.0543626,1.801736119,-0.920168874
20060821,-0.109469086,1.06606448,-0.709416345
20060822,0.985769209,1.031800535,0.491669933
20060823,-0.597016699,1.918978531,0.108932473
20060824,0.974561043,1.600570175,1.028982813
20060825,2.409755158,1.740360842,1.815319471
20060828,1.794353174,1.293287179,2.6111144
20060829,1.124181487,2.147965257,1.432982555
20060830,1.013693424,1.291178825,0.759305091
20060831,-1.422788229,1.19314896,-1.473229592
20060901,-0.075405307,1.858450965,1.750203205
20060905,0.40080214,1.515124826,0.576659489
20060906,-1.644435823,3.076485642,-3.562717764
20060907,-0.312175071,2.307825956,-0.571578589
20060908,0.877878088,1.377885882,1.345776004
20060911,0.879240213,2.60319967,-0.15436072
20060912,2.20013991,2.187762756,1.735622946
20060913,0.252461634,2.861172612,0.353625021
20060914,0,1.242987576,-0.404245118
20060915,-2.079709752,1.627485599,-1.222633671
20060918,0.920722617,2.521070634,0.664114829
20060919,-1.074453928,2.191807585,-1.023550389
20060920,-0.205233525,1.980762006,0.154202035
20060921,-1.189566652,2.485154793,-1.292341584
20060922,-0.627617123,1.715161074,-0.835950532
20060925,1.295690581,2.21552332,1.871156464
20060926,2.797029528,2.614635036,2.642430167
20060927,1.631680205,3.541909005,2.231682005
20060928,1.648122618,1.576103937,1.990840212
20060929,-1.639380978,2.160555178,-1.111928304
20061002,-0.560908677,1.783591351,-0.609534985
20061003,0.683930365,2.389631453,0.463585068
20061004,1.836687687,2.311801209,1.641755851
20061005,-0.240558211,1.407576117,-0.576370472
20061006,0.19379851,1.513150954,-0.482859461
20061009,0.486145829,1.239640344,-0.19379851
20061010,1.737495447,1.334625631,1.348768038
20061011,0.480539127,2.706708801,-0.19157094
20061012,1.807773142,2.331384796,2.975426108
20061013,0.974711825,2.231704399,0.741774379
20061016,-1.539375602,1.599304823,-0.254364804
20061017,-1.473760927,2.279640388,-3.36700434
20061018,-2.059997939,4.35550225,1.237521743
20061019,0.332779009,2.647709112,-0.331675263
20061020,0.72898618,2.452419554,1.273301806
20061023,0.983384183,1.6361534,0.560749133
20061024,0.696543332,1.949291764,0.696543332
20061025,0.923794098,2.020132833,0.645758702
20061026,0.091911771,1.100503112,0.091911771
20061027,-2.570835671,3.641493322,-3.031241641
20061030,0.992681279,1.845171979,0.660691408
20061031,0.258246417,1.608588625,0.305272046
20061101,-1.414450739,1.47388971,-1.250458667
20061102,0.145313661,1.309035918,-1.917604301
20061103,-0.63152991,1.583752727,-0.679944339
20061106,1.987944254,1.765873557,1.499423497
20061107,0.288878391,1.640062544,-0.144126857
20061108,0.144822618,2.022070617,-0.337106026
20061109,-1.745922137,2.285690793,-1.408816111
20061110,0.194931836,0.955078172,0.488043916
20061113,1.873703627,1.156684612,2.262431036
20061114,3.298789241,2.017216396,4.05744627
20061115,1.762757508,2.282889035,1.991015996
20061116,-0.089605741,1.802983786,-0.044812907
20061117,-0.36133734,1.225868082,-0.945739992
20061120,1.924224622,2.541914458,0.900906994
20061121,-2.833827654,2.272049533,-3.328321807
20061122,-0.229726726,1.493425401,0.785042129
20061127,-1.975605176,1.322078891,-2.53296844
20061128,0.310448011,2.397846247,-0.380771521
20061129,0.094250714,1.901474257,1.23224308
20061130,0.656662772,2.490681517,0.750824738
20061201,-1.823614776,1.821192889,-2.22178839
20061204,0.566841385,2.401803904,1.470963652
20061205,-0.330735005,1.817895027,-0.472144409
20061206,-1.189074652,1.129447549,-1.094467266
20061207,-1.776757424,1.896008837,-1.251821836
20061208,0.096805429,1.876968987,0.145243308
20061211,-0.43446846,1.33091361,0
20061212,0.58083416,2.167488819,0.24160437
20061213,-0.674051661,0.948730904,-0.096571712
20061214,0.337593762,1.027254359,0.337593762
20061215,0.047766898,1.476487995,0.815156755
20061218,-1.242252,2.028321397,-0.670821874
20061219,-0.096899232,1.468707716,-0.820665962
20061220,-0.33922979,1.374592948,-0.145525129
20061221,-1.31741354,1.399370761,-1.171888411
20061222,-1.384105141,1.122535808,-1.335001286
20061226,0.397812558,0.896023232,0.298210957
20061227,0.688640203,0.727369561,1.233061246
20061228,0.049007597,0.498640734,0.049007597
20061229,-0.443678322,0.639988098,-0.83641324
20070103,-0.392349694,2.936098489,0.542006747
20070104,2.583875806,2.943274594,3.950417326
20070105,-0.023699491,2.822666854,-0.354903957
20070108,-1.135838051,2.167715701,-0.403753072
20070109,-0.805500683,2.403555928,0.047585059
20070110,2.089032664,2.487171385,2.374068486
20070111,1.516921755,1.90311249,1.818441177
20070112,1.548300511,2.730572314,0.953469198
20070116,0.811180654,2.088856372,0.6755261
20070117,-0.756862648,3.078769269,-5.631390835
20070118,-1.107111188,2.144513443,-1.917604301
20070119,0.916331466,1.541288035,0.819479158
20070122,-0.718910357,1.567420636,-0.19221534
20070123,-1.593851659,1.376809723,-1.209789737
20070124,1.01278898,1.474651062,1.450001238
20070125,-1.110317948,1.675419142,-1.158314109
20070126,-0.727628726,2.173603269,-0.29168713
20070129,0.431758886,2.35447036,1.689637107
20070130,-0.762089899,1.386330286,0.119602933
20070131,0.095419855,1.528900561,0.262624002
20070201,0.618019557,1.412073224,0.618019557
20070202,0.566306374,1.266262035,0.708385489
20070205,0.188323973,1.125660136,0.047047754
20070206,-0.281294138,1.426063863,0.18796998
20070207,0.606203768,1.872880868,0.981087056
20070208,0.187529356,1.03299467,-0.746620361
20070209,-1.791655658,2.632619689,-1.557737423
20070212,-0.814375758,1.414202168,-1.100226358
20070213,0.191662732,1.147090869,0.47984737
20070214,0.949224023,1.208679294,1.331450958
20070215,0.753299231,0.890811617,0.706051415
20070216,-0.094161966,0.861758817,-0.423032358
20070220,0.520957844,1.54401282,-0.283019057
20070221,-0.43051968,0.932765927,-1.475163557
20070222,-0.095328892,1.340406902,0.525939534
20070223,-0.384615859,1.003659634,-1.006478662
20070226,0.191938639,1.651642909,0.480539127
20070227,-2.269460993,2.393995205,-4.010317336
20070228,-1.002514662,2.656397007,-0.952626908
20070301,0.357965097,4.695330374,-1.318477518
20070302,-1.446306203,2.373835781,-1.906782841
20070305,0.577581023,4.822284717,-0.626306849
20070306,0.310077768,1.237485813,1.455327141
20070307,-1.248715497,1.317958469,-1.455327141
20070308,-0.311688564,0.740157819,0.626306849
20070309,-1.351371917,1.054480171,-0.573964529
20070312,2.072613052,2.211063679,2.020270732
20070313,-0.885191929,1.815552176,-1.967955795
20070314,0.260349015,2.253099382,0.573665198
20070315,-0.339116016,1.044430883,-0.495244072
20070316,-0.208877361,0.446985225,-0.026133543
20070319,-0.417755177,0.937946721,-0.10460252
20070320,-0.421053254,0.656718876,-0.788026143
20070321,1.615880872,1.501200748,1.98439932
20070322,-0.364678706,0.550793071,-0.935071748
20070323,0.468141297,0.554394227,0.572470988
20070326,0.207576618,0.979160693,0.103734449
20070327,-0.940445803,0.534664025,-1.251972534
20070328,-0.634251598,0.814042292,-1.002382437
20070329,0.472565857,1.446143785,1.212136053
20070330,0.261986003,1.37643443,0.104712051
20070402,-0.104493217,0.633243825,0.10460252
20070403,0.415153684,0.789278926,0.936531299
20070404,0.154918699,0.6606925,0.361851002
20070405,1.414450739,0.463365461,1.026703064
20070409,1.100011092,1.59661837,2.670856668
20070410,2.992619693,1.492610453,2.843328797
20070411,-0.584512137,1.412360911,-1.069009208
20070412,0.538030156,1.482427519,0.146448647
20070413,0.318198775,0.882319175,-0.195312562
20070416,1.410872345,1.18296936,1.166193975
20070417,1.536276014,1.005338749,1.391243356
20070418,0.046827442,3.224594183,1.747388026
20070419,3.070008542,1.66772898,2.176515647
20070420,0.588370106,1.795480525,1.500369132
20070423,-0.546200721,1.0196692,-1.134570827
20070424,0,1.348648121,0.182398591
20070425,1.220354128,1.238075052,1.402420633
20070426,-0.226090985,1.07399043,-0.766632842
20070427,-0.114168296,0.936089835,-0.932354679
20070430,-1.316872444,0.889229713,-1.774853551
20070501,1.106002057,1.394423343,1.477404527
20070502,0.731599056,0.993424415,0.594015912
20070503,-1.778838239,1.702294682,-1.007334525
20070504,-0.136830124,0.948593417,0.824935934
20070507,0.045610035,0.685402949,0.091240882
20070508,0.952172236,1.038322844,1.043329945
20070509,1.977592538,1.491626931,1.389222432
20070510,-0.80717927,2.76538237,-1.163844829
20070511,-0.067317404,1.240366919,0.292233545
20070514,-0.9892167,1.395763996,-0.653081929
20070515,-0.272232473,1.624776653,-0.543725852
20070516,0.497625999,1.355223143,0.679196634
20070517,-0.314395049,1.274602886,0.31538661
20070518,0.044081993,0.631157801,2.048157082
20070521,-0.308846484,0.806583708,-0.264783915
20070522,0.479408196,1.214306438,1.621775628
20070523,-1.35877611,1.125091219,-1.489296033
20070524,-3.268703809,2.105059916,-3.09233692
20070525,0.180913663,1.15708281,0.725626767
20070529,0.629498482,1.36540008,0.810085438
20070530,0.271493379,1.176796131,-0.810085438
20070531,0.180586957,0.978648187,0.180586957
20070601,0.134198186,1.130191623,0.898075187
20070604,-0.405314673,1.082061287,-0.943191362
20070605,-0.771503713,1.034681671,-0.952172236
20070606,-1.890764189,1.449787111,-2.164486988
20070607,-0.07039775,2.989009778,-0.841519693
20070608,1.989424853,1.471003633,2.457809785
20070611,1.077127407,0.726139214,0.479836406
20070612,1.474785663,1.240030978,1.200875426
20070613,1.869213301,0.928394153,2.139118998
20070614,2.486496695,1.397098114,2.309974143
20070615,1.119646778,1.809399933,4.38333971
20070618,-0.041365047,1.45921142,-0.330442267
20070619,0.373987554,1.497042169,-0.248550252
20070620,-1.162321097,1.834407639,-0.665836834
20070621,1.701638901,1.764788258,1.450802649
20070622,-1.920727106,1.527279001,-2.415777622
20070625,-1.228048463,2.224633194,-1.059556427
20070626,-0.851793907,1.900106146,-0.384205382
20070627,2.102657905,1.577806777,1.738436827
20070628,-0.874095055,1.336321031,0.544960477
20070629,-0.963761912,1.751471337,-0.71323986
20070702,1.495665605,0.927611399,2.08340869
20070705,0.489197877,0.667110166,-0.040658671
20070706,0.609138939,0.846158429,0.446338741
20070709,0.482509983,0.530158881,0.92686539
20070710,0.723185153,1.316215144,0.200360716
20070711,-1.092907053,1.410890071,-1.654931816
20070712,4.967517106,2.385993648,5.657035149
20070713,0.734586717,1.374996161,-0.153964619
20070716,-0.077071295,0.624143394,-0.077071295
20070717,0.821320633,1.611955995,1.321225538
20070718,0.399840597,2.455401037,-4.77254848
20070719,0.476191376,0.712085463,0.794916745
20070720,-2.851026268,1.836932363,-2.851026268
20070723,0.445976819,1.150444393,0.690077835
20070724,0.449438959,2.515298113,-0.771577432
20070725,-0.813343239,2.260947494,-0.163198731
20070726,-0.786265172,5.977299095,-1.729861917
20070727,-1.56022562,3.59141303,-2.269004906
20070730,1.01096059,2.327755378,1.392721393
20070731,-2.033399899,2.43475229,-1.053306557
20070801,0.86471065,7.19757694,0.84353094
20070802,2.331496116,2.932337356,2.037068985
20070803,-1.433790796,3.027510738,-1.701638901
20070806,0.498754151,2.669795669,0.958141052
20070807,0.498961534,3.842624085,-0.041467967
20070808,1.469414194,3.089544803,2.336650684
20070809,-1.574835697,5.613130912,-3.044249891
20070810,0.334169066,10.92249467,0.166944947
20070813,-0.725617364,1.957022179,0.208290015
20070814,-1.128067112,2.778140205,-0.961746907
20070815,-2.17168424,3.840117528,-2.42410339
20070816,-0.517688818,17.69439748,-0.474650298
20070817,-0.735529217,4.706812631,2.498795255
20070820,1.210112827,2.606529744,1.694069584
20070821,-0.04184976,1.402667678,-0.916673086
20070822,0.497719816,1.298471856,1.165223338
20070823,-0.123685854,1.468476138,0.289196649
20070824,2.327110525,2.026588777,2.2032715
20070827,-1.058210933,1.700243297,-1.38157419
20070828,-1.244313027,1.376256319,-1.983536106
20070829,3.445122875,1.885265966,4.648207289
20070830,1.633827935,2.700070488,0.79365496
20070831,0.526470944,1.390686918,1.607562554
20070904,1.250136485,1.11867418,1.735150531
20070905,-0.096200104,1.977868524,-0.70969896
20070906,0.459594834,1.784130886,0.747917956
20070907,-0.781864812,2.625433318,-2.671988584
20070910,-2.3402004,5.50273109,-0.550965581
20070911,0.664194667,1.95253221,1.332830393
20070912,-0.33343171,2.022559748,-0.899673583
20070913,-0.864445462,1.354130413,-0.43315681
20070914,0.080289045,1.973874963,-1.671348097
20070917,-0.160836384,1.801899842,-0.281294138
20070918,1.907848011,3.164120393,2.189142148
20070919,0.27306434,1.288209151,1.057382086
20070920,1.208356157,1.269963271,0.543901885
20070921,-0.501254182,1.142082003,0.232198247
20070924,0.038498557,1.3108131,0.424301504
20070925,0.193236775,1.498467153,-0.308404254
20070926,-0.269801667,2.134173844,0.038602587
20070927,-1.234107448,1.023414302,-0.541796991
20070928,0.464936909,1.321807873,0.387297153
20071001,1.334624195,0.893804142,2.028001395
20071002,0.360771302,1.338367471,-0.075786286
20071003,-0.25157246,1.716028514,-2.203787569
20071004,-0.700119546,1.013495442,-0.719497513
20071005,-0.623540602,2.364490482,-0.156250032
20071008,0.547090071,1.067724672,0.312256304
20071009,0.465477954,0.867649554,0.699031973
20071010,-0.038662285,0.982691339,0.077369443
20071011,-1.638102152,2.672513578,-1.676779391
20071012,-0.11734795,2.464255174,0.470773722
20071015,0.661867318,2.901785763,0.857370801
20071016,-1.054079641,3.618855034,-1.131719396
20071017,-0.149476859,3.633465433,4.826674097
20071018,1.477076495,1.733592832,0.745159931
20071019,-1.881169093,1.857300426,-2.290319747
20071022,2.72009162,3.636075424,1.189254224
20071023,0.711480253,3.250678263,0.580037177
20071024,-1.26028019,4.712510689,-2.953641443
20071025,-0.883431903,4.293401793,-0.38506016
20071026,-1.416833963,3.02820006,0.038572807
20071029,0.726164093,1.712196075,1.264626932
20071030,0.534556447,1.177948446,0
20071031,1.895880342,1.953939592,2.370760141
20071101,-0.826761568,1.895490428,-1.460973729
20071102,0.373552919,3.786678344,1.200314486
20071105,1.274857911,2.327160098,0.074543425
20071106,1.909015389,1.39202886,2.429269257
20071107,-0.943665065,2.52484842,-2.224560895
20071108,-3.634010772,8.679229464,-3.615421684
20071109,-0.970977608,5.052417967,-3.252000572
20071112,-0.512720508,4.465227411,0.714288751
20071113,2.09147825,1.942060436,3.114303847
20071114,-2.521141935,4.429713948,-0.924149819
20071115,-1.131719396,3.92559386,-1.441677025
20071116,-0.352319801,4.035320498,0.078462146
20071119,-1.126382821,3.202610445,-1.342302033
20071120,0.806218112,4.45345403,1.459879942
20071121,-2.049499103,5.01230618,-3.588901912
20071126,-2.552295723,2.926610273,-2.712167859
20071127,1.523075535,3.345780701,3.110733552
20071128,2.553330201,1.907151856,4.053555732
20071129,1.068712462,3.117499216,0.609293583
20071130,-1.94033099,3.224162733,-1.183897731
20071203,0.917788469,3.306687908,0.917788469
20071204,1.687156584,2.47125594,0.114133549
20071205,1.182134195,2.050462208,3.47503675
20071206,2.827299594,1.346970753,2.717066255
20071207,-0.252297845,1.200551292,-0.969661036
20071210,0.722546496,1.138192705,0.252297845
20071211,-3.015854993,3.881254204,-3.051858594
20071212,-0.529923579,3.454699303,1.272258333
20071213,0.609476446,4.645059776,-0.495914323
20071214,-1.957156939,2.258389305,-3.161209643
20071217,-1.962733778,2.932780016,-2.229146876
20071218,-0.077160498,2.969964004,0.697136828
20071219,1.114324691,2.297986526,0.998472197
20071220,4.44E-14,1.866362746,1.026429844
20071221,0.95070154,0.891117098,1.910528237
20071226,0.951342704,0.681577061,0.47454004
20071227,-2.10611886,1.260418629,-2.507506008
20071228,-1.24548501,1.291446916,-0.186881011
20071231,0.093817438,1.019781235,-0.26222154
20080102,-3.794493156,4.456668682,-5.078013986
20080103,-2.836219668,3.632784783,-2.639097586
20080104,-3.602038358,7.962302531,-8.671673939
20080107,0.569802111,6.13178314,1.098670687
20080108,-2.965475102,5.185253846,-2.747182066
20080109,1.640471282,7.867589828,2.133414247
20080110,-0.133067219,6.764355119,-0.927773388
20080111,-1.311345945,5.403493255,-2.516986805
20080114,0.913248356,3.968392594,5.015473113
20080115,-1.225934793,7.608978516,-1.746769304
20080116,-0.90226176,7.806009933,-13.36572659
20080117,-3.658944743,5.40097066,-2.756682983
20080118,-1.849251812,8.182260632,-1.564977167
20080122,2.551020289,13.86461006,-1.91088617
20080123,8.359956884,16.68375055,6.684694792
20080124,2.695580999,5.152874134,3.59379063
20080125,-5.943303341,8.811274673,-3.318480733
20080128,1.789312151,5.396030677,1.463864374
20080129,0.391007341,3.455505021,0.98040001
20080130,1.610183605,8.598093955,0.777457755
20080131,3.510819816,7.140423237,2.39131433
20080201,1.527453904,4.055601115,2.842026826
20080204,-2.562450941,2.868566077,-2.700350297
20080205,-2.745270441,4.80398781,-5.181502705
20080206,-1.173107176,4.620502952,-1.02411286
20080207,1.456214535,8.671295281,0.72545659
20080208,1.541935548,4.739991212,0.992071629
20080211,1.241042817,3.516136054,2.027674209
20080212,0.912809605,3.239683783,1.130227253
20080213,0.662881215,2.34247071,1.330185884
20080214,-2.41208028,4.178635958,-3.408057211
20080215,-1.333023935,2.454286347,-1.773445494
20080219,-0.985715226,3.176341328,0.347308709
20080220,0.986201287,3.88373662,0.936659547
20080221,-1.466301931,3.999171095,-0.34406522
20080222,-2.83108056,3.902634764,-2.290936846
20080225,1.008073053,5.216717888,0.45237574
20080226,4.394683956,5.350967397,3.740593574
20080227,2.679819315,4.37111297,0.481928644
20080228,-0.24360548,3.126506384,-1.452810056
20080229,-1.958173859,2.345174116,-2.594339449
20080303,-0.099800407,2.789271388,0.274965803
20080304,1.712025703,6.853150601,0
20080305,0.84472552,2.364409557,0.894638174
20080306,-0.924659843,2.094474352,-1.470431478
20080307,1.354422511,5.750929311,0.775294617
20080310,0.546042558,3.301357671,0.64564416
20080311,3.552942115,3.669028141,4.831857727
20080312,-0.071031138,3.453765197,-0.425431982
20080313,2.044283218,6.868389178,0.661003351
20080314,-2.956820078,10.36005846,-2.815743168
20080317,3.241419394,7.196175173,0.915448455
20080318,2.090668482,3.91683117,4.225980929
20080319,-2.204075155,3.031878805,-3.081476304
20080320,1.273902578,3.023886404,2.966467666
20080324,1.819058799,2.847410016,2.117806579
20080325,-0.269299983,2.470280926,0.270027167
20080326,-0.77431496,2.192671779,-1.722617392
20080327,-3.540192705,4.544839158,-3.63168402
20080328,-1.905727041,2.44742167,-1.432689262
20080331,2.29236399,2.593125243,1.85852383
20080401,2.115994312,2.536505329,3.662054622
20080402,-0.729930248,2.369237673,-0.593473552
20080403,0.893374399,2.482744053,0.388438738
20080404,-0.433741121,2.347366048,-0.319780994
20080407,-0.869769731,1.840676726,-0.481597078
20080408,-1.365691111,2.131773092,-3.081476304
20080409,1.622992229,3.497143299,1.599281499
20080410,2.292626778,3.42588135,2.897420434
20080411,-2.5070951,2.697604808,-3.646838461
20080414,-2.008675857,2.441426885,-2.716392894
20080415,0.239177344,3.099531428,1.104983619
20080416,-1.391717188,3.424361306,5.52986402
20080417,0.022575912,1.848241908,0.135531984
20080418,0.266429998,1.505205254,1.789756946
20080421,-0.044513689,0.731279307,-0.399911664
20080422,-1.128425424,2.22746131,-1.93307885
20080423,1.901836045,3.115917784,2.377326582
20080424,0.486403789,2.891616298,0.486403789
20080425,-0.132714021,2.528406889,-0.353513404
20080428,1.195497966,2.314618777,0.573826337
20080429,0.088417336,1.886238556,-0.396913421
20080430,-1.910744646,3.349784526,-1.513831225
20080501,3.985638101,3.133417284,4.38859365
20080502,-0.084781692,3.176984786,1.237481121
20080505,-0.814930523,2.602134888,-1.538491884
20080506,2.182838648,2.012275412,1.70798345
20080507,-1.795687412,2.044930108,-1.880397286
20080508,0.021388087,3.344975402,0.859111813
20080509,1.010435341,1.59234526,-0.021388087
20080512,1.189984293,1.438979366,1.254134835
20080513,0.654079766,2.04870868,0.442618491
20080514,-0.083963061,2.737201726,0.147105207
20080515,4.417896338,3.373053857,4.837008435
20080516,0,2.429526447,0.040008002
20080519,-1.199534575,2.713406333,-0.561573879
20080520,-1.929848437,3.815700508,-3.021871422
20080521,-0.882915132,5.999675546,-1.841056184
20080522,0.293439741,2.776287046,0.882915132
20080523,-1.357103101,3.585575593,-1.986960317
20080527,1.36462672,2.556882728,0.807999293
20080528,-1.354231445,2.391687551,-0.594734123
20080529,-0.431221022,3.057832455,-1.41602881
20080530,-0.818793629,2.701607874,-0.129729748
20080602,0.604492342,2.925720997,0.51791225
20080603,-1.51419722,3.92331703,-1.256243508
20080604,2.742856323,3.778527535,2.284089816
20080605,1.010322212,3.224716232,1.71088765
20080606,-3.307151297,4.063094732,-4.169497581
20080609,-0.91603694,4.755772704,-0.349956613
20080610,1.600034135,3.325927147,-0.615386557
20080611,-3.336648574,3.218566458,-3.911489865
20080612,-0.13614706,4.425069619,0.958255108
20080613,1.960847139,4.060346105,2.865012431
20080616,1.765270906,3.509743805,0.878740277
20080617,-1.669634568,1.969371185,-1.276706754
20080618,-0.42529443,3.101413146,-1.248344343
20080619,2.929636949,4.585970942,2.525051097
20080620,-1.419092551,3.624358584,-2.077422776
20080623,-0.534760633,2.47554126,-0.044672773
20080624,0.851832095,4.952390489,0.089325598
20080625,0.975617495,3.966588055,1.154029674
20080626,-3.368547895,4.41901458,-4.790794091
20080627,-0.486393547,5.52317293,-0.301379618
20080630,0.466636404,4.705325351,-0.255724887
20080701,1.587334916,6.027416569,0.510797489
20080702,-3.149496508,3.352538174,-3.056903908
20080707,-0.481928644,7.076241121,0.241838086
20080708,1.153858956,9.068250989,1.057193893
20080709,-5.210023411,5.649879869,-5.401411029
20080710,3.949180507,11.67853091,4.150793479
20080711,1.808898015,14.20629655,-0.096852308
20080714,-2.626973571,8.81246242,-0.802631087
20080715,2.050853129,12.25336961,1.044586202
20080716,-0.572247627,10.28895513,1.057702168
20080717,3.515625698,8.347656929,5.081493992
20080718,1.000008333,4.812310453,0.498754151
20080721,-0.316384445,1.167945503,-0.090497744
20080722,1.597842714,3.938134336,-0.045279602
20080723,0.674918197,3.752245631,0.991445706
20080724,-1.829040472,2.054176761,-2.865786292
20080725,1.187770931,2.392251186,1.602231575
20080728,-0.73428508,1.581290855,-1.41781474
20080729,2.137902668,3.27206134,2.321980032
20080730,-0.314395049,3.368684544,0.044994376
20080801,-0.067061587,3.755866104,0.583092031
20080804,0.936461693,2.965339739,0.757410616
20080805,1.049419338,2.575396272,2.021158433
20080806,-0.655740055,2.473701584,-0.829880281
20080807,4.138521616,5.227868715,3.787027406
20080808,1.917524363,4.266676882,2.254792811
20080811,1.196137173,3.747039308,0.69944741
20080812,0.859076668,3.002303379,0.653864201
20080813,-0.90797157,4.948211277,-1.767048238
20080814,1.949864721,2.490342441,0.90797157
20080815,-0.493625025,1.832827652,-0.370447018
20080818,-0.910979385,1.774436126,-0.869750772
20080819,-0.842819991,2.398932039,-1.720201847
20080820,-1.442536682,4.757954727,-0.978106884
20080821,-0.605407255,2.171349729,-1.48533567
20080822,1.069528912,2.217577811,1.911775549
20080825,-1.211087467,1.823783181,-2.237614873
20080826,1.041224157,2.308433947,0.823406602
20080827,1.333066398,2.134716229,1.030494306
20080828,-0.042435816,1.048488262,0.638707728
20080829,-1.64577123,1.625202053,-2.841344822
