20020102,-0.306070635,2.763419504,-0.560415834
20020103,-0.034077356,1.302527765,-0.068143103
20020104,-0.993328942,1.276876296,-0.993328942
20020107,-0.069108503,1.403211369,-0.413936431
20020108,-1.125455564,1.256940997,-0.745948467
20020109,-0.087834876,1.790653737,-0.927147374
20020110,2.698396814,1.572811394,2.293359719
20020111,0.154838741,1.744253661,-0.085918039
20020114,0.509945011,1.18859668,1.382864546
20020115,0.033818059,0.967219306,0.287818704
20020116,0.403633242,0.674509424,0.724335686
20020117,0.485559765,0.975668102,0.485559765
20020118,-0.2175187,0.488714128,-0.284352454
20020122,-0.942292013,2.899749812,-0.925542997
20020123,-0.559655493,1.573089842,-0.593473552
20020124,0.08616976,0.345321554,-1.283714676
20020125,-0.778214044,1.039512487,-0.778214044
20020128,0.554882644,0.741430546,0.398510447
20020129,-1.216348619,2.24173171,-1.095377378
20020130,0.104840128,2.975138121,0.104840128
20020131,0.505623952,0.950321286,0.418264813
20020201,0.678794705,1.451939617,0.260529891
20020204,-2.17819959,3.631143683,-2.351810745
20020205,-0.018016395,3.528794353,-1.448911851
20020206,0.664454272,2.195355212,0.664454272
20020207,0.99715926,1.988985898,1.015056351
20020208,1.452123976,5.9586689,0.776565851
20020211,0.665851417,2.602637535,0.665851417
20020212,0.437254741,1.275551539,0.069832405
20020213,-0.154758865,2.186615617,1.403714237
20020214,-1.301536811,2.511152509,-1.491012365
20020215,-0.748024711,2.132897163,0.034928397
20020219,-0.996424641,1.020809077,-0.613015318
20020220,1.089881907,1.366167029,2.086306548
20020221,-0.412868297,1.057705937,-0.189442922
20020222,2.182897044,2.495347136,2.165657151
20020225,-0.334113241,1.111090052,0.806455984
20020226,0.417886107,1.158780843,0.317434065
20020227,0.082994444,0.603535676,0.532358602
20020228,0.645323659,1.480754693,0.595535259
20020301,1.951281422,1.7439948,2.395616886
20020304,-0.948483921,0.382862507,-0.306427141
20020305,-0.973717528,1.470462509,-0.957566353
20020306,1.270419917,0.901116956,2.033968424
20020307,0.220229757,1.762773949,1.679646523
20020308,-1.140013908,1.655598986,0.047129056
20020311,0.094206319,0.670656904,0.078499101
20020312,-0.282486064,0.664880439,-0.14134278
20020313,0.376352961,0.525507549,0.407779737
20020314,0.794953918,0.849403027,0.810604594
20020315,-0.340083803,1.033399998,0.263586477
20020318,0.077249907,1.695034988,0.262893525
20020319,1.075279178,1.206437396,1.075279178
20020320,-0.325052527,1.442201833,-1.462126855
20020321,0.820882794,1.373806661,0.510323539
20020322,0.448257957,1.160575683,0.015423768
20020325,-0.541168696,1.848689132,-0.525747307
20020326,0.263015546,0.805049896,0.340504895
20020327,0.184587039,0.41610482,0.539334076
20020328,-0.384527122,0.709436132,-0.277008487
20020401,0.667548858,1.482708431,-0.401482936
20020402,0.356506616,0.755168639,0
20020403,-1.291143393,0.654631079,-1.18289317
20020404,-0.08662441,1.329329785,-0.636119473
20020405,-0.632113356,1.385838064,-0.608481075
20020408,1.013950385,1.80010837,0.569081523
20020409,-1.215388649,1.007933771,-0.743615483
20020410,0.618019557,0.770149341,0.522690665
20020411,-0.85755647,0.982526257,-0.952388151
20020412,-0.04785834,2.268279442,-0.04785834
20020415,-1.694143124,1.38533363,-1.010352593
20020416,0.522442414,2.233751779,2.057981222
20020417,-0.655006735,1.650901116,-1.495414441
20020418,2.729521822,2.627352608,2.937671765
20020419,-0.46475684,0.699298106,0.233190933
20020422,-1.36419207,0.982814755,-1.6596592
20020423,-1.250115181,2.124709694,-0.856196764
20020424,0.803850179,2.178544378,1.42294891
20020425,-0.031525851,2.296784807,-0.424762693
20020426,0.61480449,2.20445539,0.31481216
20020429,-0.506811348,1.036587229,-1.026784157
20020430,1.467250429,1.649617763,1.371936681
20020501,-0.046907983,1.420338693,0.140856115
20020502,0.375763711,0.770563039,0.078167752
20020503,-1.051072505,1.456453995,-0.910524344
20020506,-2.513654458,2.056799463,-2.135879729
20020507,-2.7756884,2.894772857,-2.727367548
20020508,0.510415202,4.014295943,0.807985268
20020509,1.015403418,2.108543898,0.785215878
20020510,1.220023266,2.860913966,0.779098244
20020513,0.064735396,1.716872523,-0.064693517
20020514,-0.294310219,1.759045879,-1.204441644
20020515,-0.265780887,1.683842354,-1.567818235
20020516,0.165207373,0.747836041,0.762224071
20020517,2.921723052,1.386462623,1.458444532
20020520,-1.458444532,0.885377746,-1.458444532
20020521,0.065930446,0.63959882,0.181413425
20020522,0.129157267,2.125092443,2.103281251
20020523,-0.485045413,1.698434746,-0.452782145
20020524,-0.780364877,0.567187746,-0.699360417
20020528,-0.326530902,0.665364911,-0.19604646
20020529,-0.113960126,0.243969988,0.391709331
20020530,1.180148101,2.391365383,-0.032583904
20020531,-0.178643978,1.511892242,0.24412088
20020603,-1.700131732,3.353861225,-2.385177634
20020604,-0.387303675,2.951882154,-1.340727306
20020605,0.723969826,0.946373013,0.572006943
20020606,-2.110317194,2.090862875,-1.691801474
20020607,0.774197415,2.474902611,-0.444597176
20020610,0.748557425,2.093820388,1.107808517
20020611,-2.376963441,2.297019704,-2.801592529
20020612,-1.182416836,3.690352947,-0.349223334
20020613,1.489296033,3.902117734,0.575566253
20020614,-0.510070581,4.001855292,-1.383438578
20020617,1.189865307,2.729129342,1.366045761
20020618,-1.040482008,2.269392852,-1.896457188
20020619,0.497867316,1.912165538,-0.053196207
20020620,-1.604939327,1.870500794,-2.45994988
20020621,-2.048488763,6.501582363,-3.43968821
20020624,1.902687505,6.589043652,1.808569851
20020625,-2.168558707,3.009324338,-1.395501296
20020626,3.91468879,12.12540177,1.506304631
20020627,0.570956519,4.576940356,0.497101272
20020628,-2.5389234,7.945428096,-3.646967978
20020701,-2.546660644,4.983489079,-4.082199452
20020702,0.679284514,5.479456334,2.546660644
20020703,1.69705665,5.262243967,2.275650356
20020708,-2.016533043,3.623552652,-1.998216347
20020709,-2.413390134,4.569823505,-2.0961961
20020710,-3.535869858,8.331497074,-4.110034114
20020711,3.757436415,8.656254856,1.362714876
20020712,-0.909996388,8.125034753,-1.303078656
20020715,-0.994831065,18.92692745,-2.637825347
20020716,1.466920708,21.14866811,2.259527235
20020717,-0.952295604,12.1954939,2.13151942
20020718,-2.228504479,5.71474538,-2.992989237
20020719,0.240674003,36.62561511,-17.79047658
20020722,2.375408601,21.94716831,2.375408601
20020723,2.202934426,30.19450691,3.36980881
20020724,7.920623753,25.59837392,8.147329812
20020725,2.671242791,18.66254108,2.356941852
20020726,0.323036824,4.730876268,1.35973683
20020729,2.683665395,7.438254647,3.466723307
20020730,0.689997809,8.65964187,-0.899673583
20020731,4.141179106,11.52335513,4.042899
20020801,-3.279611215,7.9296774,-3.279611215
20020802,0,7.973105199,1.566914736
20020805,-4.679216151,5.67373974,-3.914394067
20020806,0.667716542,5.876542559,1.956777525
20020807,1.942181998,6.304649865,2.741484431
20020808,3.033072767,7.129721935,3.829738589
20020809,0.699947599,7.203369848,-0.146735169
20020812,1.015237146,4.274992337,-0.055081246
20020813,-1.489785468,4.1851311,-2.134651821
20020814,3.688830021,6.82341665,4.044668958
20020815,-0.250313022,4.063552189,0.646553976
20020816,-1.27619239,1.945584893,-1.043738106
20020819,1.551257658,2.599180592,1.061638401
20020820,-1.07069347,3.207622391,-1.915490441
20020821,-0.598641244,7.777594862,0.273298886
20020822,1.976704074,4.62680491,2.231110899
20020823,-2.522656295,3.199206828,-2.522656295
20020826,1.246966551,3.048449437,1.593082207
20020827,-2.369650537,4.586219751,-1.903783362
20020828,-0.110152389,3.411562589,-0.348400462
20020829,0.795343136,4.157853308,-0.294334282
20020830,1.206063418,2.628855297,-0.11059909
20020903,-2.309311296,6.87547427,-2.938360549
20020904,1.952642235,3.273576897,3.085798836
20020905,0.27565946,4.429999747,0.349297166
20020906,-0.454752944,1.724378233,0.658498813
20020909,1.735996086,3.703173427,0.636076656
20020910,0.09029346,2.580678759,0.361664047
20020912,-0.977236504,1.887132484,-2.759425882
20020913,1.077276392,4.380771427,0.296022418
20020916,1.284657051,2.84365524,1.303129389
20020917,-2.527110411,2.523540651,-2.417761029
20020918,1.421647587,4.509441888,0.577444093
20020919,-1.943288434,3.350189346,-3.515765612
20020920,0.785971649,3.502175587,0.747487908
20020923,2.53080992,4.593069765,0.855599858
20020924,3.111024792,11.79836108,1.353913122
20020925,-1.24271283,4.411546965,0.074682602
20020926,2.568681168,3.267294073,3.700733714
20020927,-0.525887512,4.167148202,-1.085001602
20020930,-0.461894586,4.716237272,-1.834913867
20021001,2.249307605,4.965652355,3.993271034
20021002,0.844177638,4.342119519,3.651379516
20021003,-0.790110603,6.472613501,-0.515997017
20021004,-2.479610191,8.078428535,-2.49685603
20021007,-1.066536904,5.895781854,0.581755717
20021008,1.590078437,6.253737664,2.482550894
20021009,-1.413451093,7.89410647,-3.70283308
20021010,2.068547365,12.85425707,0.81517375
20021011,-0.474559288,8.276278027,0.176335789
20021014,1.903821365,5.921822834,1.815692339
20021015,1.567932315,7.328804989,3.368238118
20021016,-0.490238493,3.981516082,-1.296423579
20021017,0.836824967,2.095967542,1.663764115
20021018,0.084139677,2.80333197,-0.920893909
20021021,2.588067476,2.516044665,2.672136417
20021022,-1.691863212,6.646175911,-2.118583045
20021023,-1.421135124,5.6126174,-3.040057497
20021024,-0.432339627,6.786906486,-0.501340837
20021025,0.207684394,2.763355328,0.242340434
20021028,-1.127407657,4.719512172,-0.885653093
20021029,-0.916144533,4.11881662,-1.458340877
20021030,1.087157823,2.539219676,1.47578223
20021031,2.514339445,5.164827846,2.514339445
20021101,0.785523165,4.310177482,-0.017008249
20021104,-1.319592825,3.861052889,-0.119138811
20021105,1.566084041,2.304044,1.90610477
20021106,0.432397148,5.832227665,0.68271017
20021107,-0.732726009,2.348601988,-0.71613263
20021108,0.166251077,1.58309125,0.616514491
20021111,-0.649190794,2.702684494,-0.532979276
20021112,-0.232828976,2.173611811,0.3001503
20021113,-0.150112613,3.305392266,-0.250062646
20021114,0.132428425,1.456360762,0.897314096
20021115,0,0.761709553,-0.331400469
20021118,-1.361479976,0.899860508,-1.944086701
20021119,-0.424629088,1.612197234,-0.577055233
20021120,2.327647674,3.055778851,2.07200203
20021121,-0.88725785,2.401050582,-0.85391896
20021122,-1.558825194,2.946983475,-1.542011407
20021125,0.907152134,1.691948185,0.221748492
20021126,-2.223286325,2.895021005,-3.820572323
20021127,1.501424853,2.440929521,2.136683739
20021202,1.152750517,5.9685764,-2.091162503
20021203,0.125594347,2.162686635,-0.125436805
20021204,1.458062815,3.305130168,1.565589707
20021205,-1.897051838,2.087120303,-1.3864424
20021206,0.77877782,2.491044863,-0.790660004
20021209,0.579291989,2.707931639,-0.054136968
20021210,0.161507438,2.457215177,0.665649665
20021211,1.344708743,2.008344952,0.679059078
20021212,-1.553218872,1.604264178,-2.178500052
20021213,0.694828175,2.83229892,-0.109269725
20021216,1.504060246,1.682832079,1.303421784
20021217,-0.584049844,1.058681461,-1.760001885
20021218,-1.093717456,2.225009009,-1.810171333
20021219,0.581233473,2.544252751,-0.298674853
20021220,0.940879554,2.556012961,1.79717667
20021223,-0.584690136,2.348856704,0.201779395
20021226,-2.151807163,1.428104762,-2.042577223
20021227,-1.405175346,1.698642731,-1.479566273
20021230,0.879578984,2.080014678,1.256227264
20021231,-0.22329745,2.329142287,0.018630647
20030102,1.971226449,1.920055057,3.027476425
20030103,1.400856315,2.033830338,2.604499698
20030106,1.282406683,1.251782464,0.876583453
20030107,-1.945242593,2.149102616,-2.277439769
20030108,-0.662194814,1.747162634,-0.555109313
20030109,0.830320114,1.915684197,2.043970563
20030110,1.462194641,1.76408708,0.596388367
20030113,-1.664344367,2.278480306,-2.067394067
20030114,1.481773072,1.69121389,0.747068576
20030115,-2.813049414,2.274652767,-2.512244091
20030116,-1.848213508,1.670801137,-0.638047922
20030117,0.182681819,0.589772741,0.200968369
20030121,-3.729399903,3.702196755,-1.545000385
20030122,-0.185391228,1.931203326,-0.111275976
20030123,0.658980968,1.233639727,1.692772711
20030124,-2.363041465,3.435015261,-2.363041465
20030127,-1.80699163,5.179274122,-2.707729565
20030128,0.321452484,3.553208775,1.65607668
20030129,0.305752197,4.115964878,-1.062830274
20030130,-1.387038226,2.237298183,-1.654520235
20030131,2.931652032,5.658004393,3.992925861
20030203,-0.374532273,2.236621962,-0.65451379
20030204,0.550756306,2.165019029,-0.942514046
20030205,-1.220457559,3.09339373,-1.296243846
20030206,0.88581361,1.839120993,0.076716536
20030207,0.289715316,1.568821314,-0.596098294
20030210,1.294829183,3.218106688,0.442606322
20030211,-0.803370809,2.88360842,-0.019203073
20030212,-3.052920503,4.821798027,-4.056596175
20030213,2.747479864,12.99792156,2.547279597
20030214,0.950448431,4.481896674,0.989434786
20030218,0.103719777,2.392422818,2.393896206
20030219,-0.890579074,1.664214752,-0.975432707
20030220,-2.440075311,3.006884545,-1.379860912
20030221,1.662925697,4.454387358,2.928522647
20030224,-1.739503116,1.65611978,-1.758245502
20030225,1.701599225,3.737722825,0.608482577
20030226,-1.68199684,2.727906625,-1.663041291
20030227,1.337429183,3.182924485,1.549232477
20030228,-0.114285727,1.941587315,-0.418410652
20030303,-1.439964252,2.327711717,-0.133498637
20030304,-2.333247939,1.393356041,-1.383573185
20030305,2.188607227,3.749881096,1.878529459
20030306,1.45326706,2.247427697,1.339263628
20030307,4.919785596,6.709114428,3.371416294
20030310,-0.699046261,2.205751908,-1.883570361
20030311,-0.091768383,2.716751407,0.533923758
20030312,0.311441124,1.968113072,0.384862566
20030313,0.905311271,2.727336149,1.470748254
20030314,-0.79365496,3.820097642,-0.469738894
20030317,3.500898844,2.826092343,2.096663132
20030318,0.671617936,2.71397135,0.671617936
20030319,0.893254035,2.113809096,1.016482639
20030320,1.333821108,3.202882696,0.017435272
20030321,0.838686987,1.175405356,2.258132665
20030324,-0.227930317,2.513771814,-2.940370945
20030325,1.126375865,2.754719747,0.297958331
20030326,-0.510070581,1.397743235,-0.755383478
20030327,1.682199916,2.174130958,0.422312787
20030328,1.938386682,3.132278517,0.612693383
20030331,1.885201581,2.760109369,0.920704845
20030401,0.911677425,2.010270597,0.980821766
20030402,0.670163175,1.656785227,-0.017124754
20030403,-0.797369453,1.066021598,-1.605558874
20030404,0.502992995,1.260774309,0.589972213
20030407,-2.891270058,2.751252207,-0.921184927
20030408,-0.052115002,1.989288056,0.487720876
20030409,-0.8346423,2.099842439,-0.487720876
20030410,-0.904983552,1.98455944,-0.122302802
20030411,-0.38187861,1.230099426,0.523104942
20030414,0.450373185,1.166314645,0.624135174
20030415,-0.924615407,2.697119536,-3.303181546
20030416,-2.899804488,3.248308437,-2.899804488
20030417,0.913248356,0.907095111,1.133674603
20030421,-0.270538536,1.445906715,0.67047456
20030422,2.524931249,2.197542674,1.398875035
20030423,1.026739415,1.753153303,1.115746986
20030424,1.014172008,3.399665024,1.225291017
20030425,-2.180114474,2.689456834,-2.145325815
20030428,1.25321559,1.746298028,1.324288798
20030429,0.070335857,1.297079913,-0.210711228
20030430,-0.053262318,1.240343035,-1.02474395
20030501,-0.301338525,2.241801467,0.035511364
20030502,1.94319333,1.624895756,0.548819648
20030505,0.390279012,1.271472263,-0.28288562
20030506,-0.194157682,1.448164264,0.212239202
20030507,0.863213323,1.487570278,0.721770583
20030508,-0.636606924,1.358814783,-1.128958895
20030509,0.533809097,1.235335476,-0.035486161
20030512,0.106913766,0.80997077,-0.35555593
20030513,-0.91488664,0.920064499,-1.182385685
20030514,-0.917025216,0.55328049,-0.234551303
20030515,-0.072111054,1.092093647,0.162440249
20030516,1.313559148,0.956028353,0.879797398
20030519,-1.994626418,1.641015591,-2.424580502
20030520,-1.544148328,2.668144911,-1.142027516
20030521,-1.358539551,2.010064922,-1.136481724
20030522,-0.09358915,1.27170912,0.056195562
20030523,-0.357311146,1.068084235,-0.60105365
20030527,1.244594606,1.631129256,0.526119214
20030528,0,1.031120821,0.635159991
20030529,-0.969252695,1.36828222,-0.5789539
20030530,1.482881667,1.862467877,1.782115106
20030602,-2.138621722,1.863383593,-2.138621722
20030603,0.427390783,1.128120302,1.3628513
20030604,0.259019571,2.09738574,0.351689395
20030605,-1.715962028,1.05556797,-3.996008472
20030606,-0.867602575,3.707562726,1.507806025
20030609,0.456101133,1.699653466,-0.094759791
20030610,-0.265604406,1.144492659,-0.189789391
20030611,0.151057431,2.295008136,0.681562654
20030612,0.093852658,1.712234611,0.564441762
20030613,-1.584042173,3.022571292,-1.303011543
20030616,1.107056995,2.328602074,1.845626776
20030617,0.384228814,1.632376941,2.159751691
20030618,0.437398182,0.848920607,0.41913501
20030619,-1.983506025,2.028792679,-1.060339002
20030620,-0.695209533,0.931721146,0.11021309
20030623,-1.433516124,2.478122298,-2.115106678
20030624,-1.447801918,1.777944127,-0.99878339
20030625,-0.019049433,1.571159385,-0.588851545
20030626,0.15308078,2.151090135,-0.362630419
20030627,1.05325725,5.047490309,-1.463816585
20030630,-0.558391746,1.649083798,0.483887521
20030701,1.440255333,2.76756011,1.266325441
20030702,1.333099156,1.611640093,0.778657433
20030707,-0.470766334,2.267977743,-0.018873266
20030708,-1.005605666,1.834717586,-1.024482495
20030709,-0.288046287,1.410630538,-0.842594031
20030710,-0.155763271,1.118224307,-1.316317883
20030711,0.620036863,0.632517125,0.873029117
20030714,0.56127369,1.120822231,3.473823716
20030715,-2.610231753,2.881154976,-1.95936939
20030716,0.581480119,1.922636906,0.085579808
20030717,-1.103511959,1.032712979,-0.638857954
20030718,0.513455535,1.437748598,0.857229747
20030721,-1.524390348,1.145240751,-2.477323041
20030722,0.969939709,1.825429286,0.716848948
20030723,0.422427663,1.719315893,0.750075639
20030724,-1.535538808,2.006455974,-0.943312414
20030725,1.253028443,2.109798288,0.962471337
20030728,-0.523003613,1.158998719,-1.369488083
20030729,-1.605045222,1.650209272,-1.585625861
20030730,0.196078494,0.864201147,0.727418916
20030731,0.232288142,2.622465263,1.303900929
20030801,0.41745414,2.153113396,-2.565498581
20030804,0.593121549,2.474237597,0.632788348
20030805,-1.769605776,1.819011978,-1.749895517
20030806,0.419204127,1.544280384,0.699653029
20030807,3.242252756,2.241505772,2.982952721
20030808,-0.866139569,1.326558297,0.019333011
20030811,0.232738662,1.047243273,-0.212868972
20030812,-0.719637454,1.426868535,-0.758389634
20030813,-0.625735323,1.078027535,-0.4891899
20030814,-0.215496214,1.3235748,0.019613612
20030815,-0.05878319,0.573031944,0.058817765
20030818,-0.848884774,0.577479543,-1.143320162
20030819,-0.834828939,0.928771127,-0.676350301
20030820,0.059982007,0.799263602,-0.139818259
20030821,-1.406775611,1.151452727,-1.246999264
20030822,0.020204061,1.245143735,0.181983672
20030825,-0.282030807,0.500017291,0.141314246
20030826,0.100613752,1.743949235,0.302145461
20030827,-0.040567952,0.463633516,-0.868604593
20030828,-0.081234773,0.345056479,-0.142117575
20030829,1.03501685,1.341524449,0.627850164
20030902,0.460968849,1.030157362,0.964443883
20030903,0.478851673,1.183321682,0.458853673
20030904,1.697297505,0.890211065,1.697297505
20030905,-0.928218376,1.08955372,-1.379332213
20030908,0.625735323,0.735043284,1.76995771
20030909,0,0.865792347,-0.097513416
20030910,1.3951011,1.626106778,1.3951011
20030911,-0.287218962,1.007270894,0.345755243
20030912,-0.713668763,0.864089346,-0.944039378
20030915,-1.502320714,6.520463607,-1.541042883
20030916,0.078631811,0.822514854,0.039308177
20030917,-0.793182822,0.615758579,-1.305398284
20030918,1.010810311,1.260244616,0.951067204
20030919,-0.851068967,0.997908054,-0.79192653
20030922,0,0.566455614,-0.418285641
20030923,-0.697561374,0.603666896,-0.199800266
20030924,-1.146086738,0.462168655,-1.106094736
20030925,0.080840748,1.218430645,0.101061151
20030926,-0.729486518,0.581477797,-0.668898815
20030929,1.27287303,1.654701799,1.293208566
20030930,-0.322385933,1.04711117,-0.523350631
20031001,0.980890659,1.08061284,1.303276592
20031002,-0.198649251,0.806138034,0.179122349
20031003,-1.229686261,1.410368744,-0.358566121
20031006,0.03989627,0.63818735,0.059850376
20031007,0.119832249,0.644563149,-0.079808464
20031008,-0.520730197,0.626913417,-0.600602406
20031009,-1.707726082,1.180217187,-0.907721815
20031010,-0.222965533,0.518390134,-0.141944665
20031013,0.120651533,0.39021097,0.969312921
20031014,0.847880462,0.816637155,2.324069247
20031015,-1.280175041,1.515082763,-0.94693941
20031016,0.355801917,0.719194012,0.454860865
20031017,-0.968100024,1.34676041,-0.61355957
20031020,0.059235859,0.677244285,0.574088482
20031021,0.354820006,0.380327775,0.315333332
20031022,-0.758789583,1.010600264,-1.846939602
20031023,0.678374509,1.09065662,0.798566831
20031024,0.358280638,0.74060147,0.07950706
20031027,-1.314236359,0.800188441,-0.878073892
20031028,1.074423388,0.656367709,1.274663743
20031029,-2.121352313,7.235589718,-2.180740615
20031030,-0.060648946,1.948429121,0.020224492
20031031,1.122706259,0.689683284,1.425583826
20031103,-0.560674276,0.575485119,-0.720291229
20031104,-0.365408446,0.420976686,-1.273130261
20031105,0.36704772,1.187393718,-0.081383524
20031106,0.12212499,0.7295602,0.061043852
20031107,-0.876930265,0.53391488,-0.694021973
20031110,-0.164068946,0.940404123,-0.205044156
20031111,1.024179374,0.691987149,0.71582267
20031112,0.101081581,0.469886223,0.852277886
20031113,1.944143807,2.066604346,1.782364196
20031114,2.686554411,3.431117479,3.280262864
20031117,-0.732745276,1.85437762,-0.751955727
20031118,-0.096329841,1.967807361,0.405601715
20031119,-0.362907475,1.48854847,0.729790064
20031120,-1.12056814,1.407547681,-1.523214643
20031121,-1.15246905,1.94607402,-1.113619011
20031124,1.094402168,2.797633934,1.074753872
20031125,-0.961074378,1.708717076,-1.389590811
20031126,-1.379608006,2.049539423,-2.131342505
20031201,0.202183652,0.355682367,0.222424518
20031202,-1.097125999,0.571564179,-1.13753004
20031203,0.081267782,0.600691945,0.590693234
20031204,0.182500304,0.709028237,0.243407828
20031205,-0.728748164,1.01675133,-0.284033463
20031208,1.767114256,0.660142905,2.05114772
20031209,-0.279552898,0.837120172,-0.458853673
20031210,0.379204127,0.573132676,0.379204127
20031211,0.3001503,0.597227341,-0.299252094
20031212,-0.302877566,1.464952844,-1.206044769
20031215,-0.684796231,1.548527338,0.060648946
20031216,0.22273979,0.795199372,-0.080873437
20031217,0.081103005,0.409328484,-0.202470205
20031218,1.532906176,0.906363605,1.248757416
20031219,-0.239329991,0.428316083,0.239904153
20031222,0.71627843,0.528736706,0.71627843
20031223,0.595476154,0.529232271,0.178270821
20031229,0.685940955,0.257376955,1.060288747
20031230,0.214404136,0.770913074,0.312012734
20031231,0.563819905,0.497521168,0.427434107
20040102,-0.154978721,0.448206394,0
20040105,-0.038468937,0.697771365,0.772502876
20040106,0.038669761,0.723160453,-0.48211452
20040107,0.154768845,0.621393878,0
20040108,0.308701769,0.557102994,0.347356582
20040109,-0.909713039,0.404137801,-0.928979005
20040112,1.713722502,0.51024418,1.830317929
20040113,-0.24839986,0.741358209,-0.210224635
20040114,-0.249448465,0.354461753,-0.421779766
20040115,-0.461983497,0.649187028,-0.423566286
20040116,-2.040486726,1.61597053,-2.69863854
20040120,1.387960899,2.117674729,2.079321678
20040121,2.075002402,1.011631327,2.075002402
20040122,0.851068967,0.545821794,0.965094065
20040123,-0.602184733,0.93599107,-0.22624444
20040126,0.938974035,0.992360576,0.976717006
20040127,-0.093764658,0.490476851,-0.374532273
20040128,-0.450451212,0.940428042,-0.263009733
20040129,1.344307026,0.948174501,1.419523276
20040130,-0.745993762,0.88183737,-0.931625892
20040202,0.224425005,1.254438858,0.205703672
20040203,0.353521626,0.59006189,0.577444093
20040204,0.903648381,0.969178086,1.163340606
20040205,-0.036670334,0.739819251,0.110091754
20040206,-0.459855496,0.4023531,-0.533236531
20040209,-0.276982912,0.599372897,-0.29542119
20040210,0.497742755,0.594447008,0.553200747
20040211,0.679337966,0.950269671,0.495277542
20040212,0.219981757,0.597954692,-0.073219846
20040213,-0.698147241,0.884627645,-0.679837253
20040217,-0.146950798,0.580408763,0.294551023
20040218,-0.388925391,0.38112672,-0.941922192
20040219,-0.818152574,0.537624313,-0.614241112
20040220,-0.765714825,0.529771778,-0.411600207
20040223,-0.844837467,0.458063537,-0.564017288
20040224,1.09473215,0.736636497,2.14500437
20040225,0.222181169,0.5769685,-0.221688618
20040226,0.575835157,0.579221131,-0.148065916
20040227,-0.148257996,0.614775829,-0.129737763
20040301,-0.297177039,1.25681371,-0.297177039
20040302,-1.240850664,0.421746551,-1.688278704
20040303,0.94429408,0.40884393,0.641148717
20040304,-0.094295151,0.362231832,-0.37664828
20040305,0.604003346,0.992416705,0.263802678
20040308,-0.619545772,0.551879611,-0.075301208
20040309,-0.700031238,0.426120671,-0.813089475
20040310,-1.686833173,0.804258354,-1.800814948
20040311,-1.051002279,1.611273924,-1.205771124
20040312,-0.863936259,0.697130583,-0.785704297
20040315,-0.23692015,1.902782547,-0.23692015
20040316,0.559785405,1.107711035,0.91495547
20040317,-0.822083314,0.806869625,-0.343356398
20040318,0.156985904,0.894341682,0.235571369
20040319,-1.840724906,1.16206431,-1.860334672
20040322,-1.165608052,1.046927099,-1.185586076
20040323,0.181506554,0.866169818,0.322906436
20040324,0.201612972,0.974322375,0.040290089
20040325,0.539084863,0.678331779,1.141496324
20040326,-0.139511732,0.575239182,-0.1594261
20040329,0.356436021,0.566789521,0.893483557
20040330,-0.237859379,0.486399604,-0.396118561
20040331,0.237107402,0.974377032,0.55412768
20040401,-1.063420813,0.925016003,-0.316268301
20040402,0.450407106,0.644858089,1.317749425
20040405,0.623297694,0.620802115,0.623297694
20040406,0.643716258,0.466026829,-0.136014788
20040407,-0.155521027,0.654029789,-0.058348733
20040408,-1.754430965,0.835679183,-1.075804997
20040412,0.705332078,0.331698535,0.724995828
20040413,-1.21893741,1.159057011,0.292426371
20040414,2.425061103,1.274199843,2.347164312
20040415,2.846968723,1.079919096,3.585818347
20040416,-1.01113096,0.94838005,-0.718036777
20040419,0.130099451,0.57126561,-0.518711797
20040420,-1.255285804,0.582382247,-1.497033946
20040421,1.217813645,1.640549662,1.236665564
20040422,0.504061555,0.815549861,0
20040423,0.186602032,0.641674414,-0.11179431
20040426,0.390371348,0.396369802,0.48354195
20040427,0.904983552,0.857562932,0.904983552
20040428,-0.129115576,1.075556956,-0.386847678
20040429,-0.203346036,1.571525044,-0.258732356
20040430,-0.055540129,1.156287246,-0.074046653
20040503,1.228133849,0.836897682,1.6347136
20040504,-0.018256504,1.337744882,-0.218858377
20040505,-0.736651582,0.745598136,-1.230841294
20040506,1.414814597,0.790929085,1.303847321
20040507,0.41715849,1.706226355,0.799568134
20040510,0.978800637,1.79078401,0.343301448
20040511,-1.010474134,0.75289291,-0.542594929
20040512,0.417309868,1.721591906,0.163087832
20040513,-0.617398003,1.389689251,-0.59929354
20040514,-0.128428602,1.839489587,-0.786325712
20040517,0.91861752,1.36353883,0.384792046
20040518,-0.548246987,0.500980209,-0.201373066
20040519,-0.916764763,0.498391517,-0.514423328
20040520,0.643207216,0.570039682,0.551066788
20040521,0.528957002,0.292015183,0.693686608
20040524,-1.262712358,0.658017489,-1.226335493
20040525,2.191868571,1.148811123,1.915243221
20040526,0.523987105,0.863570599,0.252616518
20040527,0.215401268,0.261543087,0.503326606
20040528,0.161739635,0.329228226,-0.14354928
20040601,1.026758547,0.748475617,0.197327179
20040602,0.73181942,0.402270392,0.767655292
20040603,1.136375865,0.957117493,0.726502708
20040604,-0.371846378,0.569978112,-0.477834729
20040607,0.335541154,0.542798149,0.618978013
20040608,0.387119963,0.490786006,0.387119963
20040609,-0.369361074,0.573236847,-0.334242549
20040610,0.544768942,0.346420408,0.544768942
20040614,0.369101395,0.438872817,-0.105207795
20040615,-1.078988092,0.603219273,-1.360084553
20040616,-0.178667191,0.403703453,-0.552832438
20040617,0.252252386,0.5362998,-0.627861063
20040618,-0.505872804,0.625904049,-0.6499391
20040621,0.580447848,0.605714291,0.144796405
20040622,0.126433684,0.596862819,0.19875334
20040623,0.323799527,0.862847364,0.504142227
20040624,0.305343749,0.303098068,0.143575043
20040625,-0.651940013,0.265144377,-1.299657283
20040628,0.473761819,0.495964475,-0.054520674
20040629,1.391044018,0.558962684,1.318303517
20040630,-0.071787512,0.969500231,-0.071787512
20040701,0.180505464,0.923489047,-0.449843314
20040702,0.090407745,1.153648908,-0.216645689
20040706,-0.308614205,0.525693692,-0.598207168
20040707,-0.475755701,0.503420691,-0.87655784
20040708,0.292504779,0.870665316,0.475755701
20040709,0.018213278,0.40933142,0.237031746
20040712,0.109329457,0.976543769,0
20040713,-0.324324609,0.989585028,0.906460159
20040714,0.934418299,0.667384364,0.898317216
20040715,-1.220621868,0.771319488,-0.97053242
20040716,1.901772415,9.005497082,2.549839489
20040719,-1.268963098,1.27784317,-0.742184004
20040720,-0.531445006,1.162228236,-0.141995054
20040721,-1.442718051,0.75705101,-0.999651309
20040722,0.749869609,1.455690344,0.857454342
20040723,-0.821873485,1.084517869,-0.857454342
20040726,-0.270197408,1.017993453,-0.539666717
20040727,0.486882217,1.036206307,0.270197408
20040728,0.305563283,1.166913281,0.233581995
20040729,-0.233918235,0.986396373,-0.377596421
20040730,0.090538711,0.977179012,-0.46948443
20040802,0.950018455,1.001991344,0.496502938
20040803,-0.054195648,0.995693699,-0.333739542
20040804,0.523514148,0.637921496,0.360750752
20040805,-0.974209401,2.696014517,-0.686542895
20040806,-1.147449071,1.581794715,-1.038733713
20040809,-0.31149819,0.609333231,-0.18335172
20040810,0.931768868,0.437129986,0.913415192
20040811,2.330939393,1.16509999,1.802175284
20040812,0.266785396,0.723587967,0.552143178
20040813,-1.2522525,0.572689582,-1.341101906
20040816,0.796603004,1.018861925,0.958488101
20040817,0.639093246,0.407135868,0.754921654
20040818,0.845373122,0.343709997,0.898446984
20040819,0.140994031,0.424481173,-0.421793244
20040820,0.650780592,0.325244629,0.456862506
20040823,-0.035014006,0.395978626,0.122645657
20040824,-0.43595849,0.432479827,0.192425495
20040825,0.731201029,0.363208156,0.748675909
20040826,-0.24309788,0.302411569,-0.22575333
20040827,0.20811662,0.202599228,0.347102049
20040830,-0.191088393,0.301753063,-0.364488818
20040831,1.020681813,0.392265836,1.020681813
20040901,-0.397340075,0.675484413,-0.569605406
20040902,0.069324093,0.318496058,-0.086587589
20040903,0.155588241,0.40502807,0.294092419
20040907,-0.396997156,0.578581421,-0.12099215
20040908,0,0.360800858,0.740935586
20040909,-1.278083028,0.54765659,-1.243754157
20040910,0.243563099,0.527761101,0.034758429
20040913,0.345423487,0.705895484,0.778887538
20040914,0.618452409,0.518979859,0.670163175
20040915,-0.171821348,0.373298234,-0.411876333
20040916,0.017198383,0.199844062,0
20040917,0.3421146,0.347601874,0.702599069
20040920,-0.172503062,0.435089444,-1.098912158
20040921,0,0.533610332,-0.03453635
20040922,-0.583498281,0.368222267,-1.13770822
20040923,-0.774924625,0.396198257,-1.203828079
20040924,0.247700056,0.780538966,0.053026957
20040927,0.407332539,0.578289173,-0.017672528
20040928,0.755781785,0.665992706,0.93236668
20040929,0.157964052,0.456487358,-0.157714919
20040930,-1.603134836,0.980704862,-1.252994422
20041001,1.058397603,0.497739131,1.200367458
20041004,0.43763746,0.821191404,0.455182859
20041005,0.174155391,0.388226946,0.383543009
20041006,0.416522643,0.402734567,0.468710172
20041007,-2.993181196,1.867670879,-3.149173948
20041008,-0.162528252,0.821308947,-1.114317785
20041011,0.307553386,0.605862873,0.05420544
20041012,2.602642447,1.099412773,2.6207044
20041013,-0.722915958,1.068241611,-0.564674167
20041014,0.070783935,0.530930208,0.035385705
20041015,-0.317796878,0.529322659,0.035373187
20041018,1.671250087,0.710690373,1.35244004
20041019,-0.405465518,1.101044959,-1.246395491
20041020,2.020270732,0.997778147,1.559929975
20041021,0.816898607,1.080963071,0.468466199
20041022,-0.851660662,0.786340985,-0.834352137
20041025,-0.070077088,0.626199773,-0.402274264
20041026,0.367679658,0.784515598,0.280014184
20041027,1.324753555,0.86295868,0.921986178
20041028,0.744141186,0.5197838,0.431966114
20041029,0.688115566,0.547279901,0.567353022
20041101,0.137009783,0.961501062,0.17129158
20041102,-0.670048036,0.822827528,-0.721404709
20041103,0.353923012,0.995681962,2.435199093
20041104,-0.033760973,1.239632609,-0.353923012
20041105,0.016904742,0.880260304,-0.118253245
20041108,0.906502766,0.662081862,1.142869582
20041109,0,0.621754372,0
20041110,0.24981277,0.971797932,0.466823122
20041111,1.044525786,0.629450517,0.84472552
20041112,0.625104848,0.386725996,0.575612148
20041115,0.245599796,1.042141149,0.278392057
20041116,-0.073676889,0.40969876,-0.155476485
20041117,-0.032846116,0.712967543,-0.287038373
20041118,0.393314175,0.638313137,0.426160291
20041119,-0.789737569,0.8578415,-0.986201287
20041122,0.494234943,0.319628175,0.510751584
20041123,-0.395257432,0.530851966,-0.411692636
20041124,-0.181473283,0.416790732,-0.066028395
20041129,-0.397548975,1.018058239,-0.331400469
20041130,0.348403505,0.598907591,0.215535191
20041201,1.399084627,0.755370958,1.316241444
20041202,1.254803395,0.720621911,0.927363679
20041203,0.210339047,0.851644678,0.194143403
20041206,0.275326111,0.341279244,-0.064672597
20041207,-1.03730246,2.223513533,-2.306850761
20041208,0.360419787,0.469245337,1.200968617
20041209,0.21236633,0.851575851,0.21236633
20041210,-1.39977584,0.893733682,-1.61214217
20041213,0.313661008,0.791226298,0.611723822
20041214,1.54177238,0.53344074,1.261174689
20041215,-0.262424294,0.638326204,-0.899213122
20041216,2.653184237,3.200926544,4.039490382
20041217,0.347496796,1.635964711,0.031540767
20041220,-0.757818594,0.553078747,-0.505849956
20041221,-0.269862851,0.528375061,-0.301563597
20041222,1.592390336,1.254278393,0.618019557
20041223,0.931414106,0.521111788,0.535687432
20041227,-0.29834363,0.236765394,-0.078597819
20041228,0,0.189249957,0.26698092
20041229,-0.09438415,0.179690582,-0.345640564
20041230,-0.235756494,0.165651427,0.015736879
20041231,-0.385356932,0.317319236,-0.149600437
20050103,-0.617530266,0.614050773,-0.783138915
20050104,-0.699748402,0.396486289,-0.477631859
20050105,-0.366505071,0.557436063,-0.031923384
20050106,0.04779734,0.340752634,0.223249973
20050107,-0.589220592,0.503678936,-0.271154166
20050110,0.556395999,0.394912309,0.747875234
20050111,0,0.332550661,-0.365282706
20050112,0.696535981,0.519696258,0.855518526
20050113,-1.886245182,0.724829403,-2.265572332
20050114,0.399521107,0.373394411,1.171105066
20050118,1.150356191,0.607640792,0.397931285
20050119,-0.349650706,0.397668438,-0.222646402
20050120,-0.526695017,0.489839277,-0.510775253
20050121,-0.805027693,0.463031708,-1.013277668
20050124,-0.534977364,1.037431597,-0.551144206
20050125,2.882135644,1.168737863,3.497921093
20050126,1.260226714,1.001829833,1.511049858
20050127,-0.077706119,0.268791717,-0.558140984
20050128,0.403038834,0.665659359,0.496278934
20050131,-0.43216613,0.38629132,0.015469101
20050201,1.215306089,0.446313784,1.153415325
20050202,1.17406243,0.482751479,0.867783477
20050203,-0.197824001,0.338768089,-0.486249249
20050204,1.131414173,0.43466682,0.864493137
20050207,0.301432029,0.515508461,0.346725304
20050208,-0.135511577,0.408812808,-0.1204638
20050209,-0.301841461,0.234833566,-0.316909644
20050210,0.181488253,0.39065439,0.030225178
20050211,0.995183123,0.769106217,0.707674413
20050214,-0.785028186,0.408519379,-1.010338082
20050215,0.197313565,0.301631478,-0.045478664
20050216,-0.030455307,0.261873699,-0.440696709
20050217,-0.503548787,0.38054799,-0.442647445
20050218,0.091645035,0.383567248,0.198670502
20050222,0.076834426,0.692047851,-0.612559343
20050223,0.030576365,0.269733027,0.49034729
20050224,0.792566258,0.526768052,0.685508054
20050225,0.545125517,0.353445939,0.529942947
20050228,-0.637718529,0.388428013,-0.864493137
20050301,0.270432857,0.413293571,1.511744588
20050302,0.673907455,0.642052004,0.523757277
20050303,-0.52297467,0.49229825,-0.373832211
20050304,0.815242046,0.353339145,1.472255011
20050307,0.77752904,0.491865163,1.013447757
20050308,0.176185628,0.341668273,-0.380673959
20050309,-0.471004698,0.479292917,-0.57374192
20050310,0.323624878,0.35944259,0.456319332
20050311,-0.604677014,0.390383963,-0.722237645
20050314,0.324963358,0.286708821,0.310169365
20050315,-0.858628517,0.361764618,-0.814397038
20050316,0,0.34127549,-0.238166233
20050317,0.298819885,0.354950697,-0.104376361
20050318,0.283180754,0.57820913,0.238414656
20050321,-0.604051205,0.42305516,-0.51479205
20050322,0.224803392,0.455396281,-0.067342589
20050323,2.029248333,0.847510128,2.074148431
20050324,-0.117370905,0.335319461,-0.117370905
20050328,0.087899215,0.290181242,0.249248718
20050329,-0.14705885,0.435637846,-0.499120238
20050330,0.176496589,0.266223394,0.14705885
20050331,-0.297265379,0.218826694,-1.286714491
20050401,-0.625840219,0.677893234,-0.417661705
20050404,1.497322467,0.823665484,1.572032967
20050405,1.51827734,0.744554935,1.547702087
20050406,-0.464105257,0.517809171,-0.333793213
20050407,0.899730348,0.345403063,0.623145267
20050408,-1.129301129,0.393557736,-0.783180218
20050411,0.029065543,0.451643954,0.203636434
20050412,0.452985358,0.537311913,-0.334764886
20050413,0.145985427,0.567744185,-0.05833455
20050414,0.957500424,0.752340356,1.030413297
20050415,-0.689162814,0.838551249,0.216341038
20050418,-0.43384016,0.848363304,-0.592444475
20050419,-1.180549271,1.451320728,0.072437526
20050420,-1.38536667,1.318188927,-1.38536667
20050421,-0.117147473,0.715144373,0.220022091
20050422,0.175464294,0.625735985,0.292611767
20050425,-0.639723031,0.302045588,0.160572256
20050426,-0.52770571,0.464899824,-0.761350676
20050427,0.719691731,0.558581133,0.425314127
20050428,-0.707341588,0.701696563,-1.044511151
20050429,1.056037975,0.661861398,1.351371917
20050502,0.203636434,0.489747844,0.407688392
20050503,-0.203636434,0.86117629,-0.203636434
20050504,0.088002352,0.528481946,-0.686685436
20050505,0.394823939,0.677751336,0.453449179
20050506,-0.977610471,0.346147842,-0.468110861
20050509,0.117405355,0.313455627,-0.029329814
20050510,-0.501254182,0.459912203,-0.765610336
20050511,0.19150039,0.566166145,0.427697724
20050512,-0.648396023,0.555091438,-0.457261657
20050513,-0.074487899,0.514804309,-0.801548005
20050516,0.786645986,0.392745159,0.801548005
20050517,0.828407104,0.435149787,0.354191634
20050518,-0.649161324,0.220529278,-0.472534843
20050519,-0.19263546,0.230099959,-0.207438213
20050520,-0.712063534,0.29510016,-0.371499053
20050523,-0.014859945,0.308829414,0.178491792
20050524,0.518711797,0.216478184,0.533571742
20050525,-0.17761994,0.269296892,-0.221975674
20050526,-0.856599537,0.297693344,-0.118588807
20050527,-0.044454324,0.123068878,0.074134483
20050531,-0.786179233,0.26013121,-0.475413167
20050601,0.312477004,0.403427611,0.237989105
20050602,-0.35751565,0.253876106,-0.446695204
20050603,-0.525093098,0.252395157,-0.794071144
20050606,-0.210463096,0.284976718,-0.045136539
20050607,-0.300165316,0.408821559,0.120318859
20050608,-0.705549726,0.246154001,-0.225716746
20050609,0.52635658,0.436863703,0.435927034
20050610,-0.015038725,0.224782337,-0.270351622
20050613,0.37664828,0.37046128,0.015038725
20050614,0.270676857,0.327083537,0.135246846
20050615,-0.316051132,0.31672,-0.37613826
20050616,0.135920885,0.275527966,-0.120663665
20050617,-0.315102669,0.403730756,0.421687372
20050620,0.345891013,0.260987705,0.105144583
20050621,0.270921298,0.414498978,-0.120174267
20050622,-0.934586242,0.249905518,-0.754378955
20050623,-0.868974139,0.405159289,-1.096402029
20050624,-0.152322954,1.240622029,0.443053204
20050627,0.19821612,0.268390724,0.07619048
20050628,0.470517678,0.170486754,0.59230183
20050629,-0.440696709,0.265555557,-0.577070698
20050630,-0.918561266,0.383420582,-0.97949972
20050701,0.261921419,0.539889712,-0.046150297
20050705,0.711746777,0.455023331,-0.200231103
20050706,-1.115598803,0.236228308,-1.05394652
20050707,0.596454444,0.458117672,-0.43722743
20050708,0.624026986,0.483050185,0.624026986
20050711,0.836565684,0.363473734,0.805456647
20050712,-0.015435672,0.285503294,-0.061728397
20050713,-0.341032729,0.275274035,-0.588328063
20050714,-0.123724111,0.679120865,0.341032729
20050715,0.663736326,0.175068431,0.58633095
20050718,-0.154559536,0.322760868,-0.539916468
20050719,0.725479758,0.536994778,0.570680966
20050720,-0.030835646,0.564964278,-0.261800411
20050721,-1.086967224,0.456230169,-1.241288242
20050722,-0.170953496,0.365897752,0.374006981
20050725,-1.458048876,0.334093051,-1.520286314
20050726,-0.872675114,0.707095733,-0.9042657
20050727,2.302913709,0.829138904,2.859132863
20050728,0.371517455,0.721274685,0.232036611
20050729,-1.088150019,0.382847019,-1.149973823
20050801,-0.139632324,1.002848143,0.669836604
20050802,0.015469101,0.448824188,0.371920466
20050803,0.727388489,0.475184746,0.308880554
20050804,-0.962292076,0.405211951,-1.132058302
20050805,-0.721119287,0.463832065,-0.877198607
20050808,-0.17326932,0.348605455,-0.204740602
20050809,0.595519704,0.735326295,0.894614771
20050810,-0.39041199,0.6128079,-0.14072397
20050811,0.577810618,1.110516901,0.4838845
20050812,-0.721006258,0.571257837,-1.017302771
20050815,-0.142011858,0.760521419,-0.378251042
20050816,-0.284675188,0.611269775,-0.30046674
20050817,0.457666703,0.511470834,0.584289069
20050818,1.175101654,0.717031515,1.080583688
20050819,-0.501883111,0.563803665,-0.938974035
20050822,-0.141631938,0.756219288,-0.157356445
20050823,-1.124052047,0.680649277,-1.092560943
20050824,-0.543827316,0.975283011,-0.735062434
20050825,-0.15994885,0.720778447,0.192276938
20050826,-0.611327515,0.276756866,-0.803604453
20050829,2.018975806,0.868911492,1.711904858
20050830,0.525186215,0.806715059,-0.063471916
20050831,0.61713939,1.291164696,0.61713939
20050901,-0.063331224,1.170185899,-0.395163717
20050902,-0.792397173,0.498933493,-0.460354809
20050906,0.928482553,0.546461117,1.562901811
20050907,1.180504545,0.665118061,1.430817567
20050908,-1.253983457,0.953796163,-0.884069349
20050909,0.588783852,0.505833822,0.837733723
20050912,-0.09273571,0.422707798,-0.09273571
20050913,-0.700010636,0.765568878,-0.947727128
20050914,-0.264036808,0.43606715,0.373948706
20050915,-0.015533981,0.323034614,0.108805482
20050916,0.95547036,0.485987435,1.281178287
20050919,-0.878212254,0.456173419,-0.893550854
20050920,-0.511113945,0.469522953,-0.341032729
20050921,1.150510203,1.307449568,0.449299695
20050922,0.356175367,0.939014403,0
20050923,-1.380830256,0.627047957,-1.05673089
20050926,-0.530753666,0.705279829,-0.187646654
20050927,-0.722478406,0.664320373,-0.706827729
20050928,0.01580403,0.631855321,-0.252525387
20050929,1.388253878,1.092538935,0.865397581
20050930,-1.022423378,0.666595449,-0.912817166
20051003,-0.890307948,0.673152865,-1.001041171
20051004,0.206463982,0.925064758,0.652608763
20051005,-1.022699869,1.0184256,-1.229163851
20051006,-1.611119109,1.177905255,-1.114442609
20051007,-0.763424483,0.815783954,-0.390561929
20051010,0.325839324,1.380397536,0.244279903
20051011,-0.553747343,0.99448823,-0.407465318
20051012,0.58432239,1.556197245,0.910427358
20051013,3.513595669,2.06864179,3.529778208
20051014,0.517932571,0.722650146,-0.203299781
20051017,-1.026459861,1.25079001,-1.387159696
20051018,-1.152614008,2.654925081,-0.047630389
20051019,1.88388617,1.308872224,2.090120874
20051020,-0.388954205,0.815723503,-0.233554018
20051021,-0.373948706,0.408226511,-0.140394688
20051024,-0.265148717,0.873124326,-0.046842065
20051025,-0.314119938,0.712708834,-0.721006258
20051026,-0.619000469,0.688250917,-1.202736448
20051027,-1.694272073,2.340375145,-2.189046045
20051028,1.455909246,1.507023666,2.42757681
20051031,-0.446073704,0.415870593,-0.525520757
20051101,-0.981109599,0.75166263,-1.220898699
20051102,-2.06592241,2.786654005,-0.892935554
20051103,-0.130590942,0.76122436,-0.163212049
20051104,-0.49140148,1.439973115,-0.52407588
20051107,1.509214998,1.040280873,0.85023403
20051108,-0.295760978,0.520011351,-1.063926887
20051109,0.04923279,0.658075828,0.295760978
20051110,0.685940955,0.943592697,0.800723291
20051111,-0.441790786,0.436694135,-0.751514728
20051114,-0.838613811,0.605178584,-0.691133243
20051115,0.975929672,1.491468492,3.647968734
20051116,-0.126502231,0.745974478,0.619000469
20051117,-0.409513881,0.3154221,0.252844635
20051118,-1.948267849,1.471879583,-1.334624195
20051121,-0.643089033,0.71371594,-0.835212051
20051122,-0.2270885,0.690505333,-0.679724255
20051123,0.40600949,0.266269613,0.194678841
20051128,-0.431207248,0.596722339,0.529568757
20051129,-1.314332111,0.60120818,-0.803475317
20051130,-0.371657534,0.917668122,-0.339394265
20051201,-0.226610651,0.543794574,-0.097181737
20051202,-0.667700551,0.4618931,-0.829880281
20051205,-0.832046565,1.63881425,-0.261780254
20051206,-1.314727236,0.712856815,-0.971280992
20051207,-0.564597979,0.566837275,-0.663902853
20051208,0.216865545,0.508174333,-0.066633352
20051209,0.24968802,0.239842232,0.233022742
20051212,0.09978381,0.130786085,0.016623722
20051213,0.1495638,0.522456476,0.099684341
20051214,-0.481288789,0.278629424,-0.1828306
20051215,-0.033255737,0.212643072,0.0332668
20051216,1.00602811,0.632399051,1.338088851
20051219,-0.635647157,0.816608431,0.36036075
20051220,-0.180727889,0.358639213,-0.573913193
20051221,-0.08202773,0.649306706,0.197141513
20051222,0.588814263,0.363472385,0.638038974
20051223,-0.261352648,0.304567663,-0.293973754
20051227,-1.38387711,0.441438598,-1.41659427
20051228,0.116018908,0.36929327,0.149191905
20051229,-0.463653753,0.278650904,-0.198972044
20051230,-0.049929268,0.186046834,-0.299202351
20060103,-0.129743774,0.76795618,2.547594431
20060104,1.028121506,0.501906,1.529943684
20060105,-0.432450422,0.492675415,-0.432450422
20060106,0.368147675,0.577862007,0.464409514
20060109,0.717191695,0.477318667,0.605290156
20060110,0.891725654,0.440891166,0.174533959
20060111,-0.765309858,0.941517518,-0.955725656
20060112,-0.497234163,1.017106952,-0.465229042
20060113,-0.161681523,0.803537775,-0.629085065
20060117,-0.52108895,0.658405904,-0.893951504
20060118,0.693942912,0.799610495,1.506955521
20060119,-0.176721068,0.921104468,0.016081049
20060120,-2.178947995,1.241824234,-2.211112678
20060123,0.721669525,0.398137483,0.590068914
20060124,-1.10516865,1.207815498,-2.985791545
20060125,-4.150528802,3.928997019,-1.475728588
20060126,-0.119219975,1.213201258,0.273037712
20060127,-0.407955691,0.887504631,0.05111168
20060130,-0.495177312,0.626233063,-0.495177312
20060131,-0.985059378,0.638788972,-1.448301178
20060201,0.415297361,0.953637515,0.571479605
20060202,-1.206911202,0.672135483,-0.449983452
20060203,0.174489662,0.69596286,-0.504305042
20060206,-1.154464457,0.353411194,-0.910689306
20060207,-0.263504764,0.695438148,0.017591697
20060208,2.629454379,1.303585874,2.980639991
20060209,-1.104983619,1.277804266,-0.119586586
20060210,-0.580900318,0.841017248,-0.239603058
20060213,0.222431437,0.691585406,0.256695615
20060214,0.577545346,0.549684497,0.901750049
20060215,0.033846675,0.63760096,0.101574412
20060216,0.135731273,0.421742602,-0.203252102
20060217,-0.169118931,0.704158567,0.169405428
20060221,0.067624686,0.603282797,0.152219903
20060222,0.016944845,0.524600555,-0.253828717
20060223,-0.740019538,0.546526108,-0.773912099
20060224,-1.545360424,0.976069769,-1.332149819
20060227,-0.069036938,0.649982616,0.224699775
20060228,-0.346560735,0.477222354,-0.536658433
20060301,0.086737797,0.22626937,0.104094388
20060302,0.399202127,1.035329379,0.103986145
20060303,-0.121707396,0.706503894,-0.433990786
20060306,0.51975169,0.474139436,0.676205437
20060307,1.140696779,0.612574779,0.551440308
20060308,0.992479057,0.749305842,0.923715087
20060309,-1.023026825,0.618768235,-0.64913108
20060310,0.645821415,0.498252616,1.158643052
20060313,-0.388284442,0.443263283,0.152348739
20060314,0.168918959,0.22151021,0.219650338
20060315,1.126346278,0.452045643,0.957427319
20060316,0.133355579,0.2527937,0.350438406
20060317,-0.115961249,0.221441351,0.498505519
20060320,0.16542601,0.236737704,0.281387258
20060321,-0.263591586,0.318572832,0.198150659
20060322,0.674178333,0.227558429,0.657680766
20060323,0.049354282,0.271471836,-0.361189032
20060324,-0.479220945,0.316753699,-0.709749616
20060327,-0.216648697,0.186529461,-0.714823092
20060328,-0.284685782,0.326915198,-0.518525875
20060329,-0.184672259,0.492562526,-0.201443748
20060330,0.18557576,0.366898068,-0.302928539
20060331,-0.404517659,0.420992415,-0.202463373
20060403,-0.522458423,0.450495908,-0.050679957
20060404,-0.719640747,0.392799603,-0.567677864
20060405,-0.205268632,0.769788292,-0.75909785
20060406,0.17108644,0.663646074,0.17108644
20060407,-1.066401575,0.485547048,-1.151908207
20060410,-0.259628013,0.28120734,-0.225049866
20060411,-0.207576618,0.354904309,0.086617589
20060412,0.034566195,0.193026058,0.207576618
20060413,0.017287579,0.478354637,-0.034566195
20060417,-0.086722753,0.299765943,-0.381018819
20060418,0.733869039,0.683567208,0.855259846
20060419,-0.447120263,0.397230957,-0.180808521
20060420,0.292372725,0.437591614,0.361290716
20060421,-0.307850423,0.318014249,0.257267958
20060424,0.017145307,0.287475761,-0.085682466
20060425,-0.154440185,0.125638987,-0.171585492
20060426,0.239521073,0.180148614,0.49678903
20060427,0.34164707,0.691227525,0.204848143
20060428,-0.051163982,0.19710845,-0.03411223
20060501,-0.204603652,0.157886715,-0.051190173
20060502,-0.102145055,0.273998522,0.204603652
20060503,-0.325147886,0.140617432,-0.632210564
20060504,-0.291320573,0.094967345,-0.120058328
20060505,0.358331584,0.338827547,0.752268892
20060508,0.05109427,0.118119146,0.034059946
20060509,-0.546636141,0.108945229,-0.597730411
20060510,-0.15422846,0.119104912,-0.119976019
20060511,0.272386958,0.340090683,0.870832789
20060512,0.050972731,0.491026599,0.084968991
20060515,1.698233331,0.823489061,1.867955028
20060516,0.399202127,0.301684601,0.432541017
20060517,0.183165483,0.632683916,-0.216036644
20060518,-0.249066131,0.427262642,0.066522537
20060519,-0.38336575,0.448106885,-0.449888287
20060522,0.251025151,0.807902334,-0.083535215
20060523,-0.28302691,0.539709881,0.250396592
20060524,1.09182226,0.896751728,1.324961417
20060525,-0.066093856,0.235381145,-0.461742245
20060526,-0.19743343,0.212616288,0.362976805
20060530,-0.963622675,0.331742649,-1.359662797
20060531,0.0831048,0.31608487,0.482972044
20060601,0.645216896,0.381873963,0.744851577
20060602,0.131708942,0.628594104,0.230604615
20060605,-0.381838266,0.252057347,-1.09182226
20060606,0.7171444,1.107387659,1.248001652
20060607,0.114463262,0.446265939,0.516119607
20060608,0.586703117,1.109050135,0.570359242
20060609,-0.162919554,0.259448495,-0.341825026
20060612,-0.146567895,0.173985382,0.048903742
20060613,-0.848430607,0.453497042,-0.53926105
20060614,-0.065295464,0.447238949,0.343502423
20060615,0.513804499,0.615802679,0.366733633
20060616,0.211056171,0.356200833,0.316751534
20060619,-0.406669938,0.116834502,-0.50402513
20060620,0.260374435,0.269846842,0.29296896
20060621,0.43806349,0.26596585,0.389294896
20060622,0.049047659,0.295483436,-0.959747099
20060623,0.441213233,0.481292235,0.244878092
20060626,0.967803316,0.464810287,-1.826459658
20060627,-1.034894898,0.34807742,-1.034894898
20060628,-0.471540113,0.338581751,-0.605858467
20060629,1.007565199,0.844205452,1.02444426
20060630,-0.349796309,0.357882678,0.133578247
20060705,0.317222071,0.485125752,-0.266356076
20060706,0.646607575,0.312393286,0.863075897
20060707,0.049492701,0.294981017,0.198117945
20060710,0.131384483,0.173336162,0.493584418
20060711,-0.31221782,0.165256869,-0.279398653
20060712,-0.329435317,0.142658857,-0.247178176
20060713,-0.776927621,0.312652242,-0.579136226
20060714,0.380637613,0.97972315,0.463576989
20060717,0.625619426,0.74509048,0.642136067
20060718,-0.379006798,1.473397547,-0.592594327
20060719,0.786116069,0.906323945,1.198012195
20060720,0.358832549,0.352118146,0.195567207
20060721,0.09724474,0.423657671,0.503452139
20060724,0.469142655,0.225157661,0.371897914
20060725,0.567492403,0.340231093,-0.177691671
20060726,0.516880492,0.323800508,0.355068159
20060727,0.625553407,0.30535376,0.75435716
20060728,0.573889667,0.482877572,0.589878155
20060731,-0.207651221,0.149143927,-0.589878155
20060801,0.495723411,0.437154508,0.239559326
20060802,0.031690699,0.295010572,0.683573125
20060803,0.031690699,0.186981715,0
20060804,0.504653334,0.294188367,0.710398441
20060807,0.031615555,0.10353196,-0.473037779
20060808,0.204772853,0.428658475,0.441571448
20060809,-0.614320275,0.303091952,-0.409965885
20060810,0.252206943,0.504663376,0.362747815
20060811,-0.125944601,0.226309003,-0.062992128
20060814,-0.078216664,0.278347881,0.659446573
20060815,0.623054975,0.404487849,0.779427173
20060816,0.193670898,0.184627549,0.317817406
20060817,-0.636104852,0.342799661,-0.55100834
20060818,0.015529156,0.212894598,0.233190933
20060821,0.031113877,0.169361567,-0.170953496
20060822,-0.109025788,0.157881401,-0.186828639
20060823,-0.078155533,0.101160512,-0.343428374
20060824,1.1442834,0.332512915,1.690093721
20060825,-0.077273785,0.210601729,-0.555043053
20060828,-0.309167042,0.219706768,-0.139243466
20060829,0.108468284,0.194355551,-0.030969341
20060830,-0.139157348,0.174572004,0.092879264
20060831,-0.077357473,0.213104734,-0.03095017
20060901,-0.200601873,0.133722428,0.201005093
20060905,-0.418832537,0.184509517,-0.635316308
20060906,-0.015626221,0.208035096,-0.529926427
20060907,-0.031496063,0.404765154,-0.784440797
20060908,0.125885146,0.282897969,0.15738121
20060911,0.595239853,0.394947569,0.689549825
20060912,-0.234797009,0.242106241,-0.344180565
20060913,-0.187822876,0.138315964,0.031338139
20060914,-0.031377471,0.273921642,-0.156788994
20060915,-0.344342178,0.191545089,0.078425226
20060918,0.312256304,0.203288787,0.578442948
20060919,0.046747177,0.146209216,0.062334426
20060920,-0.29546713,0.295911787,0.031152648
20060921,0.140154193,0.191119538,0.077839188
20060922,-0.187558667,0.091486714,-0.530505223
20060925,-0.077851308,0.304426588,0.437090924
20060926,0.402913919,0.204496697,0.71395616
20060927,0.479172414,0.158449569,0.293413847
20060928,0.015411883,0.07291144,0.061661787
20060929,0.046185822,0.171142239,0.123209626
20061002,0.153727932,0.187461186,0.199892432
20061003,0.719813201,0.308864057,0.658350384
20061004,0.441501821,0.335662334,0.456760843
20061005,-0.260676372,0.244737111,-1.069038892
20061006,0.107617813,0.206898732,-0.076799021
20061009,-0.061652283,0.270033828,-0.338618147
20061010,0.200292802,0.14426961,0.169452401
20061011,0.338461862,0.30077471,0.215252236
20061012,-0.553421858,0.204627619,-0.369288002
20061013,-0.34003124,0.192323064,-0.432566718
20061016,-0.200046231,0.306897874,0.50961426
20061017,0.850681114,1.183185353,1.81642787
20061018,2.121898737,0.872214542,2.980402391
20061019,0.058806235,0.210445685,-0.102827773
20061020,0.306547207,0.62044521,0.834252918
20061023,1.235929945,0.412971443,0.856256592
20061024,0.160221431,0.340359436,-0.710611358
20061025,0.101766382,0.339938548,0.159965133
20061026,0.014540167,0.382316191,-0.058139537
20061027,-0.584796988,0.236286888,-0.846844015
20061030,-0.970595855,0.632979751,-0.780161461
20061031,-0.665929209,0.665184024,-0.474004739
20061101,-0.267499045,0.415233217,-0.222965533
20061102,1.022306851,0.761985132,0.947874395
20061103,-0.250313022,0.370152399,-0.014741653
20061106,0.24884738,0.306931995,0.836824967
20061107,0.745345065,0.500857541,0.40852114
20061108,-0.117664376,0.487077031,-1.068589543
20061109,-1.959234135,1.128767782,-2.594063166
20061110,0.415801015,0.837715613,0.098124324
20061113,-0.438696717,0.797419186,-0.476425448
20061114,1.635408951,1.093195962,0.935573446
20061115,-0.015025167,0.399279359,-0.045068731
20061116,0.015036463,0.635523868,-0.060123254
20061117,0.836824967,0.960615046,1.032093523
20061120,-0.832099898,0.524366998,-0.268216522
20061121,-0.479473499,0.501140801,-0.658685016
20061122,0.345216103,0.526486092,0.240024118
20061127,0.243976943,0.847166781,-0.288951612
20061128,0.631108813,0.698053857,0.463438626
20061129,0.408874652,0.512587412,0.310288969
20061130,-0.370777164,0.724455756,-0.325449672
20061201,0.045506258,1.192349275,-0.022745366
20061204,-0.165825017,0.917013939,0.514295491
20061205,0.015116015,0.391970625,-0.181214184
20061206,-0.151400483,0.355054481,-0.242130869
20061207,-0.28720449,0.44517591,0.090867794
20061208,0.091005618,0.645511083,-0.151492227
20061211,-0.425403255,0.313294724,-0.425403255
20061212,-0.304506934,0.488972338,-0.152369373
20061213,-0.456969569,0.368534828,-0.122062878
20061214,1.03187562,0.61149415,1.123436744
20061215,0.62079085,0.43026009,0.015095479
20061218,0.527149349,0.583870969,0.481856075
20061219,0.329538944,0.830142012,0.449641045
20061220,-0.315576188,0.25919164,-0.645115132
20061221,-0.430823387,0.342354586,-0.649303904
20061222,-0.213057454,0.455123151,-0.562097948
20061226,0.091421612,0.222977932,0.030464585
20061227,0.136353328,0.265550484,0.592211889
20061228,0.771387021,0.500607867,0.483311619
20061229,-0.378530242,0.47577352,-0.680326156
20070103,-0.09030705,0.695315944,0.740576195
20070104,1.001727746,1.514422873,1.212317474
20070105,-0.777399639,0.909680146,-0.881589572
20070108,0.015034203,0.715826896,-0.165227225
20070109,-0.38381985,0.375211602,-0.316193894
20070110,-0.249103733,0.2849698,-0.234024189
20070111,0.352866465,0.426213865,0.84293417
20070112,0.240493127,0.367033838,-0.157509877
20070116,-0.187722976,0.351426158,-0.127689956
20070117,0.479689122,0.562599998,0.51726192
20070118,0.979526977,0.914349299,1.248344343
20070119,-0.029494175,0.560328001,0.132831545
20070122,-0.939946971,0.693233007,-0.829388641
20070123,-0.786727169,1.444693275,-1.151759049
20070124,0.779030157,0.671688073,0.809114393
20070125,-0.523757277,0.395928539,-0.538681536
20070126,-1.083369007,0.51708607,-0.828629977
20070129,-0.173735739,0.452015914,0.052936062
20070130,0.226193265,0.576861991,0.384833525
20070131,0.6755261,0.72789285,0.6755261
20070201,0.38846605,0.444418416,0.328603731
20070202,-0.583790297,0.318005761,-0.673302461
20070205,-0.150761373,0.331136795,-0.496652387
20070206,-0.483457657,0.2414906,-0.377900835
20070207,-0.30349037,0.232741821,-0.348934588
20070208,0.045610035,0.526786575,-0.015198723
20070209,-0.455927841,0.351377051,-0.213025035
20070212,-0.358027425,0.296128098,-0.19821612
20070213,-0.061162081,0.22625586,-0.213903825
20070214,0.426115391,0.308326047,0.716302689
20070215,0.076016727,0.259302198,-0.075958986
20070216,-0.198185902,0.241872887,-0.411178528
20070220,0.244873095,0.642257424,-0.168003094
20070221,-0.445366627,0.255129997,-0.690239722
20070222,-0.292871115,0.304500216,-0.292871115
20070223,-0.450976583,0.393031662,-0.961695018
20070226,0.031123561,0.395647911,0.171299582
20070227,-1.590960548,2.280882488,-2.027574371
20070228,-0.538999403,1.428983425,-0.111208209
20070301,0.240481078,1.718910088,-0.733889701
20070302,-0.81324173,0.697202815,-0.973498174
20070305,0.470245718,1.133549715,-0.048520137
20070306,-0.710482562,1.152065656,-0.170006113
20070307,0.38070598,0.694710271,0.218526249
20070308,-0.428335403,0.535364263,-0.178022381
20070309,0.080495859,0.43543561,0.653887295
20070312,-0.886173527,0.711215141,-0.564836489
20070313,-1.138376816,0.757616957,-1.771547208
20070314,-0.435623095,1.172679746,-0.008236893
20070315,-0.296980915,0.674791637,-0.296980915
20070316,0.132297026,0.617394235,-0.016524829
20070319,0.032943502,0.404588302,0.346449245
20070320,0.525107869,0.487376255,0.623873309
20070321,0.278027818,0.670072251,0.212539931
20070322,-0.598534153,0.550376237,-0.704747652
20070323,-0.642559258,0.328761203,-0.494642394
20070326,-0.132692008,0.342218092,-0.414079267
20070327,-0.099883478,0.172350263,-0.349156561
20070328,0,0.489885323,-0.066644454
20070329,-0.057983021,0.993648903,0.573353185
20070330,-0.2983098,0.48963579,-0.15755217
20070402,-0.249231665,0.313832792,-0.232635532
20070403,0.23113763,0.43061904,0.877852428
20070404,1.017069135,0.367715184,1.03355854
20070405,0.406802286,0.559835669,0.504681576
20070409,0.113664054,0.277987091,0.064935067
20070410,0.219093689,0.316272403,0.105429635
20070411,0.631939233,0.646132005,0.364092801
20070412,0.291121021,0.487556677,0.016151175
20070413,0.562928708,0.386911662,0.692044284
20070416,0.781067173,0.344953849,1.005354355
20070417,-0.617285911,1.130561364,2.539719512
20070418,-0.06210216,1.012153815,-0.325606924
20070419,0.804210954,0.595501119,0.81974011
20070420,-0.268559532,0.342762021,0.238470823
20070423,-0.215849606,0.51386731,-0.438918042
20070424,-0.355954876,0.45473112,-0.448604666
20070425,0.185787327,0.358438663,0.232288142
20070426,-0.318582965,0.283283251,-0.628420548
20070427,0.23406424,0.510995798,-0.132393618
20070430,0.257279992,0.426480874,0.085686471
20070501,0.030988534,0.934179903,0.520328903
20070502,-0.185931259,0.462794647,-0.108501909
20070503,-0.418897517,0.375249504,-0.248447333
20070504,0.279546695,0.459561337,0.248447333
20070507,0.514460563,0.34466846,-0.263995805
20070508,-0.313283464,0.336432407,-0.890283116
20070509,0.735700274,0.582625555,0.594401875
20070510,-2.088022711,0.516818242,-2.46302315
20070511,0.016068129,1.081609937,-0.512821637
20070514,-0.58104991,0.84272454,0.632634743
20070515,-0.290791804,0.452449244,-1.325906362
20070516,0.699859704,0.78915198,2.049711471
20070517,-0.445222551,0.525885567,-0.540370037
20070518,0.696205344,0.71022221,1.06206911
20070521,-0.50243472,0.481620341,0.173296617
20070522,-0.031451486,0.445034812,0.07867202
20070523,0,0.39390636,0.298390484
20070524,-0.737084808,0.634150573,-0.377062505
20070525,-0.252565249,0.415452824,-0.410095212
20070529,-0.372115548,0.330048615,-0.372115548
20070530,0.379927638,0.54701731,0.40372111
20070531,0.253445407,0.429103238,-0.12648223
20070601,0.078907919,0.576405531,0.284360381
20070604,0.804992114,0.405746742,0.346457039
20070605,-0.142056689,0.4471921,-0.472739613
20070606,-0.752866416,0.479347426,-0.721280819
20070607,-1.21854963,0.586678634,-1.385740465
20070608,-0.032185388,0.621053929,0.225588236
20070611,-0.032097577,0.632660076,0.273246172
20070612,-0.5484327,0.502556565,-0.765361239
20070613,0.547681781,0.722149538,0.685072194
20070614,0.417202146,0.519626924,0.320770123
20070615,-0.246727014,0.406691027,0.471265699
20070618,-0.862900848,0.310357711,-0.695696701
20070619,-0.072025932,0.478291691,0.232437086
20070620,-0.851342384,0.722787405,-0.74732157
20070621,0.370818643,1.004790498,0.241682225
20070622,-1.195476361,0.697542049,-1.663256874
20070625,0.212887987,0.76003569,0.024540881
20070626,0.471507255,0.882378009,0.847048557
20070627,0.473122671,0.540907248,-0.341214077
20070628,0.260501613,0.729309576,0.097608597
20070629,0.113664054,0.882391194,0.194931836
20070702,-0.129240729,0.491389322,0.388727409
20070705,0.498754151,0.50215707,0.579431848
20070706,0.016101763,0.346682953,-0.321491998
20070709,0.543132326,1.139340826,1.057024576
20070710,-0.961237776,0.447063408,-1.040925405
20070711,0.934997022,0.624838436,1.184203309
20070712,0.490080816,0.771291734,0.871154634
20070713,-0.10247114,0.68247319,-0.015771627
20070716,0.754601914,0.46637668,0.707272104
20070717,-0.095587071,1.086053881,-1.753737972
20070718,-0.911933366,0.951231331,-0.832271129
20070719,0,0.432424234,0.208718066
20070720,-1.086136427,0.660545354,-0.869850845
20070723,-0.04033722,0.519642269,0.250454585
20070724,-0.373286159,0.973341586,-0.75325347
20070725,-0.373165031,1.607697333,0.032515038
20070726,-0.449990532,1.548506283,-0.88983811
20070727,-2.177508729,1.21948421,-2.054583083
20070730,0.216829374,0.849917594,0.475972674
20070731,-1.297333246,1.644546565,0.796552502
20070801,0.493340912,2.132368611,0.757454634
20070802,0,0.915701261,0.081987379
20070803,-1.215520879,1.142306417,-0.822914453
20070806,2.625846921,1.128083282,2.939352664
20070807,0.436293816,1.664527409,-0.474525361
20070808,0.240481078,1.906295372,0.69093229
20070809,-2.643039947,1.39676307,-2.57900921
20070810,0.705904598,3.077729698,0.442659957
20070813,0.105893383,1.223479553,0.465136095
20070814,-0.603344676,0.725994217,-0.448778853
20070815,0.343221715,1.148422841,0.245038103
20070816,1.024482495,2.986438436,0.844846617
20070817,-0.370400617,1.724762318,0.274658869
20070820,-0.153752812,0.625370272,-0.387973329
20070821,-0.145949916,0.456665984,-0.194552591
20070822,0.565658074,0.457967853,0.695401848
20070823,0.096571712,0.539889346,0.177119441
20070824,0.412705421,0.484987616,-0.394922939
20070827,-0.372862554,0.24305171,-0.558773774
20070828,-0.504517304,0.148352044,-0.455804143
20070829,0.940954379,0.410938932,1.038801745
20070830,0.146234489,0.503193295,-0.550519525
20070831,-0.307667638,0.478121961,0.113590276
20070904,0.63081487,0.294920979,0.582149121
20070905,-0.364446648,0.314495236,-0.638928131
20070906,-0.145973588,0.232677474,-0.024343734
20070907,0.683262785,0.852006078,0.113553423
20070910,-0.080873437,0.250337552,0.194363521
20070911,0.266161386,0.283269553,0.443996693
20070912,0.963089306,0.414924179,0.842194671
20070913,0.59602036,0.220393327,0.80347276
20070914,0.285261683,0.215358123,0.134605507
20070917,-0.142913879,0.410260363,-0.412306325
20070918,1.293393425,1.124304726,1.388692034
20070919,1.138058896,0.534118941,1.091033266
20070920,0.286256046,0.68019791,0.325002221
20070921,0.261397858,0.299717218,0.616144894
20070924,0.276582844,0.438973128,0.076751865
20070925,0.277392688,0.407742194,-0.29197101
20070926,0.559795948,0.310526655,0.621334412
20070927,0.282539992,0.362248095,0.282539992
20070928,0.366021455,0.325868865,0.182843263
20071001,0.598645368,0.241913049,0.743159559
20071002,-0.211800382,0.289215884,-0.226911829
20071003,0.348564421,0.269647786,0.105956265
20071004,0,0.204666265,0
20071005,-0.203643016,0.100008214,0.18892883
20071008,-0.257127874,0.137907005,-0.294885095
20071009,0.13604416,0.189256569,0.257127874
20071010,-0.711746777,0.219739781,-0.606062461
20071011,-0.030316811,0.311976463,0.242865936
20071012,-0.317869033,0.500186549,0
20071015,-0.182454057,0.63481316,-0.379737678
20071016,-1.054491318,1.414337297,-0.948019333
20071017,-1.042954239,0.945069785,-0.353982671
20071018,0.169661489,0.690123394,0.046242775
20071019,-0.775799081,0.857535872,-1.069031794
20071022,0.748483145,0.769812891,0.264447537
20071023,0.286855257,0.810182986,0.333449962
20071024,0.24840876,0.887344711,-0.147201266
20071025,-0.724556167,0.763559095,-0.848683414
20071026,0.186799556,0.688711865,0.553629236
20071029,0.849754051,0.775030652,1.082763865
20071030,0.030859436,0.460486143,-0.277307218
20071031,0.399508829,0.731405641,0.599863369
20071101,-0.578727646,1.261111629,-0.924363384
20071102,0.09264979,1.226288669,0.278207289
20071105,-0.015507482,0.771119423,-0.479617226
20071106,-0.247180722,0.531526778,0.263300702
20071107,-0.640177063,0.776466974,-1.260815208
20071108,0.255943057,1.651085747,1.106016415
20071109,1.346040281,1.478031106,0.802349621
20071112,1.903079434,0.994710704,1.887710187
20071113,0.941499893,0.813225578,1.37788611
20071114,-0.224131584,0.616387733,-0.566827293
20071115,-0.059790734,1.043794212,0.044866523
20071116,1.189074652,1.015024113,1.189074652
20071119,0.04442799,0.556985352,-0.207070034
20071120,0.08873115,0.909650636,0.162733966
20071121,-0.371830576,0.790801181,-0.801429045
20071126,0.865031494,0.81249792,0.685444496
20071127,0.488058353,1.07881105,0.651275245
20071128,1.680216388,1.142491763,0.939801337
20071129,0.542642675,0.714773429,-0.073104762
20071130,-0.411886431,1.239853929,-0.778214044
20071203,-0.022147577,0.974413017,-0.177043422
20071204,0.309666251,0.694011357,0.294898474
20071205,0.19076974,0.320604063,0.426063966
20071206,0.249248718,0.449569378,0.117216131
20071207,-1.073776589,0.473085484,-0.985954569
20071210,0.191938639,0.446216796,0.258464863
20071211,-0.539283987,0.945668824,-0.436084804
20071212,-0.442152526,1.227998665,0.295858204
20071213,0.531131375,0.863359175,0.383311689
20071214,-0.029603316,0.383399833,-0.60512324
20071217,-0.103603946,0.477741981,-0.029612082
20071218,-0.199313542,0.452732737,0.199711594
20071219,-0.548515199,0.506429247,-0.585468749
20071220,-0.289092526,0.226224515,0.126276711
20071221,0.559730435,0.343988717,1.070634511
20071226,-0.583048997,0.366493835,-0.472604631
20071227,0.156128057,0.826017234,-0.363353631
20071228,-0.725767831,0.546661063,-0.052015606
20071231,-0.628650476,0.56689162,-1.000979449
20080102,-1.06355896,0.869941547,-1.003516929
20080103,0.532118321,1.025589053,0.02274709
20080104,-0.651073539,0.781656373,-0.182121768
20080107,1.354422511,1.165022605,1.612330565
20080108,0.515561347,0.984647595,0.283603444
20080109,0.799175483,0.726200084,1.111698991
20080110,0.472534843,1.279883204,0.058944888
20080111,0.546651284,0.599259813,-0.014732965
20080114,0.073610603,0.686482146,0.117802988
20080115,0.377149643,0.593563353,-0.309529321
20080116,0.970310465,1.121528726,0.896471578
20080117,-0.837193698,0.896703263,-0.807936822
20080118,-2.148374438,2.200696952,-2.222147957
20080122,0.276031459,7.743567061,-1.53486791
20080123,-1.129431051,7.183599978,-1.58990769
20080124,-1.306492278,1.342672546,-1.213179674
20080125,-1.510002465,1.225777552,-1.675506699
20080128,0.540026725,1.238466306,1.098999673
20080129,-0.443881515,0.371624806,-0.301420074
20080130,-0.848887936,1.389405088,-1.230932336
20080131,1.919137743,1.83865744,1.53235241
20080201,0.055250801,1.048839535,0.371556615
20080204,0.275883988,0.701403551,0.24431584
20080205,-0.744557895,0.956803901,-0.996764838
20080206,-0.02378027,0.687102763,0.285805212
20080207,-0.17489471,1.078392828,-0.365340729
20080208,-0.882901634,0.521098442,-1.313489972
20080211,-0.363211183,0.740871547,-0.298736648
20080212,1.504028352,1.039135679,1.818887531
20080213,0.522153085,0.655106755,0.625323603
20080214,-1.141963243,0.671273548,-1.070971325
20080215,0.286487543,0.572727634,0.36621329
20080219,0.441154016,0.529916572,1.09066125
20080220,-0.528496596,0.45137623,-0.61499839
20080221,-0.744793872,0.444682143,-0.555160439
20080222,0.745976001,0.739460578,0.586790995
20080225,0.967559171,0.824036185,0.991275523
20080226,-0.109795321,0.581934382,-0.235128253
20080227,-0.806774921,0.531809556,-1.199888093
20080228,-0.524768637,0.51658066,-0.381922807
20080229,-0.914860726,0.714062491,-1.122346237
20080303,0.482859461,0.734513159,0.418343329
20080304,0.890249293,0.638922757,0.544436893
20080305,0.643344421,0.699446346,0.850730633
20080306,-0.605001049,0.371903015,-0.850730633
20080307,-1.195490813,0.905818852,-1.755985515
20080310,-0.349636491,0.759920694,-0.235935512
20080311,0.988952784,1.324829575,1.792104791
20080312,0.231842451,0.877659395,0.191831247
20080313,0.768003775,1.912429498,0.199433675
20080314,-0.223249973,2.025548768,-0.159515108
20080317,3.20611495,2.254155447,2.179148286
20080318,0.916342607,1.063845665,1.872395127
20080319,-1.050582877,0.873447825,-0.568838493
20080320,0.252554376,0.746362987,0.852048908
20080324,-0.798530042,0.546728863,-0.852048908
20080325,-0.664351613,0.53271099,-0.541085034
20080326,0.247678145,0.663680848,0.263178416
20080327,-0.308880554,0.454039008,-0.046392949
20080328,-1.146943757,0.458518856,-0.776401416
20080331,0.95375437,0.878534358,0.99271794
20080401,1.452736001,1.007482651,1.653183219
20080402,-0.625526488,0.528592312,-0.807869648
20080403,0.030651341,0.731364155,-0.122511501
20080404,1.009028589,0.512856636,0.732827707
20080407,0.477726027,0.39000816,0.53855328
20080408,0.589526309,0.475145492,0.385065975
20080409,-0.165825017,0.306921544,-0.105556822
20080410,0.120681867,0.476912,0.075409098
20080411,-0.453241447,0.734311982,-0.438166449
20080414,0.227014853,0.543609218,0.166427151
20080415,-0.144613185,1.479208066,-0.766345417
20080416,-0.091407685,0.562217463,-0.053331303
20080417,0,0.4204439,0.243568396
20080418,0.572549402,0.848526437,1.19399892
20080421,0.030179569,0.539455387,-0.421560395
20080422,1.125715452,0.671899064,1.080442683
20080423,0.596393597,0.559577981,0.402175265
20080424,0.022270888,0.815965071,0.13369979
20080425,-0.17793599,0.502643242,0.029686804
20080428,-0.037151243,0.337506808,-0.148522231
20080429,-0.193351737,0.33369353,-0.163629639
20080430,0.044752742,0.563767773,-0.178810955
20080501,1.074761114,0.575780898,1.141852697
20080502,0.38162383,0.457558772,0.646680678
20080505,-0.19124684,0.230614021,-0.514064435
20080506,0.014785244,0.435251737,-0.39837751
20080507,-0.960150281,0.424110556,-1.167342896
20080508,0.059817558,0.51397775,0.052338406
20080509,0.015018398,0.318929183,-0.449506301
20080512,0.029967036,0.331631014,0.239988116
20080513,-0.525645124,0.443021205,-0.510664973
20080514,0.044933724,0.310672465,0.555598696
20080515,0.150127637,0.543935901,-0.179856164
20080516,0,0.389175741,0.0299985
20080519,0.030016509,0.410106463,-0.060006002
20080520,-0.52770571,0.427032867,-0.73801073
20080521,-0.969263987,0.71655926,-0.667376965
20080522,-0.404256681,0.407792083,-0.44230988
20080523,-0.62936734,0.632474266,-0.736425544
20080527,0.399693076,0.517151985,0.368890673
20080528,-0.30764522,0.527780403,-0.415097836
20080529,2.456451228,1.03340929,2.194206573
20080530,0.367992605,0.48232006,0.526119214
20080602,-0.285264063,0.712107673,-0.285264063
20080603,0.209926603,0.520390852,0.37517865
20080604,-0.464803296,0.863416641,-0.33008282
20080605,0.149499206,0.722791657,0.599342519
20080606,-1.503560492,0.855720457,-1.900223064
20080609,-0.395197353,0.909654927,-0.030455307
20080610,0.183206158,0.940027021,-0.15241582
20080611,-0.55029182,0.649548926,-0.489297612
20080612,0.457666703,0.728411452,0.702614774
20080613,0.590508189,0.569603362,0.818558459
20080616,-0.136705421,0.558907409,-0.681665898
20080617,-0.714343033,0.319886078,-0.350209722
20080618,-1.249919829,1.214351116,-1.785212077
20080619,0.605169044,1.150794986,0.37197811
20080620,-0.444047004,0.669623123,-0.932552608
20080623,0.412757099,0.390711746,0.459591851
20080624,0.674447303,0.882796886,0.588920726
20080625,0.537677,0.663300062,0.853949875
20080626,-0.774237376,0.713492503,-1.450642722
20080627,-1.237000037,0.587464065,-1.34587321
20080630,1.330535399,0.950769692,1.314778683
20080701,1.432153992,1.07667128,0.604606136
20080702,-0.139221927,0.582418131,-0.154679072
20080707,-0.183908098,1.112585563,0.107436124
20080708,1.392557602,0.87209676,1.484553929
20080709,0.007561723,0.974706249,-0.060473205
20080710,0.79466645,1.483083183,1.2548536
20080711,-0.150704572,1.298919562,-0.983011705
20080714,-0.105461403,1.407333317,0.052772439
20080715,0.980254396,1.765818424,1.970212983
20080716,0.957650044,1.515460528,0.79494015
20080717,-0.323958463,1.794415491,-0.58823699
20080718,-0.573657527,0.82805827,-0.01475035
20080721,-1.169950405,0.644409088,-0.978365349
20080722,1.057819532,1.11508794,1.214110265
20080723,0.131858491,0.955172371,0.513762598
20080724,1.215508851,1.196552247,0.583943265
20080725,0.362976805,0.664335109,0.435730537
20080728,-0.495411184,0.466866463,-0.78568715
20080729,-0.25533481,0.567441476,-0.014608137
20080730,-0.168912756,0.49391152,-0.622826707
20080801,-0.468453499,1.27860836,0.183587347
20080804,1.503348754,1.003867496,1.283003457
20080805,1.741043441,0.689903181,1.95810452
20080806,0.961409922,0.68501361,0.954306892
20080807,-0.070796463,0.788183765,-0.663516234
20080808,1.365737525,1.047725592,1.280715556
20080811,0.475924751,0.637265056,0.139742896
20080812,0.349284323,0.516699979,0.125601859
20080813,-0.574271485,0.553874577,-0.713838849
20080814,0.478739298,0.859235994,0
20080815,0.534309483,0.488628983,0.168421092
20080818,-0.434996827,0.400744604,-0.280859614
20080819,0.577914076,0.90391086,0.056235064
20080820,0.140785607,0.836359254,-0.098432125
20080821,0.774488135,0.626259034,0.295006184
20080822,0.603807213,0.678905818,0.196188404
20080825,-0.63331434,0.341599083,-0.84353094
20080826,-0.240130068,0.848241617,-0.169563415
20080827,0.704525952,0.771898839,0.718667223
20080828,0.196353499,0.60659752,0.210393513
20080829,-0.988289845,0.461831699,-1.254863136
