20020102,-0.632304512,2.560760402,-0.261654078
20020103,2.221711539,1.991881005,2.881417065
20020104,2.493635702,4.129798587,4.35193181
20020107,-0.179418221,3.79488579,0
20020108,-1.108687391,1.896272817,-1.057392186
20020109,-0.361011222,2.731698877,0.362319237
20020110,1.755336758,2.091707416,0.951286259
20020111,-3.605629845,3.456850942,-3.171568139
20020114,-0.907156701,3.540665761,-1.463375855
20020115,1.3576676,2.987905044,1.3576676
20020116,-2.593338203,10.96848255,-3.443051228
20020117,-0.297740104,4.211785547,0.953296066
20020118,-0.624351664,3.003476719,-2.650707964
20020122,-0.557104505,2.586232268,-0.348553856
20020123,1.209068574,4.712942278,-0.055881533
20020124,-0.858849995,2.190153356,0.446180327
20020125,-1.334678339,3.47253232,-2.707441176
20020128,-2.418776139,4.724755086,-1.933961272
20020129,-6.051452805,10.27454776,-6.782770969
20020130,5.042045164,24.94521446,3.343356945
20020131,2.681924746,5.947166222,2.561188239
20020201,-5.679569134,9.163638197,-5.562025777
20020204,-5.134237695,9.045353266,-5.134237695
20020205,-4.928096173,40.03829189,-4.895379012
20020206,0.511161447,19.09934668,1.0936541
20020207,-0.100050033,11.27339298,1.852216616
20020208,2.804226787,11.36947586,3.701093786
20020211,1.620369051,8.458296777,2.005478641
20020212,-0.348708548,3.248669988,-0.759257048
20020213,-4.049136135,15.99501297,-4.017385064
20020214,0.829880281,10.27508951,0
20020215,-0.56431685,6.241889733,-0.696635758
20020219,-0.856903273,5.39954242,-3.35113436
20020220,-1.300364519,10.57173418,1.248626502
20020221,-0.479288833,7.553187962,-0.939294755
20020222,-1.060080599,17.86663689,-3.456444618
20020225,4.191492224,8.903072842,2.940358835
20020226,-0.207110878,10.45630411,-0.172622173
20020227,-0.791061735,8.251537201,0.069084631
20020228,0.823897554,4.695020096,0.996400616
20020301,0.236207297,5.698660967,1.425686062
20020304,7.020425867,8.889199158,8.956400885
20020305,0,16.18132892,0.215484153
20020306,1.334341517,5.876275752,4.303356933
20020307,-1.197269375,4.810824438,0.26474497
20020308,-0.143988506,3.033865651,1.920338325
20020311,2.173392877,3.866311658,4.452693829
20020312,0.829880281,4.352494714,0.055111602
20020313,-1.793770069,5.668308058,-2.62365035
20020314,0.484400434,4.197937891,-0.510349846
20020315,2.502590889,3.970270902,2.331893835
20020318,-2.104750069,3.52481405,-2.104750069
20020319,0.557881503,2.206810413,1.93799072
20020320,-1.438873745,1.156629537,-2.136713283
20020321,-1.028286696,4.152090919,-1.028286696
20020322,1.142869582,3.52953052,1.056699823
20020325,-0.569802111,3.65933738,-0.569802111
20020326,-0.028413127,4.033373717,0.541388984
20020327,0.876826435,3.566444965,0.905239562
20020328,-0.896615701,3.512064723,0.056306308
20020401,-0.1403509,3.626156911,0.196822783
20020402,-0.141422736,2.919369545,-0.761317649
20020403,-0.52710429,2.77225639,-0.924155294
20020404,-1.299657283,3.278866605,-1.743434405
20020405,0.662158746,2.758732821,1.299657283
20020408,1.265839687,3.481200003,0.372333238
20020409,0.399202127,2.512080468,0.456361317
20020410,-0.455711412,3.418821483,-0.313524555
20020411,-3.866914116,8.149507014,-4.525659159
20020412,1.618872735,3.285865764,2.273831909
20020415,-2.857337244,4.539576122,0.727275933
20020416,1.194553454,2.65018911,2.490467918
20020417,3.605962932,5.363580124,5.232471027
20020418,0.726884342,5.53067755,0.026827633
20020419,0.69094083,2.89049178,1.279335146
20020422,-2.08764529,2.537632295,-3.393808069
20020423,-1.179226609,4.396639647,-0.687287929
20020424,-2.259671787,2.636112326,-1.025934411
20020425,-1.050698293,6.003478601,-2.397519998
20020426,-2.291796443,2.924527725,-0.25725325
20020429,-3.156646597,5.122837169,-1.848695053
20020430,1.28849313,7.48144885,2.447926408
20020501,0.084614305,8.120949111,0.906265053
20020502,2.090668482,4.184023133,2.175211252
20020503,-1.75077419,5.620252864,-1.612938193
20020506,-4.66922273,4.313981037,-3.88731425
20020507,-0.862322101,4.290612058,0.957222682
20020508,0.954335805,3.188254635,6.184653494
20020509,-1.277085652,4.429850993,-2.918709386
20020510,-2.536061529,3.92198037,-2.117825871
20020513,2.624382888,2.896595777,3.505195516
20020514,1.719548011,3.949416397,3.386480993
20020515,-0.754720564,4.597131392,-1.557078438
20020516,2.136262814,2.923040035,2.379473311
20020517,0.262812241,3.149741598,0.658330225
20020520,-0.850164526,1.952607379,-1.640682476
20020521,-1.324522675,3.665635494,0.053347561
20020522,0.10655302,3.641629451,0.159872136
20020523,2.133624992,4.371498513,2.133624992
20020524,-0.739570196,2.783606989,-1.708544649
20020528,-1.440793334,3.28694539,-1.361291541
20020529,-0.486355998,2.556066197,-0.782413272
20020530,-1.379332213,5.452994667,-2.523447118
20020531,0.194201753,3.270051282,0.221975674
20020603,-3.822121282,3.704580643,-4.044096956
20020604,-0.891963905,7.759795719,-0.144404357
20020605,0.431966114,4.229983162,0.576370472
20020606,-3.680321895,5.830936971,-3.479374504
20020607,2.829809534,8.050790691,0.237741568
20020610,0.710692953,5.28955019,0.59189282
20020611,-3.169174043,5.463419766,-2.903960981
20020612,0.939258534,12.06433538,0.726395446
20020613,-1.613183667,5.967901789,-1.733883742
20020614,1.989354052,17.15941727,1.250206862
20020617,5.275056539,7.202252893,7.076907089
20020618,-1.333542247,5.521734178,-1.164289739
20020619,-0.288600489,5.271365814,-1.17800529
20020620,-3.589676383,6.031144317,-3.589676383
20020621,0.547280174,8.353110279,-1.20556011
20020624,2.993503912,15.34522316,0.755176524
20020625,-1.360565206,8.309597452,-1.150133744
20020626,2.34624293,23.53751052,-4.259932138
20020627,-0.790998952,11.69558097,3.924514839
20020628,2.241159823,6.923279665,1.965888201
20020701,-6.614743606,6.483566031,-6.017548639
20020702,0.257566144,12.76415198,-1.087314838
20020703,0.713825224,9.345245543,-0.548123249
20020708,-0.77006387,6.86212546,-0.77006387
20020709,-3.084915702,6.160652562,-3.332593847
20020710,-4.597766725,12.319308,-3.579946234
20020711,1.98026273,22.38466502,1.382055562
20020712,-1.738603741,14.4649843,-1.249605211
20020715,1.608613775,12.31783202,-0.464345776
20020716,-0.873367997,16.00147603,-5.395641181
20020717,-3.390155168,15.82554487,-1.306746477
20020718,-1.459879942,9.090066854,-3.36196492
20020719,-0.870064123,16.23810981,-3.288786684
20020722,-5.74756943,27.56780616,-7.124790892
20020723,-16.41369521,92.72397854,-19.98550347
20020724,25.28353411,112.290996,15.77742583
20020725,-4.183616632,224.4497002,-4.481933495
20020726,-4.27095507,36.29333141,-1.073835822
20020729,5.369041899,11.94159659,11.98302215
20020730,1.171967344,26.39439446,-0.680683309
20020731,0.201409937,15.24412379,-0.160836384
20020801,0.200120139,9.012910982,0.641799235
20020802,-3.105196701,13.12499506,-5.043085363
20020805,-2.343684545,11.91724059,-6.20185702
20020806,0.847462699,15.42624133,5.864872708
20020807,-1.568335902,16.04683267,1.424406153
20020808,4.180175156,12.18987165,9.288703762
20020809,2.849634483,10.99137999,-0.151745097
20020812,-1.32658988,11.8828037,-3.398010319
20020813,-2.51636654,11.28099079,-4.539843633
20020814,2.708877987,21.98520757,2.996175537
20020815,-1.443489378,30.76663949,-1.244246435
20020816,0.24174065,5.870554241,0.362830473
20020819,8.55090481,9.967557506,9.072680025
20020820,-1.906243481,10.16676076,-2.64398198
20020821,1.163021926,10.6576765,1.163021926
20020822,3.081849378,7.100872895,-0.448598883
20020823,-2.152273702,7.807391677,-3.624276125
20020826,2.757738913,7.612961904,2.796581407
20020827,-0.892863074,9.839195096,1.089621902
20020828,-0.531714128,5.241288179,-1.886136639
20020829,2.365619661,8.091300179,0.985229644
20020830,0.494015825,8.631905634,-0.529301803
20020903,-3.57180826,4.623791087,-6.378065827
20020904,2.51259479,12.53334317,2.55299067
20020905,-2.092384027,11.24528235,-5.131402386
20020906,-4.659608729,4.494462644,-0.916291292
20020909,1.582243828,14.08090769,-1.390374199
20020910,-3.231573717,11.04130609,-1.841199518
20020912,-3.831203522,5.221222035,-4.354308463
20020913,-0.045444218,7.428722465,-0.090867794
20020916,0.461894586,4.324495539,-1.373019281
20020917,-3.018061715,10.42091565,-0.740058882
20020918,7.042666376,13.41981363,-5.241790639
20020919,-0.350613933,13.25363035,-2.526763111
20020920,0.446318618,7.47489974,1.395139719
20020923,-1.701510501,8.743258283,-4.970597181
20020924,-1.966579455,8.943403257,-3.169837499
20020925,-1.215981147,13.65554751,0.908368522
20020926,0.312989301,9.807841062,2.10534092
20020927,-5.110212374,10.60878324,-4.746292035
20020930,4.19641991,20.46447024,3.59384345
20021001,2.983760441,13.48037121,3.875452685
20021002,-4.215081152,14.77615611,-7.251074553
20021003,-3.511087876,12.84731926,-4.002757809
20021004,-7.800661257,18.64068579,-5.779256102
20021007,1.320547401,24.298249,0.778214044
20021008,-3.540192705,28.60791104,-0.718135941
20021009,-4.004348144,26.59968236,-7.674484829
20021010,2.861880531,15.15043154,3.37934611
20021011,4.25469497,19.37107888,7.341359768
20021014,-0.767191724,13.25093821,-1.674293774
20021015,1.894508624,9.827102136,9.971665692
20021016,0.658980968,6.798949383,-2.05857757
20021017,-4.889169217,12.44162387,2.646657319
20021018,1.006631017,15.75790547,1.113184037
20021021,8.168852766,16.07391223,6.628317652
20021022,-0.350965514,4.250054584,-1.791984239
20021023,0.506330196,8.426319346,-0.554018038
20021024,-2.704220868,9.708003934,-0.506330196
20021025,4.21326107,7.587324176,3.295355594
20021028,0.995033085,6.0880102,4.090057689
20021029,-1.477203275,12.03572443,-3.429181462
20021030,2.552510357,6.609101944,2.576903576
20021031,-1.628388472,10.57781711,-1.533331431
20021101,3.643648862,6.196182568,3.836605989
20021104,-1.487518977,7.961814069,2.2968396
20021105,3.024378557,7.658781595,2.111963468
20021106,-4.000533461,23.24951084,-1.975816408
20021107,-3.5040782,13.40831067,-7.435220222
20021108,-1.812442462,12.24057327,-1.179374849
20021111,0.984259914,7.105861433,0.934816156
20021112,1.174756535,7.996151974,0.634612821
20021113,2.12363193,12.67744053,1.88002645
20021114,1.240539686,2.709409211,4.482543138
20021115,1.686073208,11.29492844,1.044751724
20021118,-1.631949183,4.266279189,-1.136117651
20021119,1.421064482,3.467473508,0.410490884
20021120,5.666003357,7.102715341,7.156882564
20021121,3.440142672,4.55895539,5.120854503
20021122,2.758795652,5.745351578,0.602048778
20021125,-0.200200267,4.058061218,-0.160192265
20021126,-3.141192383,2.753598052,-3.341794256
20021127,2.454357759,3.091063233,4.17995522
20021202,-3.086785414,5.355600815,0.119118537
20021203,-1.971498173,3.713555605,-2.369113011
20021204,1.879140262,5.85987893,0.40551556
20021205,-4.55565316,5.341535239,-4.596130797
20021206,6.946059834,8.045553339,3.497442227
20021209,-2.589828464,5.985469279,-4.991600227
20021210,2.947581813,5.965258442,3.590670846
20021211,0.708779286,5.11014107,-0.12455887
20021212,0.207339904,5.781095864,0.290396387
20021213,-1.599360691,4.759918061,-2.389549872
20021216,4.115807249,3.612476474,5.086893622
20021217,0.843209172,4.322992296,0.843209172
20021218,-1.732716617,4.82076394,-3.997269514
20021219,-2.91713773,6.639840349,-3.04205967
20021220,4.317217187,5.937434385,6.397529949
20021223,1.302950029,3.649030785,-0.524511995
20021226,0.864025124,3.331639863,0.864025124
20021227,-2.652455542,3.129023457,-2.488722391
20021230,0.71144891,2.978346025,0.71144891
20021231,0.04167535,3.247764134,0.083368075
20030103,1.829200642,4.544655259,2.025780222
20030106,7.053015081,6.62425045,7.322608928
20030107,-0.825412904,5.501334706,-0.539084863
20030108,-0.892863074,4.667857953,-3.632760493
20030109,1.662088124,2.552713295,1.997846693
20030110,0.889883514,3.690311828,-0.772204609
20030113,-0.292397869,2.891010203,0.845437861
20030114,0.399202127,2.905221959,1.055899124
20030115,-2.016566959,2.445643777,-2.234115994
20030116,-1.375742092,2.914232893,-1.079883888
20030117,-0.532725765,2.28633821,-1.889700979
20030121,-4.196958588,4.571831351,-3.02114379
20030122,-1.126319228,4.478080832,-2.831694684
20030123,-0.079713037,3.750554203,1.445808318
20030124,-4.275209204,5.557971723,-5.196505527
20030127,-1.741390362,8.026194414,-1.993703364
20030128,-0.382084948,3.457243281,0.725723569
20030129,1.199671629,6.939178261,-0.127686759
20030130,-2.10715171,5.822828623,-2.022009091
20030131,2.517494064,9.645249957,1.381118199
20030203,0.254993763,4.279874968,0.981027275
20030204,-1.032267231,5.181912711,-1.841988254
20030205,-1.429524019,5.573198474,-0.91205844
20030206,-1.511139867,4.711983947,-2.607882599
20030207,-2.78169573,3.977792185,-1.579811688
20030210,0.453515517,4.449716966,0.544465955
20030211,-2.024816083,2.723664939,-0.453515517
20030212,-2.252451008,2.905456321,-2.252451008
20030213,-0.981545623,5.95465964,-1.028046437
20030214,2.823608089,6.344313317,2.87056747
20030218,1.973158186,4.461873738,2.746064966
20030219,-0.133422301,2.313036861,-0.222271707
20030220,0.353357258,2.524849588,0.930239266
20030221,1.450256137,4.308141652,1.052641299
20030224,-2.217385749,2.40308058,-2.742321338
20030225,2.469261259,4.114887782,1.114838748
20030226,-0.448431245,3.189755262,-1.339305734
20030227,0.977351183,5.722869986,1.649246208
20030228,0.352734052,3.609497513,0.441112316
20030303,-1.304366319,2.913054153,0.570552349
20030304,-1.89976997,2.533174393,-1.89976997
20030305,1.637567021,3.678158995,1.592954038
20030306,-2.0730801,2.543122257,-3.666034138
20030307,2.868396061,9.213718889,1.446679842
20030310,-2.03240252,3.191383317,-3.889760557
20030311,-3.87938901,4.099519097,-3.320988304
20030312,1.212136053,5.497030655,0.096432023
20030313,2.18765997,3.564060259,4.568724839
20030314,-3.282014009,8.208127563,-2.046583059
20030317,5.982153126,12.3693546,5.841076216
20030318,-0.436681917,6.026732992,1.277269071
20030319,2.078896869,2.822801282,2.078896869
20030320,1.628840126,6.706902357,0.8111037
20030321,3.077165867,5.438389254,5.097436598
20030324,-0.548871971,3.371904409,-4.673167825
20030325,2.265197525,5.004207966,2.053288142
20030326,1.081991413,3.208868633,0.207168087
20030327,1.375881617,3.333151991,-0.041399297
20030328,1.863793855,2.477049764,0.906848754
20030331,-1.13137599,3.295976607,-2.661279719
20030401,0.454452342,4.781796616,2.208883307
20030402,1.242252,2.906170846,3.443726965
20030403,-1.867727649,3.544466033,-0.719427563
20030404,0.923113694,3.011943429,2.55434143
20030407,-3.675758374,3.005284823,0.253832021
20030408,0.54012477,3.284723326,1.35582166
20030409,-1.313774692,4.254277899,-1.083182738
20030410,-0.63910356,3.089890491,0.097191183
20030411,-1.628574187,3.23847928,-0.604113695
20030414,2.132601766,2.108151887,3.684223275
20030415,1.274380065,4.341992234,1.161279205
20030416,-4.617625489,3.477191064,-1.500966265
20030417,2.297248114,2.351977307,3.163054389
20030421,-0.29101512,2.824738,0.547946576
20030422,4.892959529,3.376103792,4.418246204
20030423,2.303694793,2.834096298,2.512608518
20030424,0,3.363835888,-3.001777907
20030425,-2.714779801,2.877124836,-2.016696686
20030428,2.712866739,1.902579996,2.784320833
20030429,1.17323637,3.552818526,1.312173523
20030430,0.888287358,3.688975132,0.853976155
20030501,0.650798666,2.766334239,-0.37485135
20030502,2.573795985,2.770687441,2.09467118
20030505,1.159913584,3.490704309,1.460364486
20030506,2.038203365,3.202524639,1.244285864
20030507,1.110396778,3.836273478,0.195058579
20030508,-1.655666959,1.732190266,-2.766063737
20030509,0,1.940064144,0.433117452
20030512,3.052920503,1.673818368,2.786608762
20030513,1.276404173,3.123663531,-0.583659244
20030514,-0.685716973,2.209153192,-0.750778784
20030515,0.743978848,2.396492233,1.657227204
20030516,0.674268087,2.419347183,0.706489772
20030519,-1.274318829,1.759319281,-2.724787449
20030520,0.032867708,2.621819162,0.065746222
20030521,1.287358925,2.730225745,0.196979709
20030522,0.361189032,1.685693577,0.065573773
20030523,1.106782131,1.525294176,1.23780082
20030527,4.303452877,2.154496221,3.686467644
20030528,1.298318082,2.266702983,1.578735777
20030529,-1.507488938,2.476445574,-0.925646844
20030530,0.794625208,2.147165117,1.812367223
20030602,1.517660434,2.490272684,3.028263177
20030603,-0.354400843,2.078551811,-0.177357422
20030604,2.95732282,2.657790309,2.51254818
20030605,1.781144473,3.533396453,1.318448448
20030606,-2.057279828,6.33778624,0
20030609,-2.398477068,4.009447895,-3.890185739
20030610,0.264356153,2.467708921,0.913517477
20030611,0.668315723,2.31361908,1.282442525
20030612,-0.832261943,2.781654023,0.491117555
20030613,-0.431345025,1.878025583,0
20030616,2.765413245,1.298636948,3.483291417
20030617,0.222037282,1.721554369,0.388889379
20030618,-1.2757083,2.373087283,-2.868588143
20030619,-2.382773847,3.550514182,-1.81378227
20030620,-0.244200366,1.850157569,0.997334277
20030623,-2.224264949,2.012006203,-2.844623282
20030624,1.587334916,1.67127314,1.468886575
20030625,-1.025650017,4.781568415,-0.996491247
20030626,1.024149405,2.100923968,1.171316466
20030627,-1.316771037,1.897293793,-1.171316466
20030630,-0.30704023,1.884804734,0.572730841
20030701,1.087446425,3.987685876,0.190183658
20030702,0.408044868,1.86439038,0.495700097
20030707,1.696661836,1.366146506,2.716930123
20030708,0.880062458,1.648663532,0.880062458
20030709,0.407848115,1.584443337,0.690094986
20030710,-1.191841577,2.063609286,-1.684280138
20030711,1.633839161,1.605397182,2.146368757
20030714,2.196102898,2.394984028,4.105666941
20030715,-0.802357875,2.546825054,-0.134174178
20030716,-4.054609439,5.276266345,-2.694407111
20030717,-2.06251131,2.335038535,-3.423454409
20030718,0.198497159,1.077653811,0.767812673
20030721,-2.072613052,2.361478553,-2.640796398
20030722,1.124093116,3.692709491,1.472525524
20030723,-0.700453153,1.560503724,-0.100365626
20030724,-2.289084213,2.27209411,-0.878904872
20030725,2.008471475,1.688299676,2.585673654
20030728,-0.716848948,3.726929278,-0.028208745
20030729,-0.988568988,2.877740666,-0.608420695
20030730,-1.133156601,1.65523489,-0.369686188
20030731,-1.725888079,3.545258471,-0.17108644
20030801,-4.997387474,5.027827767,-4.88329733
20030804,1.08818246,5.026770409,1.058210933
20030805,-2.55845407,3.166851412,-2.78108867
20030806,-0.151630052,2.863648699,0.456274556
20030807,0.699622626,1.879150609,0.121322429
20030808,-0.664454272,1.772756377,0.030307623
20030811,0.679709588,1.953671987,0.649401965
20030812,0.506631988,1.318116599,1.271425399
20030813,-1.190490251,1.726167255,-0.715993512
20030814,1.396131395,1.319095434,1.48591144
20030815,-1.005033585,1.113064585,-0.710482562
20030818,-0.440853028,0.795135765,0.857866524
20030819,0.117061763,1.354580337,0.704434965
20030820,2.088848795,1.341746718,1.854588073
20030821,-1.234406373,2.257071389,-0.604753463
20030822,-2.676912824,1.909535514,-2.072159361
20030825,-0.148389996,1.844304858,-0.710272296
20030826,-0.149365226,2.203444402,-0.65554466
20030827,0.451468035,0.869837444,-0.449438959
20030828,1.935448237,1.509220482,1.815255915
20030829,0.762690702,0.922488424,0.910031233
20030902,1.186871654,1.968966924,1.536930355
20030903,0.546056825,1.676083013,0.402068319
20030904,-0.546370878,1.03156354,-0.603710329
20030905,-0.772654912,1.186619665,-1.496142368
20030908,0.840950295,1.452115988,1.351863018
20030909,-0.581396987,0.952035785,-0.957500424
20030910,-1.634751816,1.619841721,-2.748806141
20030911,-0.207622794,0.938963688,0.924689661
20030912,1.451232341,1.093632337,0.975040964
20030915,-0.147167061,1.110657806,-0.176574501
20030916,2.044463733,1.089734026,1.867576894
20030917,0.144404357,0.627602093,0.173310269
20030918,2.380390092,1.717942407,3.013303597
20030919,-0.701757266,1.827406224,-0.589806512
20030922,-0.171526629,1.735319086,-1.56142278
20030923,1.565868293,2.325768097,1.279335146
20030924,-1.761909744,1.983836275,-1.47982211
20030925,-1.554883039,1.902540203,-1.211436794
20030926,-0.872859775,3.56188154,-0.698896264
20030929,0.695251931,1.797074074,1.219881523
20030930,-0.754282659,3.324956469,-0.869822822
20031001,1.714327699,1.805113005,2.757210847
20031002,-0.399088329,1.99754337,-0.824922897
20031003,-1.468123489,2.323617844,0.427533785
20031006,0.904983552,1.222382272,1.018684531
20031007,1.903752904,1.56427171,1.508829965
20031008,-1.699441931,1.303281198,-1.311951825
20031009,-1.256122587,1.468930496,0.028093834
20031010,-0.449186606,0.843653206,-0.168681513
20031013,2.417120037,0.983801432,2.473378829
20031014,0.682596507,1.561326471,0.874561464
20031015,-1.075059684,1.495507419,-0.559384773
20031016,0.763154426,1.315842215,0.776835252
20031017,-0.850135382,1.17728646,-1.421954503
20031020,1.018310712,1.420372544,0.57668703
20031021,0.354561942,1.419533448,0.57338041
20031022,0.631097906,2.308399977,-4.910330876
20031023,0.860837454,1.444144605,0.085751041
20031024,-0.80321717,1.582009741,-0.80321717
20031027,-0.826097847,1.20520489,0.6888661
20031028,1.671663803,1.096457614,1.786014873
20031029,1.091072511,1.73483206,0.978618183
20031030,-0.889141729,1.344733992,-0.306535004
20031031,0.027851274,1.298549967,0.223027692
20031103,1.262019493,0.823202944,2.121583915
20031104,0.741049089,0.847138338,-0.300341523
20031105,-0.054719564,1.230968401,-0.082068121
20031106,-0.741659766,0.668203538,-0.741659766
20031107,-0.828963023,1.064333479,-0.636152055
20031110,-0.361664047,0.821768109,-0.444939555
20031111,1.31341835,0.845619293,0.389430256
20031112,-0.555556984,0.71667164,-0.333704425
20031113,0.111638304,0.792281711,-0.139372845
20031114,-0.730956305,1.399849773,-1.150244131
20031117,0.538321175,1.319809666,-0.141183138
20031118,-1.536303331,1.266700876,-1.451569532
20031119,-0.344530918,1.24241176,-0.315865302
20031120,-0.374910317,2.204626442,-0.461228837
20031121,0.400916917,0.80637605,1.091964873
20031124,0.312278465,0.70769399,0.825392476
20031125,1.075279178,1.218562694,0.706117889
20031126,0.564973254,1.193750683,-0.084471355
20031201,0.140311515,0.761063835,0.844837467
20031202,0.279720462,0.974538357,0.391828097
20031203,-0.139723371,0.98977642,-0.11179431
20031204,-0.619022798,0.754983089,-0.927103143
20031205,-0.656114178,1.031847943,-1.392661417
20031208,1.910795338,0.916781895,1.307951543
20031209,-1.821336631,1.604942175,-1.65198858
20031210,-0.172761344,0.946915874,-0.345224739
20031211,0.315412448,0.917071416,0.660637187
20031212,-0.227790531,0.619843256,0.428510869
20031215,-0.848661388,1.20777002,0.34149151
20031216,0.92788519,0.460434326,1.494458943
20031217,-0.224152518,0.988460354,-0.224152518
20031218,0.1403509,1.890828769,0
20031219,-0.083951313,1.483841682,0.196160915
20031222,0.779731046,0.334766834,0.919610772
20031223,0.304582819,0.452592644,0.332318223
20031229,0.700600434,0.526863839,0.838550518
20031230,0.355143113,0.102972253,0.396202445
20031231,-0.17678661,0.286817404,0.177099699
20040102,0.19128302,0.96712677,-0.286240228
20040105,-0.218459945,0.623652187,-0.136593383
20040106,0.830992585,0.768372912,2.377205405
20040107,1.377140408,0.804732804,1.483864004
20040108,0.388853374,0.733998243,1.643443797
20040109,0.933132743,1.429417708,0.284201199
20040112,0.776200534,0.975828665,0.103145961
20040113,0.334491499,0.709646909,0.334491499
20040114,0.459536167,0.488352397,0.844102723
20040115,-1.984293038,2.848605619,-0.869793153
20040116,0.664454272,0.492660629,0.869793153
20040120,-0.78991365,0.707885467,-0.433950904
20040121,2.526024685,1.259221918,2.526024685
20040122,-0.400400935,1.116261095,-0.525198156
20040123,-0.817049357,1.02894368,-0.666711068
20040126,2.007595657,0.784205579,1.590216945
20040127,-0.299326739,0.583964201,-0.548083086
20040128,-2.224560895,1.162200182,-2.299532784
20040129,-0.306827139,2.759098097,-0.179096888
20040130,-0.384862566,1.455310301,-0.384862566
20040202,-0.256082086,1.203406214,0.256739551
20040203,-0.102354154,1.210081049,0.153727932
20040204,-0.486868354,1.240892515,-0.333376383
20040205,-0.358606942,1.377511281,0.102695773
20040206,1.778954156,1.076276784,1.855906834
20040209,-0.780958749,0.743857725,-0.403836995
20040210,0.126726668,0.794575395,-0.151860318
20040211,1.753112768,1.079396171,2.006085329
20040212,0.347481114,0.878938187,0.198412764
20040213,-0.868599579,1.640390792,-0.596423239
20040217,0.64118592,0.519496227,1.386160809
20040218,-0.641344083,0.464957541,-0.665929209
20040219,0.220723572,0.81420697,1.009487829
20040220,-0.63897981,1.175634414,-0.63897981
20040223,-0.692386545,0.732843767,-0.643089033
20040224,0.261503169,1.515784252,-0.236010295
20040225,-0.148625244,0.471321672,0.335216653
20040226,0.54374825,0.70453616,0.568534469
20040227,0.905869825,0.982599046,1.127462924
20040301,0.580412754,0.540858189,1.06667678
20040302,0.625754148,0.90397997,0.505112319
20040303,1.073867855,0.607105092,1.073867855
20040304,1.418463499,0.499127865,1.109417728
20040305,1.0975008,2.993582888,1.074023866
20040308,-0.255903362,0.977527136,-0.30236097
20040309,-1.088812489,1.526673643,-1.065521468
20040310,-1.159913584,1.352931124,-1.124604927
20040311,-1.680711832,1.417847879,-1.680711832
20040312,0.434363617,1.236167838,0.555355768
20040315,-0.851483067,1.56684346,-1.455276714
20040316,0.629847043,1.461445787,1.165910705
20040317,0.783572809,0.747456428,2.079176344
20040318,0.453515517,0.996220158,-0.688266631
20040319,-1.728319545,1.007699906,-1.656899473
20040322,-1.096903137,2.140132578,-1.218041856
20040323,-0.365186042,1.448516575,0.488998529
20040324,-0.636321286,1.170744264,-0.660714504
20040325,1.723134493,1.047220592,2.017324457
20040326,-0.07266562,0.955915604,-0.700232247
20040329,1.388911216,0.738042085,1.872354265
20040330,-0.238038675,0.745819642,-0.214260289
20040331,-0.404714277,0.748051131,-0.095374352
20040401,0.807221857,0.481165117,0.878761147
20040402,-2.332883707,2.730193842,-1.837541263
20040405,1.012300763,0.674209085,0.432588995
20040406,-0.240674003,0.589498579,-0.480770157
20040407,-0.337919704,0.63702743,-0.337919704
20040408,-1.496166905,0.696478873,-0.557644796
20040412,0.870832789,0.399453874,0.943745662
20040413,-3.943207074,1.454587787,-3.654606585
20040414,-0.685021073,1.090163538,-1.891368952
20040415,-1.511105716,3.228815266,-1.358472769
20040416,0.613185365,1.003395218,1.307543305
20040419,0.279862796,0.933142786,0.254388334
20040420,-2.361506043,1.014768468,-2.209183089
20040421,-1.135026043,1.913886155,-2.179421959
20040422,1.943848965,2.030056376,2.02345624
20040423,-0.234650088,1.026456407,-0.338762539
20040426,0.702304877,1.423247822,0.702304877
20040427,0.181370694,1.115068644,0.12951692
20040428,-1.581835715,1.233529578,-1.789143382
20040429,-0.872905953,2.504594118,-0.807042814
20040430,-0.503913014,1.551457683,-0.079734223
20040503,0.582628767,1.034097057,0.688926943
20040504,1.009910872,1.886308657,1.168222251
20040505,-0.759862165,1.551708875,-0.772912736
20040506,-0.743497849,1.479261761,-1.323821292
20040507,-2.222916144,2.787841446,-2.810995893
20040510,-1.598239544,4.507912663,-3.061747647
20040511,-1.439686123,1.687750935,-0.595324225
20040512,1.350611414,3.064838819,1.719563159
20040513,0.477059976,3.070854325,-0.167832207
20040514,-0.19610596,3.355230735,-0.168114357
20040517,0.682208445,3.112363995,-1.01466485
20040518,-0.252560819,0.847995098,0.818173558
20040519,-0.640938519,1.244670505,0.504485375
20040520,0.460476639,1.525083181,0.404548226
20040521,0.611282815,1.004779688,0.513782981
20040524,-0.414422475,0.825823071,0.055386321
20040525,2.138239359,1.317981005,2.05514837
20040526,-0.081444283,1.278693371,-0.135703644
20040527,-0.108195845,1.242401595,0.352447159
20040528,-0.108548179,0.78502676,-0.325291694
20040601,0.027140725,0.943963063,0.054288818
20040602,0.645684245,0.756273712,1.186957556
20040603,-0.45865452,0.663055354,-0.834796823
20040604,-0.053633683,0.802750537,0.807976386
20040607,1.586076072,0.518985509,2.254438405
20040608,-0.026284663,0.609402708,-0.236313619
20040609,-0.819351749,0.678600859,-0.950878797
20040610,0.18545508,0.680951518,0.265041237
20040614,-1.629962606,0.805960235,-1.762395416
20040615,-0.854706058,0.659482801,0.43010819
20040616,0.026820437,0.632659058,0.026820437
20040617,0.134030311,0.659626143,0.107209874
20040618,-0.5360506,0.642343041,-0.321975057
20040621,-0.539084863,0.456694443,-0.565962971
20040622,-0.02703068,0.487633201,-0.02703068
20040623,1.285502437,0.495440274,1.582438814
20040624,0.477327875,0.627724359,0.583710864
20040625,0.567471005,0.834911295,0.51454695
20040628,-0.131492458,0.945009863,0.01315876
20040629,0.891926165,0.861765774,0.760260576
20040630,1.062599087,1.063658279,1.297371596
20040701,-1.173263361,1.47414635,-1.716110758
20040702,-0.28852479,1.009569929,-0.157480348
20040706,-2.020270732,1.120755163,-2.204311799
20040707,-1.106474654,1.183247518,-1.052783377
20040708,-0.529568757,1.377942964,-0.339789658
20040709,-0.378685873,0.745141548,0.475382899
20040712,-0.297740104,0.621129952,-0.027103944
20040713,0.45853081,0.429443722,0.729240234
20040714,-1.200560123,1.060146621,-1.984030293
20040715,-1.461087329,1.583623303,-1.159593336
20040716,-1.025934411,1.117434677,-0.361664047
20040719,0.166759349,1.069431058,0.361664047
20040720,1.327086106,2.188957477,1.104678453
20040721,-1.13545421,3.432236522,1.011075699
20040722,0.654845451,2.025610732,-0.027192386
20040723,-0.164068946,1.192895805,-0.627474436
20040726,0.054869686,1.664298082,-0.21917817
20040727,0.761494025,1.579654753,1.226674779
20040728,0.189010452,2.191928547,0.432550012
20040729,-0.670693326,1.265569965,0.2155754
20040730,0.941499893,0.922981126,0.536914042
20040802,0.482316048,1.343443317,0.160513678
20040803,-0.992896927,1.043008731,-0.886030766
20040804,0.458407166,1.425160607,0.242424361
20040805,-2.639249911,1.474730167,-2.451103101
20040806,-0.277008487,2.624433311,-0.608408956
20040809,0,0.531164853,0.027735404
20040810,2.158848701,1.43364193,2.546338807
20040811,0.18993358,1.749437725,-0.270709424
20040812,-0.135593241,0.534930636,-0.108489297
20040813,0.271223383,0.996211814,0.1897791
20040816,2.115489255,1.073972012,2.196713031
20040817,-0.052714814,0.725359242,0.502181576
20040818,1.036822727,1.11066749,0.957698366
20040819,-0.628274318,0.836353191,-0.563012944
20040820,1.645590223,0.836930942,1.356306655
20040823,-0.569359716,0.459186896,-0.181511783
20040824,-0.439674832,0.781436676,0.129684884
20040825,2.102102525,0.753356987,2.153929425
20040826,0.355420532,0.659041968,0.101419887
20040827,0.428914496,0.186367786,0.656733858
20040830,-1.319481209,0.576651357,-1.445441674
20040831,1.194575141,0.8601008,1.092351774
20040901,-0.660068403,1.335670288,-0.811775133
20040902,1.13422766,0.775351823,1.617013505
20040903,0.251256414,0.631671257,-0.125391866
20040907,-0.07531066,0.596096052,-0.07531066
20040908,-0.582206429,0.745887042,-1.085732165
20040909,0.454546237,0.97708354,0.758728981
20040910,0.478409574,0.675633883,0.301887022
20040913,-0.60652195,0.439442211,-0.908408972
20040914,0.482295642,0.711075807,0.101342801
20040915,-0.739327778,0.450490831,-1.043664812
20040916,0.481074481,1.17633859,1.296573394
20040917,-0.025204789,0.356681541,0.201867341
20040920,-0.480952705,0.718839031,-0.657564332
20040921,1.457678487,0.753924664,1.685786557
20040922,0.656070988,0.790268844,-0.801607499
20040923,-0.681562654,0.920373818,-0.706716722
20040924,0.581029802,0.593184901,0.555697313
20040927,-1.167822361,0.704856235,-1.369537003
20040928,0.662085434,0.594347797,0.610999864
20040929,0.708504988,0.809059115,0.657730679
20040930,0.201562175,0.71392858,0.176344673
20041001,1.121507082,0.554142539,1.548482489
20041004,-1.696224255,0.697675292,-1.498155362
20041005,-0.581029802,1.174420371,-0.706895143
20041006,0.482173247,0.464676825,0.075978223
20041007,0.050594486,0.574680854,0.101214584
20041008,-0.101214584,0.718345042,-0.101214584
20041011,-0.202737018,0.36943674,-0.202737018
20041012,1.145779562,0.695425169,0.202737018
20041013,-0.913248356,1.228110546,-0.660403721
20041014,-1.851904777,1.273422198,-1.851904777
20041015,0.388048605,1.401662526,0.54369066
20041018,1.186192351,0.973223195,0.720352999
20041019,-1.954459607,4.62538004,-2.623186379
20041020,2.499450951,4.918020843,-1.939744624
20041021,0.745874529,2.247361169,1.094073622
20041022,-0.956945102,0.662016976,-0.63897981
20041025,-1.154220303,1.233758853,-1.074124183
20041026,1.208230566,1.450334132,1.154220303
20041027,1.804241036,1.72639484,1.483470913
20041028,1.494717746,1.349462081,1.02028354
20041029,0.337794267,1.202431611,0.337794267
20041101,-0.620959304,0.778330994,-0.051894137
20041102,-0.621280797,1.638204371,-0.051921081
20041103,-1.304533144,1.667046747,0.85326956
20041104,2.296019228,1.607419961,2.064030466
20041105,-0.797826052,1.540763154,-0.823049914
20041108,-0.05087764,0.40141186,-0.063593007
20041109,-0.445945824,0.585520729,-0.369639067
20041110,-0.58876402,0.742414822,-0.524935589
20041111,-0.025513458,0.810665604,0.614283989
20041112,0.614598606,0.55394669,-0.051046453
20041115,0.383877631,0.446556628,-0.051072524
20041116,-0.05196155,0.421859724,-1.726179664
20041117,-0.625327728,0.769403427,-0.573366179
20041118,-0.999745238,0.565634621,-1.156690078
20041119,-1.301306373,1.002140203,-1.090001487
20041122,0.426667314,1.107637557,0.453394563
20041123,-0.132890385,0.844066402,0.053205641
20041124,-0.211976762,0.392635269,0.265604406
20041129,-0.959751435,1.106799334,-0.959751435
20041130,1.282754094,0.696507839,0.88012303
20041201,1.183445765,0.601861371,1.554503704
20041202,0.495502383,0.783767692,0.495502383
20041203,-0.863540627,1.092689686,-1.019749979
20041206,0.525625389,0.81491333,0.262467342
20041207,-1.052641299,0.734152806,-0.92166551
20041208,-0.690023969,0.53724047,-0.663572442
20041209,0.932718288,0.893523472,0.398671624
20041210,-0.21248348,0.680982076,-0.239012197
20041213,0.864671967,0.813386646,1.896290691
20041214,1.128782663,0.512971602,1.102690034
20041215,0.616651492,0.642232725,0.732698181
20041216,0.334491499,0.632902792,-0.282159992
20041217,0.834207132,2.457949506,-1.058757469
20041220,0,0.939292473,0.207468954
20041221,1.119198664,0.767593704,1.24864852
20041222,0.384369467,0.704854206,0.038370532
20041223,0.178776704,0.472183869,0.229914522
20041227,-0.485872328,0.394071776,-0.460358869
20041228,0.664964087,0.554354242,0.56237367
20041229,0.332693845,0.321972149,-0.229679825
20041230,-0.153335067,0.314976104,-0.102249498
20041231,-0.294701988,0.205912238,-0.34586597
20050103,-0.839379213,0.695109248,0.473661514
20050104,-1.447053674,0.679642663,-1.88222651
20050105,-0.415369237,1.121124732,0.052042676
20050106,-0.245335522,0.788358072,0.609481236
20050107,-0.752370912,0.891584958,-0.713593687
20050110,-0.026133543,0.860243854,-0.365249558
20050111,-0.447192643,0.707031989,-0.866260831
20050112,0.078916221,1.01155999,0.263296624
20050113,-0.6071023,1.110797773,-0.686018522
20050114,0.079375583,0.583606582,0.105848118
20050118,1.813214832,1.38810543,1.548384169
20050119,-0.461468285,1.186001187,-1.482285945
20050120,-1.46571578,1.298532249,-1.558265532
20050121,-1.079632619,0.877880101,-1.079632619
20050124,-0.027133361,0.606634234,0
20050125,-0.32493936,0.782783411,0.054259361
20050126,-0.325115431,0.413106711,-0.054259361
20050127,0.327154054,0.515063209,-0.298953885
20050128,0.324851396,0.710575499,0.705183286
20050131,0.134030311,0.222881295,0.887938028
20050201,0,0.392461342,0.454364005
20050202,0.053319116,0.168789776,0.053319116
20050203,-0.267236931,0.185638203,-0.400588064
20050204,0.665515567,0.358719285,0.852656378
20050207,0.713627979,0.429176963,0.740156696
20050208,-0.528821962,0.312624042,-0.660591648
20050209,-0.292903951,0.412638141,-0.584952479
20050210,-0.333355866,0.339521001,-0.173483729
20050211,0.481413072,0.429155709,0.120136169
20050214,-0.239840222,0.250296914,0
20050215,-0.319064349,0.272494162,0.186592084
20050216,-0.026784519,0.384311949,-0.587608528
20050217,-1.309502344,0.434424102,-1.443532655
20050218,-0.300587738,0.565735661,-0.695441543
20050222,-1.54571115,0.532531938,-1.627846678
20050223,0.935357576,0.656270691,1.573097156
20050224,0.491669933,0.466421132,0.491669933
20050225,0.733400001,0.473533657,0.678889233
20050228,-1.142558675,0.902908254,-1.08844612
20050301,0.296856243,0.654758892,1.520528888
20050302,-0.108166587,0.888429078,-0.40502283
20050303,-0.377562477,0.717069795,0.135189962
20050304,0.722217931,0.744046944,1.368597774
20050307,-0.454242598,0.389306282,-0.480898602
20050308,-0.809065902,0.72715262,-1.104090925
20050309,-0.710385501,0.510794469,-1.253422404
20050310,-0.32948959,0.560806647,-0.302073551
20050311,-0.442233999,0.303815146,-0.717640397
20050314,0.854823901,0.710112774,0.882520896
20050315,-0.714681437,0.667852122,-0.4678693
20050316,0.027582403,0.97404038,0.027582403
20050317,-0.165791693,0.800854447,-0.27616698
20050318,-0.360161076,0.851988191,-0.360161076
20050321,-0.223214378,0.79030133,-0.640403135
20050322,-2.645805896,1.456765991,-2.088701391
20050323,-0.371482067,0.954757659,-0.371482067
20050324,-0.485507165,0.382247255,0
20050328,-0.229292161,0.45686275,-0.229292161
20050329,-0.173310269,1.34498023,-0.748851426
20050330,1.266568457,0.860084988,1.063992784
20050331,-0.892220626,0.807499433,-1.063992784
20050401,-1.593543789,2.426091574,-1.017007168
20050404,0.326167821,1.513409835,-1.352563989
20050405,1.691495564,1.113107028,2.340656888
20050406,-0.216060581,0.52349835,0.274348595
20050407,0.258657997,0.944608886,0.474718578
20050408,-1.038071605,0.750893257,-0.980682795
20050411,-0.173210205,0.445884688,0.318333361
20050412,1.262932975,1.277814912,1.291822185
20050413,-1.436806327,0.921195629,-1.465332928
20050414,-1.076060986,0.864639884,-1.018190615
20050415,-0.938698591,1.672234236,-0.792606527
20050418,1.132251899,1.514563831,2.07095049
20050419,0.574219206,1.134912152,0.833697512
20050420,-2.414547069,3.198964243,-0.430354989
20050421,0.071362309,2.12250208,0.759044103
20050422,0.315865302,1.579376851,-0.471935091
20050425,0.598548174,0.511088132,0.884835229
20050426,-0.284657181,1.100163551,-0.313078383
20050427,1.161979915,1.035280042,1.161979915
20050428,-0.824922897,0.789159884,-1.361723169
20050429,1.248243158,0.8212121,1.305353382
20050502,0,0.929641563,0.309641345
20050503,-0.112485951,2.020373402,-0.112485951
20050504,1.647851838,0.719698227,1.563404261
20050505,-0.721824345,1.632772976,-0.583416018
20050506,-1.089244117,1.247927069,-0.783220787
20050509,1.146384706,0.61656522,1.005876042
20050510,-1.357486909,1.187617983,-2.391448894
20050511,0.454288118,1.324150778,0.511219517
20050512,-1.481930796,1.222992008,-1.340387956
20050513,-1.155080703,2.018160886,-1.155080703
20050516,0.490267745,0.759611454,0.953902305
20050517,1.993898086,0.762939785,1.272081757
20050518,1.256122587,0.555050897,2.371874576
20050519,0.999730626,0.551542865,0.387597384
20050520,-0.387597384,0.468759734,-0.387597384
20050523,0.027851274,0.441763441,-0.389105549
20050524,-0.166944947,0.553082483,0
20050525,0.446055939,0.416730541,0.111327593
20050526,-0.236127619,0.415001335,0.013907239
20050527,-0.418119076,0.462114675,-0.432026315
20050531,-0.223526218,0.531315041,-0.139762427
20050601,0.532885849,1.744178246,0
20050602,1.380498047,1.105874333,-0.027975941
20050603,-0.196712161,0.79251296,-0.533035348
20050606,0.140864934,0.503293605,-0.084423813
20050607,-0.028157117,0.73196099,-0.028157117
20050608,0.421053254,0.558998881,0.533634183
20050609,-0.028157117,0.791762918,-0.533634183
20050610,-0.478671898,0.625096409,-0.225542808
20050613,0.705918504,1.001027118,0.309990385
20050614,0.478402488,0.515665492,0.224845514
20050615,-0.083974812,0.525524082,0.252348374
20050616,0.69861958,0.564481935,0.558504663
20050617,-0.248997224,1.091362058,0.52770571
20050620,0.389213725,0.431045237,-0.16634326
20050621,-0.027743099,0.498530948,0
20050622,0.110436234,0.388707995,0.553404843
20050623,-1.382383087,0.611554364,-0.886923774
20050624,-0.923470953,0.757026288,-0.979165747
20050627,0.056195562,0.579802338,0.08430519
20050628,0.390625497,0.31519396,0.867017038
20050629,-0.055601892,0.357524714,0.139140137
20050630,-0.984952384,0.709119784,-1.682597183
20050701,-0.34129726,0.706638494,-0.73801073
20050705,0,0.82221382,-0.285306898
20050706,-1.149437943,0.696630676,-1.149437943
20050707,-0.202517066,1.199183193,-0.202517066
20050708,0.576204418,0.867852682,0.807619042
20050711,0.515760456,0.778362858,0.515760456
20050712,0.854462618,0.637921803,0.768687059
20050713,0.650362818,0.54681496,0.621998047
20050714,0.112139064,0.444359665,0.590138006
20050715,0.447302954,0.501720797,0.447302954
20050718,-0.449565242,0.543035327,-0.952922009
20050719,-0.73488177,0.875645456,-0.73488177
20050720,-0.198948481,2.326249591,-0.2840911
20050721,0.368115947,1.21949482,0.652207047
20050722,0.535287938,0.457446788,0.591801079
20050725,-0.366352389,0.355077529,-0.478806717
20050726,-0.732191387,0.597909337,-0.112994362
20050727,-0.479752578,0.694709557,-0.084829639
20050728,0.282406288,0.392706782,0.31069083
20050729,-0.849863472,0.377803494,-0.878068239
20050801,-0.05664118,0.373299773,0.425834568
20050802,0.197155394,0.371847388,0.677585879
20050803,0.112422721,0.288604528,0.168681513
20050804,0.141063643,0.145708864,-0.365836907
20050805,-0.283286308,0.476525188,-0.622173953
20050808,-0.910390356,0.392547784,-0.740322288
20050809,-0.099850233,0.634344567,0.128525544
20050810,-1.255724263,0.798060963,-0.615562748
20050811,-0.028739762,0.852253976,-0.086194518
20050812,-0.928080907,0.618322423,-1.360171454
20050815,1.160442381,0.730577161,1.014648508
20050816,-0.288934035,1.007714918,-0.317781576
20050817,-0.578872818,0.755060734,-0.318794648
20050818,0.434342655,0.693221539,0.463366019
20050819,-0.720983657,0.418899164,-0.173510743
20050822,-0.173611155,0.454097083,-0.057903881
20050823,-0.464711844,0.508245792,-0.522649273
20050824,-1.320248017,0.872093656,-1.436764196
20050825,0.381735892,0.591605787,0.764934592
20050826,-1.475388226,0.752093289,-1.416788752
20050829,1.455111049,0.892989177,0.828897582
20050830,-0.416048148,1.166279967,-1.007415927
20050831,0.889158199,1.625043452,0.918933397
20050901,0.943681435,1.650549407,0.529724605
20050902,-0.467837111,0.989841755,0.146649095
20050906,0.929968923,0.716043673,1.310253131
20050907,0.287109011,0.43170717,0.892734511
20050908,-0.948964706,0.744622582,-0.777094139
20050909,0.518434341,0.373549038,0.576204418
20050912,-0.721191645,0.40680809,-0.77866291
20050913,-0.700119546,0.343709883,-1.10627038
20050914,-0.495411184,0.4104435,0.204708362
20050915,-0.642525575,0.443691165,-0.292568962
20050916,2.138809853,1.135281066,2.431378816
20050919,-0.805991698,1.033394627,-1.063686901
20050920,0.05792065,0.838232611,-0.173560935
20050921,-0.790517951,1.297612983,-1.516948575
20050922,1.027155032,1.475173407,0.673797774
20050923,-0.468659323,1.142118789,-0.556288947
20050926,-0.997660857,0.696007323,-0.44137191
20050927,-0.471004698,0.925855499,-0.058997052
20050928,0.08848253,1.17728612,0.08848253
20050929,1.408060811,1.419202472,1.201479655
20050930,-0.850819274,1.105973363,-1.142534766
20051003,0.322628231,0.994228398,0.616832621
20051004,-1.5655319,0.65508808,-1.653418239
20051005,-0.803695351,1.06720375,-0.387770807
20051006,0.476333142,1.671815402,0.625653761
20051007,0.029511584,0.95059982,0.651275245
20051010,-1.4218249,1.055583982,-1.097771001
20051011,-0.508906951,1.60127757,-0.598445832
20051012,0.331275713,1.850757026,-0.180234353
20051013,2.248633194,2.474288559,1.403217531
20051014,0.323196991,1.277840649,1.061643708
20051017,-0.704021682,0.824652744,-0.352630398
20051018,-0.679169893,0.932889312,-0.649736485
20051019,2.020564417,1.296504376,2.905525945
20051020,-0.402068319,1.162259266,0.014389524
20051021,1.030052026,0.575625001,1.087589427
20051024,1.23770919,0.7841156,1.805408699
20051025,-0.083951313,1.138148537,-0.139879726
20051026,1.086210373,0.910753357,1.058210933
20051027,-0.110864756,0.667121184,-0.110864756
20051028,0.605561994,0.680300071,1.048285462
20051031,0.300916654,0.768978987,0.465435474
20051101,0,0.80387564,0.490464198
20051102,1.299071043,1.083006763,1.081383882
20051103,-0.457297367,1.203565188,-0.269251644
20051104,0.537635704,0.471397481,0.564593515
20051107,0.559032469,0.664652447,0.987069505
20051108,-0.240674003,0.42766268,-0.853111013
20051109,0.932718288,0.67743651,0.932718288
20051110,1.52474037,0.779703245,1.657278494
20051111,0.209369352,0.366660518,-0.208931912
20051114,0.288676227,0.428388456,-0.235571369
20051115,-0.739374902,0.602394567,-1.13323126
20051116,-0.264131163,1.139712618,0.211808393
20051117,0.621407434,0.578011663,0.330055089
20051118,-0.262674173,1.052430211,0.223816827
20051121,-0.395517984,0.394281322,-0.448135718
20051122,1.501806648,0.521369728,1.02511083
20051123,1.454949022,0.915986057,1.37646635
20051128,-0.205338881,0.713309715,0.154281337
20051129,0.462844745,0.693935516,0.154043676
20051130,-1.993077492,1.048746843,-1.890513381
20051201,0.129718529,0.696595544,0.833121195
20051202,1.499511034,0.668656114,1.031734713
20051205,0.012875813,0.558708173,-0.347021748
20051206,-0.692576835,0.50417984,0.038617494
20051207,-1.008933665,0.708245832,-1.008933665
20051208,0.466805827,0.950809159,0.492803487
20051209,1.233948819,0.617083019,1.259818693
20051212,0,0.699146895,0
20051213,0.969148111,1.041247965,0.662085434
20051214,0.405166419,0.859056327,0.430543909
20051215,0.025274864,0.597281538,0
20051216,0.176034246,0.309264928,0.579565689
20051219,-0.226900387,0.600408064,-0.453287102
20051220,-0.151285959,0.62968644,0.025236593
20051221,0.452830962,0.47418452,0.528502551
20051222,0.324959666,0.284292099,0.575649193
20051223,0.497266067,0.312894762,0.621969912
20051227,-0.695482187,0.430543949,-0.497266067
20051228,-0.449775871,0.332686472,-0.474704202
20051229,0,0.251417441,-0.175460629
20051230,-0.151209706,0.422498714,-0.52823667
20060103,0.774132971,1.363741764,1.377604754
20060104,-0.377786622,1.240970976,-1.428058842
20060105,0.302495819,0.653955725,0.252016262
20060106,0.250187771,0.998165294,0.727275933
20060109,1.936986311,1.448982196,1.586547904
20060110,0.566294755,0.685261894,0.172011346
20060111,0,0.281258404,0
20060112,-0.823255242,0.755618416,-2.008747022
20060113,0.276139249,0.719976959,-0.075178553
20060117,0.580883058,0.760439813,-0.452262077
20060118,0.45918448,1.802759161,-1.063301157
20060119,-0.714288751,1.161212921,-0.587110812
20060120,-2.00397077,2.277173912,-2.646068777
20060123,0.261848801,1.455133208,0.524385051
20060124,-0.44520173,0.943597588,-0.366780605
20060125,0.874051615,1.260303076,1.03140806
20060126,2.399298349,1.36818789,2.956258535
20060127,1.21551256,1.859215195,0.201562175
20060130,0.806455984,0.766172533,0.276486289
20060131,-0.727093588,1.001299913,-0.251319559
20060201,0.025072082,1.37296849,0.376742879
20060202,0.275447777,1.144732527,0.250375694
20060203,0.114003432,1.044473725,-1.245534124
20060206,0,0.472164114,-0.240826531
20060207,0.178412179,0.840417279,-0.330494771
20060208,0.786107763,0.476333769,0.811569253
20060209,0.630439612,1.018429593,0.478771231
20060210,0.729287779,1.270877858,0.326264563
20060213,0.050276522,1.172418465,-0.301129462
20060214,1.103321122,0.870414529,0.776070987
20060215,0.871845104,1.206082448,0.547128945
20060216,0.910551388,0.421994686,1.232453362
20060217,0.294695695,0.529191519,-0.098039224
20060221,0.196705252,0.925507419,-0.171800263
20060222,1.287832159,0.649263371,1.729009345
20060223,-0.33988865,1.06559057,-0.726923482
20060224,1.669730262,0.827335089,1.328682429
20060227,0.072176113,0.921062008,-0.2162163
20060228,-0.581960905,0.786642149,-1.112466128
20060301,0.990226664,0.959398384,1.184590185
20060302,0.096038423,0.607161156,0.144092244
20060303,0.192585519,1.048860001,-0.2162163
20060306,-0.144752739,1.183281904,-0.385542646
20060307,0.60437752,0.896640623,0.168857838
20060308,0.240731941,0.967066103,0.240731941
20060309,-1.065901565,0.639891374,-1.282534216
20060310,0.194647263,0.741909932,0.194647263
20060313,-0.920995361,0.659517964,-0.170295626
20060314,0.266247283,0.419828898,0.72780525
20060315,0.14566645,0.529117926,-0.363240501
20060316,-0.16914345,0.654806708,0.314884601
20060317,0.072525085,0.357074132,0.072525085
20060320,0.338328017,0.571235725,0.169020926
20060321,-0.194033532,1.586780452,-0.629237313
20060322,2.018328965,0.930104152,2.042603756
20060323,-0.023784041,1.161840788,0
20060324,0.285374748,0.867493233,0.166369617
20060327,0.619197025,0.585143003,0.023744509
20060328,-0.862280792,1.55434458,-1.3143934
20060329,-0.095900271,1.252653477,0.288253863
20060330,0.024070285,1.41046435,-0.336377059
20060331,-0.335651238,0.554421259,0.216372245
20060403,-0.023840744,0.857506247,0.717878173
20060404,1.585915311,1.062212445,0.771929491
20060405,0.826548572,1.010116259,0.601523309
20060406,-0.236183388,0.738543718,-0.542390199
20060407,-1.3103225,1.113560647,-1.404952268
20060410,-0.023852117,0.908970266,0.526191121
20060411,-1.218798693,1.111281497,-0.790328626
20060412,0.14333495,0.349058625,0.71873812
20060413,0.499228423,0.844141046,0.66619328
20060417,-0.735908366,0.664795248,-0.475399041
20060418,0.77858126,1.552583298,1.372477767
20060419,0.517526443,1.412847377,0.164377165
20060420,0.258489158,1.199851422,-0.023465916
20060421,-0.937213983,0.609113195,-0.305559058
20060424,0.375675483,0.831397253,0.446272027
20060425,-0.755254947,0.829473609,-1.083893741
20060426,0.634922768,0.828035044,1.060455325
20060427,3.024587015,1.613846678,3.024587015
20060428,2.67634172,3.447311565,3.288519122
20060501,-1.29749533,1.310221626,-1.429624836
20060502,1.061017911,1.01818178,1.517614283
20060503,-0.28555758,0.513291949,-0.043985046
20060504,0.329055907,0.336112583,0.438982268
20060505,1.566837392,0.714797411,2.112869108
20060508,-1.143856218,0.604200113,-1.218935323
20060509,0.217438659,0.404534673,-0.065139509
20060510,0.327403981,1.078166673,-0.326335545
20060511,-1.668901273,0.963102762,-1.603548913
20060512,-1.479184298,1.463701489,-1.945282135
20060515,0.495050516,1.392496494,0.585323598
20060516,-0.652347381,1.036982747,-0.540176871
20060517,-1.30991187,1.876868747,-2.467568653
20060518,-1.093924559,1.527300039,-1.163344902
20060519,-0.350263055,1.255819081,0.046794573
20060522,-0.234192145,2.291046805,-0.234192145
20060523,-1.342618213,1.062596699,-1.131820618
20060524,0.118694376,2.599555795,-0.047438331
20060525,0.514500667,0.936430903,1.693759616
20060526,0.324299566,0.607745328,0.859371216
20060530,-1.078051219,1.128180714,-1.867467903
20060531,-0.023443911,1.339589713,0.493596019
20060601,1.865531189,0.702450853,2.099723333
20060602,0.022828444,1.269890336,0.583759455
20060605,-1.593015333,0.946341885,-1.935990404
20060606,-1.358971242,1.984156135,-1.358971242
20060607,-0.283621084,1.480332947,-0.330813156
20060608,0.782643625,3.423697288,0.189170073
20060609,-0.592068041,1.580118473,-0.544831384
20060612,-1.218798693,1.360475586,-1.218798693
20060613,-2.002998083,3.699750875,-2.581731311
20060614,-1.674873219,3.230989026,-1.403836956
20060615,1.337646896,1.79780224,1.674873219
20060616,-0.868599579,1.131142175,-1.287784018
20060619,-0.524149459,1.324119713,-0.399600931
20060620,0.843468161,0.965257884,1.29290712
20060621,2.607132417,1.845599986,1.738748347
20060622,-0.097323609,1.11064294,-0.267412339
20060623,0.146842905,1.339372216,-0.463585068
20060626,1.972066344,0.979627901,1.432584898
20060627,-1.095567866,0.671608451,-1.530456206
20060628,0.291050412,0.715789954,1.071351859
20060629,2.347469975,2.237591222,3.28757573
20060630,-1.40748277,1.028118565,-0.800004267
20060705,-1.078809712,1.146726729,-1.020476863
20060706,0.141409404,0.818843889,0.117827279
20060707,-0.094272927,0.777100069,-0.117827279
20060710,0.18788169,0.33039253,0.493944318
20060711,1.208438475,0.663946093,0.596527882
20060712,-1.409135576,1.296239408,-1.397474448
20060713,-1.343912715,1.414565317,-2.127485524
20060714,-0.80321717,1.828100558,-1.142036468
20060717,-0.34364295,0.952130294,-0.612822116
20060718,-0.391485697,1.772542631,0.294623341
20060719,3.019809555,3.333340568,5.346059352
20060720,-0.209278067,1.461515633,-0.162809665
20060721,-0.023166918,1.716077646,0.464469019
20060724,1.826534798,1.181188441,2.381064869
20060725,1.081335159,1.38866639,0.968148956
20060726,0.392487187,0.968836282,0.10077824
20060727,0.044752742,1.621392618,0.055944057
20060728,1.284055721,1.084496501,1.68593168
20060731,1.124474421,0.612438796,0.32941723
20060801,-0.591393685,0.61658006,-0.197520091
20060802,-0.919244818,0.717330595,-0.087912094
20060803,1.101332718,0.690421825,0.373093816
20060804,-1.888920647,1.335362581,-1.212136053
20060807,0.620294412,0.552444689,0.398318739
20060808,-1.083242603,1.608399245,-0.642519104
20060809,-1.721289843,1.100770431,-1.43275341
20060810,-0.47570596,0.929949168,-0.70143969
20060811,-0.272789439,0.828604972,-0.250085387
20060814,-0.975396187,0.888776225,-0.136674281
20060815,0.780122089,0.711261878,2.632026865
20060816,0.065999342,0.587613517,0.950178401
20060817,0.418733394,0.615733955,0
20060818,0.0656527,0.622561814,0.526432451
20060821,0.176017647,0.454637251,-0.482457076
20060822,0.176561511,0.557182268,-0.308234502
20060823,0.74939738,0.404653945,0.418088407
20060824,0,0.264315842,0.350723726
20060825,-0.284994164,0.643542658,-0.328767419
20060828,1.334665912,0.405762841,1.004814046
20060829,0.174216072,0.615983638,-0.108731119
20060830,-0.327403981,0.329797357,-0.479826439
20060831,-0.109469086,0.353994937,-0.196958155
20060901,-0.262066103,0.423417998,0.175093063
20060905,0.328120168,0.411683385,0.1311189
20060906,0.546151003,0.432525064,0.23993904
20060907,-1.559271737,0.777921281,-1.581060603
20060908,-0.264842353,0.636320895,0.154815911
20060911,0.264783915,0.50391686,0.286880921
20060912,1.334958002,0.605465848,1.356991714
20060913,0.908703786,0.908201028,0.930440554
20060914,0.215238998,0.450966808,0.17215412
20060915,0.085324237,0.798535289,0.835033222
20060918,-0.257290022,0.778350376,-0.6846411
20060919,0.192410535,0.598808081,0.513919761
20060920,0.615778567,0.832344861,0.893052927
20060921,-0.553782033,0.79818834,-0.893052927
20060922,0.320684401,0.515789819,0.064054662
20060925,-0.457423275,0.92525043,0.096005128
20060926,-0.042643924,0.814292507,-0.010662686
20060927,0.128150381,1.305232919,-0.085342442
20060928,0.392844376,0.579988257,0.712503679
20060929,-0.403783356,0.562708353,-0.477986995
20061002,-0.127850007,0.764426152,-0.127850007
20061003,1.668641526,0.774672496,1.775194546
20061004,0.909770371,0.808018455,-0.546105117
20061005,0.253432026,0.490897651,-0.147539283
20061006,-0.510856794,0.696066362,-1.166874383
20061009,0.574530786,0.412179126,0.574530786
20061010,0.48518184,0.654056947,0.824093412
20061011,0.716244899,0.80423242,0.252206943
20061012,1.16716623,0.506304915,1.293031571
20061013,0.249480379,0.784698191,-0.20742592
20061016,-0.459578833,0.631877616,-0.834033192
20061017,0.836824967,0.907098768,0.501254182
20061018,-1.659527635,2.6036311,-1.659527635
20061019,-0.637486222,1.253856596,-0.637486222
20061020,0.489414744,0.90754441,0.425442037
20061023,1.156941207,0.855166422,0.571490602
20061024,0.127388552,0.710432718,-0.52904578
20061025,-0.021143884,1.024016896,0.338911572
20061026,0.966800301,0.580773639,1.093596598
20061027,-0.569201495,0.75235306,-1.072452714
20061030,0.295296566,0.786269617,0.379827424
20061031,-0.671989089,0.811189394,-0.042131873
20061101,-1.732193712,0.661982305,-1.12301212
20061102,-0.106598454,0.604156238,-0.106598454
20061103,-0.531633363,0.971099176,0.042653018
20061106,0.928276708,0.579091334,1.523516561
20061107,-0.021054848,0.823968727,-0.27336785
20061108,0.294365225,0.678974857,0.294365225
20061109,-0.80067853,0.849282548,-0.758697001
20061110,0.336629815,0.293909466,0.71669784
20061113,0.609950361,0.528729478,0.16789091
20061114,0.545990437,0.712275621,0.125733462
20061115,-0.210437788,0.653331611,-0.588113436
20061116,0.775929236,0.524452733,0.839107084
20061117,0.146981654,0.620346294,-0.439653173
20061120,0.816844001,0.471541739,0.585775734
20061121,-0.062807497,0.500266412,-0.397116208
20061122,-0.042025636,0.4937841,-0.356656205
20061127,-1.10922639,0.861669679,-1.38462112
20061128,-0.539550246,1.167323813,-0.883340873
20061129,0.990533508,1.210176905,0.990533508
20061130,-0.903037743,1.029296561,-0.795959887
20061201,-1.08109161,1.641435682,-0.65005646
20061204,1.20276364,0.518617902,1.809614224
20061205,0.679985621,0.707262502,0.807999293
20061206,-0.532539335,0.441640066,-0.850706959
20061207,-0.89610158,0.445900034,-0.342319547
20061208,0.364143061,1.023054377,0.235470514
20061211,1.824790715,1.347706395,1.675010008
20061212,0.157571334,1.326701092,0.157571334
20061213,-0.482029645,0.678452495,-0.073502392
20061214,0.628142769,0.78376152,0.649148966
20061215,0.124403914,0.684200253,0.72788093
20061218,-0.062131099,0.906368237,0.020718948
20061219,0.4984434,0.842178564,0
20061220,-0.165665807,0.281905366,-0.041442189
20061221,0.494438585,1.108575901,0.846150957
20061222,-1.533073324,1.035963156,-1.574183294
20061226,0.768196449,0.328546984,0.935071748
20061227,0.53213388,0.254928018,1.314997375
20061228,0.17402881,0.387048566,-0.214559469
20061229,-0.907222717,0.742092285,-1.245320473
20070103,0.877748582,2.280564968,-0.456716592
20070104,0.332467839,1.049756165,0.301251981
20070105,-0.812927874,0.905413197,-0.885560822
20070108,0.754009227,0.821870558,0.303014703
20070109,-0.313643749,0.913910897,-0.3658222
20070110,1.391745375,0.759028616,0.761491188
20070111,0.643890479,0.566257752,0.383758185
20070112,-0.187285457,0.491588837,-0.602223812
20070116,0.559413041,0.510703905,0.809049118
20070117,-0.257639139,1.457234971,0.113571846
20070118,0.145545301,1.307845771,-0.672984887
20070119,0.927363679,0.719215906,1.279951413
20070122,1.960349203,1.037588316,1.950092266
20070123,0.513363652,0.979038846,0.180886392
20070124,1.329288476,0.783840313,1.118222515
20070125,-0.298299913,0.660096231,-0.298299913
20070126,-0.601807233,0.758549193,-1.020927694
20070129,-0.201938679,0.516714106,-0.463850786
20070130,0.941230539,0.652672414,1.405081326
20070131,1.801137261,0.67498561,1.601616045
20070201,0.410919275,0.353365824,0.450142653
20070202,-0.508906951,0.410878583,-0.489381421
20070205,0.334021334,0.385388208,0.039238768
20070206,0.373244712,0.407331987,0.039223378
20070207,0.391389932,0.347651678,0.391389932
20070208,-0.254927092,0.480775371,-0.528739115
20070209,-1.182979095,0.608247624,-1.006421914
20070212,-0.178059202,0.488682702,0.158541452
20070213,1.18461405,0.328587904,0.887142339
20070214,0.624392272,0.302963545,0.89879464
20070215,0.371493242,0.566859616,-0.331222904
20070216,0.175764131,0.329788521,0.019514099
20070220,0.709808999,0.39075572,0.6902949
20070221,0.29083879,0.508928051,0.087162855
20070222,-0.348095497,0.416497624,-0.058100128
20070223,-1.217330123,0.550707157,-1.149549921
20070226,-0.715654248,0.80377085,-0.412371718
20070227,-2.348798131,5.538854076,-3.178678412
20070228,0.324478078,2.805387124,0.324478078
20070301,1.350818739,3.357426412,-0.405762375
20070302,-1.658207828,1.348911391,-2.147306012
20070305,-0.525487284,2.645967534,-1.454076564
20070306,1.161116093,1.354565144,2.20934372
20070307,-0.824406978,1.222672417,-0.392440863
20070308,-0.123026466,0.78920786,0.865449457
20070309,-0.632978122,0.940115796,0.164001677
20070312,0.430814083,0.551286228,0.061431352
20070313,-3.689524578,1.933543446,-4.511728593
20070314,1.29747646,4.249756235,1.329594655
20070315,0.916422909,1.58020519,0.768384392
20070316,-1.435835478,1.036983904,-1.404383992
20070319,0.421230614,0.943330453,1.183946176
20070320,0.503885173,0.815055852,0.356656205
20070321,2.600229038,1.992965772,2.767628114
20070322,-1.148024089,1.011470976,-1.209155013
20070323,-0.164676859,0.805906726,0.082440236
20070326,0.308483535,1.939253408,0.329082979
20070327,-0.041169206,0.989678129,-0.267297373
20070328,-0.623184402,1.719622563,-1.201340049
20070329,0.475649744,1.882420863,0.995239399
20070330,-0.474276588,2.228206563,-0.185854468
20070402,-0.145002615,1.051750065,-0.289795276
20070403,0.640431897,0.659109383,0.661159433
20070404,0,0.753997615,0
20070405,0.678665844,0.504405471,0.472522708
20070409,0.470396613,0.482086576,0.449898509
20070410,0.48850087,0.525855196,0.48850087
20070411,0.02034795,0.657458513,-0.203252102
20070412,0.397169421,0.911447251,0.091514572
20070413,-0.020368673,0.74485196,-0.213664425
20070416,1.18821255,0.900258403,1.736715702
20070417,0.379658764,1.126988483,0.379658764
20070418,1.119919023,1.537170501,3.796190517
20070419,1.138898518,0.842978,0.038395086
20070420,0.381388716,0.768547979,0.84098355
20070423,0.038262866,0.576752431,-0.49608955
20070424,0.230282197,0.703974278,-0.210627172
20070425,1.085208175,0.740236132,1.219294968
20070426,0.464037956,0.571820337,0.208077253
20070427,-0.323102058,0.899435984,-0.739690428
20070430,-0.736528271,1.127076286,-0.860343707
20070501,-0.267533123,1.234230318,0.345026219
20070502,0.266666825,0.776336781,0.591435474
20070503,-0.246375563,0.77358133,0.246984072
20070504,-0.322489135,0.62257599,-0.132915618
20070507,-0.246282212,0.378933654,0.170859083
20070508,-0.057180979,0.50026575,-0.513455535
20070509,1.323270727,1.183057049,1.513746975
20070510,-1.450960927,1.198645831,-2.375408601
20070511,-0.134189611,0.859125746,0.24968802
20070514,-0.298522057,0.737112733,-0.548210077
20070515,-0.057609219,1.537101612,0.413840156
20070516,1.35823905,0.850291193,1.789501399
20070517,-0.474609339,0.501603574,-0.852681623
20070518,-0.361114143,0.474833355,-0.057104789
20070521,0.381316001,0.549189918,0.057104789
20070522,-0.305577014,0.626893999,-0.515120857
20070523,-0.594611899,0.733269495,-0.575485954
20070524,-0.810815253,1.095051895,-0.753117396
20070525,-0.106305881,0.796830601,0.232333115
20070529,0.561201279,0.676177145,0.212498873
20070530,1.217523978,0.739696393,0.462072443
20070531,-0.826371571,0.652388211,-0.462072443
20070601,-0.019262256,0.475286568,0.173527471
20070604,0.00969791,0.243665209,-0.676527177
20070605,-0.019517908,0.329391599,-0.642088012
20070606,-0.827835614,0.544032917,-1.385703466
20070607,-1.157466524,1.058624703,-1.405175346
20070608,1.338547605,0.944547097,1.137623286
20070611,0.35742691,0.758728488,0.119000411
20070612,-1.767824263,1.228712463,-2.22476357
20070613,1.400583119,1.008674186,1.986620969
20070614,0.099413469,0.925677692,-0.01987084
20070615,-0.582516333,0.585273876,0.347170909
20070618,-0.730578825,0.485741607,-0.069337827
20070619,1.067625799,0.616693849,0.769917928
20070620,-2.970416735,1.104407499,-2.852492193
20070621,0.422153607,1.804315907,0.866329585
20070622,-1.453351462,1.457665748,-2.046884717
20070625,-0.813556827,2.659418674,-0.998002007
20070626,-0.308103356,1.823489476,0.525964189
20070627,2.11398329,1.777261205,1.287703026
20070628,-0.590693234,1.72879904,-0.590693234
20070629,-1.700338005,2.113763938,-1.129955525
20070702,0.489297612,0.647351539,1.57838677
20070705,-0.958897483,0.587746481,-1.181998681
20070706,0.778532922,0.687076978,0.449990532
20070709,-0.898331889,0.719112154,-0.49099935
20070710,-1.649134546,1.362011441,-2.597008941
20070711,2.055872702,1.229691915,1.35885858
20070712,1.82258265,0.834998388,2.855436286
20070713,0.802411527,1.390676563,0.99393419
20070716,-0.150383506,1.075281571,-0.430495734
20070717,0,1.146063678,0.230495668
20070718,-0.163968063,3.745148917,-2.431730765
20070719,-1.450633263,3.232899389,-0.328744903
20070720,-2.369680619,2.674558061,-2.184628649
20070723,-1.360134838,1.105014234,-0.929846091
20070724,-2.481624956,3.455646783,-3.742190735
20070725,-0.813459471,6.442914061,-0.154406119
20070726,0.655740055,7.170922649,-2.07434671
20070727,0.521365796,6.581992653,-0.316027351
20070730,1.191159156,4.164409508,1.191159156
20070731,-3.365890501,4.200732636,-1.792102061
20070801,1.385598545,7.570267908,0.826778593
20070802,0.404585852,2.317971949,0.56236792
20070803,-2.309885308,4.014910694,-2.108204567
20070806,2.424905525,5.664923645,3.223540689
20070807,1.151984383,14.52007043,0.707341588
20070808,2.285440642,11.20453609,2.329483805
20070809,-1.693340153,12.66577416,-4.985593526
20070810,1.710222963,12.20181014,0.045228404
20070813,-3.147741895,4.41361841,-1.022619979
20070814,-1.493422357,3.942751007,-1.333659684
20070815,-0.278422454,6.536003252,-0.37105794
20070816,8.035217276,26.51508707,6.182661071
20070817,0.212766038,11.27054369,2.725433947
20070820,-1.699757637,6.292533781,-1.44503451
20070821,0.021680217,4.199832003,-0.529702336
20070822,-1.187277843,3.875078999,-0.173573487
20070823,-1.131923274,3.176801308,-0.806719735
20070824,0.984152284,2.377978485,0.589328345
20070827,-1.885080348,1.617056861,-2.244812572
20070828,-2.002797941,1.623452045,-3.234478499
20070829,0.567860697,2.3221018,1.483198896
20070830,0.844657459,3.173795006,-0.363059169
20070831,-0.76216464,2.967695384,1.017762941
20070904,2.253805095,1.817601157,1.960847139
20070905,-1.573773489,1.82134372,-2.660861288
20070906,-0.15821,1.899856213,0.181118456
20070907,0.068941747,3.228584691,-1.550065227
20070910,0.29670226,2.424178018,0.800827984
20070911,0.935165398,2.271202657,1.593884418
20070912,0.315244575,1.504032271,-0.235782964
20070913,2.53121862,1.671370243,2.508734078
20070914,0.628135847,1.328266819,-0.208504877
20070917,-0.088241788,1.250241824,-0.451418328
20070918,4.837236596,5.025824531,5.47523238
20070919,-0.816160228,2.067913539,-0.565742735
20070920,-1.743585144,1.750638421,-1.449837556
20070921,-0.708135919,1.979882109,0.499761793
20070924,-1.606546281,1.531118757,-1.776397702
20070925,0.130095422,1.645111813,-0.346095954
20070926,-0.281415923,2.327097454,-0.043346338
20070927,0.021619284,1.328241599,0.281415923
20070928,-0.52253548,0.705775679,-0.97752489
20071001,2.838452936,2.014650475,2.159444741
20071002,0.445907948,1.092253354,0.829703728
20071003,0.650981436,1.25337664,-0.413991356
20071004,0.08467401,0.795374247,0.541029273
20071005,0.084175089,1.000298519,0.590719017
20071008,0.380228595,0.668834184,-0.231652204
20071009,0,0.993990213,0.336771524
20071010,-1.325365316,1.131874118,-1.577837573
20071011,-0.938573443,2.334238493,-0.395701281
20071012,0.192287208,1.164946895,0.406374209
20071015,-0.838444125,1.429229974,-1.137717542
20071016,-2.455725246,2.482168862,-2.780084921
20071017,-1.380070045,7.327331063,2.98496988
20071018,-0.500164139,3.344705,-1.181137424
20071019,-1.784778014,3.923119723,-1.959336208
20071022,1.308657913,4.274268581,0.885353282
20071023,0.676636872,1.805887434,1.291753047
20071024,1.041902197,5.722383363,0.736891067
20071025,-0.086796143,5.418407564,-0.530447793
20071026,1.159032593,3.59792837,2.63511391
20071029,-1.711624202,1.651141601,-1.416047084
20071030,0.301334709,2.057701743,-0.214684496
20071031,0.17024903,5.115071754,1.06884301
20071101,-2.936807279,4.835045251,-6.002677802
20071102,-2.690540772,11.05285047,-2.32993637
20071105,1.08160001,10.35126098,-1.185646808
20071106,2.721647004,4.043462151,3.165003232
20071107,-2.145577353,9.570831748,-4.506989234
20071108,-0.011741913,14.61630166,0.920143333
20071109,1.359591605,16.7301783,-0.872749967
20071112,0.592068041,8.56924409,0.33112613
20071113,5.166696901,9.04372216,6.247026807
20071114,-1.213741039,8.443887038,-0.088770534
20071115,-2.393354187,6.358948669,-3.352647656
20071116,-1.609970377,6.596176483,-0.980569661
20071119,-3.001654604,6.411084781,-4.214638919
20071120,1.668922519,12.8679623,0.818887042
20071121,-0.540541857,13.70339005,-2.673956104
20071126,-3.695121404,4.664237688,-3.814382003
20071127,3.676973153,9.097585728,4.834193996
20071128,2.420867504,5.729716799,3.523776724
20071129,-0.399840597,6.059019815,-0.502398864
20071130,-0.501254182,6.00975833,4.673852323
20071203,-0.836824967,4.211106136,-1.208938782
20071204,0.090764699,3.892729546,-2.530646748
20071205,1.322148111,6.648058638,1.86501305
20071206,3.5446749,4.239329517,2.874580813
20071207,-0.821981699,4.126507951,-0.411835415
20071210,1.646084,3.777347414,3.058734871
20071211,-2.925254284,10.31928546,-3.548638415
20071212,-2.415421479,10.41789692,0.880105643
20071213,0.569303048,7.694499604,-0.912851373
20071214,-0.110656203,4.830675439,-1.407235184
20071217,0.292628234,5.539418606,-1.494729446
20071218,-2.07682408,5.190476442,-1.471780218
20071219,-0.022755717,6.26734214,0.227842432
20071220,-2.168787209,4.396288223,-1.39798312
20071221,0.864624271,2.165135579,1.852116508
20071226,0.737845717,2.132512472,0.312360807
20071227,-2.063799295,1.658488541,-2.824089183
20071228,-2.068999906,2.720501359,-0.805249951
20071231,0.96886571,2.86199789,0.621763661
20080102,-3.036197724,5.120663951,-3.243023031
20080103,-1.693650953,3.668040938,-0.737835074
20080104,-1.709236108,4.267583279,-2.332291083
20080107,0.631223266,5.989197503,1.033883806
20080108,-4.703699853,9.693737446,-4.365453578
20080109,2.587759019,13.7566101,1.915551529
20080110,4.431966799,15.99169426,2.377271613
20080111,-0.61013002,10.79342095,-1.071351859
20080114,0.448295414,3.742363813,1.240740889
20080115,-2.67828035,6.295316673,-5.747135391
20080116,1.730273458,21.792317,5.819642947
20080117,-3.020487447,14.49404292,-3.141362598
20080118,-0.955261161,18.2390299,-1.304911866
20080122,7.279166289,31.36822769,3.206438478
20080123,12.2854388,29.84146698,11.17855257
20080124,-1.874985997,10.96533027,-1.776598452
20080125,-3.167354089,11.35463512,-2.822813598
20080128,4.063006383,6.283945897,4.314636392
20080129,2.333492487,9.785290871,4.062454166
20080130,1.723630287,12.43078782,-0.1581028
20080131,2.711813448,14.22539095,0.147570386
20080201,3.184483734,7.659481983,2.465664571
20080204,-3.632129101,4.202130057,-5.112564027
20080205,-2.617097756,6.608275711,-5.091766905
20080206,-1.261308694,9.094003043,-0.479124804
20080207,3.722934177,12.94710116,3.207025896
20080208,-2.181493686,7.024189018,-3.138438788
20080211,-1.078363094,6.109762005,-0.929918876
20080212,-0.540324359,7.598129359,0.057653504
20080213,0.683373958,5.918569155,1.544211412
20080214,-3.214892965,6.117872032,-3.476301308
20080215,1.704255092,5.185406225,1.527815595
20080219,-1.896449066,6.473474017,-0.860170362
20080220,1.870524493,7.747452613,0.790701794
20080221,-0.208889481,5.320138809,-0.301589371
20080222,1.950274043,5.595581776,2.228696497
20080225,0.797906889,12.86886124,0.068143103
20080226,0.251687583,5.672081318,-0.637815374
20080227,2.99827929,7.510004943,1.339255064
20080228,-3.495321678,3.204065511,-4.3785796
20080229,-2.405656041,4.550661251,-4.308210456
20080303,-1.617956888,7.581590558,-2.012240296
20080304,0.051033428,8.359863832,-1.644565844
20080305,-1.653142024,10.80387093,-1.296635407
20080306,-1.937170833,6.215729255,-3.618101674
20080307,1.50217417,17.0282874,0.641027836
20080310,-2.965176805,11.20871298,-2.725846814
20080311,-0.757433495,10.63944003,5.973906043
20080312,-0.838660486,11.93240729,-0.542707108
20080313,1.000271567,22.27716787,-1.068135725
20080314,-4.31644543,34.2108909,-4.499955771
20080317,8.245331551,44.96331392,10.38662491
20080318,0.117744038,16.43045124,4.809024443
20080319,-2.143105549,11.7027237,-0.04708098
20080320,7.860788427,8.502863802,8.914785771
20080324,2.74228283,14.75880136,0.322546242
20080325,0.196099856,8.331682529,-1.38350672
20080326,-2.108646994,5.95129096,-4.064968314
20080327,-3.279734391,10.20099189,-2.804781559
20080328,-1.118371396,7.438564491,-0.49082721
20080331,0.50178062,7.472892924,0.642262966
20080401,3.819908868,4.815875622,8.914311943
20080402,-1.532309649,7.805249003,-1.40462289
20080403,1.918524072,5.98957692,0.010797387
20080404,-0.742848074,5.455984335,-1.545020397
20080407,-1.698647115,3.853508239,-0.153626717
20080408,-0.610333138,4.174963997,-1.348831948
20080409,-1.612938193,2.427779706,-1.435002203
20080410,-0.84043652,4.637810955,-0.99864652
20080411,-2.325686216,3.23343664,-3.104256671
20080414,-1.807421378,3.643414736,-1.97226305
20080415,0.023693875,5.131985112,1.287571436
20080416,2.291167318,8.377889087,5.9774169
20080417,1.722830396,5.22763044,0.600736037
20080418,-2.06728505,3.601637873,1.409714976
20080421,0.442674472,2.248073932,-0.967040503
20080422,1.611691802,3.890334168,0.835720721
20080423,-1.254003893,3.190834946,-1.078949144
20080424,3.056485896,4.424010851,3.630438906
20080425,1.030611709,3.898513948,2.007887386
20080428,0.263977768,2.570749144,-0.787777825
20080429,-0.477327875,2.445934642,-0.825925915
20080430,0.622266418,4.381031953,1.120756075
20080501,2.955169999,4.17852045,3.563138329
20080502,-1.882528247,4.424683319,-1.235276797
20080505,-0.269961746,2.380317037,-1.209129597
20080506,2.585092879,2.890901175,1.034349313
20080507,-4.026257802,2.916005191,-4.418051272
20080508,-1.431902594,3.876677383,-0.820738948
20080509,1.788762529,4.080728964,0.917487142
20080512,1.000540545,2.959446138,1.440101692
20080513,-3.732501008,3.044017863,-3.711321298
20080514,-0.163336455,3.024277592,0.853677068
20080515,2.632866798,2.65401618,2.305391339
20080516,-0.85543721,2.719428358,-0.834140223
20080519,-1.049509228,2.576930288,-1.275279361
20080520,-3.605714353,2.716734226,-5.029771719
20080521,-3.544088347,4.628218033,-3.030710915
20080522,1.626622957,4.848636803,1.555859893
20080523,-0.999596728,2.456657151,-1.803750004
20080527,1.66377593,4.173506576,1.699226447
20080528,-1.091637829,5.138339076,-0.489226369
20080529,1.946759047,5.586029892,1.736355697
20080530,-2.189784399,3.002073004,-1.526394113
20080602,-1.108109889,3.014947839,-1.715872395
20080603,-1.151963336,5.430657313,-0.761545803
20080604,-0.479387303,5.976200415,-0.574989605
20080605,0.464203654,3.248122302,1.158567752
20080606,-3.728663477,3.937745953,-5.103707561
20080609,-6.442206506,6.674320238,-6.292356328
20080610,2.675301919,15.92145817,1.819910443
20080611,-3.283323785,7.607661308,-2.944119285
20080612,0.395517984,5.748205179,2.262238856
20080613,1.925711488,8.058552374,4.08640989
20080616,1.539074154,7.038541667,0.892806936
20080617,-3.198056754,6.570769618,-2.176750081
20080618,0.827733645,9.071562281,-0.667524943
20080619,-0.103573287,11.15632073,-0.568330127
20080620,0.476569607,12.42138078,-1.935713069
20080623,-2.513501305,8.63684266,-2.487091692
20080624,2.534497046,13.6425214,2.222611241
20080625,-0.223757908,10.08401131,0.488740158
20080626,-1.932295799,7.070800189,-4.184373123
20080627,-3.854149182,12.57709834,-3.552324286
20080630,-2.075600601,9.856739367,-2.27511613
20080701,2.075378373,17.88869826,-0.730890551
20080702,1.059901029,9.273994639,1.572084779
20080707,-4.543622225,12.12083398,-3.809984623
20080708,4.569612817,21.96048937,5.244003292
20080709,-3.670529862,17.74725552,-4.132230577
20080710,1.575295119,27.62090634,0.522345935
20080711,-1.570830415,38.31576728,-4.106321995
20080714,-7.383762882,22.9446038,-4.471224172
20080715,0.646832786,50.54757786,-2.19999308
20080716,9.952307748,30.82623993,13.995815
20080717,1.804139901,29.937908,10.70127374
20080718,-1.955265854,19.77049336,0.752637773
20080721,-4.499116115,11.83493226,-3.380675228
20080722,5.584952254,22.71922639,5.507362699
20080723,1.768254408,38.93771706,2.572450286
20080724,-6.017776101,16.95368775,-5.982012853
20080725,0.813425939,25.3208272,0
20080728,-3.978166577,16.92889454,-4.664057745
20080729,6.563901976,17.48773459,7.435424724
20080730,-0.396325505,22.0376402,2.28831796
20080801,-1.717299429,15.53878922,-1.356938679
20080804,1.328173891,11.80293243,-2.020768615
20080805,1.301223179,8.968752455,3.905793014
20080806,0.80010125,7.537122369,-0.865598095
20080807,-1.905290841,9.285323715,-3.389322455
20080808,2.794790531,13.38620525,2.39428937
20080811,2.936747876,11.75684434,1.956347866
20080812,-7.193513179,12.38147153,-9.528626237
20080813,-1.626270638,12.70985532,-2.963773195
20080814,3.552580264,12.00077099,2.462651218
20080815,0.184041067,7.137299108,0.658850716
20080818,-2.735488345,5.334312975,-3.447235122
20080819,-1.225983592,6.81792714,-3.064421981
20080820,4.052932367,11.54032693,3.687814703
20080821,0.331675263,5.431577782,-2.102466522
20080822,1.391512953,5.936996456,3.763812343
20080825,-3.104824559,4.522183307,-4.0124656
20080826,1.208805928,5.06678843,1.291759064
20080827,1.790606713,4.758055832,1.544536869
20080828,3.327091422,3.252250277,4.263803744
20080829,0.364299128,4.539763668,-0.801970409
