20020102,1.484650812,1.937916173,0.633581845
20020103,-1.778577479,1.991762894,-1.463285573
20020104,-0.300881379,1.140128339,-0.750512797
20020107,-1.514681576,2.406780378,-2.727342604
20020108,-1.819846051,0.890047736,-1.246399398
20020109,0.044933724,0.854564232,-0.291578092
20020110,0.290990692,1.150888473,0.492942965
20020111,0.996134413,1.279843323,1.464414899
20020114,-1.342302033,1.158376326,-2.227263561
20020115,-1.010676767,1.146223939,-0.225479239
20020116,-1.26469617,0.827757697,-0.679504313
20020117,1.453351462,1.105481147,2.358335014
20020118,0.729043326,0.935141443,0.839969572
20020122,0.963651785,0.944078228,0.985661249
20020123,-2.053732335,1.813463755,-2.337482389
20020124,-1.771148193,1.983440165,-1.370346053
20020125,2.242246406,1.751063216,1.993123867
20020128,0.865806274,1.32341126,0.309940474
20020129,-1.88430878,2.169368363,-2.416224928
20020130,-0.839673605,2.718219113,-0.636076656
20020131,-0.81967672,1.775467883,-0.319562016
20020201,2.081052256,2.189287698,2.103912012
20020204,-0.156792506,1.395930282,-0.134408622
20020205,1.87581358,3.625521789,2.501513945
20020206,1.495314458,2.995090079,1.626404711
20020207,-0.043582481,1.56890594,-1.320794344
20020208,1.00789635,1.417562364,-0.021798365
20020211,1.923977144,1.723223907,0.673549532
20020212,1.090523348,1.949017024,-0.173385392
20020213,1.259790771,1.917066179,0.497674943
20020214,1.61207145,1.334865548,1.222797602
20020215,-0.212992626,1.399633172,0
20020219,-0.129533697,2.915329842,-1.309172041
20020220,1.937627896,3.085919907,1.309172041
20020221,-1.595549157,3.569641648,-1.915891128
20020222,2.681125745,5.092606615,2.659388977
20020225,0.147882144,2.232482092,0.2536463
20020226,-0.996932639,2.235088784,-0.97582446
20020227,1.05933194,2.609594676,1.144565272
20020228,-1.070426844,1.89770591,-0.126528908
20020301,3.041022843,1.624799153,2.129516797
20020304,-0.427017261,2.084718617,-1.048652085
20020305,0.378072284,2.228048697,-0.428848521
20020306,0.90784958,2.546043493,-0.251889302
20020307,-0.553546229,1.690935679,-1.567496615
20020308,0.545990437,1.276553064,1.92415282
20020311,-1.086967224,1.128504502,-0.356656205
20020312,1.237042717,2.19570165,0.8580151
20020313,0.522740344,1.372556653,-0.083385454
20020314,-0.3126631,0.873821769,-0.104329691
20020315,0.598001576,0.932159653,1.533073324
20020318,-0.246204474,1.914423665,0.082203046
20020319,0.63194584,1.054688295,1.082858676
20020320,0.425920936,0.752629668,0.405597798
20020321,0.836824967,1.111276275,1.983834222
20020322,1.633090893,1.686603202,1.652930195
20020325,0.329873201,1.385560086,0.738871726
20020326,1.45791955,1.262975048,1.709443336
20020327,0.613969695,0.545919356,-0.438973889
20020328,-0.057388811,0.881968727,-0.038262866
20020401,0.498754151,1.068787813,0
20020402,0.153139387,0.84010825,0.038262866
20020403,-0.443630779,0.533827829,-1.057600474
20020404,0.482021564,1.237666834,0.501350838
20020405,0.365420159,1.535952797,0.192159936
20020408,2.544861338,1.2740509,1.599729411
20020409,0.620711106,1.365104576,0.752873874
20020410,2.087291582,1.113574076,1.655081946
20020411,-1.808907132,2.071480809,-2.011990374
20020412,1.037255882,2.21678483,0.300639084
20020415,-1.007900517,1.300553021,-1.855762402
20020416,2.730095192,3.221895332,2.863797819
20020417,0.613213851,2.161490356,0.259692225
20020418,-0.334200088,4.070788199,-0.389791677
20020419,2.300221022,1.044762997,2.207189105
20020422,0.724772153,1.315219204,0.761149017
20020423,-0.748246944,1.472821878,-1.454835625
20020424,0.40109443,0.855782555,0.675493212
20020425,0.018196706,1.742411502,0
20020426,-0.694447235,1.42966642,-0.785463898
20020429,0.366636524,1.603968184,0.219820568
20020430,1.141213364,1.606643019,1.579410158
20020501,3.246580125,1.621593748,3.67792515
20020502,0.417246781,1.150619941,0.069420343
20020503,-0.351494211,1.064088504,-1.46804454
20020506,-0.511871209,1.210831519,-0.511871209
20020507,-0.58083416,2.088223655,0.247437383
20020508,1.41972216,1.663088593,0.176366889
20020509,-0.185684655,1.029390534,-0.45035177
20020510,0.017728925,1.263496096,-0.150569091
20020513,1.576788803,0.673510055,0.847313101
20020514,-0.361249787,0.572469841,-0.431585644
20020515,0.583401283,0.983959051,0.149944901
20020516,0.122839359,1.806661019,0.509891215
20020517,0.087757794,0.75082314,-0.035081565
20020520,-1.009483469,1.386430492,-1.449044616
20020521,-1.415667402,1.652638641,-1.38007388
20020522,1.163324081,1.255105443,1.415667402
20020523,0.832821328,1.251377213,0.832821328
20020524,-1.941808586,1.352335645,-1.010915765
20020528,-2.186373115,1.280325801,-2.454110892
20020529,-0.644272822,1.058261664,-1.083673017
20020530,1.015237146,1.065475352,0.552487593
20020531,1.032898555,1.267042221,1.855948469
20020603,-1.597390066,2.602366373,-2.630288621
20020604,0.560225555,2.706220555,-0.612644634
20020605,2.559554719,1.875498916,3.116659224
20020606,-2.280080535,2.894711228,-2.189868531
20020607,-0.092635486,1.799608827,-0.462321674
20020610,-0.445848779,1.244705336,-0.445848779
20020611,0.185701075,2.084302021,0.3531274
20020612,1.031696697,2.613372991,1.217053562
20020613,-0.073434922,1.841758295,-0.201816416
20020614,1.009646025,4.513191074,0.549451932
20020617,0.817814644,1.727560059,0.90909717
20020618,0.453515517,0.758686463,0
20020619,-0.398623467,1.614108857,-0.308166654
20020620,1.100002075,1.482901367,1.227009259
20020621,1.464366762,2.097535945,-0.071761754
20020624,1.259887129,3.019445997,1.761141311
20020625,-2.66919761,2.208133873,-2.246884823
20020626,1.890278021,7.488652219,0.162176808
20020627,0.554117067,4.058628873,1.003233065
20020628,-0.605307171,2.775134353,-0.178412179
20020701,0.106609818,2.536667612,0.552044853
20020702,-0.475227507,2.65193075,0.654927556
20020703,0.300805323,2.086111801,-0.141242961
20020708,1.139863284,1.94547421,1.546331989
20020709,-1.339935421,1.470355892,-1.776808113
20020710,-3.314424423,2.470178323,-3.13708797
20020711,-1.680711832,5.508460762,-2.78569545
20020712,-3.729050174,4.537279937,-3.917551643
20020715,2.433210066,10.86172438,1.824230677
20020716,-1.321127369,13.09380071,-3.164944766
20020717,-2.371652662,9.023352134,-0.75712655
20020718,-4.390700134,11.18406716,-4.290750101
20020719,-4.377399994,9.689056492,-6.423237455
20020722,1.537478122,25.21451678,2.114616239
20020723,-0.223964259,19.14744206,-2.829543324
20020724,7.509045136,19.8870115,5.241374268
20020725,1.971865014,19.24913616,1.33152131
20020726,-0.315623618,10.19914509,-0.378628976
20020729,2.935651641,4.153617236,4.088100226
20020730,-2.178019114,5.508606323,-2.644409496
20020731,2.229520805,4.51317907,3.570714952
20020801,0.010029587,6.818535715,-0.070178959
20020802,-0.340579313,5.51362784,-0.050157999
20020805,-3.534798234,6.645756083,-2.994418655
20020806,-2.313196904,6.673174953,-1.039294327
20020807,1.275737467,8.091078656,2.170179207
20020808,3.111139028,4.760212902,3.396970174
20020809,0.726561861,4.873801198,1.002859649
20020812,1.217655989,2.307323682,-0.578858619
20020813,0.518652669,5.689328272,-1.098205447
20020814,3.307218543,7.680334782,3.307218543
20020815,-1.160554612,4.585083941,-1.064354508
20020816,1.25641935,3.775378481,1.275872711
20020819,-1.30520087,3.588811757,-0.577924937
20020820,0.816966225,2.315791506,-0.27084559
20020821,1.069120531,4.333813985,1.994695978
20020822,-0.64675896,2.742165742,-0.494956274
20020823,0.475964725,3.01008993,0.475964725
20020826,-0.094295151,2.886544478,0.662567497
20020827,-0.928300689,3.184108378,-0.871712929
20020828,-1.875719694,2.287880111,-2.524948631
20020829,-0.494805562,5.031741946,-1.633412287
20020830,1.482973297,2.636502841,1.085358459
20020903,-1.037105427,4.128578371,-2.122463886
20020904,0.95542128,2.182247671,1.195709742
20020905,-1.307208157,4.263579342,-2.162679404
20020906,0.240915595,3.297738473,0.946919536
20020909,1.700551133,3.694617103,1.076994854
20020910,0.985229644,2.287047434,1.163606463
20020912,-1.763219392,2.435959389,-3.183081542
20020913,0.425058832,2.376848559,0.080824413
20020916,1.532825871,2.547923341,2.217208574
20020917,-4.391923393,5.264616325,-3.252645701
20020918,1.366392218,3.709637525,0.752265416
20020919,-0.710853924,4.37678638,-3.52504806
20020920,-0.587496444,3.740188233,-0.294179662
20020923,-0.191184339,5.516627693,-1.03649791
20020924,0.552840022,7.220909894,0.276037971
20020925,1.453815845,4.677838096,2.801772227
20020926,-0.330510526,3.445711504,-0.351131209
20020927,0.103188535,3.732824665,0.30988559
20020930,0.146336391,7.465455176,-1.266233836
20021001,3.152269137,2.925185753,4.253350169
20021002,-0.379582915,4.565409885,0.020018016
20021003,0.495786836,5.05924926,1.174026021
20021004,-0.587660849,6.325689836,0.689997809
20021007,-2.461965805,4.115069824,-1.484440915
20021008,2.270399259,5.77649744,3.853023785
20021009,0.213364449,4.585318843,-0.98333001
20021010,0,6.147085133,-0.40772797
20021011,0.097228982,4.440502188,0.097228982
20021014,2.507363755,2.962049944,2.020270732
20021015,-0.381316001,5.514959924,-0.286123228
20021016,-1.786700183,5.291146267,-10.46179282
20021017,-3.803064588,8.203876569,-2.643325707
20021018,1.915600587,4.690918899,0.996757982
20021021,1.871965485,2.463014883,3.412432404
20021022,-0.229429655,4.590679326,-0.208594152
20021023,0.020879006,4.01339797,0.020879006
20021024,-2.569103184,4.506865856,-2.152435915
20021025,0.14904719,4.12108938,0.255645644
20021028,-2.369268697,2.970281636,-2.411830945
20021029,1.367654011,3.77771006,1.083903957
20021030,0.792889614,2.901906761,1.008267686
20021031,-0.515022598,3.446887722,-0.792889614
20021101,0.771542619,5.10183544,0.771542619
20021104,-2.591937755,4.201040666,-2.463924083
20021105,1.149313312,1.291712953,1.477003393
20021106,-2.448209707,3.687963723,-2.59925084
20021107,-0.888894742,2.75142463,-0.8667684
20021108,-0.291578092,1.590541524,-0.626961301
20021111,0.089827089,2.02046916,0.067362751
20021112,-1.76718613,2.113760501,-0.540176871
20021113,1.715537228,4.242437756,2.143417624
20021114,-1.342302033,2.399044023,-0.287579006
20021115,1.865521016,1.351625801,1.865521016
20021118,-0.607904608,1.744412883,-0.152322954
20021119,1.039870722,1.907818076,1.039870722
20021120,-0.412103392,2.058160137,-0.844069506
20021121,-0.870516923,3.448648779,-0.566697245
20021122,-1.224862208,2.67460197,-0.679901731
20021125,0.266016561,1.426912041,-0.595962475
20021126,0.558723098,1.925882426,-0.666372968
20021127,2.566774675,2.341270282,2.856081653
20021202,-2.255652406,2.967240802,-0.903985872
20021203,-1.349727316,2.300194861,-0.577522707
20021204,2.103010542,4.043304922,1.678855425
20021205,-1.38814612,2.553285888,-1.278677034
20021206,1.308367705,2.648592947,0.707497977
20021209,-0.199313542,1.957008012,-0.618786505
20021210,2.970299168,2.263966889,2.970299168
20021211,0.665167134,1.693222411,0.622119351
20021212,-0.911266883,3.241331946,-1.899884434
20021213,2.341096318,3.473801303,-0.152688436
20021216,-0.305810636,1.528202388,-0.218531555
20021217,-1.84905114,1.122897249,-1.543240504
20021218,-0.894860558,0.954675453,-1.139549813
20021219,-0.610654391,1.507122114,-0.948302433
20021220,-0.271554817,0.967712505,0.113365844
20021223,0.74551345,1.159996352,0.677509367
20021226,-0.135838826,1.612798963,-0.203689105
20021227,-1.234865909,1.879804792,-1.5525426
20021230,-0.344867568,2.612600721,-0.092081038
20021231,0.961766058,2.752942961,1.053847096
20030102,1.573066145,2.828250643,2.18649531
20030103,-0.312570025,2.370746536,-0.290275966
20030106,0.692662807,1.66752978,0.423965825
20030107,-0.270027167,1.733027344,-1.18715696
20030108,-1.354422511,1.471216108,-0.859928359
20030109,1.357486909,1.261299922,1.129955525
20030110,2.031093145,1.380404766,1.693445103
20030113,1.010331458,1.724566,1.098670687
20030114,0.526086264,1.295993138,-0.043715848
20030115,-1.542560336,1.699765036,-1.564425428
20030116,1.300293803,2.202671101,1.411269288
20030117,-0.905183352,1.505917726,-1.278113476
20030121,-1.201884043,1.570782353,-0.958224602
20030122,0.382065865,2.951605224,-0.179291845
20030123,-1.447006934,2.11417755,-1.514324338
20030124,-2.695084229,2.726684873,-2.490329295
20030127,-1.594702365,3.507656701,-2.721739418
20030128,-2.190483539,4.33850161,-1.425661455
20030129,1.390290517,3.491886437,-1.298242361
20030130,-3.724965084,3.509726384,-3.257617043
20030131,2.908931286,3.059804372,3.010764289
20030203,-0.991334017,2.35831939,-0.769139135
20030204,0.920519002,2.200506396,0.571217249
20030205,-1.340635769,2.819460591,-0.920519002
20030206,-0.224971973,2.183856756,-0.125046909
20030207,-1.38106401,2.31996982,-1.031325957
20030210,0.777823518,1.997835287,1.156372866
20030211,-2.409755158,2.042887804,-2.685065055
20030212,0.733716132,3.521587267,1.831646221
20030213,0.426439879,1.999660109,0.703343769
20030214,1.483339929,3.849501556,1.982716747
20030218,0.292611767,2.017100948,0.782208828
20030219,-1.368879845,1.416784755,-1.077121797
20030220,-0.91823452,1.705806544,-1.288103022
20030221,0.815524105,1.529996554,1.288103022
20030224,-1.988631281,1.820109031,-1.988631281
20030225,1.77260914,1.985587973,1.44568819
20030226,-1.500028126,1.585469009,-1.77260914
20030227,0.973912056,2.352293493,1.35103381
20030228,-0.248694483,1.975693423,-0.199005041
20030303,-2.317484069,1.616656469,-2.317484069
20030304,-2.034317612,0.887042842,-2.05980506
20030305,-1.111710761,2.180011369,-2.289272452
20030306,0.346528402,1.843686845,0.02661344
20030307,1.496154011,2.882435442,0.345331728
20030310,-0.778422935,2.077164341,-1.60388362
20030311,1.604312484,2.664815461,1.577361938
20030312,1.534827695,2.329553274,1.002911547
20030313,2.230003981,1.547242261,3.534483737
20030314,0.478048464,1.613638992,0.983738542
20030317,2.695181062,3.454380648,2.84567018
20030318,-0.317421827,2.67210861,-0.244260014
20030319,2.029545381,2.018918661,2.225001099
20030320,-0.588272301,3.866957691,-0.683988987
20030321,0.830865314,2.274173835,1.849143055
20030324,-2.164403457,1.953999733,-3.353478109
20030325,0.244200366,2.599808905,0.231976174
20030326,-0.635388257,1.518012453,-0.513511337
20030327,0.787405643,1.995499824,0.024512808
20030328,-0.196511977,1.930259963,-0.319136149
20030331,0.272445989,2.260077296,-0.591863627
20030401,-0.271974454,2.650266984,-0.098985408
20030402,0.605695371,1.589253375,2.469865126
20030403,-0.580693623,1.628447606,-0.459993548
20030404,1.710678989,1.429159164,1.564977167
20030407,-1.898040372,1.68807834,-0.263126572
20030408,-0.238663598,1.518951013,0.239234564
20030409,-0.669218559,3.128289525,-0.359066813
20030410,-1.032794097,2.396559563,-0.673727284
20030411,-0.697034429,1.941421232,0.096525104
20030414,1.928401622,1.813388305,2.265507648
20030415,0.094073384,1.271647651,0.306062629
20030416,-1.987643076,2.979878486,-6.532240454
20030417,1.768194492,1.859164301,1.642645198
20030421,-1.140885391,2.843099404,-1.042193056
20030422,1.270095519,2.049023117,0.795035244
20030423,-0.747573878,1.613368307,-1.069795002
20030424,-0.125234832,1.904349322,-0.200300518
20030425,-1.636285721,1.724694864,-1.261050759
20030428,1.148003624,1.215177373,2.258565265
20030429,0.614177093,1.820923469,1.306563638
20030430,-0.84054883,2.475188774,-1.356203748
20030501,0.42157533,1.654850237,0.322221124
20030502,1.970507108,2.072539699,1.449478761
20030505,-0.860484719,1.44955039,-1.227009259
20030506,0.415293134,1.648593574,1.275777853
20030507,1.936372178,2.156664823,5.363088189
20030508,-0.488998529,1.29458236,-1.021838896
20030509,0.867783477,0.738830304,2.626273955
20030512,0.792486883,0.929238381,0.815221906
20030513,-0.135531984,1.444198955,-0.225784697
20030514,-0.85566836,1.189075841,-0.045218178
20030515,0.31411289,1.482783924,0.945314264
20030516,-1.281924673,1.135697277,-1.035812008
20030519,0.956509228,1.322352711,-0.135900361
20030520,0.743833025,1.324595435,0.924992495
20030521,-0.248897063,1.850225019,-0.879671851
20030522,0.924575309,1.365997771,0.924575309
20030523,-0.361827622,1.00079143,-0.924575309
20030527,1.668584372,1.75780746,1.305442802
20030528,-0.743833025,0.769775929,-1.169603976
20030529,0.629356989,1.788113645,0.968148956
20030530,1.212670577,1.938394408,2.21591163
20030602,-0.348888274,1.398437047,0.328191959
20030603,0.10851873,1.186027589,0.696563548
20030604,1.492080876,1.291826013,1.057297583
20030605,0.858374369,1.495289743,0.449727709
20030606,0.042671219,1.267436841,0.170794235
20030609,0.815630192,1.221896945,-0.213538411
20030610,-0.57772708,0.917571499,-0.385522002
20030611,0.75147965,0.65782901,0.32137146
20030612,0.858010666,1.629734854,1.391345264
20030613,-0.190053906,1.248101228,-0.200601873
20030616,1.5682496,0.978775236,1.863733141
20030617,-1.888828452,4.245447603,-2.096512847
20030618,0.512493114,1.678287609,-0.531068694
20030619,-1.441970535,1.374735232,-1.761970808
20030620,0.280142409,0.862492538,0.734344553
20030623,0.839165764,1.010716232,0.429461686
20030624,1.108517,0.897358886,1.065653733
20030625,-1.129714669,1.837933031,-1.108517
20030626,0.771212049,1.48588963,0.449150579
20030627,-0.642400496,1.175132203,-0.663742936
20030630,0.107816722,0.986337599,-0.322754449
20030701,0.506821595,1.016656769,0.183022068
20030702,-0.107700603,1.352572681,-0.183022068
20030707,-2.696644823,1.42514121,-2.696644823
20030708,-1.303096399,1.162297143,-1.748531434
20030709,-0.454546237,1.132613219,-0.726285535
20030710,0.045464879,1.25444551,0.227531384
20030711,0.593880229,2.054937381,-0.204754934
20030714,0.113186203,1.892525459,0.658270451
20030715,-0.793205292,1.427869333,-0.567216495
20030716,-1.273902578,1.895913224,-2.41807982
20030717,1.100516441,1.611344777,4.266644632
20030718,-0.345654578,0.991224192,-0.011168817
20030721,-0.044454324,1.276386649,0.479136245
20030722,-0.354610301,2.144687016,0.13330373
20030723,-0.221239028,1.723021586,0.243929603
20030724,-1.426366951,1.560027437,-1.337812595
20030725,1.083748946,1.794458845,0.993921857
20030728,-0.692508073,1.434160035,-0.859332335
20030729,0.200915348,2.34133097,0.514254906
20030730,0.265134932,1.103758495,1.064783796
20030731,-1.039027807,1.52566971,-0.708594639
20030801,0.448431245,1.574582446,-0.668898815
20030804,0.872586362,2.012485039,0.424155117
20030805,-1.098542602,1.618161429,-1.187689031
20030806,0,2.588196523,-0.474523543
20030807,1.166979132,1.449908499,1.506154132
20030808,-0.111420624,0.84613603,0.066912013
20030811,-0.514715246,0.904474185,-0.626260155
20030812,-0.40241503,1.364684628,0.156933111
20030813,-0.537876689,0.971040848,-0.31411289
20030814,0.713333386,0.856796449,1.161764631
20030815,-0.244091988,0.48487471,-0.022214817
20030818,-0.311526732,0.322525553,-0.311526732
20030819,-0.876114781,0.981059274,-1.233337755
20030820,-0.273099851,0.724117159,-0.997740703
20030821,-0.685247085,2.136175865,-0.571364827
20030822,-1.172562003,1.330384205,-0.897899436
20030825,1.280602911,0.930827575,1.765088805
20030826,0.862857306,2.278140343,0.498641106
20030827,-0.612316234,0.738443267,-0.612316234
20030828,0.388084039,0.847144699,-0.159362584
20030829,-0.412749955,0.433349445,-0.846590115
20030902,0.802664555,1.575679039,0.595648955
20030903,-0.798635163,0.968243858,-0.297380981
20030904,1.289756537,0.920374247,1.883636766
20030905,-0.699856113,1.411105278,-0.767324911
20030908,-0.42884616,0.817325953,0.158460701
20030909,0.837014275,0.609354021,0.406321101
20030910,1.094860674,1.133087415,1.364827092
20030911,-1.495062992,1.108853215,-1.162283983
20030912,-0.295085902,0.97342938,-1.107731458
20030915,-1.120139727,0.813101454,-1.120139727
20030916,-0.34887813,0.94134658,-1.342302033
20030917,0.582412829,0.857372573,0.302431311
20030918,0.459770925,0.952630689,1.269491948
20030919,-0.8749768,0.57032314,-0.829115758
20030922,0.069452486,1.954174092,-0.069404283
20030923,-0.069005178,0.75736667,0.576902488
20030924,-1.340750551,1.052250578,-1.133877704
20030925,0.27881059,1.113528276,0.302079932
20030926,0.162658337,0.798648765,-0.069629804
20030929,0.162620549,1.095146786,0.023215322
20030930,0.139599837,1.998287319,-0.162620549
20031001,1.934652695,1.236883169,1.911399584
20031002,0.657673308,1.11050117,0.908271457
20031003,-0.994133809,1.461420661,-0.453104536
20031006,0.451468035,0.726707937,0.814115758
20031007,0.810085438,1.691991537,0.494271957
20031008,-0.451468035,0.734282023,-0.945739992
20031009,-1.437570741,0.844986614,-0.783605168
20031010,0.228102289,1.153992965,0.07977663
20031013,0.272047323,0.621348017,0.635932191
20031014,1.26469617,1.069043508,0.879077001
20031015,0.531092198,0.8991194,1.669116306
20031016,1.072635983,1.667299446,-0.708751583
20031017,-0.332483959,1.08918686,0.111074098
20031020,0.902990389,1.05107011,1.257600689
20031021,-0.218197774,0.90723589,0.37203238
20031022,-0.176405779,1.05834474,-1.031955585
20031023,0.617285911,1.346385748,0.418456728
20031024,0.72984953,0.992587688,-0.264084661
20031027,-0.530036577,1.092515647,-0.485974007
20031028,-0.703454209,0.89276326,0.375732567
20031029,1.117574906,1.315370218,1.227816345
20031030,0.043516102,1.207722845,0.174178141
20031031,0.844069506,0.971619053,0.931044941
20031103,0.537346806,0.589332916,0.537346806
20031104,0.845874737,0.753084868,0.523813267
20031105,0.384123392,0.638420604,0.117214569
20031106,0.212992626,0.564374698,0.106439606
20031107,-0.32137146,0.810646135,-0.854706058
20031110,0.300946057,0.601644119,-0.02146153
20031111,0.215053846,0.902865277,-0.085892211
20031112,1.562364578,0.872930532,1.153366053
20031113,0.577109649,0.8940085,-0.361664047
20031114,-0.214041178,0.908114067,-0.534246382
20031117,0.515243733,1.144960978,0.064260471
20031118,-0.150586239,0.829709754,-0.536769942
20031119,0.492348206,0.604666001,0.814755794
20031120,-0.773033697,1.333950255,-0.944010443
20031121,0.043122036,1.010326789,0
20031124,0.193819378,0.964529681,0.193819378
20031125,0.624396474,1.02001921,0.236381329
20031126,0.774030955,0.708202486,0.214408315
20031201,0.747467442,0.894865263,0.919104472
20031202,0.234217077,0.803750729,0.04254414
20031203,0.805259702,1.480590551,0.762715562
20031204,-0.148257996,1.098791146,-0.423012475
20031205,-0.042698549,0.652648008,-0.744605078
20031208,2.179288616,1.115977109,2.00831187
20031209,0.630121808,0.703394005,-0.041867281
20031210,1.085152552,0.633973458,0.87555281
20031211,0.538638137,0.64759603,0.455581654
20031212,1.808293642,1.378156908,2.014692064
20031215,-0.020090407,0.466589301,0.776565851
20031216,1.430582713,0.695603341,1.831625961
20031217,-0.754570697,0.574299299,-1.031141399
20031218,-0.02001401,0.659747549,-0.419455324
20031219,0.139818259,0.594007656,0.279832283
20031222,0.199600865,0.653462596,0.099750632
20031223,-0.039888313,0.945080817,-0.039888313
20031229,0.499851086,0.407424094,0.359640747
20031230,1.034629205,0.599371399,0.755020475
20031231,0.158227881,0.680298351,0.158227881
20040102,-1.068682247,1.188829657,-0.674204418
20040105,0.119094893,0.847917036,0.298003598
20040106,-0.059755006,0.329704916,-0.437376443
20040107,-0.559330264,0.681961284,-0.539407961
20040108,0.480673868,0.839954667,0.26007817
20040109,-0.962316969,1.554960916,-0.822554542
20040112,1.065015593,0.99569063,0.782586516
20040113,0,0.994990727,-0.541137707
20040114,0.12060303,0.427594344,0.040184851
20040115,0.605450891,1.128136775,-0.160836384
20040116,0.261070537,0.878610977,0.321414499
20040120,0.621805233,0.778195067,0.300390734
20040121,-0.080321289,0.655163568,-0.460968849
20040122,-0.526317004,0.903433587,-1.029792038
20040123,1.307208157,0.670400656,1.570712921
20040126,0.599402394,1.014060819,0.299252094
20040127,-0.079968017,1.14339404,-0.399202127
20040128,-0.806455984,2.341771903,-1.207258123
20040129,0.708146611,1.588451221,0.404040954
20040130,0.294880482,1.361472942,-0.718299411
20040202,1.23721282,2.0896991,0.738458669
20040203,0.825535746,1.107684757,0.522719325
20040204,0.665392111,1.186805224,-0.220817113
20040205,1.600034135,1.274315589,1.277972665
20040206,1.432476952,1.019100158,1.134414138
20040209,2.454941108,1.703089228,2.699859183
20040210,-0.286944243,1.206257573,-0.32514134
20040211,0.503584252,2.230117348,-0.84648447
20040212,0.427766548,0.609404877,-0.425944497
20040213,-0.817284176,0.82741736,-0.700937449
20040217,-0.273277547,0.853027988,-0.039085402
20040218,0.195350717,0.684027873,0.156250032
20040219,-0.489956884,0.957735805,-0.665755347
20040220,1.025447755,1.210128663,0.13743008
20040223,-0.416295576,1.025554131,-1.243723464
20040224,-0.83983697,1.329584521,-1.078500568
20040225,0.100755676,0.831516064,-0.301659354
20040226,0.422153607,0.412962502,0.402010592
20040227,0.460784147,1.144347506,0.360432909
20040301,-0.201288313,0.464801051,-0.80273359
20040302,-0.28380315,0.931561965,-0.748309691
20040303,0.264954807,0.609086468,-0.264254651
20040304,-0.204708362,0.277707213,-0.673953332
20040305,2.751539153,1.999787038,2.649027611
20040308,-0.2604429,0.831230029,-0.520209256
20040309,0.95024471,1.397647004,0.749441429
20040310,-0.559553818,1.558278464,-0.649190794
20040311,-2.783073012,2.342399514,-3.486947211
20040312,0.165357623,1.518670747,0.476142086
20040315,-1.867274171,1.479344478,-1.393388458
20040316,0.395051974,1.085018713,0.917246373
20040317,1.00772061,0.825762734,1.401218063
20040318,0.449163679,1.258537518,0.449163679
20040319,-0.572481629,1.002708406,-0.653997835
20040322,-0.207039411,1.6528838,-1.071954194
20040323,-0.248756347,0.923451453,-0.14518306
20040324,0.37197811,1.035623817,0.620734457
20040325,0.205338881,1.005505621,0.555385568
20040326,0.390184292,0.968555041,0.082017638
20040329,0.020249064,1.015919528,1.222260072
20040330,1.343109295,0.613609289,1.666537918
20040331,0.458396418,0.737026255,0.139289645
20040401,0.237435806,0.405665675,0.614532611
20040402,-0.294262105,0.894762251,0.591134726
20040405,-0.375086808,0.453236658,-0.670217372
20040406,1.345489233,0.672565123,0.630916919
20040407,0.746712057,0.529432749,0.392311213
20040408,-0.087826305,0.568927025,0.263942672
20040412,-0.372878462,0.367288576,-0.695569789
20040413,-0.058956472,0.476309977,0.019659884
20040414,0.764784589,0.670770675,0.627084163
20040415,-0.545810322,1.141481291,-0.058622376
20040416,0.947874395,0.546766009,1.513122952
20040419,1.310684543,1.112558297,2.001401027
20040420,-1.442971686,0.670788829,-1.32980683
20040421,1.031483575,1.898167713,-0.296863996
20040422,0.956198133,1.009369389,-1.244889418
20040423,-0.391007341,0.548486325,-0.858206945
20040426,-0.707689213,0.899076253,-0.707689213
20040427,-0.138026247,0.47661129,-0.019729703
20040428,-0.971170055,0.788977885,-0.931714541
20040429,0.636185048,1.646861116,0.496673317
20040430,0.197980663,1.481293111,0.197980663
20040503,-0.09876544,1.031708112,0.079082645
20040504,-0.436422038,1.609463159,-0.594649919
20040505,0.510505723,0.939196904,1.499633471
20040506,0.648141324,1.445000093,0.039161935
20040507,-0.295130563,2.260183905,-0.648141324
20040510,-1.115105143,1.096107363,-1.608933307
20040511,1.40705839,1.080080767,0.319872324
20040512,0.501757199,1.418643192,-0.2998503
20040513,-0.060416878,0.899656169,-0.622554476
20040514,1.268260583,1.526360032,0.702602509
20040517,0.301780734,1.453009048,-0.420968849
20040518,0.801607499,2.219069484,0.640771115
20040519,-1.307734158,0.975610017,-1.447552417
20040520,0.930992355,0.715441238,0.525147642
20040521,-0.524935589,0.690009323,-0.484653614
20040524,0.542878583,0.565631585,0.946919536
20040525,1.378780959,0.85241563,1.037312313
20040526,-0.317838964,0.665440091,-0.258321058
20040527,0.567016868,0.729093708,2.028626929
20040528,-0.01946472,0.442732085,0.155854308
20040601,-0.21507487,1.059415377,-0.546556114
20040602,0.676004506,0.43984346,1.66929342
20040603,-0.443716364,0.43931103,-0.443716364
20040604,0.441163082,0.762483243,1.019533694
20040607,0.80030915,0.442423293,0.838579338
20040608,0.380952842,0.346810673,-0.170956448
20040609,-0.231481585,0.644093373,-1.571214542
20040610,-0.772204609,0.5731562,-0.348230184
20040614,0.292369373,0.743811462,-0.427268081
20040615,-1.124914888,0.668649526,-0.214320589
20040616,0.156463947,0.27182345,-0.195236298
20040617,-0.215116931,0.281076583,-0.176039165
20040618,0.978481388,1.009069455,0.527190521
20040621,-0.195122013,0.464492735,-0.292540433
20040622,0.137214566,0.698336193,-0.293398743
20040623,0.517655109,0.639370525,0.537241829
20040624,-0.136946123,0.499801152,-0.478493174
20040625,-1.12128646,0.695555182,-1.04300857
20040628,0.079412353,0.573058024,-0.317020277
20040629,0.297177039,0.719241319,0.317020277
20040630,0.15844725,0.701028547,-0.039572616
20040701,-0.337134677,0.664037168,-0.37672296
20040702,-0.158227881,0.682421939,0.356930778
20040706,0.415307627,0.751974683,0.296472201
20040707,-0.158510039,0.522944663,-0.47477834
20040708,-0.019792182,0.609540293,0.178306139
20040709,0.846711763,0.596056107,0.945633524
20040712,-0.432135813,1.163121027,-0.392927814
20040713,-0.177497335,0.260705036,-0.275971001
20040714,1.259115592,0.852625036,0.962584782
20040715,-0.978481388,0.679648333,-0.58823699
20040716,-1.276404173,1.210932059,-0.49285462
20040719,-0.693415359,0.792407352,-0.594649919
20040720,0.019962072,0.823094203,-0.398406901
20040721,-1.51288816,1.349229648,-1.812738459
20040722,-0.16323203,2.054209835,-0.468575778
20040723,0.132919825,5.579140716,-8.077471605
20040726,-2.229746781,1.598971965,-1.832044091
20040727,-1.362109595,1.091034104,-1.362109595
20040728,-0.137236984,1.136806326,-0.137236984
20040729,-1.383147915,1.314486532,-1.406039068
20040730,1.794801975,1.145862616,1.771586653
20040802,0.931930827,1.534433137,0.795007027
20040803,-0.407240382,0.816570955,-0.203827497
20040804,0.636365784,0.975218321,0.067988671
20040805,-0.795007027,1.509338229,-0.659168201
20040806,-0.413223728,1.708003111,-0.870367382
20040809,-0.668898815,0.658729093,-0.599909506
20040810,0.438344225,0.875556371,0.530872568
20040811,2.207394212,1.574076059,2.253424132
20040812,-1.336524595,1.631761949,-1.314019813
20040813,1.201692275,0.925378687,1.178884657
20040816,0.179613879,0.796902778,0.472176257
20040817,-0.606948025,0.665074329,-0.51726192
20040818,0.382151752,0.575413118,0.49482782
20040819,-0.769582793,0.79509609,-1.264410614
20040820,0.703668776,0.695156631,0.453412702
20040823,0.248335154,0.882820898,0.316170092
20040824,-1.016383679,0.448882246,-0.678735637
20040825,0.882858026,0.941204131,0.723821301
20040826,0.360198498,0.540351503,0.292562378
20040827,0.425580215,0.38636509,0.537876689
20040830,-0.292562378,0.321774714,-0.830439067
20040831,0.740827274,0.651662793,0.763362486
20040901,-0.290600406,0.783877079,-0.089505488
20040902,1.721212888,0.421418042,1.654031159
20040903,0.109974717,0.865856489,0.165007463
20040907,-0.109469086,0.951630126,0.351108546
20040908,-4.279932485,1.573024581,-4.939275533
20040909,0.622336917,0.579718292,0.160975084
20040910,-0.232558244,0.667321854,-1.318395412
20040913,-0.046739893,0.554700966,-0.396594478
20040914,0.819197091,0.500948522,0.280112228
20040915,1.839414216,1.554774984,-4.164789881
20040916,-2.566141303,1.409903344,-2.809450425
20040917,0.971486031,1.178385693,0.821410966
20040920,0.32206147,0.591093347,0.222855113
20040921,0.270237236,0.810526995,0.81291247
20040922,-0.862180486,0.996992414,-0.837649638
20040923,-0.994291065,0.778823134,-0.969553897
20040924,-0.150075066,0.429346241,-0.200050079
20040927,-0.452717071,0.329883359,-0.703343769
20040928,0.451241678,0.431436553,0.778409455
20040929,0.526251058,0.377470267,0.07500938
20040930,-0.274280187,0.587986065,0.099925065
20041001,-0.445655603,0.626631587,0.622279544
20041004,-0.122624172,0.747218527,1.110437073
20041005,-0.319528353,0.528548587,-0.319528353
20041006,0.76083322,0.611976112,0.68695069
20041007,-2.047684721,0.454686236,-1.925509996
20041008,-0.124890737,0.483963716,-0.274554022
20041011,-0.224579009,0.334445216,0.049975014
20041012,0.302115033,0.554063719,-0.626489958
20041013,-1.061420124,0.531625709,-1.061420124
20041014,-0.890024947,1.043921907,-0.534964975
20041015,0.153139387,0.576194446,0.153139387
20041018,0.331929323,0.639930846,0.050994392
20041019,0.305266073,0.721962542,0.356234473
20041020,0.330410772,0.498785489,0.101548625
20041021,0.254129743,0.680728006,-0.02537749
20041022,-2.788520349,1.474537884,-1.277156568
20041025,-0.978632585,0.959774386,-0.670624128
20041026,1.383927777,1.509937767,1.668202423
20041027,3.218784287,1.330473964,2.810724552
20041028,0.420636523,1.569381894,0.222469502
20041029,0.295858204,0.876878131,0.295858204
20041101,-0.418565181,1.643934155,-0.221811551
20041102,-0.319136149,1.112541973,0.344827928
20041103,0.171505616,1.322555158,0.441610139
20041104,0.995274632,0.723660157,1.337405953
20041105,-0.65005646,1.095146306,0
20041108,-0.676167754,0.488447685,-0.314503707
20041109,-0.410976041,0.54114871,0.024227741
20041110,-0.653043801,0.742548611,-0.169717582
20041111,3.278982282,2.811154604,-0.706200427
20041112,0.122744584,1.21984767,-0.391773273
20041115,-0.319921523,0.985745494,-0.467233114
20041116,-0.496032763,0.503834008,-0.866449287
20041117,-0.04964011,0.884544422,0.149068351
20041118,-0.495295713,0.712694926,0
20041119,-1.075413641,0.611852069,-1.274220863
20041122,-0.125391866,0.44767344,0.200954602
20041123,-0.201207311,0.805639115,-0.326756606
20041124,-0.025128785,0.363181693,0.176078526
20041129,-0.677288429,1.040251215,-0.326674496
20041130,-0.507229086,0.510174622,-1.011898338
20041201,0.78273345,0.534738294,1.087379534
20041202,1.596441987,1.067816388,1.62158973
20041203,0.49249053,1.851123788,0.739648342
20041206,-0.911673186,0.800535507,-0.764397755
20041207,-0.571075419,0.689042418,-0.595830958
20041208,0.04954174,0.494393137,0.54631375
20041209,1.545052675,1.137286557,0.948925723
20041210,-0.418256238,0.979118817,-0.504151083
20041213,0.540409077,1.173242115,0.63897981
20041214,1.071091058,0.918210791,1.169034259
20041215,0.072350178,0.754131714,0.434888339
20041216,-0.87146521,0.858563468,-0.847360112
20041217,0.267998699,0.956762393,-0.072966074
20041220,-0.657496585,0.545937977,-0.4144831
20041221,0.14641291,0.528516866,0.19526489
20041222,1.356281386,0.665584747,1.356281386
20041223,0.096339121,0.779184941,-0.072193482
20041227,0.529229044,0.630790335,0.3364579
20041228,0.215336846,0.490449254,0.383142231
20041229,-0.504505575,0.412929282,-0.76775809
20041230,0.360794138,0.591147635,0.312612976
20041231,-0.072002883,0.411242207,0
20050103,-0.862900848,0.526084976,-0.264455016
20050104,-1.308475174,0.791937218,-1.308475174
20050105,-0.587085835,0.762210725,-0.587085835
20050106,0.978242088,0.625629417,0.806357454
20050107,0.2188983,1.001264284,0.170212807
20050110,0.72780525,0.836463916,0.508906951
20050111,-0.218367186,0.60732032,-0.484614469
20050112,0,0.751042501,0
20050113,-0.952039413,0.904324309,-0.976331895
20050114,0.465174055,0.492480546,0.41610634
20050118,1.293174054,0.695478646,0.754353255
20050119,0.048661801,0.631329008,-0.339971187
20050120,0.728689161,1.543898486,0.509524334
20050121,-0.82785961,0.666011786,-1.02165812
20050124,0.097632422,0.971489032,0.219807147
20050125,0.19422196,0.46856974,0.58380122
20050126,0.915889748,0.434359748,1.085525073
20050127,0.239635868,0.535960853,0.239635868
20050128,-0.084311959,0.926517974,-0.684481808
20050131,-0.672594416,0.572227126,-0.012050371
20050201,-0.217102968,0.651543854,-0.193003679
20050202,1.079794535,0.711503803,1.176342937
20050203,-0.406553232,0.642337621,-0.406553232
20050204,2.069285394,0.707204099,1.781308233
20050207,-0.235072981,0.419716662,0.023537719
20050208,0,0.519187612,0.399295892
20050209,-0.1168634,1.204844966,0.234137311
20050210,-0.890144083,0.882908588,-0.609901023
20050211,1.057464912,0.954389059,0.656662772
20050214,-0.163075167,0.398084816,0.256799487
20050215,-0.748016578,0.739321958,-0.631507186
20050216,-1.193222051,1.354950524,1.629079546
20050217,-0.764334931,0.910537091,-0.718177534
20050218,-0.139405227,0.470313059,0
20050222,-0.046739893,0.988229754,-0.536194314
20050223,-0.515465059,0.560035842,-0.492092381
20050224,0.140646999,0.753604748,0.281492093
20050225,0.746620361,0.640380035,0.770042307
20050228,-0.186828639,0.653637331,-0.559442019
20050301,1.022789018,0.628783111,1.069528912
20050302,-0.023247704,0.547402148,-0.533334598
20050303,0.046296297,0.660981028,0.463930315
20050304,0.459348534,0.85086601,0.990221102
20050307,0.435430962,0.61292319,0.206020446
20050308,-0.344867568,0.50021178,-0.711420097
20050309,0,0.965786511,-0.461681337
20050310,-0.440274144,0.642571216,-0.370885914
20050311,-0.960307181,0.855675608,-1.332573781
20050314,-0.564973254,0.631076125,-0.306423339
20050315,-0.613643653,0.590157081,-0.283688134
20050316,-0.760279262,0.73410366,-0.736607822
20050317,0.286123228,0.862378888,0.16680571
20050318,-1.317857817,0.995673401,-1.294051128
20050321,-0.072106721,0.715706462,0.313064675
20050322,-0.626357143,0.765016784,-0.506208144
20050323,-0.315266419,0.672715344,-0.508783654
20050324,-0.508168063,0.590188773,0.121373968
20050328,-0.678461532,0.787176666,-0.218579322
20050329,0.411772412,0.631207932,0.581819823
20050330,1.246719576,0.630433791,1.439909687
20050331,-0.622309332,0.635741109,-0.765370873
20050401,-1.081611314,0.903820458,-0.65036963
20050404,-0.337106026,0.900867554,0.193143469
20050405,0.598589121,0.629473467,1.031802795
20050406,-0.669058649,0.46424642,-0.430622675
20050407,0.762271438,0.558053061,1.025650017
20050408,-0.260880025,0.486055009,-0.07121662
20050411,-0.855721884,0.414873597,-0.523810721
20050412,1.35538872,0.670217291,1.068513075
20050413,-0.616115693,0.927036521,-0.63973681
20050414,-0.284765261,1.344520179,0.023767083
20050415,-1.871006846,1.657462884,-1.871006846
20050418,-0.341047834,1.327777681,-0.777835716
20050419,-0.7050558,1.440274123,3.406421943
20050420,-1.564383646,1.614913133,-1.281764522
20050421,-0.759377166,1.138302627,0.286259737
20050422,0.451897546,0.943968722,0.380409398
20050425,0.540605383,0.929806759,1.226430467
20050426,0.653902377,1.065515404,0.700773716
20050427,-0.163341537,0.955821048,-0.326416704
20050428,0.140646999,0.767845261,-0.304058239
20050429,1.64870796,0.632739311,1.695546368
20050502,0.252612375,0.419641339,0.41369859
20050503,0.435131798,0.988649977,0.366300776
20050504,-0.090991817,0.723927025,0.410490884
20050505,0.841583496,0.884775616,0.476786009
20050506,-0.067865629,0.443173265,0.090559209
20050509,0.856053887,0.453980033,0.878680882
20050510,0.135900361,0.563934353,-0.901312997
20050511,0.271554817,0.818210167,0.158317346
20050512,0.022637238,0.67475596,-0.158317346
20050513,-0.880863968,1.088083707,-0.226603315
20050516,0.135623891,0.401710821,0.43010819
20050517,0.836824967,0.514273407,0.293222269
20050518,1.029782998,0.580095482,1.119832531
20050519,0.687440339,0.454460788,0.77648754
20050520,-0.354610301,0.504027875,-0.465168631
20050523,0.088908652,0.424130012,-0.066629653
20050524,0.534641505,0.508749703,0
20050525,0.089106711,0.416171633,-0.222420021
20050526,-0.133600554,0.192904113,-0.066822589
20050527,0.155815279,0.197679232,0.178094437
20050531,-0.246002584,0.528080388,-0.669495917
20050601,0.179452718,0.652847791,-0.089605741
20050602,0.717170263,0.36176413,0.357942217
20050603,-0.877889712,0.837497876,-1.235831929
20050606,-0.045454546,0.274970331,-0.544095652
20050607,0.181529435,0.485935872,0.272417876
20050608,-0.52255032,0.472970012,-0.477219404
20050609,-0.114481982,0.854285256,-0.57110378
20050610,0.479070153,0.450622536,0.662178467
20050613,0.02293315,0.445317701,-0.75385851
20050614,0.389239186,0.306304232,0.343367626
20050615,-0.480055785,0.397469917,-0.274599715
20050616,0.205737871,0.669285844,0.343131985
20050617,-0.226757467,0.540105981,0.591987157
20050620,0.319124957,0.27104833,-0.250028543
20050621,-0.320146626,0.421459464,-0.639271583
20050622,-0.550965581,0.539404514,-0.50516755
20050623,-0.671221129,0.39259204,-0.878618369
20050624,-1.667683982,0.705150835,-1.970044952
20050627,0.260016693,0.415778296,0.331047831
20050628,0.420757984,0.442241048,1.196775988
20050629,-0.327179539,0.356532934,-0.350508596
20050630,-1.945494338,0.766439799,-2.3207293
20050701,0.641408542,0.542905531,1.16709673
20050705,-0.141409404,0.825693865,0.401749329
20050706,-0.665085587,0.491886698,-1.043157871
20050707,0.528212513,1.124060483,-0.477783995
20050708,1.842281674,0.911096448,2.296230608
20050711,0.187178342,0.570788345,0.1169454
20050712,-0.233154687,0.700006011,0.140154193
20050713,0.631064382,0.623468666,0.186567218
20050714,0.440989458,0.559310828,0.603950732
20050715,0.09293681,0.420094546,-0.278293315
20050718,-0.348797005,0.620289356,-0.30236097
20050719,0.277264503,0.803798877,0.950511387
20050720,-0.138568152,1.040254316,-0.161644187
20050721,-1.290632655,1.647833476,1.399908117
20050722,0.752311767,1.17060803,0.341258436
20050725,-1.026117771,0.653954923,-0.912623263
20050726,0.114481982,0.901702404,0.160311497
20050727,0.295689969,0.974510371,0.752311767
20050728,0.406137742,0.722892658,0.859344954
20050729,-1.158182584,1.151449267,-1.428757721
20050801,-0.227583166,0.644780473,0.250941161
20050802,0.953252793,0.452922296,0.862074304
20050803,1.489197196,0.586029357,0.854706058
20050804,-0.135226525,0.570498368,-0.696710313
20050805,-0.090744108,0.528906143,-0.633486281
20050808,-0.889300126,0.530841967,-0.911999025
20050809,0.522906727,0.422438823,1.002743133
20050810,-0.771153742,0.976247407,-0.408998525
20050811,0.888489727,0.486782946,0.386320217
20050812,-0.674712377,0.588476997,-1.174940796
20050815,0.137835997,0.444105488,-0.034429334
20050816,-0.782872983,0.49334142,-0.691087754
20050817,0.323849462,0.388067589,0.092421448
20050818,0.414269868,0.759066501,0.55274208
20050819,0.247999225,0.568257868,1.97846135
20050822,-0.630348778,0.717846353,-0.293156146
20050823,-0.248615791,0.58039536,-0.20345887
20050824,-0.953902305,0.529387902,-0.840818498
20050825,0.182815407,0.584630616,-0.045651678
20050826,-0.137583145,0.5943459,-0.503548787
20050829,1.533386264,0.9884881,1.027289025
20050830,-0.917437628,0.80567068,-1.441177866
20050831,1.442497823,1.320193766,1.350289425
20050901,0.182440187,1.137702827,-0.227583166
20050902,-0.454856368,0.54203614,-0.045578852
20050906,-0.044953923,0.319923693,1.380893476
20050907,0.201635556,0.38199023,0.448632426
20050908,1.273323252,1.027772593,-0.944463958
20050909,-0.498076647,0.613128554,-0.452899325
20050912,0.816701454,0.649719485,0.452899325
20050913,0.252149131,0.410662416,-1.319100319
20050914,-0.275482268,0.576435447,-0.412939334
20050915,0.068783678,0.566284259,0.298404904
20050916,-0.873367997,0.885330544,-0.7130565
20050919,-0.069228109,0.581941765,0
20050920,-0.881471725,0.461153548,-0.927650437
20050921,-0.637170297,0.666998286,-1.597027836
20050922,0.189798396,0.849724388,-0.118441326
20050923,0.260016693,0.51251948,0.40212946
20050926,-0.494758931,0.799412544,-0.047225503
20050927,0.04727015,0.877969487,-0.047247816
20050928,0.725403906,0.897011573,1.337891098
20050929,0.371920466,1.173617055,0.488429858
20050930,-0.023156189,0.399241224,0.185442798
20051003,0.069404283,0.58711479,0.138856768
20051004,-0.740572697,0.54158029,-0.44037619
20051005,-0.6773353,1.065703203,-0.886613367
20051006,0.11716463,1.038047679,0.070282303
20051007,-0.989873744,0.661300401,-1.130487781
20051010,-0.356591368,0.770566236,-0.546254772
20051011,-0.43103515,0.888285235,-0.765004926
20051012,0.456457249,1.262642005,0.11991847
20051013,0.552686737,1.575797834,0.023966447
20051014,0.835426747,0.766433686,0.8114603
20051017,0.404425435,0.483933005,0.118778966
20051018,-0.548992905,0.466861088,-0.810493114
20051019,0.023937762,1.112484561,0
20051020,-1.834913867,2.035189868,0.810493114
20051021,-1.067245989,1.465264036,-0.428266179
20051024,0.520218719,1.448526364,1.090833676
20051025,0.542902313,0.926070669,0.18850147
20051026,-0.235682409,1.056163886,-0.235682409
20051027,-0.449651686,0.924356857,-0.520464861
20051028,1.009042939,0.58340587,1.576688739
20051031,0.351494211,0.729680414,-0.186959624
20051101,0,0.675748687,-0.304556871
20051102,-0.046981443,0.358541832,-0.140878164
20051103,-0.07039775,0.34487813,0.093940824
20051104,-0.871106156,0.557821288,-0.730360179
20051107,0.141576239,0.532778775,0.2833532
20051108,-0.638677511,0.453461081,-0.638677511
20051109,-0.047438331,0.537886629,0.023727607
20051110,0.423829219,0.488728219,0.968016059
20051111,0.704228263,0.373170003,0.445435035
20051114,-0.281294138,0.400679546,-0.351494211
20051115,-0.023548805,0.604289073,-0.3291797
20051116,-0.661940951,0.329396297,-0.709055204
20051117,-0.713778905,0.326949033,-0.666351823
20051118,-0.637772328,0.799799946,0.761183504
20051121,-0.33136125,0.381979931,-0.047404599
20051122,0.390602379,0.335310084,0.343175297
20051123,0.44658671,0.372185768,0.741485184
20051128,-0.349854584,0.467786987,0
20051129,0.581870605,0.42130314,0.675284904
20051130,-0.816712042,0.644332863,-0.956052519
20051201,0.350672481,0.310257856,0.397521861
20051202,0.49140148,0.232822288,-0.023339946
20051205,-0.093698765,0.518460872,-0.397614838
20051206,-0.234852151,0.434219502,-0.328638793
20051207,-0.496396244,0.874457229,-0.778948822
20051208,-0.452435585,0.699940495,-0.713439411
20051209,-0.767942339,0.626924881,-0.935146486
20051212,-0.580974764,0.496345112,-0.773885362
20051213,-0.608496462,0.614512221,-0.559952772
20051214,-0.048649964,0.590433556,0.341214077
20051215,0.389484426,0.467957315,0.145878946
20051216,-0.266505306,0.454575794,0.14566645
20051219,0.678790485,0.794954159,0.41157303
20051220,-0.435625084,0.606164333,-0.387315904
20051221,0.194174818,0.484915279,0.024251243
20051222,0.072736092,0.474939739,0.048484849
20051223,-0.072824375,0.214051501,-0.194080604
20051227,-0.292397869,0.997303926,-0.486855879
20051228,-0.562830312,0.592023987,-0.562830312
20051229,-0.196898907,0.491741386,-0.393410884
20051230,-0.173503576,0.510871227,-0.692215372
20060103,0.884309374,0.589403721,1.428595725
20060104,-0.391102918,0.422147045,-0.146842905
20060105,0.782782862,0.653264552,0.513009553
20060106,0.800489417,0.527090619,0.84921049
20060109,0.505964216,0.54788581,0.530121723
20060110,0.312387614,0.497309671,0.168087445
20060111,0,0.327639892,-0.047996161
20060112,0.096571712,0.561567008,-0.529483788
20060113,-0.120904379,0.509877062,-0.265796943
20060117,-0.09741842,0.543422864,-0.704142766
20060118,-0.220291363,0.68578535,-0.562005144
20060119,0.04884005,0.68181218,0.366883131
20060120,-1.754214224,1.035757684,-2.072101764
20060123,0.818152574,0.559866409,0.942701102
20060124,-0.852104973,0.908043865,0.982808894
20060125,0.097181737,0.362436606,0.682263855
20060126,0.435098583,0.490188252,0.677640541
20060127,1.102864211,0.849580519,1.151091847
20060130,-0.359066813,0.536067531,-0.573889667
20060131,-0.890392118,0.74697482,-0.794514833
20060201,0.701587491,1.097837151,0.265540289
20060202,-0.181675094,1.063708124,-0.568149005
20060203,-0.317421827,1.124149911,-0.864435894
20060206,0.293470497,0.594969912,0.146627592
20060207,-0.897737438,1.035996626,0.195169616
20060208,-0.145525129,0.830710004,0.41347499
20060209,-0.316648663,0.763305729,-0.511012184
20060210,0.682097651,0.816049478,0.486737393
20060213,-1.025399609,0.628984236,-1.073966876
20060214,0.874428695,0.678833704,1.461658178
20060215,-0.048332529,0.558908207,0.0483559
20060216,0.676004506,0.348916855,0.458218576
20060217,0.359583271,0.29776392,0.551891023
20060221,0.167364056,0.251888422,0.167364056
20060222,0.095079636,0.392245157,0.547946576
20060223,-0.332462904,0.396839887,-0.118863677
20060224,0.569666862,0.288736356,0.498280779
20060227,0.566039247,0.261816588,0.637019967
20060228,-1.301947613,0.379176842,-1.301947613
20060301,0.926482456,0.428780938,0.759557414
20060302,-0.381043567,0.357286476,-0.902618955
20060303,0.23992334,0.583254548,-0.430416733
20060306,0.43000544,0.475822982,0.525813831
20060307,-0.238663598,0.372200899,-0.238663598
20060308,1.215023881,0.808886707,0.903907201
20060309,0.709726187,0.546900794,0.448908019
20060310,0.421447592,0.476214358,0.891815345
20060313,-0.2115408,0.652588848,-0.703402666
20060314,0.703897791,0.325552641,0.633284631
20060315,0.117054912,0.381576823,-0.070167235
20060316,-0.046838408,0.398972238,-0.117054912
20060317,0.280701939,0.128105319,0.280701939
20060320,0.186654277,0.279534304,0.210010578
20060321,-0.11689072,0.403186035,-0.350263055
20060322,-0.093457951,0.299989129,0.070150827
20060323,-0.751353617,0.594329927,-0.821504444
20060324,0.635520557,0.453815579,0.446796746
20060327,-0.353066155,0.238088301,-0.493944318
20060328,-0.307728968,0.588257896,-0.543800844
20060329,0.142416354,0.530310086,-0.047427082
20060330,0.309192778,0.599328803,-0.118666206
20060331,-0.499822533,0.333652202,-0.476078024
20060403,-0.476191376,0.40167718,-0.023863501
20060404,0.59602036,0.477454365,0.404907067
20060405,-0.309782209,0.622306173,-0.404907067
20060406,-0.383325817,0.384016135,-0.57443911
20060407,-1.034284626,0.664177162,-0.722720563
20060410,0.265668554,0.535075406,0.241487681
20060411,-0.820864097,0.760321865,-0.507799423
20060412,-0.291262342,0.361512953,-0.267022856
20060413,0.1941277,0.472498675,0.267022856
20060417,-0.5584572,0.719779888,-0.437318481
20060418,0.655580835,0.67050934,0.606871628
20060419,0.504990853,0.831964563,0.891464764
20060420,0.167564372,0.735018297,0.287425348
20060421,-0.381588825,0.569627355,0.095625157
20060424,-0.504263285,0.612589074,-0.743497849
20060425,-0.45832911,0.762617053,-0.434258825
20060426,0.962702983,0.840921762,0.93852211
20060427,0.896759761,0.722124639,0.608920752
20060428,-0.095260784,0.297073151,-0.083358147
20060501,-0.285510544,0.363332695,0
20060502,0.308166654,0.179649222,0.664927646
20060503,-0.571022251,0.310077885,-0.807989187
20060504,0.285646469,0.304849426,0.381043567
20060505,1.023839482,0.641793676,1.49811118
20060508,1.194701909,0.734463327,1.533665474
20060509,0.874574044,0.272763466,0.632149683
20060510,-0.206303798,0.410492198,-0.137583145
20060511,-0.32206147,0.313566614,-0.413888841
20060512,-0.254482497,0.431470868,-0.531363154
20060515,1.698847102,0.735312163,1.745164842
20060516,-0.659168201,0.475795429,-0.182273917
20060517,-0.481045482,1.07771506,-0.686501552
20060518,-0.114797395,0.645558449,-0.045934773
20060519,-0.205973296,0.742096422,0.275292672
20060522,0.114744706,0.745376364,-0.114613193
20060523,-0.274788357,0.369782234,0.02293315
20060524,1.165061722,0.988398322,0.958473791
20060525,0.338868505,0.4221167,0.701598442
20060526,0,0.412468812,0.337724063
20060530,-1.183176487,0.603118993,-1.814520185
20060531,0.752311767,0.745490774,0.77519768
20060601,-0.182066505,0.442461934,-0.295689969
20060602,0.308096324,0.455288484,-0.034174404
20060605,-0.77946291,0.429200665,-0.996172433
20060606,-0.206635362,0.80870461,0.137994502
20060607,-0.597840364,0.705119933,-0.34534396
20060608,-0.230308715,1.037018788,0.023060072
20060609,-0.595376158,0.702749773,0.391209796
20060612,-0.920181326,0.468968297,-0.622050157
20060613,-0.697190832,1.050024818,-0.905403747
20060614,-0.046707147,0.680300176,-0.163379661
20060615,0.255784351,0.824970802,0.582277178
20060616,0.673246884,0.771223068,0.370885914
20060619,-0.673403218,0.796519523,-0.696543332
20060620,-0.186654277,0.569702112,-0.23326346
20060621,0.839948942,0.825947384,0.512463269
20060622,-0.349284323,0.634285285,-0.395763524
20060623,0.023394549,0.30277125,-0.280308523
20060626,0.233754197,0.41335826,0.186959624
20060627,-0.42253584,0.556464433,-0.749944926
20060628,0.023565453,0.278359629,-0.164802862
20060629,1.261109661,0.752705804,1.519963788
20060630,-0.208357524,0.461904624,0.13914659
20060705,-0.452410725,0.393173064,-0.845156984
20060706,0.369857102,0.489769135,0.77596081
20060707,-0.092571171,0.417713667,-0.346700914
20060710,0.805064728,0.34753571,1.059429531
20060711,0.251399972,0.629159168,0.365881954
20060712,-0.59496743,0.582746916,-0.54932617
20060713,-0.923794098,0.697059432,-1.084584302
20060714,-0.817284176,0.841822123,-1.049572317
20060717,0.28155814,0.605417235,0.07031525
20060718,0.576370472,2.072218523,1.903051166
20060719,-0.182440187,0.980537017,0.710116373
20060720,0.091261699,0.665493715,0.091261699
20060721,-0.997740703,0.653775617,0.068391659
20060724,0.068158585,0.403926082,0.341258436
20060725,0.885061944,0.496576118,0.521011486
20060726,0.74551345,0.41878029,0.383358232
20060727,-0.585323598,0.601334661,-0.315599901
20060728,0.089867452,0.401251883,0.54042014
20060731,-0.044933724,0.263140546,-0.067393016
20060801,-0.382754042,0.430672608,-0.382754042
20060802,0.045146728,0.258250301,-0.045126355
20060803,-0.453515517,0.244715911,-0.702075129
20060804,-0.772380032,0.52156776,-0.34149151
20060807,-0.594695257,0.456420974,-0.594695257
20060808,0,0.4495625,0.503433558
20060809,-0.456101133,0.328739593,-0.137048902
20060810,0.3421146,0.541363546,0.38781844
20060811,0.091449481,0.39005973,-0.364963909
20060814,0,0.301659881,0.524217725
20060815,0.180668522,0.197325057,0.747370708
20060816,-0.090151009,0.267063702,0.067666632
20060817,0.022642364,0.383239917,-0.406688315
20060818,0.158138517,0.560071886,0.293885144
20060821,-0.293553333,0.280065698,-0.180750162
20060822,0.293156146,0.299966802,0.428749387
20060823,-0.067697171,0.322706338,-0.247999225
20060824,0.472920598,0.232189885,0.472920598
20060825,0.134892107,0.195523634,0
20060828,0.470589104,0.437786662,0.493053442
20060829,0.957371222,0.253847562,0.890279639
20060830,-0.598870593,0.282643678,-0.399645292
20060831,-0.689427839,0.283860129,-0.311943212
20060901,0.222074264,0.251693905,0.600736037
20060905,-0.077790747,0.259234414,-0.233190933
20060906,0.26863683,0.335448401,-0.546236239
20060907,-0.314042429,0.471971238,-0.493053442
20060908,0.359470169,0.218760377,0.179573561
20060911,-0.089827089,0.625803897,-0.179573561
20060912,0.761652428,0.459106405,0.671744577
20060913,0.224315931,0.580352664,-0.402505016
20060914,0.381980017,0.378361925,-0.089666
20060915,-0.223964259,0.533218404,0.022424039
20060918,-0.157356445,0.668077198,-0.336889707
20060919,-0.337344298,0.428168377,-0.135074311
20060920,0.067499159,0.38566558,0.157568969
20060921,-0.631913635,0.421275545,-0.654408293
20060922,-0.249744709,0.184962088,-0.408349025
20060925,0.53062501,0.487114142,0.938974035
20060926,0.426344189,0.573020855,0.57261707
20060927,0.403226353,0.555053219,0.156617103
20060928,0.334187679,0.317437709,0.512878814
20060929,-0.178770997,0.213286336,-0.557601534
20061002,-0.872391172,0.25390436,-0.448330722
20061003,0.202042947,0.639251414,0.179573561
20061004,0.694525028,0.392439655,0.447528158
20061005,0.178731057,0.420305964,0.02232392
20061006,-0.111619612,0.247677178,-0.066986717
20061009,-0.269723697,0.270217682,-0.762335531
20061010,-0.903552567,0.333520942,-0.813563809
20061011,0.249744709,0.280310397,0.06805036
20061012,-0.385356932,0.392791193,-0.158856269
20061013,-0.181488253,0.282729586,0.022709209
20061016,0.248840757,0.400884927,0.498302277
20061017,-0.682596507,0.489562542,-1.044751724
20061018,0.204708362,0.880871189,0.478306344
20061019,0.401875959,0.917218109,1.957538039
20061020,3.285403721,1.300360872,4.018007731
20061023,1.106158907,1.262044764,1.170350629
20061024,0.021251727,0.483288972,-0.445246151
20061025,0,0.396590143,0.191062578
20061026,-0.063633473,0.423756992,-0.042426814
20061027,-0.127850007,0.30594707,-0.489206548
20061030,-0.405333888,0.684193044,-0.25619143
20061031,-0.235218755,0.482165227,-0.149748664
20061101,-0.128452169,0.58672585,-0.06424671
20061102,0.386266575,0.631189959,0.021420156
20061103,-0.643089033,0.452849289,-0.407769639
20061106,0.277985852,0.58472704,0.70717106
20061107,0.491611549,0.621555875,0.149365226
20061108,0.470387868,0.672843006,-0.042653018
20061109,-0.064260471,0.523388566,-0.448958531
20061110,-0.38659842,0.288894203,-0.429461686
20061113,-0.021549402,0.521855416,-0.150748386
20061114,0.430756643,0.480210758,0.279780662
20061115,0.40803235,0.453354269,0.279000074
20061116,0.702653801,0.240186804,1.002247434
20061117,0.222540229,0.302016422,0.222540229
20061120,-0.127442668,0.445281357,-0.392427719
20061121,0.276978978,0.254355215,-0.106326432
20061122,0.276213923,0.343748805,0.276213923
20061127,-0.620787609,0.343375714,-0.748746679
20061128,0.644886156,0.880549735,0.214500297
20061129,0.085800091,0.461965528,-0.064301792
20061130,0.750673766,0.974694081,0.342466088
20061201,-0.236076942,0.786031732,-0.557104505
20061204,0.256465197,0.401250345,0.663885081
20061205,2.126619779,0.854133717,2.425000222
20061206,0.725767831,0.48605175,0.829880281
20061207,0.308293328,0.799612523,0.679504313
20061208,0.215020817,0.396665517,0.31757441
20061211,-0.122900466,0.427903894,-0.194522713
20061212,0.286709187,0.568557671,0.225202265
20061213,-0.59189886,0.361049227,-0.102301799
20061214,0.183917493,0.343397514,0.265767304
20061215,-0.387716025,0.413540521,-0.143017697
20061218,0.143193233,0.386280629,0.020443627
20061219,0.133422301,0.278405919,-0.348111338
20061220,0.041034059,0.042912343,0
20061221,-0.123152725,0.132390024,-0.123152725
20061222,-0.700167605,0.453001937,-0.618048939
20061226,0.30937428,0.107370009,0.350696595
20061227,0.082101811,0.225820433,0.369990145
20061228,0.020595201,0.374161782,-0.369990145
20061229,-0.476043536,0.463020658,-0.744112569
20070103,-0.205592178,0.408355651,0.805872736
20070104,0.185395047,0.347116778,0
20070105,-0.475846558,0.34528816,-0.764387566
20070108,0.765177966,0.405221134,0.661432755
20070109,0.102954812,0.702906938,0.102954812
20070110,0.3910677,0.428641419,0.18505197
20070111,-0.102532563,0.398011126,0.123178008
20070112,-0.082372328,0.453490496,-0.41118479
20070116,0.103167243,0.387843411,-0.103060918
20070117,0.247117094,0.361740518,0.267737777
20070118,-0.515730901,0.317307732,-0.556874699
20070119,-0.300005398,0.438567852,-0.18631617
20070122,-0.072783991,0.331723737,-0.394477829
20070123,-0.020770589,0.359730006,0.145515045
20070124,-0.207727536,0.396789377,-0.103917707
20070125,-0.249974091,0.229381631,-0.301973468
20070126,-0.333890127,0.424266381,-0.219241096
20070129,-0.073317626,0.397819524,-0.251151241
20070130,-0.041832253,0.377980735,0.167504227
20070131,0.188107486,0.445891228,0.188107486
20070201,0.187363436,0.414346612,0.395957587
20070202,0.207598165,0.147800945,0.290758253
20070205,-0.499792794,0.272668657,-0.665836834
20070206,-0.031225605,0.268272626,0.271031126
20070207,-0.031235359,0.320135544,-0.031235359
20070208,-0.250313022,0.379540476,-0.28155814
20070209,0.104723017,0.416326344,-0.230005329
20070212,0.292336813,0.434255491,0.396950276
20070213,0.186935354,0.480803824,0.478420049
20070214,-1.400655777,1.115611705,-0.6975925
20070215,-0.281705022,0.30799168,0
20070216,-0.41692785,0.220184863,0.031339776
20070220,0.461894586,0.380080225,-0.271938249
20070221,0.084086614,0.320088388,-0.314696578
20070222,-0.484874988,0.353244195,-0.568961602
20070223,-0.864163877,0.706932792,-0.169204778
20070226,0.104766903,0.486645674,1.07380756
20070227,-2.381571204,5.217517584,-2.717212383
20070228,-0.08565311,1.985497964,0.450886432
20070301,0.086095571,1.406819016,-0.429369487
20070302,-1.235520214,1.079770156,-1.364691384
20070305,0.6723808,1.918938984,0.89024581
20070306,0.534018144,0.828733642,1.459253362
20070307,0.010693472,0.670417724,-0.384205382
20070308,0.489206548,0.67370456,0.788160433
20070309,0.685765203,0.645044734,0.8977195
20070312,0.565032371,0.463434542,0.764601787
20070313,-0.656990813,0.940221927,-1.874725785
20070314,-0.254831312,1.781269807,0
20070315,0.255264976,0.791469376,0.085015946
20070316,0.339703087,0.548104386,0.233421857
20070319,0.063378052,0.574133379,0.359674565
20070320,0.568602143,0.34997762,0.568602143
20070321,1.146442989,0.934129708,1.314298673
20070322,-0.010366454,0.684439099,-0.04145937
20070323,-0.145545301,0.45352913,-0.353100377
20070326,0.426395529,0.791242436,0.249376688
20070327,0.062480477,0.432917024,-0.311818151
20070328,0.209030176,0.983846069,-0.291910132
20070329,0.228999788,0.807755737,0.416754094
20070330,-0.540204929,1.192028351,-0.187324438
20070402,0.527160247,0.967070328,1.036278704
20070403,0.429580286,0.500832143,1.005239771
20070404,0.913990317,0.40906017,0.954806644
20070405,0.343955827,0.370420099,0.101040728
20070409,0.342915112,0.431031103,0.302511071
20070410,0.771430966,0.35981617,0.882122801
20070411,-0.762902716,0.598478781,-0.962702983
20070412,-0.201207311,0.556771442,0.060441223
20070413,0.431879344,0.526503921,0.482219138
20070416,0.438772144,0.550703505,0.718996507
20070417,1.38525286,1.96602226,2.670490522
20070418,0.387898081,0.52001153,0.096833551
20070419,0.795117153,0.490710861,0.212704325
20070420,0.153580372,0.583189513,0.692976787
20070423,-0.502028473,0.169826976,-0.905681111
20070424,0.290613398,0.217095349,0.058055154
20070425,-0.472403867,0.313457696,0.096683755
20070426,0.192196869,0.287530277,0.654982114
20070427,0.519881791,0.28080216,-0.019203073
20070430,0.364718707,0.264880702,0.230193848
20070501,0.801531009,0.341024734,0.801531009
20070502,0.24684338,0.213539461,0.22783378
20070503,0.397614838,0.2014506,0.35967857
20070504,0.470589104,0.177358325,0.621646534
20070507,0.776975591,0.214933244,0.692432822
20070508,-0.769306731,0.473161677,-0.993354621
20070509,0.009416639,0.734515397,0.018834165
20070510,-0.796363708,0.472385119,-1.079249328
20070511,0.513455535,0.531929485,0.361045523
20070514,-0.037993921,0.324422304,-0.170859083
20070515,0.295731196,0.443713563,-0.26636241
20070516,0.322734025,0.436465313,0.513065258
20070517,-1.029561049,0.628119337,-1.105404814
20070518,0.47632747,0.346927839,0.820693603
20070521,-1.396750919,1.301776227,-1.358742557
20070522,-0.793578151,0.384942791,-0.851398332
20070523,-0.680076458,0.402759784,-0.330900545
20070524,0,0.87851848,-0.078018338
20070525,0.579711768,0.667357837,1.260317215
20070529,0.307043035,0.40336603,0.557211548
20070530,1.463209003,1.101041514,1.558966934
20070531,0,0.421127135,-0.018866145
20070601,-0.642117409,0.930537052,-0.415958248
20070604,-0.208708927,0.691109883,-0.24660925
20070605,-0.286287055,0.514394606,-0.628753143
20070606,-0.517887414,0.672079432,-0.613498857
20070607,-1.335805363,1.337830535,-1.335805363
20070608,0.777306673,0.697896445,0.679812271
20070611,-0.019355463,0.595900109,0
20070612,-0.623783699,0.978076357,-1.01168178
20070613,0.321778835,0.537447516,0.429268952
20070614,-0.204429373,0.323044076,-0.097399443
20070615,-0.01938548,0.736875832,0.52483355
20070618,0.386997387,0.260328336,0.386997387
20070619,-0.446472643,0.444840998,-0.736580186
20070620,-0.174774294,0.695837639,0.097228982
20070621,1.34308024,1.028389719,1.245851258
20070622,-0.867642578,0.952481662,-0.877240889
20070625,0.193348861,1.205873824,0.251426494
20070626,0.096292737,0.926349326,0.347088663
20070627,1.227715402,0.680653935,0.95786173
20070628,0.648115117,0.723223321,0.342596452
20070629,-0.647991595,0.966615718,-0.628992829
20070702,-0.720245722,0.540803719,0.514924376
20070705,-0.45471848,0.368293727,-0.45471848
20070706,0,0.449577316,-0.114003432
20070709,-0.09484967,0.414871635,0.170956448
20070710,-0.784317746,0.865925206,-1.183671705
20070711,0.201680741,0.614590314,0.086384802
20070712,0.954205713,0.504006613,1.021342339
20070713,0.945901869,0.489803191,0.869899585
20070716,0.913418598,1.046193482,1.457969751
20070717,-2.236395852,1.838507209,-1.552158324
20070718,0.299906504,0.581944725,0.694903726
20070719,0.149170268,0.47168301,0.448180022
20070720,-0.917695363,0.790436975,-0.97360814
20070723,0.664081382,0.70009365,0.908373526
20070724,-0.018774054,1.447481978,-0.701625966
20070725,1.097583337,1.331746051,1.47239637
20070726,-0.769306731,3.239669138,-1.792095749
20070727,-1.509641772,2.080329767,-1.566165561
20070730,0.459155197,0.860980732,0.238880244
20070731,-1.164913393,1.276790111,-0.631883385
20070801,1.835955799,2.346266383,2.391459574
20070802,0.720605804,0.812146658,0.56106375
20070803,-0.76657382,1.589484124,-0.636110658
20070806,1.373698973,1.288312736,1.78576174
20070807,0.941053167,1.920395547,0.386420575
20070808,2.400151442,1.255303666,2.574471409
20070809,1.98026273,2.81615924,0.410824906
20070810,-1.122386873,4.506112566,-2.107616517
20070813,-0.922423089,0.993802553,-0.795069301
20070814,-1.304566044,2.556890022,-0.782945095
20070815,-0.666916144,1.305371595,-0.500603623
20070816,0.196069341,4.018014573,-0.363111986
20070817,0.404412316,3.658808693,1.674182377
20070820,0.146815956,1.132467073,0.036683786
20070821,-0.682470601,0.770693408,-0.921156108
20070822,-0.443869787,1.271053465,-0.148175615
20070823,-0.074115253,0.577821949,0
20070824,-0.018520233,0.295994137,0.074115253
20070827,-0.037057625,0.359026539,-0.055581289
20070828,-0.905490434,0.450844351,-1.193153603
20070829,0.149518764,1.217908797,0.421092654
20070830,0.168681513,0.942468899,-0.271167589
20070831,-0.055808763,0.889697816,0.634685722
20070904,1.286280632,0.478218074,1.183883602
20070905,-0.853437462,1.261801986,-1.314225302
20070906,1.512664888,0.782497491,1.754592986
20070907,0.716980735,0.973377895,-0.054940025
20070910,-0.694320348,1.07826455,-0.091633838
20070911,1.784386822,0.881956081,2.095599888
20070912,0.394902685,0.625594552,0.224185181
20070913,-0.044732723,0.58546047,0.098482483
20070914,1.248455666,0.370203849,0.970665264
20070917,-1.231310213,0.678724018,-2.023164522
20070918,1.770907562,2.526113502,1.987709815
20070919,0.247524879,1.205384805,0.406972162
20070920,-0.602518215,0.376265343,-0.655507706
20070921,0.274470047,0.337058471,0.51413995
20070924,0.317796878,0.751874483,0.317796878
20070925,0.686078863,0.625383517,0.544960477
20070926,0.288121734,0.415798423,0.542006747
20070927,0.069808031,0.492523669,-0.052324062
20070928,0.348432408,0.692899784,0.313534484
20071001,0.519391749,0.690165676,0.710513343
20071002,-0.172532824,0.980948355,0
20071003,-0.312175071,0.498355935,-0.588848255
20071004,0.346320692,0.587121496,0.485185495
20071005,0.120637671,0.628394601,0.362350496
20071008,-0.380031551,0.251119328,-0.483426356
20071009,0.484933406,0.452386298,0.172920673
20071010,-0.285060444,0.375952812,-0.138312608
20071011,-1.578660593,0.936100383,-1.060971775
20071012,1.112667946,0.717745251,1.130151992
20071015,-0.570590292,0.697916731,-0.294347022
20071016,0.190558741,1.029782892,0.190558741
20071017,0.783382753,2.571519162,2.004693195
20071018,0.591068174,1.657121682,0.743623504
20071019,-0.881660509,1.773593555,-1.134547772
20071022,1.145390709,1.031904436,0.932289149
20071023,0.806185085,0.638582299,0.856788106
20071024,1.035586339,1.117169654,0.666891435
20071025,1.695095306,1.61632394,1.811345423
20071026,0.325521121,0.733717612,0.423384446
20071029,0.551322947,0.671238428,0.486303439
20071030,0.178412179,0.903440948,-0.210441195
20071031,-0.355527201,1.099726984,0.097181737
20071101,-1.297818485,1.732446068,-1.484166524
20071102,-0.37931933,1.413903822,-0.560225555
20071105,-0.049705908,0.936207807,-0.297865519
20071106,1.185979969,0.775181676,1.20255135
20071107,-1.342302033,1.678259613,-1.867668535
20071108,2.295358065,2.729293897,2.528652621
20071109,-0.680469935,2.306283644,-1.136980061
20071112,-1.608791643,1.223355942,-1.608791643
20071113,2.017597793,1.173883564,2.101160929
20071114,0.621526371,1.207161283,0.408463929
20071115,1.381349664,1.597342817,1.021989591
20071116,0.905491182,1.446353359,1.155340194
20071119,-0.064236392,1.184093428,-0.688388214
20071120,0.734710221,1.978208769,0.943327804
20071121,-0.879653813,1.208148196,-0.943327804
20071126,-0.823049914,1.232491908,-0.951543346
20071127,1.713001144,1.726593264,2.068873406
20071128,0.444868862,0.805476149,0.12690357
20071129,-0.031852206,0.810434891,-0.476721068
20071130,-1.359477155,1.331410026,-1.089056247
20071203,0.128741569,0.976884218,0.128741569
20071204,1.121986445,0.729042325,0.896579813
20071205,0.254210496,0.743373751,0.445293357
20071206,0.373060718,0.977201972,0.142709927
20071207,-0.039555398,0.814769368,0.126682519
20071210,0.363895663,0.727396903,0.205517423
20071211,-0.412044957,1.472285293,-0.554281251
20071212,0.629328698,1.476912654,1.246761198
20071213,0.680567417,0.847320249,0.586420227
20071214,0.015672753,0.563486387,-0.508031887
20071217,-2.106674885,1.288139328,-2.122347637
20071218,-0.649014738,1.002097497,-0.433144176
20071219,1.071067709,0.976132705,1.103216881
20071220,-0.831073986,1.044530625,-0.9265242
20071221,0.707503249,0.486973109,1.291574998
20071226,-0.20630016,0.496491058,-0.412175599
20071227,-1.037767755,0.676172663,-1.021883393
20071228,-0.640719796,0.718164544,-0.128472798
20071231,-1.305512156,0.730755768,-1.571009718
20080102,-0.040881404,1.179541871,-0.196078494
20080103,0.985229644,0.981032416,0.927967587
20080104,0.210509348,1.607818471,0.178094437
20080107,2.041538209,1.118821755,2.429010441
20080108,0.188976434,1.080908016,0.346730056
20080109,2.402285224,1.739506465,2.700769461
20080110,1.11990125,1.203987031,0.382117393
20080111,-2.302159572,1.992685256,-2.760875973
20080114,0.59245574,1.140648409,0.882163494
20080115,-0.682007896,0.802645493,-1.196308102
20080116,-1.569965643,1.424223705,-1.585698809
20080117,-1.779988728,2.697609586,-0.770160245
20080118,-1.970908328,3.44307186,-2.107911211
20080122,1.361380673,9.521184955,-3.336848449
20080123,2.54571711,8.6861851,0.144465715
20080124,1.127673315,1.776870257,1.466771639
20080125,-2.81898994,4.373408511,-2.268208276
20080128,1.844584579,1.671804589,1.621771907
20080129,-1.576170245,1.812092044,-1.399454585
20080130,-1.342533073,3.186545122,-1.427981254
20080131,2.573040748,2.698391961,2.295407392
20080201,0.084423813,2.237286419,0.338123737
20080204,-1.474727973,0.90646333,-1.171391036
20080205,-1.648365262,1.556462272,-1.89628161
20080206,0.104022201,1.565273223,0.434141517
20080207,0.394410183,1.39304258,1.239898784
20080208,-0.016879062,1.903753657,1.376753283
20080211,0.362181908,1.261760921,0.387499432
20080212,0.116871205,1.043114497,0.770523075
20080213,-1.338260187,3.648867322,-0.921974513
20080214,-1.778954156,1.60350082,-1.49307151
20080215,0.153335067,0.805153428,0.409417153
20080219,-1.384755865,0.760357838,-1.112739377
20080220,0.369686188,1.504343623,0.300803802
20080221,-0.344530918,1.548110107,-0.542100024
20080222,0.602255972,1.231979798,0.584998227
20080225,0.752011748,1.052772769,0.752011748
20080226,1.627982368,0.7558773,1.21849536
20080227,1.097577103,1.125100689,0.929226895
20080228,-0.820843875,0.820107473,-0.929226895
20080229,-1.139565015,1.080848391,-1.679286345
20080303,0.94408526,1.21757151,1.029577272
20080304,1.263424615,1.478880596,0.464508246
20080305,0.790119266,1.196564813,0.638335781
20080306,-0.742118434,1.177210333,-1.094379135
20080307,0.076501343,1.45043233,-0.381631299
20080310,-0.306070635,1.136664587,-0.212648402
20080311,0.395973389,0.982736296,1.260751987
20080312,0.270407466,0.853195355,-0.362212416
20080313,0.544589501,1.777775691,-0.558518842
20080314,-2.10534092,2.951141471,-2.309214589
20080317,1.396914631,3.246045408,0.164866192
20080318,1.732968955,1.718353923,2.905194066
20080319,0.510397293,1.500703662,0.905438781
20080320,1.369319424,1.406063331,1.852211046
20080324,-0.016354567,0.939427766,0.180076991
20080325,0.114052966,0.861545893,0.440637188
20080326,-0.31012838,0.812418195,-0.391581509
20080327,-0.260883892,0.524304898,0.130697617
20080328,-1.012418837,0.354336917,-0.523818516
20080331,-0.098473666,0.4030151,-0.049248954
20080401,0.113941577,0.521327876,0.93160762
20080402,-1.192203227,1.160202957,-1.673267386
20080403,0.016513913,0.495740119,0.181803207
20080404,-0.562542847,0.55612805,-0.480014163
20080407,-0.157382513,0.278180782,0.074636152
20080408,0.721007557,0.71112481,0.388864098
20080409,0.255238704,0.523977908,0.420255243
20080410,0.630452,0.907672714,0.745507897
20080411,-1.889483634,0.643702389,-1.59608489
20080414,1.386389593,0.643643691,1.187153266
20080415,-0.090138081,0.882083342,-0.032786886
20080416,-0.903878146,1.939467078,0.221103149
20080417,-0.853583646,0.400824115,-0.763644553
20080418,-1.386618453,1.023712717,-0.827682262
20080421,0.999508571,0.329075606,0.282181281
20080422,-0.632123871,0.391983442,-0.673571213
20080423,0.648435226,0.5717945,0.690145341
20080424,-0.314856503,1.015574807,-0.149266136
20080425,-1.843793108,0.97845154,-1.454510304
20080428,-0.70163862,0.678217498,-0.743749203
20080429,-0.12761072,0.531368513,-0.348417603
20080430,-0.203942967,1.117680142,0.076585971
20080501,0.466596817,0.878852431,0.500616208
20080502,-1.100307334,0.70750958,-0.551667005
20080505,-0.70061804,0.67011304,-0.743180288
20080506,-0.102968947,0.484090246,-0.128694625
20080507,-2.116297543,0.666493616,-2.081962778
20080508,-1.612724973,0.930188958,-1.341354386
20080509,0.312263268,0.738501716,-0.266880329
20080512,0.177430849,0.434291803,0.49760188
20080513,-0.159137157,0.858272376,0.177116589
20080514,-0.353482164,0.664485034,-0.053102046
20080515,1.10264426,0.767352913,0.90769515
20080516,-0.148829093,1.025131755,0.131503986
20080519,0.522877008,0.633805222,0.794105137
20080520,-0.802516519,0.559703564,-0.759066595
20080521,-0.887176973,0.988913866,-0.738399979
20080522,2.835712317,0.868684879,2.835712317
20080523,0.838686987,1.335210943,0.632642958
20080527,0,0.778346906,-0.221824167
20080528,-2.031575424,0.882392475,-1.801229376
20080529,0.711129525,0.798428461,0.632831205
20080530,-1.233189749,0.771659615,-1.112281193
20080602,-0.122774724,0.819538494,-0.420315855
20080603,-0.952724214,0.911656719,-1.005388132
20080604,0.45993359,1.196373739,0.442204665
20080605,1.002735115,0.846194977,0.826087833
20080606,-1.989408417,1.00485062,-2.463135068
20080609,0,1.151907058,0.268745123
20080610,3.153177676,2.185288869,3.688510861
20080611,-0.819605251,1.403931517,-1.529134921
20080612,-0.6280551,1.226987447,0.052516413
20080613,-1.833272895,4.84961068,-3.092480305
20080616,-1.536521906,1.011023816,-2.097660133
20080617,-0.618511088,0.945158346,-0.471154274
20080618,-1.215308966,0.812458559,-1.558521584
20080619,0.300356899,1.299039594,0.35677439
20080620,0.841834548,1.886530946,0.616651492
20080623,-0.552048186,1.240796337,-0.729179635
20080624,0.742589303,1.519866511,0.18747662
20080625,0.872557286,0.89698925,1.321072334
20080626,-1.401237313,1.485412908,-1.771608106
20080627,-2.435895892,1.714588818,-2.360665495
20080630,-0.07713074,1.068282864,-0.13493978
20080701,-1.082462176,1.618228871,-1.643446334
20080702,0.233872646,1.125731017,0.732675578
20080707,-0.564148953,1.280694826,-0.428266179
20080708,0.330964967,0.958536045,0.369974134
20080709,-1.15246905,1.16018334,-1.074753872
20080710,-1.053373548,1.500478157,-1.68404178
20080711,1.200734859,2.514323001,0.438597194
20080714,0.472488329,1.128350718,1.274909792
20080715,1.990698057,2.34750858,1.626685652
20080716,1.683784428,2.061206605,1.257757448
20080717,-0.987564811,4.606825901,-3.94077357
20080718,-0.697700428,1.246195519,-0.77712855
20080721,-0.301720032,0.675351524,-0.702602509
20080722,1.392042869,2.69098981,3.406269905
20080723,2.271512488,1.877831199,2.271512488
20080724,-1.226538949,1.906891522,-1.302700415
20080725,-0.230370614,1.659164209,0.327269519
20080728,-1.01148499,0.791787687,-1.70579829
20080729,0.709947062,1.253900761,0.866227617
20080730,-0.738440977,1.549128265,-0.631898277
20080801,2.302889855,1.41425174,3.601231899
20080804,1.411304326,1.017039064,1.354844364
20080805,1.090503361,1.465997732,1.811793709
20080806,1.053023528,0.751931392,0.925344533
20080807,-1.470074251,1.537307922,-2.468358247
20080808,2.396967744,2.583845193,2.359937564
20080811,0.090375063,1.669833145,0.072293515
20080812,-0.391675138,1.675764659,-1.02602253
20080813,0.727143724,1.046274436,0.772766244
20080814,0.300232223,1.08681808,-0.308390267
20080815,0.109150457,1.695244664,-0.072700839
20080818,-1.497197951,1.194773091,-1.170459595
20080819,0.350263055,1.076787881,-0.036798528
20080820,0.018397572,1.408487452,0.036798528
20080821,-0.83760378,1.407822623,-1.594693538
20080822,1.389812049,1.346570907,1.55789501
20080825,-1.186297508,1.887687127,-1.3151991
20080826,0.093484161,1.281677149,-0.224006067
20080827,0.671018361,1.068815689,0.596238025
20080828,0.103670901,1.556681251,-1.403072311
20080829,-1.353819896,0.913834666,-1.882721771
