20020102,-0.037785755,2.429079853,-0.037785755
20020103,0.975617495,2.079942387,1.202118158
20020104,0,1.191769725,0.744051052
20020107,0.92166551,1.939180735,0.995767033
20020108,0.073099418,1.857035063,0.439400194
20020109,-1.256948157,1.885635177,-1.80650074
20020110,-0.186185122,2.855574053,-0.186185122
20020111,-1.953480602,1.512610268,-1.76729548
20020114,-1.711393737,2.424169969,-1.106248169
20020115,-1.327033692,2.439986175,0.497418282
20020116,-1.028776458,1.767415826,-0.344102806
20020117,0.341232559,1.423967339,1.180291638
20020118,0,2.51329039,0.113485921
20020122,0.937917211,1.715005066,1.239918196
20020123,0.917605998,1.882867146,2.179218279
20020124,-3.674564455,5.500494554,-3.419136475
20020125,-2.275893796,3.707165425,-3.149261793
20020128,3.314368881,3.858065863,2.884260691
20020129,0.038044513,7.200318487,-0.341750855
20020130,2.933644001,4.675687827,2.590721204
20020131,0.443459707,2.457090574,0.517561229
20020201,-0.896866998,1.691258836,-1.78576174
20020204,-0.486801186,2.041859437,0
20020205,1.818569324,3.412310972,2.043541297
20020206,-0.441015048,3.669389072,-0.147221226
20020207,-0.773626993,2.178416922,-0.405979521
20020208,-1.116914068,2.707174912,-1.227922405
20020211,2.04963389,1.479587483,1.486463639
20020212,-0.260562217,1.583764286,-1.038199907
20020213,0.297508587,1.093302822,0.372024239
20020214,-0.111586398,0.931115857,-0.22304842
20020215,-0.633267156,2.559818528,-0.410218737
20020219,-1.06303203,3.333187723,-2.114882449
20020220,2.742986174,3.506538165,2.933644001
20020221,-1.606610309,2.655703845,-1.606610309
20020222,1.609617383,4.421773262,1.421115914
20020225,-0.185701075,1.153810523,-0.111462022
20020226,-0.936862764,1.573978128,-1.2719962
20020227,-0.378215277,2.593292054,-0.642117409
20020228,-1.251675738,1.596021344,-0.722573975
20020301,-0.647251451,1.302648983,-0.076365029
20020304,2.255734742,2.445132874,2.713052613
20020305,2.123066565,2.715810396,2.605173933
20020306,0.965154945,2.664743897,1.794735898
20020307,-1.077209698,2.444778362,-1.469297173
20020308,0.394902685,2.717640229,0.755263435
20020311,0.251211329,0.873581502,-0.035835872
20020312,2.142939146,2.245799952,1.423511582
20020313,-1.175855344,14.99034522,-1.423511582
20020314,-0.604231446,2.91192128,0.536194314
20020315,0.909733356,1.478620498,2.325686216
20020318,-0.874896219,1.78042464,-0.909733356
20020319,1.64598358,2.550548239,1.187994405
20020320,0.875815723,2.351164573,-0.417682473
20020321,-0.034825005,2.326854379,0.139421424
20020322,-0.932909529,5.787794596,-3.437007925
20020325,0.441015048,3.106606683,-1.708821803
20020326,1.20858457,4.090108253,0.730730325
20020327,2.058949382,2.633557679,1.803800711
20020328,-0.646089828,2.982394074,-0.71762059
20020401,-0.509462528,1.828433523,-1.3048391
20020402,2.125400636,3.001177381,0.618296205
20020403,-0.182315456,2.145053748,-0.654785897
20020404,0.324383056,1.170561543,1.413323036
20020405,2.826158403,2.950587137,1.995078642
20020408,1.524041549,2.320172567,0.281789549
20020409,-1.622610556,2.548919427,-1.096385872
20020410,-0.713015498,2.71904992,-0.606386734
20020411,-1.219527309,2.779074267,-0.862384073
20020412,-1.464573419,1.147213368,0.288288488
20020415,-0.437318481,1.870553902,-1.486342389
20020416,-0.290486769,0.571683487,0.437318481
20020417,-0.549955557,1.288762591,-1.096903137
20020418,0.877968765,5.081593059,5.018974452
20020419,-0.803778572,2.478783793,-0.350263055
20020422,0.070150827,1.504828682,0.070150827
20020423,-0.418264813,1.594387286,0.384952356
20020424,-0.873367997,1.042342379,-0.455103184
20020425,1.064594867,1.901647244,-0.598277343
20020426,-0.952892335,1.470949118,-0.45993359
20020429,0.711493574,2.304904576,0.035454707
20020430,0.851370875,2.478825029,0.353857411
20020501,0.246175612,1.801488017,0.563580217
20020502,0.035093876,1.181618818,0.105318598
20020503,2.036308497,1.971611632,2.665901343
20020506,-0.786732295,1.437201388,-0.513787738
20020507,-0.443913995,2.589402773,0.342818299
20020508,-1.097404703,3.1211279,-0.755757634
20020509,1.863407954,2.941410283,0.858374369
20020510,1.249383127,1.617861341,1.862881983
20020513,1.49034055,1.078290722,2.059189332
20020514,-1.786943644,2.215987797,-1.557096227
20020515,-0.03333889,1.417155707,0.13346682
20020516,-0.2998503,1.873469381,-0.066711143
20020517,0.16680571,1.229926188,0.100050033
20020520,0.868699081,2.028274385,0.199800266
20020521,-0.264026556,2.35859715,0.663132404
20020522,1.315808458,1.590666707,1.11733006
20020523,-0.558018845,1.739873862,-0.721551179
20020524,-0.461590005,1.596834787,-0.395778881
20020528,0.033161997,1.796591699,-0.331016522
20020529,-1.224978072,2.410685576,-0.465271693
20020530,-0.334560366,1.901309779,-0.601405087
20020531,0.13346682,1.910465997,0.501421743
20020603,-1.680711832,1.14226829,-1.647372942
20020604,-0.510291973,2.904421527,-0.612038633
20020605,2.327647674,1.486282042,2.259411574
20020606,-0.033350009,2.123631572,-0.033350009
20020607,0.536014684,1.585052029,-0.166917081
20020610,0.496114793,1.446756532,1.261636921
20020611,-1.600034135,1.529849428,-1.83124811
20020612,0.235017734,3.842031996,0.201409937
20020613,0.33613477,1.316583147,-0.067091583
20020614,-1.943132554,4.290236849,-2.548991021
20020617,0.134228208,2.78992211,2.616082604
20020618,-0.234860031,0.927970068,-0.167813431
20020619,0.233918235,1.769611968,0.636198362
20020620,-1.446132483,1.944745186,-1.479515892
20020621,-0.206398422,4.68218912,-1.639380978
20020624,0.823332267,2.894496627,0.788891075
20020625,0.068870526,4.283394258,-0.754461741
20020626,0.695654979,6.921085678,-0.690849034
20020627,-0.069637886,4.753878707,-0.486449882
20020628,-1.43534759,3.140176838,-1.226579247
20020701,-1.415451799,2.087292257,-1.063462699
20020702,-1.361540202,3.275867994,-1.219090035
20020703,-1.303421784,4.139292059,-1.015237146
20020708,0.395612816,3.094691686,0.071813289
20020709,-0.717878173,1.965270592,-0.359583271
20020710,0.178412179,2.474672623,1.039249633
20020711,-1.805103165,2.201428117,-2.162246401
20020712,-1.176916858,3.487343317,-1.541880767
20020715,-1.680711832,5.285070093,-1.79176126
20020716,-0.344366133,7.695228517,-1.747764854
20020717,-2.194505775,4.176201027,-1.545028803
20020718,-1.891309331,6.04322716,-2.164160796
20020719,-3.128429004,6.491058394,-3.686866833
20020722,-0.640343704,27.39412531,-3.699455071
20020723,1.735493294,21.05133117,2.0348307
20020724,4.00564842,37.64943325,0.460540902
20020725,-7.969011079,29.37103526,-9.272371972
20020726,6.009262202,13.05926124,7.374781827
20020729,1.381013013,7.689545179,5.386554738
20020730,-0.285306898,5.58155885,-1.17672285
20020731,-0.323886923,7.363349987,0.650938019
20020801,-1.265581293,7.042732047,-1.306141018
20020802,-1.504416171,7.072806388,-2.453855708
20020805,0.676249407,5.533840094,-0.04211413
20020806,-3.283177001,5.215687221,-2.8628317
20020807,-0.299209456,11.59422618,1.249208577
20020808,-4.348511194,29.97768365,-3.750984875
20020809,3.259944844,3.814134127,1.148930005
20020812,1.315808458,6.414545977,0.831332725
20020813,-1.185003992,5.012538011,-1.315808458
20020814,2.765153133,7.71500844,1.96727656
20020815,4.109877282,8.035295014,4.19641991
20020816,-2.242618903,5.939121756,-1.169115613
20020819,3.808407262,5.489338022,3.345346026
20020820,-1.020625312,4.045374347,-1.020625312
20020821,0.040807999,3.811405597,0.57283299
20020822,-1.018131377,5.014785175,-0.326931227
20020823,0,7.478182732,-1.152750517
20020826,-1.572880108,4.744739958,-0.748133165
20020827,-0.668898815,5.003322079,-0.543820625
20020828,0.3395589,4.579685493,-1.011813017
20020829,1.096594709,7.179547781,1.011813017
20020830,-0.378390193,3.881207328,-0.420345302
20020903,-2.62211455,4.412447691,-3.340781773
20020904,-3.672166635,6.149194307,-3.411183451
20020905,0.228571528,13.26653959,-1.315510012
20020906,-2.818389365,10.51473278,-2.590339095
20020909,2.451796552,3.311043873,0.607336602
20020910,-1.164699865,5.21613382,-0.607336602
20020912,-1.851002677,8.91755223,-4.705620868
20020913,1.970507108,3.891660431,0.783549552
20020916,1.822906285,4.186253068,5.180535838
20020917,-11.32532165,13.09901545,-13.14822793
20020918,-2.31145573,7.30361438,-4.07009418
20020919,0.336323187,5.828244359,-1.692369425
20020920,-0.333890127,3.943186092,0.390952746
20020923,1.556451654,5.497445442,1.053516814
20020924,-0.50237337,7.208402857,-1.44446956
20020925,0.388134671,5.741314477,1.112977543
20020926,1.971586316,7.200145346,2.026911352
20020927,0.164068946,5.335901087,-0.762115828
20020930,-1.123607327,9.412663308,-3.333642027
20021001,2.326974801,8.441825765,3.114823559
20021002,0.883007945,7.875176724,-0.329128108
20021003,-2.173392877,9.975943516,-2.503607816
20021004,-2.882369645,7.774691795,-1.761909744
20021007,0.92326103,9.085933755,-0.17216647
20021008,0.228310601,14.41179148,0.743923316
20021009,-4.539535669,11.30794946,-5.628683724
20021010,5.691862622,16.88457672,3.49665252
20021011,2.997114351,8.75225427,4.442644002
20021014,0.503779403,3.994167921,-0.223089886
20021015,-0.662985854,8.474183667,0.723229856
20021016,0,4.589568001,-2.753756472
20021017,0.340715832,6.314255728,0.511510067
20021018,-0.458979578,2.685246818,-1.427372221
20021021,4.12085031,6.919509236,5.264373349
20021022,-0.421941554,19.98050138,3.168050177
20021023,3.010525745,8.953736001,1.573183992
20021024,-2.947581813,5.400643941,-2.635893249
20021025,0.541126862,4.02297411,-1.020143075
20021028,-2.529055966,2.850016649,-0.97614658
20021029,1.745816299,9.351016739,0.76004709
20021030,-0.875279111,5.659900098,-1.580845132
20021031,0,4.884725038,-0.550965581
20021101,0.828963023,4.975767839,0.385994414
20021104,0.652885888,3.743210381,1.475033572
20021105,2.192015059,2.515224771,2.516866454
20021106,1.030256108,7.916436484,0.606302108
20021107,1.514784775,4.267075183,1.383292317
20021108,4.115330058,24.40002008,-9.111990441
20021111,-1.509900927,3.128082516,-2.997342538
20021112,0.352319801,9.311298814,-0.175695506
20021113,3.015303817,5.07988193,0.642713285
20021114,1.159433278,3.898609974,1.042883148
20021115,0.518882686,3.015845202,0.230282197
20021118,1.584639837,1.872605517,2.386476894
20021119,0.899893587,2.202418379,0.280347815
20021120,1.507145469,3.356461293,1.058210933
20021121,3.430774802,4.150965625,3.430774802
20021122,0.859758117,4.010396106,0.053518867
20021125,-1.142869582,5.076485436,-2.272825108
20021126,1.326719294,3.847985134,-0.328947665
20021127,1.959779652,3.583653704,1.849889531
20021202,0.268024819,2.66204893,0.968270072
20021203,-2.600363203,5.406239611,-2.493354097
20021204,2.141174306,9.066779175,1.037410341
20021205,2.982058864,33.53000956,1.66984758
20021206,-1.872301389,5.52021356,-3.977642309
20021209,-2.553330201,4.849189267,-3.334584174
20021210,-0.402878243,3.225220852,-0.345423487
20021211,0.583092031,2.698375207,-0.810658753
20021212,1.213536996,4.374506132,1.213536996
20021213,1.101141233,5.453010328,-0.345224739
20021216,-0.745630068,2.378069222,0.115207386
20021217,-3.379737958,15.46796897,-8.215585801
20021218,1.201405535,3.78227799,-0.564087989
20021219,-0.446002651,3.100693068,-1.583815179
20021220,0.643089033,4.345986715,-0.383877631
20021223,2.147820931,3.048548629,-0.449727709
20021226,0.193361324,1.265906292,0.3224769
20021227,0.06453695,1.108401532,-0.193361324
20021230,0.319387049,3.007276997,1.1545991
20021231,2.39155514,2.477086082,2.519024883
20030102,2.262401601,4.217169903,2.820542584
20030103,-2.454110892,4.018229879,-2.696241761
20030106,2.311538443,1.906210294,3.238902121
20030107,0.060042031,2.610460275,0.180234353
20030108,1.501078921,2.23893064,0.71770643
20030109,0.475342547,2.570099317,0.534919552
20030110,3.060862848,3.231787988,2.227524692
20030113,0,3.686880932,0.578036292
20030114,-0.996199273,2.363727968,-2.155632551
20030115,-0.479617226,3.02626452,-2.022674549
20030116,-5.091562711,16.77465847,-4.611945484
20030117,-2.556049698,5.974732677,-2.80809772
20030121,-1.678541669,3.007612098,-0.584227562
20030122,0.130378115,4.293258862,-0.065125369
20030123,-1.192857087,7.819257566,-2.306527293
20030124,-2.124913948,4.692695217,-0.668898815
20030127,0.544960477,4.712075841,-1.215409965
20030128,-0.13614706,2.912536897,-0.272109011
20030129,0,4.553054703,-1.579160863
20030130,0.20739724,3.644317926,0.20739724
20030131,-0.421941554,7.598012829,-2.023089579
20030203,3.148213827,4.407640828,2.298951822
20030204,0.070003503,2.714409116,-1.596701745
20030205,-1.692565088,4.924458162,-1.622610556
20030206,-1.88002645,3.949516461,-2.593805355
20030207,-1.535679174,3.23995178,-0.953435899
20030210,0.584796988,2.788933954,1.099314845
20030211,0.720983657,2.178279906,1.447203261
20030212,-0.217470184,6.096856797,-1.010838932
20030213,-0.587804778,5.784304833,-1.535679174
20030214,2.227263561,6.506276001,0.367782687
20030218,1.346318017,4.740515963,-1.18169765
20030219,0.148148175,2.17962714,0.370782776
20030220,-1.776508601,2.930765783,-0.892199227
20030221,2.531780798,3.949309599,1.556163304
20030224,-2.230575751,2.51234708,-2.230575751
20030225,-0.982251947,3.826599453,-0.982251947
20030226,-1.934296284,2.596577251,-2.849634483
20030227,2.909853082,2.64516734,3.455238151
20030228,2.075686086,4.147871567,2.827569328
20030303,-3.193735976,2.683072272,-2.827569328
20030304,-0.616809974,1.19652097,-2.444735965
20030305,-1.554032828,2.488383811,-1.245152274
20030306,0.795549144,3.895149339,-1.181581293
20030307,2.926266527,6.68294677,1.650332151
20030310,-1.98026273,2.833187134,-2.605753432
20030311,0.160901081,3.087412914,-0.4811557
20030312,-0.725517088,7.612740185,-0.645163528
20030313,1.574835697,2.705101157,3.49797189
20030314,5.027715329,3.948750964,5.027715329
20030317,3.188998449,4.685149533,1.767350862
20030318,2.906975343,6.382390406,4.356276073
20030319,2.362861839,9.564386845,1.73194492
20030320,-0.346620798,7.219285045,-1.104983619
20030321,1.924458017,4.901226913,1.99387836
20030324,-2.045926742,2.413697866,-4.596909607
20030325,1.133959706,4.76640992,1.133959706
20030326,0.21030502,4.266928556,0.632246574
20030327,2.512344281,4.274480865,1.597810998
20030328,3.290221394,5.083342516,2.181408925
20030331,-1.036278704,4.141819819,-2.942394957
20030401,-3.768764233,3.576850837,-2.38943202
20030402,1.478379618,4.167611947,1.762470719
20030403,-2.526450166,4.697258086,-1.691372244
20030404,2.718884802,2.777747634,3.285860098
20030407,5.864872708,18.43952893,8.310646793
20030408,0.063191155,6.91698686,0.189693386
20030409,-2.237229775,4.441979614,-2.300420931
20030410,0.5734326,2.594166542,1.73025784
20030411,-0.126742729,3.923923672,0.190415799
20030414,0.318167624,3.049355724,-0.190415799
20030415,0.569802111,2.224842483,0.63331434
20030416,-0.636134461,2.902245655,-1.079033002
20030417,2.213179173,3.055085411,2.021547048
20030421,-0.625002035,2.51397102,-0.250469762
20030422,1.378467943,1.342883413,0.749535052
20030423,-0.94015108,1.287436882,-1.189372393
20030424,0.568004052,1.819603473,0.062952473
20030425,-0.693352919,1.14870295,-0.504732933
20030428,4.348511194,6.049950839,6.785370296
20030429,0.232018666,2.606519736,1.989533148
20030430,-0.468659323,3.3305167,-1.341519098
20030501,0.526470944,2.246835847,0.64384185
20030502,2.069039326,3.352865839,2.534697909
20030505,-1.309440856,2.220880285,-0.742224361
20030506,1.692087749,3.535986321,2.43431211
20030507,-1.369884436,2.434680788,-2.721256352
20030508,0.875918009,4.271361396,-1.15608224
20030509,0.342270728,2.182252246,2.071420439
20030512,3.847700728,2.123662869,4.018397782
20030513,0.163889684,2.690141922,0.218579322
20030514,0.757989552,2.391211748,1.193720089
20030515,0.646553976,2.432334738,0.430571171
20030516,-0.75147965,1.545085639,-0.322754449
20030519,-1.641174691,1.752546346,-2.344070259
20030520,-6.545721665,32.78744245,-6.435468071
20030521,-0.403807875,6.992241666,1.749315745
20030522,0.228702215,5.554153492,1.206564479
20030523,1.587334916,1.898810138,1.530208379
20030527,-0.112359562,2.869216996,0.056227159
20030528,2.044834995,3.306934328,2.717106435
20030529,0.273000443,1.909595576,0.32769008
20030530,2.050800422,2.681710907,2.050800422
20030602,-0.158688211,3.916737612,0.904021046
20030603,1.366285048,3.468602113,1.419209103
20030604,-0.681880429,2.010659964,-0.838579338
20030605,1.515576436,1.630483782,1.462931002
20030606,5.414636337,24.61969471,8.830721752
20030609,1.303421784,4.162404694,-1.002155846
20030610,3.99959213,5.53465226,3.903622833
20030611,-0.231213976,4.468247552,-0.369686188
20030612,-0.231213976,4.124344646,0
20030613,-0.419483253,2.359303645,-0.883521209
20030616,3.554197327,2.391372283,3.600893568
20030617,-0.224971973,1.761654491,0.022525059
20030618,-0.677968699,1.448853203,-0.677968699
20030619,-0.787588041,2.699333406,-2.525966676
20030620,0.409556886,1.181175436,2.389819616
20030623,2.307272675,1.888042077,1.532251699
20030624,0.044434571,2.595466221,0.668600663
20030625,-1.339305734,2.220695058,-1.161764631
20030626,1.075279178,1.532897643,0.850307204
20030627,-0.134318355,2.637233637,-0.536194314
20030630,-1.169078063,3.241134889,-0.945314264
20030701,0.685716973,3.031334065,-0.726285535
20030702,4.089538632,2.727538146,3.40382166
20030707,1.275022769,2.302920568,1.186566328
20030708,0.263158047,0.880218488,-0.262467342
20030709,0.351031514,1.595441096,0
20030710,-1.737624472,2.969866484,-2.573345193
20030711,1.29437201,2.863937656,1.339305734
20030714,-3.974624527,5.939700748,-2.696792643
20030715,-5.271678217,7.81809363,-4.139163282
20030716,0.094741836,2.606941673,0.284495213
20030717,-2.458547547,2.107704559,-3.028349659
20030718,2.223891036,2.791501919,4.205110708
20030721,-2.269600965,2.535451162,-2.176055589
20030722,1.336535409,3.129335116,0.857148105
20030723,0.047114253,1.786215216,0.661628122
20030724,-1.130487781,2.198764832,-0.566841385
20030725,1.646708581,3.348257788,1.504494763
20030728,-0.14107691,3.720880415,-0.843491412
20030729,2.796423337,7.547559866,4.012528128
20030730,1.982940142,2.591451016,1.302511116
20030731,1.051718721,2.965443617,2.337482389
20030801,-0.304679235,3.175481712,0
20030804,-0.88183993,2.512723939,-1.581755298
20030805,-2.602210536,2.747097172,-2.602210536
20030806,0.505631967,2.704215609,-0.867387314
20030807,0.317676691,2.747530975,1.185064006
20030808,3.84170161,5.11453839,7.882206826
20030811,0.252844635,4.137390562,-0.503779403
20030812,1.139493233,1.522672084,0.294179662
20030813,-2.639574277,2.296177136,-2.76554532
20030814,0.130918631,3.525831884,-1.084374104
20030815,-0.304811906,1.403126837,0
20030818,-1.136872761,0.963354598,-0.832060855
20030819,0.657464564,1.332730196,0.657464564
20030820,0.829880281,1.179201867,0.435920481
20030821,-2.153456101,1.983512431,-2.109968386
20030822,-2.650054023,3.334064159,-2.428176852
20030825,1.08893998,0.821975789,0.861097548
20030826,1.126391724,1.268280979,0.719427563
20030827,0.800359986,2.192196055,1.158142121
20030828,-0.933547567,1.295499366,-0.845012811
20030829,1.166455576,0.900126882,0.133898703
20030902,0.178015178,2.145694961,0.311734833
20030903,0.840898958,1.732846617,0.885353282
20030904,2.3347364,1.440820595,3.081172357
20030905,-0.385852569,1.60223408,-0.51413995
20030908,0.385356932,1.173489801,0.51413995
20030909,-1.179457649,2.964147701,0.851068967
20030910,-1.284814248,1.424986818,-1.709443336
20030911,1.103108343,1.698286022,2.132276947
20030912,-0.255210687,1.133702158,-0.932605318
20030915,0.212992626,1.299226401,0.085142619
20030916,0.421941554,0.364981292,1.058210933
20030917,0.126502231,0.863805394,-0.084246003
20030918,1.009260039,0.984777302,0.713838849
20030919,-0.167224119,1.164425921,0
20030922,-0.674538814,1.530249562,-1.09382664
20030923,0.209248873,0.791843917,1.177473654
20030924,-0.208811936,1.775482675,0
20030925,-2.411794497,1.433480519,-2.411794497
20030926,2.315712398,2.81669364,1.02259093
20030929,1.016096803,2.702231012,0.633849576
20030930,-0.761424999,2.843831844,-0.803556872
20031001,1.877010268,1.323402495,2.72268127
20031002,-0.369990145,2.718996495,0.330033303
20031003,-1.390615457,2.17591504,0
20031006,-0.20725396,0.577416313,-0.744112569
20031007,-0.121629855,2.239226383,2.256505999
20031008,-0.7014677,1.649986707,-2.049252039
20031009,-0.821359854,1.73579301,0.413223728
20031010,-0.410678195,2.755188034,0.205973296
20031013,0.49140148,0.48293218,0.73801073
20031014,0.451653406,0.89102862,-0.286357324
20031015,-2.354994188,1.274403592,-2.027795532
20031016,-0.332917494,1.851625854,0.292214777
20031017,0.207684394,1.395649218,0.457476365
20031020,0.290035422,0.506323442,0.290035422
20031021,-1.172542747,2.007042616,-1.795080553
20031022,0,4.196331053,0.671706976
20031023,1.597343757,2.5470808,0.334169066
20031024,1.584026451,2.066801808,0.830569559
20031027,0.330442267,1.724660162,0.28907722
20031028,0.325998659,1.344887316,1.351648675
20031029,-0.243803453,1.548216179,0
20031030,0.40551556,1.259629698,0.527491586
20031031,0.80353988,0.962372701,1.126772485
20031103,0.118180041,2.126839602,1.627342918
20031104,2.402285224,2.230691707,2.795213038
20031105,1.269980509,1.475287099,0.11478861
20031106,-0.652217927,1.266175407,-0.652217927
20031107,-2.093320967,3.587313205,0.076952678
20031110,-0.38402505,1.069685426,-0.038468937
20031111,1.001549204,0.889583778,0.38402505
20031112,1.111335446,1.363604362,0.573286493
20031113,-0.649973613,0.837164727,-0.649973613
20031114,-1.374791718,0.946564008,-1.64366071
20031117,-2.644717001,3.07647516,-2.547279597
20031118,-1.40705839,1.753827106,-1.207258123
20031119,-0.202634315,1.490085183,-0.202634315
20031120,0.08107013,2.39917961,0.121629855
20031121,0.16006406,1.402788608,1.328254585
20031124,1.730963754,1.338091938,2.487788716
20031125,0.622812445,2.005890489,0.505739261
20031126,-0.549451932,1.952675831,-1.406822733
20031201,1.529666538,1.17134171,2.770473461
20031202,0.037771483,0.454781984,0.492145608
20031203,-0.490289498,1.989298731,-0.113357276
20031204,0.377216592,1.798742446,0.41501663
20031205,-1.185255703,1.778184613,-2.130978659
20031208,-2.316705928,2.237015574,-1.550418654
20031209,-1.56192164,1.397679825,-0.744955415
20031210,0.787405643,1.048094905,0.353565483
20031211,1.012864132,1.648612196,1.169603976
20031212,-0.232288142,1.222038778,0
20031215,-2.6792517,2.003290401,-1.52316946
20031216,-1.870701319,1.437849642,-2.067668095
20031217,-1.015237146,1.786247815,-1.579299883
20031218,0.687287929,1.118932814,1.297666223
20031219,-2.881108185,5.511651597,-2.158503676
20031222,4.223120435,2.571396,3.479315353
20031223,0.435558004,0.486878102,0.634167801
20031229,0.407332539,1.961851799,2.094962631
20031230,1.828947547,1.605714095,0.930615658
20031231,-0.080547729,1.095755845,-0.040281974
20040102,-0.6836946,1.303831508,-0.161290358
20040105,0.199960075,0.903705686,1.003822924
20040106,1.509762487,1.576418432,1.309802413
20040107,0.157728739,1.72879736,0.078833272
20040108,0.472627898,0.897764589,0.275428071
20040109,-0.475813745,1.473358073,-1.146031116
20040112,0.358923616,2.134682942,-0.159109023
20040113,-1.489860455,1.440390968,-1.888744111
20040114,1.122706259,1.433886224,1.729381528
20040115,1.157928689,3.510134845,0.43763746
20040116,0.754121454,1.022756522,0.396197032
20040120,-0.988345661,1.382044471,-0.475625153
20040121,0.865125333,1.061766576,1.459304146
20040122,0.039393343,1.862454274,-0.589045489
20040123,-0.474684436,1.49428631,-0.671806518
20040126,-0.118741356,1.911726517,0.118882518
20040127,-0.392619272,0.871744585,0.671011004
20040128,-2.576951318,1.629222448,-2.066846229
20040129,0.826613642,2.115295654,2.420272868
20040130,1.407372721,0.916863,0.975236908
20040202,0.502222419,1.631673544,0.734870838
20040203,0.460476639,0.947858121,0.65296948
20040204,0.227445132,0.871304715,1.10414219
20040205,1.794701991,1.602578545,1.110808748
20040206,0.961901608,1.969474362,1.68944889
20040209,-0.111462022,1.596479399,-0.961901608
20040210,-0.018672393,1.22238501,-0.465767027
20040211,0.855500847,0.949971505,0.836824967
20040212,-1.045175621,0.449368324,-1.304771539
20040213,0.112676068,1.570325101,-0.037530494
20040217,0.891867673,0.486716158,1.453351462
20040218,0.148038517,0.323344828,0.036989089
20040219,0.257305784,1.31628068,0.736923011
20040220,-0.183789796,1.341387426,-0.220507256
20040223,2.294764691,1.509338496,2.14748926
20040224,-0.360620658,1.594172122,-0.324617057
20040225,0.753366792,1.103216935,1.077983849
20040226,1.88987618,1.329001318,1.172512989
20040227,-0.31706914,1.684640573,0.105913514
20040301,-0.140696471,0.394275135,0.24669616
20040302,0.352485384,0.880929674,0.03519268
20040303,1.781084275,1.088458424,1.640239181
20040304,0.069300072,0.755777966,-0.06925208
20040305,3.200818022,4.056137952,3.304678166
20040308,-1.859732382,1.280306577,-1.826225931
20040309,-1.404854354,2.074553618,-1.098157913
20040310,-0.448818292,2.47672539,-0.276434177
20040311,-0.382675715,3.659286383,-0.729296513
20040312,0.206967994,1.609595431,1.143661746
20040315,-1.398135323,2.03671965,-2.124405159
20040316,-0.591408925,2.538419857,0.876122653
20040317,-0.1393243,0.704703351,0.104620759
20040318,-1.771211731,2.899792221,-2.505866076
20040319,0.356252603,1.253235706,0.499109771
20040322,2.500130221,2.302121373,0.814596323
20040323,-1.995078642,2.17108342,-1.995078642
20040324,0.10847949,3.543192582,-0.432744996
20040325,2.166662629,1.961235182,2.815079886
20040326,-1.069528912,1.544617174,-1.987290383
20040329,1.558105175,1.211776598,1.987290383
20040330,1.157298556,1.784325673,0.770042307
20040331,-0.594095754,1.225736786,-0.524385051
20040401,0.520382788,1.818422992,1.288542989
20040402,-0.551155374,1.602865068,0.17286089
20040405,1.994564059,1.15105493,1.440354119
20040406,-0.412939334,0.909171571,-1.267791522
20040407,-0.034596091,1.433566011,-0.345423487
20040408,-1.387947333,2.004968552,-0.973582099
20040412,0.691565688,1.106390823,1.387947333
20040413,-2.687301825,2.736949862,-2.618407575
20040414,0.482107368,4.748414292,-4.485381142
20040415,-0.296846229,2.625061445,-0.444939555
20040416,0.842033165,1.8675303,1.913934021
20040419,0.862559258,1.874058638,-2.398196469
20040420,-1.828068068,0.897408815,-0.824901565
20040421,0.819066381,1.426757335,1.531881254
20040422,1.689353434,1.576356905,1.800526319
20040423,-0.036569757,1.274422869,-0.437956904
20040426,-0.547746485,2.638699287,-0.109789581
20040427,-0.840494624,4.37279247,-0.219941438
20040428,-0.722807628,3.237854365,1.167470393
20040429,-2.109169096,2.144866724,-1.314367224
20040430,-1.241344892,3.525220478,0.036744443
20040503,1.015605393,1.576930729,1.784136165
20040504,-1.009381317,2.437223061,-0.397758615
20040505,1.157755334,1.179214535,0.722024797
20040506,-0.839267834,2.153419807,-1.851568598
20040507,-0.968350211,2.085133235,-2.110798605
20040510,-0.37495357,4.36175497,-0.37495357
20040511,-0.603775419,1.590108309,-0.754151387
20040512,-0.764237575,1.931999364,-1.333607115
20040513,-0.210627172,1.958632769,0.057520853
20040514,0.267942744,1.756978435,0.287109011
20040517,0.310198,3.974389218,-1.269491948
20040518,-0.502610762,0.970884814,-0.116211518
20040519,-1.082345317,1.019130865,-0.271686563
20040520,-1.450152789,2.429899339,-1.566816228
20040521,0.472627898,0.59803786,0.472627898
20040524,-0.197044399,1.223606038,-0.393701296
20040525,1.183445765,0.760619466,0.589972213
20040526,0.993482409,0.96373988,1.150222253
20040527,1.2636584,2.811764319,1.862751892
20040528,0.265201898,1.557998522,0.5691535
20040601,0.911514097,1.673356699,0.075642969
20040602,0.798331554,0.785051611,-0.1513432
20040603,0.226757467,2.207157681,0.302457697
20040604,-0.037237014,1.420130359,1.349851767
20040607,-1.41899319,1.75226791,-0.97306157
20040608,0.560434869,1.116034802,0.935810685
20040609,-1.197171051,0.9429158,-1.011055233
20040610,1.078678861,0.407792402,1.716460052
20040614,0.631620157,1.08309804,-0.111049428
20040615,-1.267255125,0.87698244,-1.267255125
20040616,-0.187160826,0.518255252,0.112464867
20040617,0.337648042,0.43840575,0.037460199
20040618,0.671393794,1.045717779,0.74627212
20040621,0.111877692,0.578078156,-0.260562217
20040622,0.708561607,0.909735533,0.29773003
20040623,0.740744128,0.768759504,0.703576315
20040624,0.369686188,0.869135428,0
20040625,0.073937157,0.363743335,-0.147710514
20040628,-0.712547549,1.776500123,-1.827386297
20040629,-0.678991669,0.86232592,-0.566146068
20040630,-1.640945044,1.75594257,-1.640945044
20040701,0.801684004,1.302385092,1.185709053
20040702,-0.801684004,1.098556369,-0.801684004
20040706,0.422184469,1.093829512,0.076628356
20040707,1.486024678,0.9253233,1.255963227
20040708,0.757579381,0.591179022,0.226671801
20040709,0.340072121,0.602502118,0.037728731
20040712,1.502657876,0.610363421,1.162585755
20040713,-0.560644339,0.499575903,-0.523365681
20040714,2.478260944,1.870259437,4.040211628
20040715,0.394902685,0.790612166,0.466871022
20040716,-0.573067471,1.273906022,-0.251121208
20040719,0.538891191,1.315278591,0.251121208
20040720,0.462716611,0.888692509,0.891748374
20040721,-1.969624998,1.016017136,-1.827680332
20040722,-0.470418816,3.35376931,-0.289750293
20040723,-1.176051776,2.260138856,-1.904121974
20040726,-0.848870202,1.653320082,-0.259115451
20040727,2.205971806,1.379030897,1.909015389
20040728,0.366300776,1.337391912,-0.54694758
20040729,-0.073313786,1.097256708,-0.292933201
20040730,0.949605383,1.006225389,0.876237808
20040802,0.583943265,0.930423647,-0.109110758
20040803,-0.986669799,1.16843239,-0.913916067
20040804,0.184467863,1.162714967,-0.367918001
20040805,-0.96225761,0.952323822,-0.888565639
20040806,-1.05901141,2.290513648,-2.21855311
20040809,-0.419447707,3.559788067,-0.495522264
20040810,1.318038286,1.273328549,2.117281361
20040811,-1.244594606,1.730955237,-1.431825516
20040812,-1.384637506,1.230138006,-2.031888957
20040813,-0.154858722,0.994054683,-0.038737169
20040816,0.349582799,1.208112066,-0.077519384
20040817,2.147321771,1.939627298,2.186088974
20040818,0.41627307,1.659423369,0.454202143
20040819,0.414860108,0.930784194,0.33930287
20040820,2.279194494,0.991197263,1.864334385
20040823,-1.488676543,0.764643513,-1.488676543
20040824,1.047129987,1.298318758,0.784317746
20040825,0.520253868,1.081151705,0.371333512
20040826,0.480326067,0.549188057,0.554427589
20040827,0.479086968,0.699868452,0.257684663
20040830,-0.147983749,0.580150389,-0.70098055
20040831,0,0.98416318,-0.03703018
20040901,0.553404843,1.227931886,0.664454272
20040902,1.134089345,0.796213855,1.134089345
20040903,1.377332393,0.851657723,1.049403515
20040907,-1.233240149,1.599742198,-1.377332393
20040908,-1.26469617,0.88239874,0.364299128
20040909,-1.123403733,0.880695296,-0.218420181
20040910,-0.663230139,0.841338474,-1.431479757
20040913,0.925418413,0.42592016,0.332164911
20040914,1.496105264,1.242204828,1.716937154
20040915,-0.362976805,0.751132782,-0.399202127
20040916,0.508722027,0.597807965,0.326738356
20040917,-0.252570944,0.781945928,0.325674252
20040920,-0.61717386,0.560391993,-0.797973041
20040921,1.049023908,0.433441788,1.194584341
20040922,-1.978811361,1.389916388,-2.809891122
20040923,0.257969555,0.716473237,0.553609091
20040924,1.38637755,0.602238865,1.570234928
20040927,1.769318587,0.964325969,1.224358111
20040928,0.681616989,0.785248887,0.107315339
20040929,0.539084863,0.835236394,-0.250581839
20040930,0.859912142,1.251196575,0.464867635
20041001,0.64079963,0.775306875,0.533714129
20041004,-0.498754151,0.588238459,-0.64079963
20041005,-0.107353741,0.624045356,-0.250313022
20041006,-0.251211329,0.789349503,-0.358680442
20041007,-0.85592534,1.232934784,0.322870236
20041008,0,1.030622705,0.071607593
20041011,-0.935258616,0.556648919,-0.971056003
20041012,0.18178518,1.160508441,-0.507247464
20041013,1.994118903,2.630873129,4.752667452
20041014,1.48972095,1.546398188,0.724765899
20041015,-0.858669195,1.224760788,-0.309970973
20041018,1.377906747,1.724888862,0.824463619
20041019,-0.859554888,3.842053651,-0.928001161
20041020,1.258757879,2.577463607,-0.623486606
20041021,-1.012048422,2.543130023,-0.942579853
20041022,0.210526394,1.622644514,0.07012623
20041025,0.07054674,1.463838989,-0.597646356
20041026,2.030171232,1.735048687,1.747685168
20041027,1.831742938,1.601244725,1.171215593
20041028,0.206967994,0.695534065,-0.618346182
20041029,1.000871168,1.110310713,0.343997587
20041101,1.740361278,0.952365215,1.499687275
20041102,-1.090672025,1.180170638,-1.293855299
20041103,0.512909314,2.509526836,0.478633392
20041104,1.051748457,0.495516869,1.051748457
20041105,1.070244329,1.398029614,1.440802274
20041108,-0.593865157,2.971726014,0.530857252
20041109,0.166085406,1.223871025,-0.29826037
20041110,0.299950233,0.71368128,-0.265869216
20041111,0.695251931,1.104348928,0.861503009
20041112,0.361426383,0.62932794,0.592106993
20041115,0.263417999,0.535549988,-0.262725931
20041116,-1.122123986,0.473676532,-0.925014855
20041117,0.263504764,0.779798645,0.892125527
20041118,-1.720757217,4.08133148,-1.457944976
20041119,-1.34116262,1.346370373,-2.381265941
20041122,-0.204012311,1.380685674,0.426367151
20041123,2.796207105,1.658487461,2.421100101
20041124,0.791560861,2.026276014,1.123236124
20041129,0.227679396,1.514208749,0.651892791
20041130,0.456472915,0.826117655,-0.13003903
20041201,0.966191091,0.853414737,1.48533567
20041202,0.31877617,0.679116505,0.702653801
20041203,-0.478546136,1.163912547,-0.478546136
20041206,-0.385233221,0.728484415,-0.57729474
20041207,0.609464597,1.074230553,0.57729474
20041208,0.95633499,1.274312574,0.796309352
20041209,1.841906629,1.235324877,0.821489612
20041210,0.285126124,1.197552989,-0.536363488
20041213,0.438734643,0.251111144,1.163718118
20041214,-0.187793482,0.546567294,-0.187793482
20041215,1.80465383,1.109105161,1.585114774
20041216,0.645262648,0.88417001,0.67609354
20041217,-0.337268448,1.425445006,-0.276031459
20041220,-0.492763547,0.87448155,-0.523480795
20041221,0.122737051,1.149426829,0.676925662
20041222,-0.367985696,1.142361708,-0.184162115
20041223,-0.554530072,1.036054188,-0.554530072
20041227,-0.681328123,0.656148358,-0.588692637
20041228,0.556071868,0.738903074,0.866342052
20041229,0.307503317,0.577419814,0.33830572
20041230,-0.431699715,0.470473574,-0.64685271
20041231,-1.023740909,0.467856702,-0.900207849
20050103,0.72521207,2.228343812,-0.751177241
20050104,0.971946827,1.087608647,0.688794207
20050105,-0.719540098,1.224741135,-0.625980135
20050106,0.844414713,0.716501577,0.813012608
20050107,-0.594960264,1.568095668,-0.844414713
20050110,-0.03158061,0.962304035,-0.566930652
20050111,-1.216404243,0.923382691,-1.945524607
20050112,0.351718988,0.868625727,0.897729658
20050113,-0.997273827,0.994170957,-1.284951827
20050114,1.512498664,0.918979168,1.221094864
20050118,1.273902578,1.06999074,0.921958525
20050119,-0.284315466,1.107463279,0.031640563
20050120,-0.412633501,2.098204546,-0.539255867
20050121,-0.830145253,1.420098949,-0.798343694
20050124,0.284585172,1.444014767,1.527232993
20050125,-0.125117314,0.541000495,0.880232027
20050126,0.187734723,0.831900121,0.125117314
20050127,0.405427033,1.035398812,0.436681917
20050128,0.469852078,3.697204444,-0.405427033
20050131,0.868491811,1.020430884,1.180504545
20050201,-0.218647596,1.001925615,-1.243024084
20050202,-0.377121754,1.109012581,-0.690307103
20050203,1.538733453,1.121630095,1.033681874
20050204,2.268234574,0.839912748,1.423291353
20050207,1.258264261,0.795387813,0.73462222
20050208,-0.921099543,1.137361112,-1.134807455
20050209,-1.36733019,0.756073772,-1.429039541
20050210,0,0.724313757,0.437090924
20050211,1.091203345,1.335952102,0.466201311
20050214,1.171406736,1.041177208,1.171406736
20050215,1.431423862,0.833279032,1.339441639
20050216,-0.91603694,0.981549825,-1.431423862
20050217,-0.617476491,1.480161986,-0.95547036
20050218,0.589240347,0.861777758,0.154726938
20050222,-1.057881676,1.015384675,-1.150689108
20050223,1.209504588,0.737341598,1.459426618
20050224,0.614630085,0.992436991,0.614630085
20050225,1.52908178,0.98865812,0.945273085
20050228,0.363196525,0.746049487,0.454202143
20050301,0.934445383,1.12507902,0.692460994
20050302,0.813870355,1.298946847,-0.060024011
20050303,0.539407961,1.392286535,0.449304335
20050304,1.065729447,1.893994947,1.483266588
20050307,-0.204290163,0.710679493,0.79190911
20050308,-1.571100939,1.857445352,-2.245293732
20050309,-0.337475393,1.864043158,-2.817941343
20050310,0.305904185,0.61900115,0.612747015
20050311,-0.581842095,1.26027442,-0.551303081
20050314,1.312795529,1.40017132,1.251351595
20050315,-1.618603057,1.787815869,-1.497354179
20050316,0.030954961,1.724059833,-0.524773546
20050317,-1.560094044,1.348463435,-1.591049005
20050318,0.031411968,2.681435663,0.125707119
20050321,-0.189155164,1.31445592,-0.472218727
20050322,-0.72865838,1.663079695,-0.760219056
20050323,-0.412895616,1.181261642,-0.095435032
20050324,0.095011884,1.163006519,0.539598199
20050328,0.381316001,1.541722091,-0.190114126
20050329,-0.961854161,1.203377814,-1.566277824
20050330,2.076420233,1.868820706,1.8829342
20050331,-1.434287536,1.80012666,-1.529179208
20050401,-0.675352302,2.373189914,-0.514967343
20050404,-0.257815161,2.471451534,0
20050405,1.159433278,1.366389594,0.77145995
20050406,1.149805066,1.503122339,0.829086382
20050407,0.318066426,1.289404288,0
20050408,-1.182311264,1.824029641,-1.21407242
20050411,-0.615187305,1.825519798,-1.033934897
20050412,1.007974719,1.62542704,0.388979421
20050413,-0.606546153,1.839725776,1.029941515
20050414,-1.641227507,1.674709778,-1.32153414
20050415,-0.819811117,2.037993649,-1.470855083
20050418,-0.298953885,3.070226358,-1.025989473
20050419,0.232288142,1.423906739,0.365266885
20050420,-0.566573754,3.270399932,-0.832090006
20050421,-1.43073477,3.404061631,-0.267737777
20050422,-1.453129929,2.888166595,0.734560899
20050425,1.095446639,1.709411361,0.762224071
20050426,-0.498754151,1.095142743,-0.962024338
20050427,1.016251978,1.33605415,0.548493023
20050428,-0.706003941,1.514772952,-1.755751146
20050429,-0.98422651,1.941787562,-1.085492341
20050502,1.465852052,1.297704014,0.781386683
20050503,0.402955549,1.475580207,0.976603148
20050504,1.068457577,1.829559251,0.900756716
20050505,-0.798141916,3.228282579,-0.532801793
20050506,-1.920867822,1.593479139,-1.887484413
20050509,1.404235712,1.290509052,2.45349225
20050510,0.532801793,1.080870526,-0.033206044
20050511,-0.601606093,1.178627782,-0.934274397
20050512,-0.635559925,0.68895811,-0.100620502
20050513,0.067453628,1.253428735,-0.47090568
20050516,0.604231446,1.661800422,0.739002355
20050517,0.334001647,0.992393288,0.36746325
20050518,1.546846706,0.979209149,2.078939747
20050519,0.453221883,0.819415116,1.104265849
20050520,0.064703982,0.74396781,-0.1292825
20050523,1.543935461,1.142599803,1.317288124
20050524,-1.063668368,0.838329444,-1.511525803
20050525,0.129491763,0.58957044,0.161890921
20050526,1.536521906,0.418820315,1.827266741
20050527,-0.382897724,0.582511476,-0.637350787
20050531,-0.611622702,0.516986581,-0.995992169
20050601,0.614192977,0.969952887,0.193548448
20050602,0.757884785,0.659391215,0.305687632
20050603,-1.722219659,0.818832211,-1.995685606
20050606,-0.098700452,0.59249243,-0.427000156
20050607,-2.603618364,2.115240001,-2.70241633
20050608,-1.2934149,1.221352235,-1.2934149
20050609,-0.824463619,1.16826191,-0.687524193
20050610,1.399101478,1.079762904,1.777824602
20050613,-0.034381984,1.45259921,-1.467853629
20050614,0.513260323,0.741130679,0.753686336
20050615,-1.167194851,0.914926586,-1.167194851
20050616,0.412797284,0.348928717,0.585300345
20050617,-1.335407621,1.241901991,-0.412797284
20050620,0.58752545,0.576410312,0.034464932
20050621,0.310291578,0.616878995,0.103323584
20050622,-0.823614814,0.622497484,-0.103323584
20050623,-1.356306655,0.924758871,-1.597810998
20050624,-1.020237521,2.507036979,-0.985229644
20050627,-0.12419056,0.81057233,-0.407476868
20050628,0.283688134,0.720266997,0.265934028
20050629,-1.38767571,0.926850246,-1.175436508
20050630,-1.075279178,0.665631504,-0.574920736
20050701,0.537924912,1.019965515,0.753907717
20050705,0.394619346,0.8861954,-0.107353741
20050706,-0.970009402,0.688484757,-0.826896676
20050707,1.585047594,2.405917118,1.005755604
20050708,2.259983192,1.351479216,2.331437286
20050711,0.414651596,0.755106612,1.249148789
20050712,-0.205549918,0.595227303,0.550207715
20050713,1.39576734,0.733088447,1.430055014
20050714,-0.033778078,0.632882908,0.067590405
20050715,3.482612134,3.305978142,4.524463266
20050718,0.291592625,1.389309095,-0.193923784
20050719,-0.129575658,0.409745195,-0.194300579
20050720,0.71452074,0.979909892,0.161943355
20050721,0.881350572,2.686022411,-0.421599457
20050722,1.236190108,1.969525761,0.518639736
20050725,-0.032642403,1.200490205,-0.974666585
20050726,-0.918340334,1.017571923,-0.918340334
20050727,-0.926852051,1.203690648,-0.926852051
20050728,0.662254076,0.769385716,0.761971551
20050729,2.205018002,1.305940811,2.862915111
20050801,0.578779751,1.464246466,0.032066699
20050802,0.604808465,0.832191599,1.020742515
20050803,1.016850198,0.622283621,0.380108155
20050804,-1.147605837,0.611895506,-1.40085067
20050805,0.641027836,0.968406441,0.352056693
20050808,1.22048143,2.135611586,2.679435314
20050809,0.432633555,0.822078165,0.867146964
20050810,0.797794965,2.24036554,0.890259142
20050811,5.146020003,3.231379056,5.846494925
20050812,-1.699757637,2.292516443,-4.239669388
20050815,2.929395636,2.330380128,1.047129987
20050816,-0.959815407,1.532773463,-1.257878221
20050817,2.541622834,2.202732905,2.058238207
20050818,-0.686877421,1.39040056,-1.487237407
20050819,0.360144447,0.756357985,0.029962547
20050822,-0.240024118,0.947480637,-0.269986665
20050823,-0.331975558,0.943702383,-0.632818143
20050824,0.060587703,1.082881594,-0.181543166
20050825,0.965607985,2.018688409,0.844395849
20050826,1.171712369,1.137109886,0.539084863
20050829,0.090456813,1.939363032,-0.900096086
20050830,-2.199233413,2.11803068,-2.440633651
20050831,-0.246002584,3.111025959,0.308356704
20050901,-2.285992766,2.380504517,-2.841721272
20050902,0.251098688,1.074635354,1.039870722
20050906,0.521233742,1.640912423,2.476906811
20050907,1.947627106,1.513029257,3.012275946
20050908,-0.239306127,1.720793154,-0.92413834
20050909,2.16336782,2.34989428,2.133414247
20050912,-0.324915365,1.173115534,-0.912979394
20050913,-1.88430878,1.501451791,-2.032347297
20050914,-2.832532905,1.647318446,-2.290526158
20050915,2.727441792,2.858828655,3.281971864
20050916,1.3837995,6.885036808,2.217385749
20050919,-0.787815297,1.784218895,-2.053096264
20050920,-2.600690874,3.460126289,-2.615615133
20050921,-3.444297883,5.941086772,-3.904915924
20050922,5.057693347,3.747469875,5.153219544
20050923,-1.127545086,4.226781879,-1.278945569
20050926,0.966482908,2.135367078,1.942397943
20050927,-0.573933006,1.321296522,-0.784554417
20050928,-0.961257026,2.301503601,0.362867045
20050929,1.322134644,1.974617875,1.110622252
20050930,0,1.88717161,-0.029855202
20051003,1.456408564,2.169423317,1.187309881
20051004,-1.65791288,1.871562112,-2.964732785
20051005,0.335315053,1.426020085,-0.121654516
20051006,-0.39640241,2.44977505,-0.39640241
20051007,-1.569021574,1.980250687,-1.477404527
20051010,-0.493980628,0.392241039,0.185873659
20051011,-2.020270732,3.107309103,0.092807431
20051012,-1.78324763,2.099712613,-2.06192872
20051013,-0.993488457,3.723654503,1.161161642
20051014,0.589240347,0.908201389,0.900767078
20051017,1.168884425,1.263119672,1.107022375
20051018,-0.98040001,2.109794165,-0.675056261
20051019,2.83407572,3.202831242,3.509131981
20051020,-3.189336378,6.426901351,-3.755741231
20051021,-0.98040001,2.198963174,0.24660925
20051024,1.399049584,1.954299011,1.921083627
20051025,-0.212024917,2.337199983,-0.393403443
20051026,-2.051196973,2.331908046,-1.990572539
20051027,-2.317673425,2.25398217,-2.410509576
20051028,1.372448243,1.627849956,2.255734742
20051031,-2.096775299,7.19890066,-2.065801162
20051101,-2.763721934,4.27246878,0.44178046
20051102,0.155159069,1.911050413,1.531040686
20051103,2.375263922,1.943966636,2.993503912
20051104,0.389864042,1.48808264,0.5402174
20051107,1.284942227,2.028531462,0.804893301
20051108,0.856852635,2.329577531,0.916217433
20051109,-1.930275225,2.14828466,-1.900859135
20051110,0.846182142,2.134398183,-0.360469
20051111,1.340303013,1.652957984,1.700772012
20051114,0.501697968,0.979186944,0.501697968
20051115,-1.459445115,5.387111584,-1.901988985
20051116,-1.601484598,2.478346143,-1.511516081
20051117,0.241546011,1.068265332,1.000159875
20051118,-1.471277102,2.143289526,-0.302023787
20051121,0.241984389,0.583877585,0.120918999
20051122,-0.242204175,0.722061874,-0.332879714
20051123,2.007558059,1.705715881,2.159004401
20051128,0.947032825,1.694355029,1.453815845
20051129,-0.909497248,1.39731812,-0.058927521
20051130,-0.823534066,2.520887323,-0.206520209
20051201,3.07805114,2.232355,4.164858723
20051202,-0.342955466,1.646423902,-1.053690512
20051205,-0.374910317,0.997813165,-0.920340117
20051206,0.914553388,0.831315216,1.548196061
20051207,0.711746777,1.090541999,0.2840911
20051208,-0.572247627,1.95481585,-1.141239205
20051209,-0.628753143,1.599284776,0.086046183
20051212,-1.067677146,1.054137292,-1.182421851
20051213,2.699761902,2.783664247,2.351025716
20051214,1.018396355,1.58516239,0.677777235
20051215,-1.418463499,1.349186578,-1.502934854
20051216,-0.688273437,0.710395567,-0.716848948
20051219,-1.511656692,1.165063886,-1.770985464
20051220,0.38162383,1.818277524,-0.029295445
20051221,0.699303549,1.472946903,0.904191664
20051222,0.871591805,1.099273054,0.376757437
20051223,-0.34642067,0.986076747,0.028922632
20051227,-1.280949101,0.989807018,-1.309871734
20051228,0.263581936,0.81076,0.175644073
20051229,0.351803353,0.704799923,-0.058513752
20051230,-1.150285504,1.193176538,-1.355353688
20060103,-0.68381417,1.704053182,-0.565225363
20060104,1.218983431,1.358712613,0.950125912
20060105,0.029563932,1.133661773,-0.029555195
20060106,-0.585996403,1.819662071,0.589450572
20060109,2.009093637,1.209628085,1.920897247
20060110,0.403691436,0.599073234,0.172811103
20060111,1.454052703,0.748072583,1.655288936
20060112,-1.313554009,0.933873572,-1.540247221
20060113,-0.491827984,0.592588351,-0.895054337
20060117,-0.346220773,1.805896032,0.347423627
20060118,1.150098934,2.203930589,1.092278753
20060119,-0.255283077,0.916343989,0.655366358
20060120,1.857638557,0.713562012,1.829233501
20060123,-0.461184522,2.692646769,-0.461184522
20060124,-0.250731431,2.435150975,0.433294409
20060125,-2.304119915,6.161502011,-1.886582774
20060126,-1.618663766,2.164745554,-0.713168049
20060127,0.285796136,0.699746495,0.314420725
20060130,0.3718008,0.422290522,-0.028542886
20060131,-0.057093921,1.203518415,-0.028551035
20060201,1.811541189,1.236969406,1.782982
20060202,0.226180475,2.00759843,-0.675488074
20060203,1.289255526,1.355681641,1.402154211
20060206,0.415801015,1.335887406,0.666114037
20060207,-0.193023636,1.388667909,0.22105563
20060208,-0.616651492,1.209134648,0.399422058
20060209,-0.027544416,0.799410719,-0.206398422
20060210,0.27533057,0.59640264,0.192651773
20060213,-0.027468754,0.753216593,0.082451564
20060214,0.027498969,0.790507439,-0.082451564
20060215,-0.636328057,0.89545029,-0.939233424
20060216,0.995308189,0.5209171,0.884227922
20060217,-0.869870863,0.477314744,-0.814865361
20060221,-0.587003782,1.210817741,-1.0735551
20060222,0.502233199,0.809681896,0.726260175
20060223,-0.462606839,0.968553144,-0.964840037
20060224,-0.451850529,0.653944881,-0.719173938
20060227,-0.042501949,1.071716376,-0.127451692
20060228,-1.139613473,0.943180093,-1.097111524
20060301,-0.228833052,1.135489693,0.057290176
20060302,0.085849197,0.549313294,0.114481982
20060303,0.172512981,0.611263993,-0.429984896
20060306,0.173210205,0.666018805,-0.402994213
20060307,0.260153348,0.879899525,-0.0865676
20060308,0.086492726,0.79322762,0.173060326
20060309,-0.202399953,0.432106914,-0.433213674
20060310,0.173260222,0.80573481,0.317873407
20060313,-0.610023678,1.112413181,-0.985800967
20060314,0.263042677,0.34771632,-0.174978172
20060315,1.681199017,0.519203791,1.535149627
20060316,1.089148055,0.656319458,0.830117834
20060317,-0.426561147,0.36948646,0.028502209
20060320,-0.602843795,0.405838011,-1.031232284
20060321,0.689856142,0.823593558,0.516945436
20060322,-0.687484805,1.014747547,-0.344333195
20060323,-0.77866291,0.745161479,-0.721191645
20060324,0.447751163,0.908178611,0.447751163
20060327,0.492683217,0.610898863,-0.30309614
20060328,-0.145624025,1.038274627,-0.812776608
20060329,1.1628038,0.76126083,0.841682519
20060330,0.434972413,1.113899473,-0.115673813
20060331,-0.116312895,0.960466534,-0.551285307
20060403,0.895830294,1.032594625,1.128320954
20060404,-0.603883934,0.890803442,-0.25925407
20060405,0.749715161,1.065088655,0.402994213
20060406,-0.34642067,1.262600455,-0.662922157
20060407,0.690650227,1.47800637,0.835138043
20060410,0.995033085,0.838999297,1.367153166
20060411,0.451086189,0.519537232,0.564176391
20060412,-0.510205188,0.638972153,-1.017820492
20060413,-0.857148105,1.728068719,-0.970881413
20060417,-1.360565206,1.674072924,-1.561628034
20060418,0.378072284,2.154361771,0.407214059
20060419,0.551925875,2.300775937,0.202986876
20060420,1.465332928,1.956088724,1.552201328
20060421,-0.805991698,3.045655524,-1.320719743
20060424,-0.37917502,1.363018845,-1.10434136
20060425,-0.55940084,0.896362751,-1.028060163
20060426,0.558907176,0.775769104,0.647441932
20060427,2.220365829,1.938888444,1.51385715
20060428,-0.057820181,1.188421524,-0.086717739
20060501,-0.695251931,1.283374228,-0.521891588
20060502,-0.029073994,0.977624268,-0.029073994
20060503,1.067369141,0.72032215,1.328731276
20060504,-0.028698522,0.384793512,-0.028698522
20060505,1.026820203,0.334473922,1.141564908
20060508,0.42511046,0.443687543,0.33994367
20060509,0.756200215,0.640226564,1.348335034
20060510,0.529913386,0.8839438,0.306449606
20060511,-1.683069182,0.984646061,-1.683069182
20060512,-1.337717401,1.133884586,-1.281156313
20060515,0.229095175,1.500179634,0.171772158
20060516,-1.018002913,0.717968764,-0.760896644
20060517,0.057903881,1.461791659,-0.418803414
20060518,-1.155080703,0.724054792,-0.347927286
20060519,-1.541400301,2.031940097,-0.904455473
20060522,-0.235017734,2.743274573,-0.352319801
20060523,-1.331183686,1.335021808,-1.242987297
20060524,-1.982046867,3.189020303,-1.833259457
20060525,0.421560395,1.662190285,0.935855887
20060526,-1.237004761,1.343868594,-1.02688912
20060530,-0.213642688,1.632970085,-0.639563624
20060531,1.182727964,2.250627065,1.335376445
20060601,2.100917609,1.385685587,1.496138021
20060602,-0.149142459,1.866325331,-0.506179434
20060605,-1.080118512,0.767493638,-1.05027222
20060606,0.18028851,2.600377192,0.481493557
20060607,-0.568778663,1.075073085,0
20060608,0.297442218,2.494624697,1.074958097
20060609,-0.775660214,1.687603087,-0.835077922
20060612,-1.898505115,1.903161416,-1.569606628
20060613,-3.358812118,3.309407635,-2.964094739
20060614,2.560682871,1.386704278,2.842329122
20060615,1.418035528,1.23728905,1.661418672
20060616,-0.421179925,1.689495714,-0.631106527
20060619,-0.727496388,1.27992314,-0.908546528
20060620,-0.151630052,1.018295142,0.243087327
20060621,1.630470902,1.468180448,1.326519301
20060622,-1.977250727,0.895049163,-2.54790853
20060623,0.214822854,1.243701685,0.214822854
20060626,0.306278953,1.04173302,0.244948071
20060627,0,1.077889774,-0.613498857
20060628,-1.675496844,1.136731349,-1.675496844
20060629,3.51764588,2.627248236,4.88497607
20060630,-0.533809097,0.800365963,0.208364415
20060705,0.83358625,1.19158509,-0.70901331
20060706,-0.148389996,0.888939139,-0.17804159
20060707,-1.109955898,1.282448532,-1.556451654
20060710,0.743497849,1.177863961,1.793770069
20060711,1.4397193,1.408807342,1.558167641
20060712,-1.671838323,1.659816116,-1.380547701
20060713,-1.078823769,2.009320444,-1.850799099
20060714,0.242424361,1.214274945,-0.452967708
20060717,2.15312362,3.48650957,5.017281216
20060718,-0.573067471,1.696503216,0.172562597
20060719,0.829642865,1.427977566,0.858374369
20060720,-0.632186014,1.237222787,-1.174966949
20060721,-0.086442881,0.953432541,0
20060724,0.40276234,1.570980687,0.40276234
20060725,-0.659311547,1.633925427,-0.172413836
20060726,0,1.385072024,-0.808551907
20060727,0.057620284,0.905461145,0.664646284
20060728,1.398225091,0.988120105,1.62837479
20060731,0.084781692,1.369698187,0.311218245
20060801,-0.398520311,0.916614416,-0.965094065
20060802,0.889396701,1.15064817,1.458226448
20060803,1.376619576,0.710098437,0.742144413
20060804,-1.59689624,1.280107434,-1.207032198
20060807,0.73488177,0.867017019,0.282008083
20060808,-1.019261372,3.506042371,-1.04742642
20060809,-3.526236059,1.470998937,-2.506974687
20060810,1.852440815,2.785360221,1.73565248
20060811,-0.546370878,1.232435583,-0.546370878
20060814,-0.888385267,0.737199067,0.17286089
20060815,0.905495717,0.794991918,2.164093567
20060816,1.117642257,0.555021486,1.370842561
20060817,0.692044284,0.426729962,0.719825921
20060818,-0.220994565,0.556297723,-0.248584578
20060821,-1.058210933,1.068383527,-1.224277952
20060822,-0.308512375,0.980575949,-0.336511815
20060823,0.056227159,1.34050102,-0.056195562
20060824,0.783659202,0.79676271,0.811760931
20060825,-0.987453361,0.76142194,-1.68685473
20060828,1.832327515,0.792032127,1.491514916
20060829,0.861954454,0.628752728,0.889883514
20060830,-0.055309736,0.67131554,0.083022006
20060831,-0.749483036,0.366252394,-0.721824345
20060901,2.004735545,0.82538375,2.449551402
20060905,0.300505622,0.677978126,-0.326797676
20060906,-0.38588802,0.68510669,-1.235091863
20060907,1.128711226,0.674518868,0.879851703
20060908,2.156999238,1.265689505,2.594038994
20060911,-1.284814248,0.7170382,-0.991832283
20060912,2.063019477,1.135841629,2.867960769
20060913,0.079333602,0.473310334,-0.973307697
20060914,-0.826781613,1.447272178,-1.303730053
20060915,0.478215577,0.637132349,1.039039586
20060918,-0.771588237,1.245843311,-0.771588237
20060919,0.159744443,0.8358994,0.399840597
20060920,0.01323364,0.709791437,0.51741409
20060921,1.194004869,0.813251371,1.445111854
20060922,-0.209150403,0.898986978,-0.326605555
20060925,1.738722925,1.075016079,1.712548341
20060926,1.20995169,0.739210832,0.538808231
20060927,0.984235075,1.35334369,1.875847146
20060928,-0.428482067,1.424310801,-0.579273752
20060929,-1.042073225,0.758344567,-1.143159915
20061002,1.067897258,1.328449981,1.016785577
20061003,0.201714642,0.582065897,0.403836995
20061004,0.425905692,0.393393473,0.752826642
20061005,-0.250941161,0.620496001,-0.501254182
20061006,0.486801186,0.926832506,0.888005335
20061009,1.040643683,1.238454872,1.028191158
20061010,0.811513122,1.223982082,0.638822811
20061011,1.515180502,0.92720889,0.974904139
20061012,0.713100241,1.697920322,2.37278957
20061013,0.452435585,0.731440919,-0.308385964
20061016,0.499584719,0.912836921,0.118722559
20061017,-0.56324674,1.344265083,-1.277705602
20061018,-1.366763873,1.830535083,-0.445649638
20061019,-0.489836884,2.072544771,-1.679893431
20061020,0.896215276,1.047737023,1.80053526
20061023,1.939019458,1.477019117,1.697590079
20061024,0.427148253,1.084553133,0.11846939
20061025,-0.581707582,1.026510062,-0.558030537
20061026,0.440345847,0.926967388,0.26159349
20061027,-0.744033194,1.185950653,-1.423213642
20061030,1.126704955,0.782500012,1.054407085
20061031,-0.689904009,1.127539826,-0.143129795
20061101,-0.618754949,0.893367676,0
20061102,0.740125141,0.685488842,0.357441105
20061103,-1.848126525,0.953978096,-1.824342484
20061106,0.64771727,0.771764658,1.299657283
20061107,-0.407234962,0.777945064,-0.383325817
20061108,0.908879732,1.335349007,0.812818245
20061109,0.166409167,0.501841659,0.23781224
20061110,-0.309266334,0.310940756,-0.309266334
20061113,1.260317215,1.045182654,-1.077983849
20061114,-0.772204609,1.778061642,-0.579711768
20061115,-0.145808045,1.143555413,-0.388350003
20061116,0.867893587,0.544128001,1.304681469
20061117,0.31148941,0.854398504,0.33549037
20061120,0.262937883,0.584463601,0.215079543
20061121,0.178497102,0.433439152,0.393115046
20061122,0.095011884,0.697043482,0.154440185
20061127,-2.166149678,0.765335427,-1.88002645
20061128,0.946723906,1.272054587,0.703118426
20061129,0.852090364,0.692144212,1.0813514
20061130,0.059584105,0.688755522,0.310225759
20061201,-0.166251077,1.148486639,0.237982026
20061204,0.993855791,0.686502024,0.946304672
20061205,0,1.082068299,0.762332901
20061206,0.209716959,0.915833544,0.384817687
20061207,0.625943854,1.010921793,0.719010404
20061208,0.84892101,1.182449472,1.148909697
20061211,0.344788297,0.760559866,-0.435032169
20061212,-1.051364314,0.787959601,-1.223609864
20061213,0.92166551,0.738848645,1.269491948
20061214,0.712073756,0.626205764,0.206209261
20061215,-0.825882189,0.562153944,-0.642941365
20061218,0.172721558,0.662528588,0.115114552
20061219,1.143392287,1.178726218,1.18940103
20061220,-0.136674281,0.941006817,-0.250426995
20061221,-0.295891874,0.955727624,0
20061222,-0.560033466,0.457749283,-0.560033466
20061226,0.342896667,0.741324926,0.445995364
20061227,0.883458006,0.452859137,1.179687002
20061228,0.022550457,1.078780687,0.022550457
20061229,0.294018079,0.831312394,-0.157960092
20070103,0.571626114,2.065308572,-0.953036485
20070104,-0.435530774,1.726620691,-0.755238743
20070105,0.460300007,1.194378807,0.045934773
20070108,0.781074497,0.66333796,0.34383988
20070109,-0.114194371,0.789641235,0.137205601
20070110,1.502418427,0.651368553,1.136117651
20070111,0.631201374,0.41840279,0.540785455
20070112,-1.080361622,0.714692255,-0.699067003
20070116,0.438621858,0.749785548,0.822586192
20070117,0.782826632,1.013163792,0.737928214
20070118,-0.536673918,0.50297882,-0.636980418
20070119,0.245782718,1.061102199,0.469746977
20070122,-0.875328224,0.621061512,-1.009316632
20070123,0.648844429,0.621331925,1.076243572
20070124,-0.587306861,0.78032454,-1.573419738
20070125,-2.253486943,1.1277369,-2.616628514
20070126,-0.081437966,0.710787064,-0.093066549
20070129,1.046399503,0.904140688,0.626524848
20070130,0.549829564,0.668494103,1.241395252
20070131,1.316405755,0.829426249,1.316405755
20070201,0.48464451,0.477315358,0.270209577
20070202,0.179694568,0.440774107,0.20217911
20070205,0.089847266,0.327525071,-0.044893379
20070206,0.156477063,0.580968518,0.515061042
20070207,-0.067061587,0.45187179,-0.111744341
20070208,-0.853170869,0.779345327,-0.830812009
20070209,0.224618244,0.555496955,0.49482782
20070212,0.604908308,0.446720985,0.447728529
20070213,0.178213458,0.398132829,0.356745083
20070214,0.155607456,0.288322284,0.20011124
20070215,0.222420021,0.40235559,-0.022214817
20070216,0.686526891,0.417926812,0.664307137
20070220,1.429381126,0.68555007,1.075633244
20070221,0.566820789,0.372597234,0.435730537
20070222,0.467773494,0.379548483,0.152058246
20070223,0.152124337,0.523182595,-0.043421625
20070226,-0.381118771,0.282574346,-0.478886418
20070227,-2.828023232,4.608982819,-3.057393656
20070228,-1.655929865,2.846488568,-1.655929865
20070301,1.622336507,2.817853307,0.910753108
20070302,-1.060020184,1.915065004,-1.105361377
20070305,-1.250305707,1.914614372,-1.652166285
20070306,0.25566545,1.385779976,0.372093453
20070307,0.372093453,0.860888378,0
20070308,-0.616933295,1.618343836,1.268613485
20070309,0.362976805,1.092126753,1.207441483
20070312,1.261846396,0.591621081,1.125884444
20070313,-1.936941038,1.604561272,-2.723727158
20070314,0.149074049,2.02148601,0.401860579
20070315,-0.115008638,0.893699493,-0.42487289
20070316,-0.023007017,0.607896545,0.023012312
20070319,0.502743289,0.679899518,0.938974035
20070320,0.815776108,0.516446561,0.997967003
20070321,0.742661228,0.942734765,0.652347381
20070322,-0.13477091,0.711998185,-0.246941421
20070323,1.239616075,0.696306172,1.250853924
20070326,0.3440434,0.618052153,0.177422978
20070327,0.222296413,0.370387264,-0.21072486
20070328,-0.100384817,0.798154573,-0.51202249
20070329,-0.222618079,0.606918978,0.144967965
20070330,0.17781734,1.031272271,0.355951433
20070402,-0.311734833,0.528369647,-0.422833611
20070403,0.554018038,0.530518229,0.910207194
20070404,-0.022097006,0.490721369,0
20070405,1.164720342,0.291702851,1.142618452
20070409,1.12530943,0.63166462,1.517808843
20070410,0.097218479,0.339309237,-0.34490226
20070411,0.096914884,0.595365536,0.31261816
20070412,0.408076168,0.938271585,0.429600059
20070413,1.181448341,1.355781117,2.173192007
20070416,0.563029326,0.608669426,0.856223253
20070417,1.895596061,0.854557756,1.86439968
20070418,0.245952163,0.671967866,-0.29638736
20070419,0.184823957,0.560225456,-0.225433029
20070420,-2.552461183,3.826101923,-0.80338263
20070423,0.453048551,1.485098551,0.659660195
20070424,0.196108852,0.652223634,-0.370523273
20070425,-0.47194096,0.751831409,0.267737777
20070426,0.857323071,1.564756822,1.185865461
20070427,0.327332534,0.601868797,-0.488998529
20070430,-1.215131829,1.491772939,-1.440057801
20070501,1.053664293,0.635352498,1.796855162
20070502,1.359058518,0.559078835,1.755138861
20070503,-0.190161695,0.601070034,-0.190161695
20070504,-0.100110129,0.538269274,0.020034058
20070507,-0.925746197,1.12759323,-0.925746197
20070508,-0.30349037,0.979560171,-0.222649621
20070509,0.896776628,1.047280697,0.99804246
20070510,0.541571878,0.612676731,0.290479495
20070511,1.66098602,0.674011767,1.390566706
20070514,0.148184764,0.706446345,-0.078942179
20070515,0.900554246,1.490305794,1.294643426
20070516,1.825647909,0.703534591,1.258852685
20070517,1.367904963,0.508715938,0.575706829
20070518,-0.171837751,0.622250127,0.133856029
20070521,0.172232365,0.239045806,-0.057344931
20070522,0.716986007,0.367501506,0.362630419
20070523,-1.59787787,0.920122718,-1.845851292
20070524,-1.636984815,1.596927367,-1.239947544
20070525,-0.137511072,0.649072519,-0.049132807
20070529,-0.364873932,1.018213002,-0.512417361
20070530,-0.397377833,0.888251493,-0.753672746
20070531,0.108851626,0.709425216,0.644939478
20070601,0.019644436,0.806381656,0.699751537
20070604,0.25482715,1.248842132,0.333366325
20070605,-0.490437472,0.68293672,-0.451290867
20070606,-0.413875246,0.783013032,-0.423708571
20070607,-0.931714541,1.426574304,-0.842882674
20070608,0.712928455,1.738279058,2.303478164
20070611,0.029266865,0.925173482,-0.233827075
20070612,0.223637606,1.390937122,0.428266179
20070613,1.040071009,1.248592345,1.369752293
20070614,-0.03828484,0.740374382,0.076613679
20070615,-0.573176961,0.617670983,-0.076613679
20070618,0.574494112,0.404456811,0.344300264
20070619,0.410442995,0.590485602,0.228876697
20070620,-2.130303704,1.276621901,-2.254213552
20070621,-0.527499514,1.842482039,-0.527499514
20070622,-0.69177072,0.972444262,-1.241762285
20070625,1.432380028,1.319843449,1.788745481
20070626,0.484262448,1.657535395,0.814905557
20070627,-0.505640906,0.678376344,-0.892863074
20070628,-0.773641424,1.060097241,-0.841904141
20070629,-0.442282897,1.323114659,-0.196811715
20070702,0.801176733,0.50867017,1.214034884
20070705,0.195465269,0.320072112,-0.350877553
20070706,0.252844635,0.872937219,0.525855725
20070709,-0.546449447,0.431646471,-0.740888552
20070710,-0.909546557,1.261807663,-1.488518784
20070711,0.692455037,0.875142214,0.742100076
20070712,1.797274399,0.802359866,1.816988544
20070713,0.473270792,0.936641033,0.463589781
20070716,-0.621862803,1.292548611,0.403885538
20070717,-0.172331302,0.491118616,0.153433095
20070718,0.134112483,1.336521965,0.095776274
20070719,0.704831949,0.499197427,0.857883443
20070720,-1.259558637,1.333287459,-1.16469097
20070723,0.047607713,1.335049296,0.870027956
20070724,-0.367611907,3.495363748,-1.796139147
20070725,-1.558118969,1.292082385,-1.258123583
20070726,-2.648238384,3.93961218,-2.756256267
20070727,-1.020417017,2.554517877,-1.647885932
20070730,-0.864380768,1.216750156,-0.761869226
20070731,-1.739894761,1.654028651,-1.08064227
20070801,0.811236898,3.532173792,0.853016719
20070802,1.335407621,1.558474615,1.501004844
20070803,-1.127638807,1.900946173,-1.025650017
20070806,1.559744144,1.773183438,1.899372938
20070807,0.484457952,2.523517043,0.464225276
20070808,0.059618444,3.860931785,1.35008801
20070809,-0.019970045,6.678778261,-0.527863384
20070810,-0.626327939,5.015168437,-1.468691524
20070813,-1.950884876,2.410058732,-1.244025425
20070814,-1.355356737,2.197016294,-1.509384595
20070815,-1.305024524,2.204577987,-0.878850603
20070816,3.12607679,6.57460678,1.398332291
20070817,-3.433636173,4.948511625,-1.524515273
20070820,1.030346837,2.090075216,1.607382483
20070821,0.154774834,1.787567341,0.423619996
20070822,0.895224697,1.665120576,1.788225243
20070823,0.441945275,0.663340335,1.04776296
20070824,0.359928403,1.22560451,0.420042622
20070827,-1.386817523,1.236554048,-1.386817523
20070828,-1.032254043,1.188919333,-1.509000901
20070829,0.98080067,1.141006727,1.042421294
20070830,-0.204499049,1.350701229,-0.67326583
20070831,0.122000828,0.922945377,0.734247639
20070904,1.072776203,0.887145769,0.930427424
20070905,-0.809721023,0.933232606,-0.950750562
20070906,1.151644206,0.940403717,1.171967344
20070907,-0.506330196,0.96494666,-1.070392932
20070910,1.124509842,1.08866757,1.671235917
20070911,1.439153583,2.46453486,3.357535364
20070912,-1.241288242,1.814371115,-1.067660341
20070913,2.840781572,3.996248193,5.745111105
20070914,3.431214499,2.529473659,2.132976681
20070917,-0.966543496,1.242476724,-1.581707368
20070918,0.300450902,0.472451881,0.784890403
20070919,0.633199764,1.277345275,0.814852856
20070920,-0.817072181,0.651363467,-1.087952708
20070921,-1.306259503,0.845895678,-0.16421863
20070924,0.364299128,0.634013502,0.437318481
20070925,-1.247722609,0.903358253,-1.539055663
20070926,0.861047731,0.786876486,1.211246227
20070927,-0.585331834,0.746405444,-0.56709198
20070928,0.257353083,0.648440428,-0.073407968
20071001,2.201857588,0.772928342,2.805867844
20071002,-0.142959281,0.660166587,-0.178667191
20071003,0.553622273,0.847220984,0.410458326
20071004,0.267881221,0.481052028,-0.142577105
20071005,0.373300585,0.377157763,0.515877689
20071008,0.900350331,0.803479808,0.95356541
20071009,0.488913144,0.778778331,0.892316305
20071010,-0.507659734,0.798717699,-0.751817511
20071011,-1.938045155,1.43249039,-1.360565206
20071012,0.527984331,3.107495402,1.343013648
20071015,-1.939070098,1.806448959,-1.396399182
20071016,0.583092031,1.35416394,1.027103062
20071017,-0.490540577,1.202140052,0.316622956
20071018,-0.079124361,0.649950181,-0.158186165
20071019,-0.336253746,1.482383665,-0.776977244
20071022,0.125145274,0.611274437,-0.783061485
20071023,1.468143466,0.937130484,1.735785699
20071024,1.037007272,1.396410454,0.420536803
20071025,1.631414176,2.120654938,1.561447408
20071026,0.927045266,1.171949225,0.737504415
20071029,0.848181506,0.786454407,1.155296574
20071030,0.558707963,0.931423864,0.05066284
20071031,0.840623646,0.958529095,0.840623646
20071101,-1.112996312,1.294530611,-1.280556673
20071102,-0.346884734,2.132949367,0.042385454
20071105,1.349320522,1.286087426,1.171180763
20071106,-0.016726604,0.420889105,0.150665468
20071107,-1.983620181,1.337328299,-2.335526702
20071108,0.168776411,1.438537126,1.529341617
20071109,-1.397194309,1.608973995,-1.735032468
20071112,-0.544774926,0.458043055,0.513436007
20071113,-1.010637631,2.043943968,-2.558922474
20071114,-1.228301107,1.242547476,-0.808866728
20071115,0.958628334,1.650075749,0.852639983
20071116,1.12389875,0.96743746,1.795598401
20071119,1.029168604,1.245375698,0.753686336
20071120,-0.256169553,1.435986701,-0.204988114
20071121,-1.831742938,1.06842271,-1.968635499
20071126,-1.330086112,1.091318342,-1.538491884
20071127,0.970160124,1.84398655,1.269219191
20071128,0.120762544,0.433533941,0.891896634
20071129,1.04181062,0.583211616,0.644470544
20071130,-0.732728847,1.05557026,0.16260862
20071203,1.789379276,1.546858499,2.199006065
20071204,0.576804107,1.035965077,0.359066813
20071205,-0.134453802,1.330083845,-0.87907134
20071206,1.294003112,1.017238587,1.369655619
20071207,-0.199368732,1.429980926,-0.249148871
20071210,1.529231037,1.456134064,2.965728949
20071211,1.794344842,2.300831274,1.665104113
20071212,-2.482709403,2.836665042,-2.118179321
20071213,-0.340992455,1.622837146,-0.292350379
20071214,-0.106187472,1.847378349,-0.489157995
20071217,-1.815443403,1.657690735,-2.331647589
20071218,-0.491729124,1.891026339,0.125402349
20071219,-1.51722398,1.490843865,-1.642626329
20071220,-0.407125244,1.396876003,-0.067969416
20071221,1.198924443,0.913213178,1.960929654
20071226,-0.798274653,0.527737167,-0.698838119
20071227,-0.873808282,0.725668335,-1.074376626
20071228,-0.117696525,0.597771008,0.320162039
20071231,-0.913711941,0.956490087,-1.031547153
20080102,-1.333125196,1.194445367,-1.214209017
20080103,-0.602463308,2.014504376,-0.344709062
20080104,-0.699303549,1.844771131,-1.601148024
20080107,1.168793878,2.063390029,1.894226417
20080108,-2.408919879,1.981910715,-1.876684096
20080109,0.663178696,3.031594967,0.838432859
20080110,1.403471014,2.680283164,1.089881907
20080111,-4.144127176,11.50172879,-6.909119507
20080114,0.547746485,2.994252487,1.245893727
20080115,-1.458801606,3.110204407,-2.134788468
20080116,-2.004605704,3.28316545,-2.65777589
20080117,-0.995604624,3.7376235,-0.72853083
20080118,-0.142945657,3.725065927,0.881231756
20080122,4.111636138,11.13763438,-0.09541075
20080123,2.811161308,9.063891114,1.233295207
20080124,0.912228238,4.53225884,1.738524019
20080125,-0.854431217,2.495746623,0.425335824
20080128,-0.313173088,10.62464206,-6.047469764
20080129,-0.901613321,2.204434154,-0.432220712
20080130,0.07847754,2.902204743,0.393005025
20080131,5.845570181,5.055361756,4.879950303
20080201,1.683995696,3.491061802,1.215961518
20080204,-0.231556626,2.235852606,-0.508718666
20080205,1.714889985,4.360635838,-0.194922789
20080206,-0.714255622,1.075375882,-0.19530348
20080207,1.972925569,3.849495628,1.487668924
20080208,1.393057354,2.573685018,2.078586294
20080211,0.744631799,3.00559785,0.501793168
20080212,-0.088691802,1.54534461,0.730255271
20080213,-0.008837435,1.740644767,0.398495103
20080214,-1.634037875,2.33243284,-1.846370964
20080215,-0.108499106,1.604186842,-0.487321603
20080219,-0.125752285,1.142509261,0.649235824
20080220,2.013370185,1.579474193,1.001618104
20080221,-1.829319305,1.740631711,-1.687046473
20080222,0.856748714,3.281572093,0.775267563
20080225,0.823491943,3.378452407,0.733652749
20080226,0.908368522,1.805789074,0.551161498
20080227,-1.710055548,1.872063116,-1.843122767
20080228,-0.611901996,1.776074441,-1.437041555
20080229,-0.276625349,1.676918076,-0.790954183
20080303,-1.492008281,4.154021829,-1.73237079
20080304,1.221245803,3.549291245,0.618153134
20080305,0.594907871,2.216285481,0.744189481
20080306,-1.589858607,2.811966757,-1.701134583
20080307,-0.410756655,4.267645211,-1.529357759
20080310,-1.62335238,4.862883636,2.896292253
20080311,-0.73462222,3.508106138,0.88873016
20080312,-1.111328348,2.04302106,-1.037622799
20080313,2.545323689,3.838325694,2.246871686
20080314,0.054729546,6.045886963,-0.145799187
20080317,1.730758752,4.653395344,-1.155658097
20080318,0.438918042,3.560059669,1.100928551
20080319,-2.669771012,2.579444407,-2.232771045
20080320,1.210232333,2.105456927,1.592036587
20080324,2.340242856,1.600933823,2.395324102
20080325,1.36945528,2.035016985,0.848105784
20080326,-0.769441033,2.158932269,-1.027574605
20080327,-0.718652033,1.843530889,-0.377936201
20080328,-0.467795024,0.885352252,-0.018032639
20080331,-0.017938829,0.812425206,0.521630826
20080401,1.574557077,1.502511701,2.182679144
20080402,-0.616036446,1.121875081,-0.580936411
20080403,-0.505701295,1.30109914,-0.753182418
20080404,-1.001080938,1.234013793,-0.99218691
20080407,-0.877277133,1.190214801,-0.08987149
20080408,0.844038413,0.830525598,0.555905673
20080409,0.017935611,0.814299263,-0.286533147
20080410,-0.107392171,0.45964492,0.1433692
20080411,-0.467963417,0.807961633,-0.736949502
20080414,-0.05403945,0.600943125,0.126205732
20080415,0.32188869,0.732823952,0.914722547
20080416,2.033488865,1.109848466,1.979912651
20080417,0.279378565,0.728646425,0.384347084
20080418,0.931523037,0.837718799,1.539956031
20080421,0.701997575,0.602023173,0.63329266
20080422,1.553094203,3.130857489,-0.358944065
20080423,0.529418024,1.84361746,0.529418024
20080424,1.524419764,1.768792903,1.319816112
20080425,-0.008372755,1.070026823,0.377501392
20080428,-0.167616533,0.732274978,-0.175989989
20080429,1.236027094,0.672500588,1.051323826
20080430,-0.802411527,1.447877989,-1.101663621
20080501,2.358521548,1.459839471,2.224158074
20080502,-0.131233615,0.678653457,0
20080505,0.22214004,1.128411295,-0.131406064
20080506,0.016513913,0.693552704,-0.461285826
20080507,-1.721443027,1.46206099,-2.068809186
20080508,0.301861708,1.177683896,0.67204554
20080509,-0.345423487,0.680451401,-0.79855844
20080512,2.400746609,0.922989132,2.779806154
20080513,0.49228849,1.109887146,0.286873686
20080514,-1.242660932,1.005196746,-1.169026238
20080515,0.709164348,1.388352285,0.775389515
20080516,-0.609205803,0.989712336,-0.494234943
20080519,-0.140478476,0.695353196,-0.140478476
20080520,-1.015913476,1.266945787,-1.206287245
20080521,-1.954569385,1.272665643,-1.637029216
20080522,-0.731980458,1.554213717,-0.409207732
20080523,-0.69891134,2.038461699,-1.350267774
20080527,0.716725144,1.544777056,0.630100052
20080528,0.580404497,1.456642581,1.095338694
20080529,1.421704576,1.328099567,1.276918961
20080530,-0.177043422,1.048995325,-0.421017799
20080602,-0.934665654,0.81983427,-1.162754454
20080603,-1.584873828,1.500415817,-1.687367858
20080604,0.536287074,1.404010306,0.640417593
20080605,0.034482759,1.269178794,0.086229203
20080606,-1.446900514,1.809653237,-1.844171958
20080609,1.836786333,2.129926604,4.110992497
20080610,1.0765453,2.077183371,0.722024797
20080611,-1.352057102,1.578854622,-1.687234221
20080612,0.608109982,1.088593424,1.032594871
20080613,0.702931765,1.014036373,0.97202039
20080616,0.552718935,1.518207634,-0.15021283
20080617,-1.584340948,1.514202231,-1.167638954
20080618,-1.516342198,1.148283874,-1.575506295
20080619,0.977457838,1.870250988,0.599060414
20080620,-1.528725198,1.506253639,-1.981969229
20080623,-1.011518914,1.922438807,-0.698692799
20080624,0.175561843,3.232710929,-0.070138526
20080625,1.510052125,2.632431211,1.80780171
20080626,-2.225624153,2.346428584,-2.830377616
20080627,-0.768317463,2.800909976,-0.053177348
20080630,-0.567981648,2.618065453,-0.390833683
20080701,2.652675433,3.095602887,1.973980204
20080702,0.191921894,2.101997222,0.122089489
20080707,-0.313534484,2.431542603,0.227054503
20080708,1.601963463,1.50489534,2.071897319
20080709,1.068984473,2.718311072,1.239720386
20080710,-0.970633419,3.219744396,-1.376519313
20080711,-0.573864717,5.109431752,-1.900212643
20080714,0.465558217,3.439046911,1.368342126
20080715,1.263283246,4.239253361,0.719920833
20080716,2.780999984,2.911374986,2.71265896
20080717,1.225781452,4.108828873,0.282181281
20080718,-0.231634783,1.931110668,0.066280036
20080721,-0.916138664,3.386937431,-1.015575198
20080722,0.735543269,2.625124939,0.467446594
20080723,-1.990445544,17.84339265,-0.584650458
20080724,-0.640343704,2.739073946,-2.227678619
20080725,0.247535443,3.121627748,0.469985911
20080728,-1.323157031,2.161051375,-1.442580401
20080729,2.515483047,1.605823253,3.350938576
20080730,0.797081603,2.935921795,1.13108325
20080801,-1.113615763,2.344975789,-1.047478195
20080804,1.353223091,2.121539565,1.336507671
20080805,2.597970436,1.129838205,2.853272201
20080806,1.116426125,2.335949403,-0.385418817
20080807,-0.032336298,1.989433576,-0.500041368
20080808,5.402487799,5.900052921,5.902529167
20080811,1.627170082,3.243148636,0.585174752
20080812,-1.398406878,3.89074174,-3.195159981
20080813,-1.586645749,2.556965824,-1.688403027
20080814,2.273728606,2.726889681,1.21788773
20080815,-0.564618815,1.922819235,-0.047173521
20080818,-1.005823347,2.014356509,-0.425566093
20080819,-0.431207248,2.102205827,-1.319678902
20080820,-0.136059887,2.182127814,-0.080057646
20080821,0.579431848,1.537427054,-0.192400252
20080822,0.847630535,1.723845289,1.710531383
20080825,-1.50162566,1.14467932,-1.999827632
20080826,0.499960722,2.315897019,0.048274198
20080827,0.258064659,2.140163718,-0.128783018
20080828,1.410505834,1.04272458,1.200879054
20080829,-1.090103773,1.034930956,-1.265332811
