20020102,0.179280366,2.194971498,-0.823958792
20020103,-0.042780749,0.868483391,-0.333205486
20020104,0.649352931,1.184296442,0.486618965
20020107,-0.953246945,0.84495474,-1.311578529
20020108,-0.545054773,1.151286913,-0.536426273
20020109,-0.469443616,1.618277508,-0.44342115
20020110,-0.828344532,3.231363627,-1.536668074
20020111,0.511059355,2.221929404,0.679044895
20020114,-1.800092942,1.146995586,-1.791304437
20020115,-2.042916569,1.939290972,-2.042916569
20020116,-4.621284316,14.59344668,-5.538721943
20020117,-0.210345235,8.932910487,0.84583357
20020118,2.318533003,7.371003052,2.28981525
20020122,-1.214968216,2.910127686,-0.515827638
20020123,0.747317817,3.312530206,1.029008144
20020124,1.983917433,3.194555582,1.844220088
20020125,1.903093231,4.443581611,1.765950352
20020128,-0.00904609,1.014744287,-0.774988109
20020129,-1.66077364,2.348420629,-1.696966185
20020130,1.809297645,11.09595614,1.089006415
20020131,0.662224038,5.850159479,0.662224038
20020201,2.02441479,3.04763482,2.385426012
20020204,-2.554555173,1.685630609,-3.147818524
20020205,-1.199153918,3.400987685,-1.071684175
20020206,0.392820128,3.931329481,0.998771303
20020207,-0.673464504,3.196412045,-0.155116597
20020208,1.924532892,5.612356558,1.549435247
20020211,3.280441913,2.520595906,2.630971832
20020212,0.21030502,2.048139845,0.048155851
20020213,0.963089306,2.024461175,1.364941861
20020214,0.772867737,1.712047541,0.936795128
20020215,-1.597560387,2.085699819,-1.204833852
20020219,-1.299002617,1.700099217,-1.342302033
20020220,2.714785897,3.400343675,2.837560621
20020221,-0.882346068,1.803556932,-0.87381692
20020222,2.418579952,2.046211557,2.237724716
20020225,1.144683928,2.460008524,1.270813859
20020226,-0.535207834,2.515259747,-0.92643487
20020227,-0.318631831,2.598930733,-0.159442823
20020228,-0.970267051,1.410945421,-0.945074961
20020301,3.116459004,2.494325096,2.478566133
20020304,2.543032979,2.010313362,1.762557413
20020305,-1.132103154,2.245855507,-2.243407286
20020306,0.577321191,1.377526921,1.049900108
20020307,-0.255849601,2.335716081,-0.486378272
20020308,0.090583446,3.359049686,0.395876806
20020311,-0.414079267,0.789812134,-0.818220194
20020312,2.062614707,1.945735991,0.809988725
20020313,-1.139176794,1.674500461,-1.213290521
20020314,0.373832211,1.198096286,0.486254932
20020315,0.570273044,0.825364297,0.611723822
20020318,-0.408998525,0.824896554,0.542452222
20020319,-0.712154608,0.973028787,-0.221556731
20020320,-1.399550814,0.90033395,-1.506401603
20020321,-1.42679718,1.832498643,-1.351769041
20020322,-1.425973016,1.903670152,-1.722269529
20020325,-1.006157175,1.740922588,-0.500044149
20020326,0.99888887,1.876705575,0.869159122
20020327,0.085543205,1.269164875,0.205426761
20020328,-0.736412252,3.938730322,-1.681436467
20020401,0.104157635,1.325346985,0.234507425
20020402,-0.312798934,1.897720201,-0.312798934
20020403,-0.388933576,1.102368686,-1.755817208
20020404,1.00773147,1.299502625,1.131647223
20020405,1.5210676,2.15207772,6.521148524
20020408,2.208136822,1.748936836,1.417423535
20020409,1.03802984,1.004544347,1.03802984
20020410,0.818492774,1.37948966,0.167966446
20020411,-1.052345334,1.29946303,-1.044353965
20020412,-1.509523875,1.266665402,-1.251438403
20020415,-1.64780627,1.515265008,-0.582279088
20020416,1.539115032,1.593827376,2.292969798
20020417,-0.387847933,0.94293665,-0.709909403
20020418,0.218561628,1.938227137,0.121364148
20020419,0.51376849,1.299968482,0.981662212
20020422,-0.175845301,3.447270511,0.088038743
20020423,-0.409622676,2.390717118,-0.601807233
20020424,1.20049461,1.456082901,1.160245062
20020425,1.524322941,1.028638698,0.965885112
20020426,-2.013036906,1.395197961,-1.989402763
20020429,-0.868617711,1.321136522,-1.432816838
20020430,2.448575938,2.172528559,2.440422324
20020501,0.182662958,3.337536021,0.27809799
20020502,0.932297185,1.385791627,0.892616219
20020503,0.47430919,1.654958906,-0.283509404
20020506,-1.477957799,1.535179326,-2.031537703
20020507,0.161199358,1.593840767,-0.064407055
20020508,0.543900342,1.641408596,1.688966303
20020509,0.214175309,1.080554084,-0.067330735
20020510,0.315956029,1.273253877,0.47430919
20020513,1.073131357,1.214886988,1.214986531
20020514,0.540541857,1.267824914,1.161903079
20020515,-0.084971617,1.163142004,-0.347155604
20020516,-0.069522231,1.102825261,0.007727677
20020517,0.84929479,0.993653505,0.508710824
20020520,-1.364997151,1.108171526,-1.557386298
20020521,-1.034167788,1.183954493,-0.846931035
20020522,0.463673274,1.296961703,0.440044714
20020523,-0.015565414,0.867500442,0.734320931
20020524,-0.848089114,0.724184989,-0.389924849
20020528,-1.56253179,1.230623219,-0.768691525
20020529,-1.868473327,1.015481244,-1.483388958
20020530,0.470889573,0.982494743,0.366943615
20020531,0.175006011,0.848088521,0.182968111
20020603,-0.584867268,2.119208261,-1.094828533
20020604,0.440970849,2.120702765,0.440970849
20020605,0.614110476,1.58169569,0.614110476
20020606,-1.899171629,1.184483626,-1.732339416
20020607,2.062263554,1.377064268,0.669222413
20020610,1.269934403,1.28035101,1.245823492
20020611,-0.541144087,1.167352212,-0.541144087
20020612,1.662746146,3.204728587,1.606873534
20020613,-1.264838997,1.936903554,-1.304108583
20020614,0.717420375,4.725235671,0.158982545
20020617,0.924286708,1.398179453,1.003683298
20020618,0.423065501,0.940544955,0.580211758
20020619,-0.250273868,1.532832359,-0.164312857
20020620,-0.424929818,2.763131268,-0.699385979
20020621,-1.281042339,1.823448527,-2.160221104
20020624,0.193345746,2.956364836,0.120797277
20020625,-1.906358217,1.819153514,-1.320552264
20020626,1.430710147,7.359932989,-0.106074833
20020627,2.050277647,2.974707908,2.15635248
20020628,-0.930615658,2.058316611,-1.740856343
20020701,1.57794201,3.842040575,3.789087371
20020702,-1.335407621,2.952517827,-1.609756216
20020703,-0.29345304,4.497166853,0.151027412
20020708,-0.146712508,1.696855991,-0.354829129
20020709,-0.925680446,1.457028786,-1.126794375
20020710,-3.174869831,3.850898116,-3.143614948
20020711,-0.451097751,6.933220081,-1.913349638
20020712,-1.315808458,4.662201798,-0.701178373
20020715,-0.845936616,7.190874286,-1.593758963
20020716,-1.362430568,7.462411748,-2.538466797
20020717,-0.596000061,6.708247508,1.02142427
20020718,-0.401315485,3.178994187,-0.188050316
20020719,-6.893164012,9.772102687,-7.09014091
20020722,-0.557155389,17.96175469,0.275153801
20020723,0.691298709,10.86212566,2.344529204
20020724,6.862896287,13.87877781,6.862896287
20020725,0.342480392,11.74069178,0.175270253
20020726,0.141625383,5.783420428,0.166638932
20020729,4.042092807,4.422504381,5.348868495
20020730,-0.912451286,5.952747771,-0.99929454
20020731,1.094828533,5.100745542,0.286533147
20020801,-2.653662711,4.051979685,-3.107720129
20020802,-1.457944976,4.66350477,-1.761759309
20020805,-2.505633029,3.049018154,-2.689379844
20020806,2.502215618,3.875335055,3.98271573
20020807,0.332806022,7.287398456,1.634023285
20020808,2.955721507,4.46325728,2.093015741
20020809,0.445399607,3.420639773,0
20020812,0.462926838,2.559531774,-0.34182632
20020813,-0.956560487,3.338006937,-1.419487325
20020814,2.01978686,5.070221384,2.173130177
20020815,0.292063198,5.190340017,0.268350595
20020816,0.039502272,3.188998571,-0.213043044
20020819,2.319908443,1.4814464,2.106410556
20020820,0.256480147,1.558773923,-0.360290947
20020821,-0.201753774,2.371663608,-0.069883918
20020822,-0.977677804,2.486697643,-1.179839447
20020823,0.222046086,1.693608303,-0.781161506
20020826,0.677488018,1.655549171,0.89113795
20020827,-1.323900109,2.153073037,-0.440633335
20020828,-0.931795059,1.76594114,-1.453617875
20020829,0.329569046,3.399739119,-0.296486455
20020830,0.064184855,2.039957399,0.056159494
20020903,-2.987992132,1.955946681,-3.817538226
20020904,0.490054554,2.741962926,0.565020199
20020905,1.38531799,2.604975639,-0.024860162
20020906,0.834292423,1.438274518,1.733601318
20020909,1.35537521,1.450141024,1.037202395
20020910,0.882759926,1.667601024,0.890820866
20020912,-1.146027904,1.705195154,-1.275247758
20020913,-1.819886442,1.646689455,-2.098210132
20020916,-0.828075494,1.140668566,-0.611264202
20020917,-3.11667471,3.04713178,-2.122140584
20020918,1.590237177,2.45366575,1.67599312
20020919,0.367631757,3.06606298,-1.145487897
20020920,1.060437475,2.411927391,1.918665966
20020923,-0.348358396,3.537688391,-1.654465019
20020924,-2.566929834,3.762550879,-3.834612763
20020925,-0.938891642,2.303081676,0.317881062
20020926,1.532063393,1.874450561,2.033317575
20020927,-2.812151497,3.358856023,-2.812151497
20020930,-1.829126997,3.961806916,-2.318996603
20021001,4.924152956,4.183208304,5.630933716
20021002,-0.600916243,2.17616554,-1.611680323
20021003,0.461894586,7.024934966,0.461894586
20021004,-0.947380081,6.866939081,-0.435692568
20021007,-3.203326107,6.378499409,-3.203326107
20021008,1.142667112,6.959973024,2.352630339
20021009,-0.390868402,6.229550864,-1.053619911
20021010,3.520167817,6.685769314,3.63581076
20021011,2.195117785,4.279715646,3.126310708
20021014,0.747822347,2.365105665,0.489607218
20021015,0.839547802,2.294675451,3.4137451
20021016,-1.45046862,1.616412791,-1.44646854
20021017,-0.199752374,1.75062476,1.474465741
20021018,1.11473146,1.699107712,0.28751717
20021021,3.677902771,4.770537593,2.659898708
20021022,0.584227562,2.079924101,-0.015532774
20021023,1.244184012,3.88517138,0.503584252
20021024,-3.18705281,2.216117693,-2.916938812
20021025,1.929218594,2.734232588,1.594476909
20021028,-2.30203307,2.496412234,-1.825488284
20021029,0.598207168,3.162276621,0.286692878
20021030,1.026054779,1.817847376,1.264339245
20021031,-0.314638819,2.39515397,-0.330344803
20021101,1.348511223,2.595697443,1.159251644
20021104,-0.567586953,1.21505545,-0.124678579
20021105,0.450766287,1.33384492,0.552079471
20021106,0.987509954,3.312587854,1.003017436
20021107,-1.669152422,2.066853771,-1.492738186
20021108,-0.093523505,1.30721929,-0.062358721
20021111,-1.523749243,1.011079166,-1.492565022
20021112,0.982828212,1.877470387,1.148895231
20021113,1.370581818,2.644210144,0.585093529
20021114,0.154083235,1.193350212,1.036920225
20021115,0.115897251,0.786712102,-0.308404254
20021118,-1.841329264,1.087857028,-1.53292501
20021119,0.461641601,1.320652036,0.445957786
20021120,1.00707358,1.216675654,0.498365772
20021121,1.732878666,1.20980695,1.717342272
20021122,-0.630092756,1.280364911,-0.951292176
20021125,-0.248177574,0.997690649,-0.734984547
20021126,-0.903477377,1.489700652,-2.492365341
20021127,2.634302484,1.208699511,3.14252243
20021202,-1.507857681,1.787325841,-1.161903079
20021203,0.453515517,1.247306478,-0.132538124
20021204,-0.093779313,1.866182453,-0.218681749
20021205,-1.850373647,1.271524084,-1.631691898
20021206,0.836824967,1.8938869,0.135011735
20021209,-1.503908034,1.002720884,-1.54359845
20021210,0.561348707,1.156551208,0.786773487
20021211,-0.320256479,1.469798918,-0.280280464
20021212,-1.3579414,1.406081288,-0.877940479
20021213,-1.142216873,1.17279031,-1.417654506
20021216,1.287711355,0.729451747,1.320527829
20021217,-1.616889708,0.648425737,-1.649286242
20021218,0.016561775,1.380896544,-0.577940842
20021219,-0.016583748,1.517518672,-0.149154817
20021220,2.396984155,1.410841654,2.893304141
20021223,-0.290979837,0.823116973,-0.476441326
20021226,-0.194615696,1.234465297,-0.186514266
20021227,-1.520879683,1.222007362,-1.496531998
20021230,1.0304311,1.23811275,1.260864911
20021231,0,1.328802191,0.235667087
20030102,2.609191633,1.741865259,2.706546825
20030103,0.063346269,1.126484804,-0.197698851
20030106,1.178391587,0.925451418,0.678450062
20030107,0.678610669,1.26476764,-0.023589542
20030108,-1.070376919,0.686508514,-1.353886323
20030109,1.254009098,1.114043783,1.691472512
20030110,0.166001382,1.755800941,-0.77105024
20030113,-0.063211127,1.358853918,-0.071109709
20030114,1.059872532,0.626028349,1.202041421
20030115,-0.752885683,1.199035608,-0.799753361
20030116,-0.739113288,1.103959324,-0.252226822
20030117,0.571611591,0.999961518,-0.308264086
20030121,-0.981952775,1.401789146,-0.523852297
20030122,1.12165473,1.023023598,1.30452101
20030123,1.022208581,1.343958377,1.171339333
20030124,-1.445089154,1.30324356,-1.88078579
20030127,-0.621466425,1.348731008,-1.025731571
20030128,0.398406901,1.275261866,0.502253218
20030129,1.207897712,1.825697679,0.673670073
20030130,-1.877426823,1.59339257,-2.075094411
20030131,0.709108531,1.948127352,0.434538384
20030203,-0.49481346,0.641485292,0.360678466
20030204,-0.783430894,0.91025316,-1.337004452
20030205,-0.671713771,1.188295606,-0.146056501
20030206,-0.30033709,0.990743456,-0.113747169
20030207,-1.03156501,0.914344817,-0.431790153
20030210,0.886004577,1.582675972,0.886004577
20030211,-1.187844761,0.860221788,-0.446085334
20030212,-0.984989037,1.157592095,-0.636061836
20030213,-0.07349639,1.994990094,0.138974067
20030214,1.619892777,1.740540489,2.165741214
20030218,1.19952187,1.280558266,1.231493735
20030219,-0.586233161,0.899089936,-0.617823747
20030220,-0.900871082,0.778324457,-0.789698197
20030221,0.99108839,0.982190637,1.494344634
20030224,-1.066209973,0.623203536,-1.382290837
20030225,1.000208378,1.432844574,0.470851993
20030226,-0.742607317,1.139488716,-0.663021161
20030227,0.42901472,1.576091748,1.092035881
20030228,-0.826122738,1.780414155,-0.612303611
20030303,-0.789761195,1.007663893,-0.407625549
20030304,-0.925373733,0.587846261,-0.933383024
20030305,0.956253018,1.410914718,1.077440671
20030306,-1.070993045,1.606697652,-1.223059984
20030307,1.366837568,2.253228869,0.782230512
20030310,-1.565589707,0.991812349,-2.283074344
20030311,-0.872074634,1.537199106,-0.543882676
20030312,0.189636038,2.061062625,0.313505743
20030313,1.98026273,1.546608236,3.289610404
20030314,-0.167204147,2.096651917,0.023909145
20030317,3.289279618,3.183727211,3.137758396
20030318,0.470879715,1.958096572,0.277628003
20030319,-0.184842936,1.419071153,-0.100165667
20030320,1.04672702,1.509252722,0.683750215
20030321,2.197063771,2.01347296,2.83814053
20030324,-1.141999469,0.652220056,-2.845797204
20030325,1.248113615,1.957793156,1.232798506
20030326,0.281294138,1.286746395,-0.37887444
20030327,0.869438058,1.432997373,-0.022778179
20030328,-0.420409562,1.144935145,-0.869438058
20030331,0.100026939,1.243664313,-0.399110208
20030401,0.766874924,2.027375084,0.666847985
20030402,1.007754637,0.858011055,2.071594457
20030403,-0.022447529,1.132365254,-0.00748307
20030404,0.007470771,1.191914369,0.171969088
20030407,-1.877462678,1.606993798,-1.066476499
20030408,0.601731789,1.162642552,0.684753795
20030409,-1.388911216,2.385362405,-1.351422931
20030410,0.938192552,1.250249691,0.930591168
20030411,0.007530404,1.913610065,0.007530404
20030414,0.217955067,0.777384667,0.300752106
20030415,0.480048927,0.733861434,0.329785938
20030416,-2.554701476,1.5459647,-3.774320598
20030417,0.756877262,1.385888096,0.989724309
20030421,-0.161631746,1.298394315,-0.115477899
20030422,0.626185804,1.446775824,-0.046228524
20030423,-1.398624197,0.979160337,-1.522004842
20030424,-0.965273734,0.844453892,-1.593219283
20030425,-2.037025469,0.648080308,-2.283791764
20030428,3.041450921,1.190858488,3.130885457
20030429,0.299732043,1.169057722,0.094555204
20030430,-0.727218445,1.765158621,-0.727218445
20030501,-0.42337404,1.090908187,-0.900512122
20030502,1.647641848,1.474028501,0.908445167
20030505,-0.940920745,2.056966628,-0.988528458
20030506,-0.891054903,1.424920816,-1.550168293
20030507,-0.786566939,0.957552393,-1.0880788
20030508,1.555495956,1.757405947,1.250680462
20030509,-0.333184657,0.77585494,-0.203293422
20030512,1.350552249,1.147575658,1.326129243
20030513,-0.145678239,1.081660504,-0.822717981
20030514,-0.647251451,1.295305271,-0.218916048
20030515,2.179452524,1.096092038,2.195684973
20030516,-0.254574521,0.58700084,-0.314146794
20030519,-0.971154147,0.74838493,-1.24235157
20030520,-0.024031722,1.002194942,0.667178231
20030521,-0.687176802,1.14377876,-1.249562794
20030522,1.047129987,0.897748296,1.233538437
20030523,-1.093786037,0.861204926,-0.91765918
20030527,2.861241557,0.997329392,2.041132214
20030528,-1.318421131,0.867461267,-0.899365368
20030529,-1.544680753,1.271711847,-1.400876303
20030530,1.916991611,0.888160901,2.450671215
20030602,-1.728007487,1.040772617,-1.057790115
20030603,0.81204172,1.214246692,0.836025412
20030604,0.743262693,1.533984596,0.64806992
20030605,-0.682055146,1.712793017,-1.01346869
20030606,-0.599040177,1.494361019,0.658340668
20030609,-0.16626424,1.116815993,-0.229530355
20030610,-0.62423655,1.019653478,-0.031700745
20030611,1.480691776,0.934733945,1.377594896
20030612,-0.101218524,1.270776193,0.358982749
20030613,-0.522764816,0.673801396,-0.421546292
20030616,1.468682193,0.597352535,1.929170811
20030617,-0.168983833,0.730494137,-0.184331849
20030618,0.930665044,1.238496719,1.237696295
20030619,-0.262203034,1.478589648,-0.224245167
20030620,-1.027601811,0.910177914,-0.537953645
20030623,-0.730463438,0.737980989,-0.860616961
20030624,0.385149143,0.628227477,0.377431605
20030625,-0.431932796,1.281644785,-0.539625115
20030626,0.963955797,0.983170856,0.71629682
20030627,-1.197156603,0.967702881,-1.235536953
20030630,0.023298257,1.281822101,0.062140751
20030701,-0.073681969,1.238140143,0.081501179
20030702,0.719010404,1.00541823,0.715130901
20030707,0.547312987,0.835834616,1.315502992
20030708,-0.107858254,0.877919375,-0.269427822
20030709,-0.51731575,1.215494478,-0.424858698
20030710,-0.038767203,0.524180744,-0.178204828
20030711,0.255685259,0.577813989,0.216903021
20030714,-1.056823197,0.904974102,-0.216903021
20030715,-1.457164211,1.42201269,-0.676966364
20030716,-0.492631094,0.904241322,-0.398983514
20030717,0.283063564,0.929954865,-0.164751145
20030718,1.214386274,1.085029244,2.105504498
20030721,2.562814357,1.739488598,4.715234222
20030722,0.876237808,1.289735624,0.876237808
20030723,0.471100708,1.296393479,0.54377513
20030724,0.158148261,0.717972947,0.663017707
20030725,1.203761108,1.183173568,1.440515532
20030728,0.106477384,0.458746605,-0.20553535
20030729,-0.663885081,0.637826152,-0.948077102
20030730,-0.107538455,0.777018104,-0.150521478
20030731,0.157469076,1.118927478,0.293664932
20030801,-0.258583681,1.131818631,-0.559421957
20030804,0.788139066,1.440276825,0.773753681
20030805,-0.7532587,1.184421132,-0.896095462
20030806,-0.339436284,1.10975036,-0.461927924
20030807,0.59982113,0.578319756,0.404303489
20030808,0.746165035,0.531899699,0.79658823
20030811,1.434072568,0.693061047,1.398326365
20030812,1.398624197,0.581966119,1.490215425
20030813,0.346500693,0.278497316,0.381216889
20030814,-0.603214286,1.006227019,-1.681298106
20030815,-0.189188299,0.587084916,0.309075829
20030818,1.303744893,0.776558234,1.247620295
20030819,0.02078066,0.547422978,0.006926407
20030820,0.041721717,0.485543161,-0.374714199
20030821,0.450217211,0.745552004,0.596106291
20030822,-1.500564062,0.887476764,-0.811856105
20030825,-0.292764743,0.470726111,-0.195271699
20030826,0.905613992,0.699914134,0.660986926
20030827,-0.634480079,0.255882958,-0.856640681
20030828,-0.084127879,0.59543949,-0.273157235
20030829,0.021087407,0.334143415,-0.210629861
20030902,-0.55472726,1.085667097,-1.45843293
20030903,1.733023037,0.674593672,1.68308902
20030904,-1.720822834,0.951579098,-1.840108537
20030905,-0.510443612,0.831598383,-0.904074465
20030908,-0.880300078,0.861561848,-0.549293084
20030909,-0.116346726,0.786442264,-0.392128888
20030910,-0.467222342,1.137596347,-0.569136888
20030911,1.532068449,0.767847798,1.539385612
20030912,-0.094008757,0.915538921,-0.404332681
20030915,-0.064979606,0.705169746,0.173485659
20030916,1.410541412,0.653852249,1.569305969
20030917,0.114057611,0.654864794,-0.206398422
20030918,0.942166853,0.538883437,1.041860659
20030919,-0.316400334,0.574549512,0.119790029
20030922,0.776840065,0.660884531,0.10557805
20030923,0.442680693,0.574584203,0.337102644
20030924,-1.007511957,0.653893558,-0.993490645
20030925,0.297113971,0.743928275,0.247533632
20030926,0.237231482,0.87759539,1.347105195
20030929,-1.939070098,1.464750512,-2.141379281
20030930,-1.180039596,1.588199608,-70.95863003
20031001,1.42047843,1.289468975,2.600518026
20031002,0.379560447,0.857127585,0.520504798
20031003,-0.164181183,1.335543853,2.439483412
20031006,-0.505776487,1.311581838,-0.082191785
20031007,0.588599331,1.376624298,0.410285039
20031008,-0.739932124,0.924117651,-0.767232151
20031009,0.901915041,0.62155107,1.846415937
20031010,0.148538276,0.697538983,0.060738993
20031013,-0.040249548,0.512844541,0.551706977
20031014,0.389392906,0.584732418,0.134102206
20031015,-1.279048066,0.862982914,-1.104983619
20031016,-0.284958467,1.326906943,-0.284958467
20031017,0.514348725,1.401012401,0.650144509
20031020,0.331895426,2.265046854,1.845959319
20031021,-0.660329922,1.10380434,0.026504108
20031022,0.449438959,0.848034936,0.462688379
20031023,0.820327437,1.164212851,0.092281333
20031024,-0.329793848,0.917518248,-0.277099867
20031027,0.052826203,0.411446993,0.079249773
20031028,1.329182978,1.202807108,1.97404933
20031029,0.866926566,0.930956465,0.477821016
20031030,0.205180888,1.134616988,0.565263581
20031031,0.483031319,0.635943698,1.01963667
20031103,-0.291711793,0.873945457,-0.164985125
20031104,1.087517041,0.593241616,0.985852272
20031105,-0.415958248,1.068925146,-0.428536073
20031106,1.366072344,0.807300387,0.541665367
20031107,-0.743497849,1.361482802,-0.680703498
20031110,-0.316756679,0.684086244,-0.3294061
20031111,-0.355781824,0.69317754,-0.305033282
20031112,0.482908551,0.372376932,0.406504625
20031113,1.098287881,0.55558972,0.971432606
20031114,-1.780687324,0.806561103,-1.47982211
20031117,0.012798362,1.086500012,-0.434172563
20031118,-1.261277982,1.068118852,-1.197310731
20031119,-0.143052238,0.623008114,-0.480364442
20031120,0.980720512,1.407205081,0.013013208
20031121,0.724828439,0.857435252,0.893846226
20031124,2.031815928,0.542511739,2.559182254
20031125,-0.415958248,0.788971992,-0.47883156
20031126,-0.163758933,0.700322443,0.189286447
20031201,2.582711223,1.323000972,3.163008045
20031202,-0.579211675,0.636922457,-0.824670807
20031203,0.024703557,0.585591479,0.074128988
20031204,0.592887112,0.759660883,0.283653147
20031205,-0.098960919,0.58223723,-0.493828164
20031208,1.352202533,0.780016705,1.352202533
20031209,-0.085298244,0.709903609,0.158604316
20031210,-1.410633633,0.735923126,-1.325335389
20031211,0.073873434,0.709719362,0.369914109
20031212,-0.073592546,0.862055221,0.307219904
20031215,-0.778403347,1.165461817,0.489597061
20031216,1.236229536,0.852243142,1.358255177
20031217,0.58869636,0.70376471,0.552553958
20031218,-0.155809943,0.581260947,-0.131854979
20031219,-0.0713691,1.22741328,0.800434355
20031222,1.014040053,0.557508056,1.417793125
20031223,-0.64801405,0.725581717,-0.753654062
20031229,0.438883333,0.715850993,0.331950512
20031230,-0.142281267,0.441792472,-0.248859523
20031231,0.648931544,0.595937428,0.885954646
20040102,-2.00826665,0.850556247,-2.043554541
20040105,1.602313077,0.948257364,1.925879781
20040106,0.366192601,0.481380214,-0.141392742
20040107,-1.087681792,1.644318241,-1.904592746
20040108,-0.626659077,0.912408565,-0.590612215
20040109,0.10922994,1.706479715,-0.339065474
20040112,0.820467923,1.328592657,0.941694753
20040113,-0.120481942,0.949319686,-0.324968692
20040114,0.754991902,0.380805299,0.971754993
20040115,0.726150444,1.125459112,0.654491537
20040116,0.59855821,0.814810767,1.354794828
20040120,-5.779305419,3.440056636,-5.96670299
20040121,0.848765782,3.829586423,1.393793763
20040122,0.158449664,1.242432025,0.574047378
20040123,-0.862755215,1.008215622,-0.20725396
20040126,0.608200391,1.011347375,0.632605516
20040127,-0.691876281,1.114633225,-0.437531082
20040128,-2.773675497,2.072962544,-2.591138178
20040129,-0.626804108,1.81263868,-0.601807233
20040130,-0.138985429,1.227733581,-0.542211782
20040202,-1.134565042,2.155742638,-1.387761784
20040203,1.109210072,1.389334307,1.109210072
20040204,0.694666513,1.507793903,0.732696557
20040205,-0.126502231,1.406215896,-0.568004052
20040206,1.020095742,1.179179535,1.020095742
20040209,-0.565505748,0.861011727,-0.578036292
20040210,2.089888228,1.240387616,2.341619009
20040211,0.777158047,0.838705121,0.184490551
20040212,-0.529655731,0.657273412,-0.505082688
20040213,-1.616950652,0.887895216,-1.518197403
20040217,-0.112002998,0.878418218,0.699740454
20040218,-0.663041148,0.727136309,-0.800104281
20040219,-1.19490762,0.980724583,-0.806557618
20040220,0.439947916,1.268341188,0.88183993
20040223,0.799304867,0.784499341,0.824386383
20040224,-0.850962462,2.473079331,-1.025265295
20040225,-0.570886422,1.212809085,-1.226543795
20040226,-0.166123609,0.851324483,-0.52299373
20040227,-0.281546129,0.838931163,-0.204839401
20040301,0.39427714,0.717259696,0.956578941
20040302,-0.76287719,0.838699521,-0.547318874
20040303,0.801174248,0.797522561,0.76287719
20040304,-0.113974558,0.504193455,-0.038005955
20040305,-0.101574412,1.610666897,-0.253742841
20040308,-1.292983513,0.706231729,-1.420096788
20040309,0.231481585,1.234460239,0.308761341
20040310,-2.302241242,1.628309962,-2.405055799
20040311,0.026567482,2.362694088,-0.938601642
20040312,1.121753762,1.041086278,1.201413883
20040315,-1.576087191,1.808506866,-1.707406973
20040316,-0.088793055,2.252859137,5.06256039
20040317,0.201182012,0.75501228,1.022671624
20040318,0.804630944,1.407882847,0.313538853
20040319,-0.087669866,0.622809939,-0.062629175
20040322,0.768217367,1.445526954,-0.125376145
20040323,-0.501254182,0.934812794,-0.138095559
20040324,-0.188619987,1.201236416,-0.188619987
20040325,1.180504545,1.258524377,1.870378714
20040326,-0.684721007,1.327118372,-1.118024068
20040329,0.995033085,0.790854555,0.932552608
20040330,1.368280207,0.822228583,1.083220833
20040331,-0.085475309,1.206792001,0.220129721
20040401,-0.944966227,0.951006084,-0.932750994
20040402,-0.342047731,0.91002857,0.761580883
20040405,0.99624199,0.437741375,1.216264081
20040406,0.496639625,0.508658824,0.048344212
20040407,0.205549918,0.318283935,0.036242827
20040408,-0.689532763,0.624969148,-0.496459214
20040412,1.143144631,0.509253934,1.446156801
20040413,-1.422910779,0.849139059,-1.494724068
20040414,1.253744132,1.602593708,0.399976292
20040415,0.145067724,1.26475631,0.132970706
20040416,0.502934841,1.371440823,1.129141126
20040419,-0.226581696,2.668041459,0.047766898
20040420,-0.944926593,1.008598799,-0.658803365
20040421,0.992653011,1.615100546,0.980634503
20040422,3.932170517,1.586795585,3.634214275
20040423,1.859771201,1.260680096,0.891128941
20040426,0.228284542,0.520124166,-0.239139213
20040427,1.173200996,0.69290378,0.681743352
20040428,-1.247798229,0.790988781,-1.713152908
20040429,-0.659457472,1.25883265,-0.763185943
20040430,0.590929244,1.452581369,0.474785212
20040503,0.576370472,1.283049908,0.507030356
20040504,0.080957617,1.742366474,-0.576370472
20040505,-0.812540744,1.125154967,-0.812540744
20040506,-0.412031897,1.241014336,-1.207729987
20040507,-0.023685457,2.095249414,-0.401891794
20040510,-0.119617239,1.126795723,-1.047753364
20040511,0.727189233,1.123016975,0.763089431
20040512,2.106836124,2.002162107,1.403573198
20040513,-0.589972213,1.681692932,-1.036034697
20040514,-0.107328136,1.738208989,-0.819920225
20040517,0.4941853,1.564632959,-0.766562623
20040518,-0.24032696,0.802828421,-0.060135909
20040519,-0.749791879,1.822801742,-0.894265778
20040520,-0.267185002,0.862581711,-0.182249003
20040521,0.688949362,1.517120317,0.956134364
20040524,-0.45927081,1.746395666,-0.567737226
20040525,1.371697599,1.470168077,1.359582995
20040526,0.310077768,0.670335379,0.357867494
20040527,0.460204954,0.742566622,1.136644963
20040528,-0.578138593,0.698106932,-0.507525433
20040601,0.840390813,0.977674497,0.389725914
20040602,0.175387359,0.646316032,0.891815345
20040603,-0.751706617,0.689239142,-0.91539191
20040604,-0.470036118,0.982887714,0.094272927
20040607,0.376382472,0.6646975,0.329257118
20040608,1.509771787,0.631055685,1.062659617
20040609,-0.629886604,0.45630504,-0.734483045
20040610,0.955161601,0.347072915,0.9317561
20040614,-0.585824757,0.50490641,-1.353895564
20040615,-0.454784761,0.794834782,0.539084863
20040616,-0.37475158,0.646257476,-0.386439968
20040617,0.995033085,0.553052634,0.724810281
20040618,1.317938152,0.886833199,1.41108055
20040621,0.447787648,0.39582146,0.252351591
20040622,1.929102634,0.501598656,2.500271653
20040623,0.571270106,0.687319145,0.033513937
20040624,-0.562431179,0.423481444,-0.987773213
20040625,0.067697171,0.707598318,0.01127968
20040628,-0.359995889,0.615495129,0.078922153
20040629,1.243783192,0.583456907,1.198692446
20040630,0.033335186,0.488355812,0.233579996
20040701,-2.179127,1.223155525,-2.190237494
20040702,-0.898396899,0.993939607,-0.592256856
20040706,0.561187981,0.947652214,0.022844089
20040707,0.966191091,0.942291143,0.954769699
20040708,-0.897376386,1.574019321,-0.863445492
20040709,-0.682596507,0.829970766,-0.045651678
20040712,0.11386929,0.753309146,0.307745157
20040713,-0.365464089,0.470344001,-0.536316685
20040714,1.014311505,0.870697944,0.899829524
20040715,0.407378633,1.011235869,0.407378633
20040716,-1.568792402,0.882098075,-0.725380037
20040719,-2.919395653,5.444239657,-5.699114445
20040720,1.82859524,0.913459717,2.321118309
20040721,-1.684699947,1.067581819,-1.672934549
20040722,0.839635495,1.905376435,0.167364056
20040723,-1.395595317,1.243135447,-1.419487325
20040726,-1.180996255,1.374742997,-1.084120491
20040727,1.314811876,1.333057821,1.718161442
20040728,-1.27235888,2.558219197,-1.290418657
20040729,-0.703886401,0.986992596,0.134056446
20040730,0.267542419,0.996544332,0.279720462
20040802,1.543314934,1.214843365,1.494724068
20040803,-0.469512691,0.959121028,-0.853114216
20040804,0.894049691,0.671327126,0.325281896
20040805,-1.54513689,1.68286511,-1.918698812
20040806,-1.09562849,1.181594158,-2.081343716
20040809,-0.37664828,1.078169272,-0.476848689
20040810,-0.488692157,2.141406586,0.138269144
20040811,-0.100933645,1.026194915,-0.491092091
20040812,-1.620243392,1.061974046,-1.873024113
20040813,-0.641850727,0.994083164,-0.128700146
20040816,0.102314883,0.797058924,0.74416561
20040817,0.688602568,1.018751783,0.586287685
20040818,2.263197931,1.402499033,1.638554431
20040819,0.212939268,0.511006995,-0.087549252
20040820,0.825727199,0.695470682,0.42452305
20040823,0.249097152,0.673685799,0.16184255
20040824,-0.148809551,0.502471239,0.236068942
20040825,1.015362859,0.7806399,0.729524101
20040826,0.086137949,0.788040402,0.160029578
20040827,0.689403198,0.35200148,0.257969555
20040830,-0.245700369,0.485539023,-0.257969555
20040831,1.197033959,0.452382422,1.295386561
20040901,0.860872246,0.87078253,0.569043245
20040902,0.944055597,0.374121602,0.859509424
20040903,0.441765389,0.599371991,0.471684906
20040907,0.011875779,0.680341096,0.321142114
20040908,-0.464148408,0.859515767,-0.452274039
20040909,-0.357355949,0.306097338,-0.035793116
20040910,0.937191746,0.578246818,1.056452345
20040913,-0.106326432,0.488632761,-0.106326432
20040914,-0.889949511,0.31186872,-0.830865314
20040915,-2.314471682,1.201385654,-2.290636621
20040916,-0.182648453,0.516540465,0.060957027
20040917,0.328527399,0.4853491,0.328527399
20040920,-1.483870504,0.590934109,-1.690595208
20040921,0.34393843,1.001198348,0.750818962
20040922,-1.276586711,0.841223643,-1.706694901
20040923,-1.663344801,0.648031936,-1.850622463
20040924,-0.241193389,0.730136747,-0.02541619
20040927,-1.176183337,0.726844969,-1.176183337
20040928,1.02969193,0.736736219,1.670637593
20040929,-0.101509969,0.951151587,-0.380132237
20040930,1.601244576,1.307108294,1.486922556
20041001,-0.375704888,0.849059948,-0.313185348
20041004,-1.47052232,0.493233696,-0.907492994
20041005,-0.240948693,0.629069114,-0.278940209
20041006,1.866190014,1.182523975,2.964755264
20041007,-1.334433969,1.292148938,-1.841077005
20041008,-0.61623788,0.999301407,-0.478228951
20041011,-0.188857469,0.514355569,0.100870012
20041012,-0.633715682,0.510760127,-0.886081747
20041013,-1.944523365,1.15180954,-0.932497017
20041014,-0.744930236,0.995955081,-0.450190483
20041015,0.385604591,1.63303522,0.4886841
20041018,2.768342875,4.399066408,-2.296863445
20041019,-1.852999993,1.38848906,-1.042432083
20041020,1.563250225,2.887609383,1.748779035
20041021,0.815380173,1.605287974,1.114723144
20041022,-2.866645805,1.625807606,-2.519222178
20041025,0.265006118,1.83349829,-0.10580612
20041026,1.002911547,1.222969383,0.777701145
20041027,2.398133953,1.480497325,1.937515911
20041028,0.220450067,1.1151864,-0.581209256
20041029,0.750909795,0.932124481,0.42655012
20041101,-0.764202929,1.366757453,-0.802905116
20041102,-0.604310825,1.918502579,-1.335098365
20041103,-0.938601642,1.192028335,-0.793759955
20041104,3.204650941,3.177518925,3.536150283
20041105,1.810789897,2.266996256,4.217492505
20041108,-0.147528918,1.369606403,-0.098376791
20041109,-0.49122044,0.795818441,-0.061534677
20041110,-0.259179411,0.846822748,-0.382362476
20041111,0.698232763,0.874223681,1.228214899
20041112,0.729043326,0.845113766,0.826651924
20041115,-0.605695371,0.821134282,-0.363857284
20041116,-0.524487389,0.832886709,-0.646067951
20041117,0.292291037,1.459663211,0.560977081
20041118,0.328727392,0.781268017,0.04863222
20041119,-1.495859182,0.837667887,-1.617484106
20041122,-0.272142672,0.286278706,-0.272142672
20041123,-0.608735341,0.539290056,-0.59634914
20041124,0.149570014,0.286805834,0.049831819
20041129,-0.237188801,1.094149477,-0.187301047
20041130,-0.46357284,1.059326305,-0.476072059
20041201,1.13815249,0.422526561,0.974764029
20041202,-0.287195053,1.477604064,-0.548698222
20041203,1.191081079,1.667875446,1.378475724
20041206,-0.459257308,0.565097051,-0.867093256
20041207,-2.156552984,1.113384587,-1.858416117
20041208,0.252844635,0.644627871,0.379507097
20041209,-0.07592054,0.847930954,-0.252844635
20041210,-0.190295015,0.64370646,-0.316957476
20041213,-0.749162287,0.583265147,-0.368933692
20041214,0.063673991,0.741711616,0.114642392
20041215,0.291194736,0.521586855,0.697751007
20041216,0.993281568,0.967606058,1.043837686
20041217,0.310462839,0.668972608,0.896755293
20041220,-0.383213276,0.427997358,0.111531085
20041221,0.333807567,0.477520873,0.346192235
20041222,0.676717439,0.473366622,0.652029129
20041223,0.96043532,0.650936577,1.33984952
20041227,-0.424680612,0.850827415,-0.497302256
20041228,0.701417799,0.492447113,0.89578132
20041229,-0.060441223,0.275106973,-0.338001288
20041230,0.072525085,0.213338811,0.072525085
20041231,-0.703544872,0.241621897,-0.739800839
20050103,0.121624924,1.480141346,0.14596767
20050104,-0.816430539,1.121760109,-0.658538965
20050105,-1.132459173,0.976567036,-1.169172139
20050106,0.689997809,1.000517688,0.813714267
20050107,0.940350093,1.00546243,1.013996838
20050110,1.488265588,0.845605998,2.009573672
20050111,0.913031777,0.928322176,0.924944339
20050112,0.471810264,1.164385898,0.306423339
20050113,-1.080706439,1.336071935,-1.457976398
20050114,0.620823388,2.147670643,0.321869504
20050118,-2.361271012,1.505336922,-2.396983173
20050119,-0.437318481,0.778081774,0.134007451
20050120,1.078210215,1.707317653,1.029501008
20050121,-1.78010065,1.292709998,-2.069711085
20050124,0.245098162,1.269468654,0.503099411
20050125,0.800198256,0.586381736,1.349482518
20050126,0.588837849,0.724794093,0.781864812
20050127,-0.168817115,0.682672416,-0.721503851
20050128,0.46939967,0.62833462,0.505598766
20050131,0.875344262,0.494879636,1.25885384
20050201,-0.391994325,0.692212773,-0.374209697
20050202,-0.490637016,0.383890146,-0.788628774
20050203,-0.071968337,0.450197227,-0.023995201
20050204,0.596660481,0.500492849,0.848323386
20050207,-0.178624638,0.62032223,-0.178624638
20050208,1.035908531,0.532076969,0.617872688
20050209,-1.132785022,0.686520376,-1.227594226
20050210,0.609721537,0.65271609,0.609721537
20050211,0.119005131,0.910846628,0.21431131
20050214,0.212866684,0.42931396,0.675638201
20050215,1.250966217,0.464281769,1.663581008
20050216,1.451404288,0.577187268,0.786950017
20050217,-0.789416684,0.497665607,-1.101141233
20050218,-0.256799487,0.967842319,-0.280112228
20050222,-1.533953382,1.055954768,-1.721131724
20050223,0.357867494,0.656989099,-0.142789172
20050224,0.535683681,1.080294025,0.297247707
20050225,0.473934536,0.718849665,0.438311428
20050228,-0.747467442,0.945404422,-0.747467442
20050301,0.617505822,0.64408343,0.593684954
20050302,0.260324369,0.860864122,0.177420355
20050303,-0.141326134,1.369807536,0.271434639
20050304,1.479437549,0.671278051,1.902818165
20050307,0.196429666,0.513002452,0.173300257
20050308,-0.150558833,0.855017464,-0.404835438
20050309,-0.1276917,0.70339753,-0.220456085
20050310,0.521287019,1.026655438,0.532902095
20050311,-1.020772116,0.89716799,-0.905298662
20050314,0.198054471,1.085825588,0.174733576
20050315,-0.046522448,0.931453408,0.046544101
20050316,0.442684786,1.258203673,0.081400086
20050317,0.139648574,0.910707594,-0.046506221
20050318,-0.289771284,0.861338714,0.185895255
20050321,-0.396132407,0.903230853,-0.570399079
20050322,-0.081924049,1.263593627,-0.292278223
20050323,-0.170432882,1.344878216,-0.475311167
20050324,0.046909817,0.492536606,0.334713604
20050328,-0.093841649,0.569713215,-0.093841649
20050329,-0.588721823,1.065513867,-0.623935157
20050330,1.381108095,0.83595645,1.581662637
20050331,-0.361326811,0.724493669,-0.454360891
20050401,-1.040275876,1.124500864,-0.620792623
20050404,-0.623788288,0.84574768,-0.482893583
20050405,-0.271980301,1.070006191,-0.29559584
20050406,-0.200200267,0.703439583,0.448961057
20050407,0.117439826,0.535984516,0.435218002
20050408,-0.578138593,0.537732815,-0.813156328
20050411,-0.378295758,0.674472767,-0.094708187
20050412,1.203554351,1.300579995,0.978262266
20050413,-0.922210367,0.848575111,-1.262926199
20050414,-1.79188247,1.617837826,-2.136936057
20050415,-1.874480611,4.969596503,-1.898752456
20050418,-5.260995027,9.053839613,-6.330257981
20050419,0.625490702,2.143733196,1.412896345
20050420,-1.659409607,1.889774237,-1.412896345
20050421,1.279169842,1.23378371,2.588089053
20050422,-1.084021455,2.047085601,-1.058347514
20050425,-0.154619281,1.341625312,0.620878983
20050426,-1.70432799,1.695700192,-1.743020194
20050427,0.983678992,1.855020094,0.536545159
20050428,-0.926545345,2.034524233,-1.870690832
20050429,0.920332554,1.811860327,1.59623467
20050502,0.534725761,0.999023931,0.6132187
20050503,-0.221484033,1.990291551,-0.273526709
20050504,0.830957781,1.582362427,0.870078861
20050505,0.167926152,1.076665234,0.180855236
20050506,-0.452167943,0.905600256,-0.323185596
20050509,0.632872632,1.227548706,0.568109985
20050510,-1.271258527,1.837374601,-1.387200569
20050511,0.273099851,1.307919908,0.520834511
20050512,-1.908305197,1.780881705,-1.597101626
20050513,-0.646227109,1.244037663,-0.264270767
20050516,0.629840686,0.655312694,1.144523445
20050517,1.247933611,1.119446744,0.723342244
20050518,1.36758679,1.126254104,1.335116094
20050519,-0.269248191,0.68501294,-0.192394082
20050520,-0.968686942,1.127362616,-1.084301317
20050523,1.527727255,1.064354622,1.851666637
20050524,0.089565613,0.352003964,-0.3829466
20050525,-1.429976057,0.728898254,-1.442766235
20050526,-1.033600933,0.635089177,-0.090867794
20050527,0.077962582,0.58149817,-0.012987856
20050531,-0.364251736,0.393999621,-0.33827771
20050601,0.286123228,1.201968542,0.351265566
20050602,-0.572992843,0.578720177,-0.560006673
20050603,-0.773317964,0.628840925,-0.747201484
20050606,0.434068422,0.527047614,0.24968802
20050607,-0.130804466,1.149926744,0.275247569
20050608,-0.42994008,0.497865596,0.248382375
20050609,-0.550099619,1.222844029,-0.589276897
20050610,-1.050705752,0.697668794,-0.526732848
20050613,0.157853229,1.213240935,0.447899576
20050614,0.052198879,0.64829088,0.746418708
20050615,-1.045761164,0.675955474,-0.720134045
20050616,0.693765463,0.913664454,0.733179508
20050617,-0.879353914,1.53769539,0.429548334
20050620,-0.439674832,0.504968693,0.220564475
20050621,-0.323520179,0.992477438,-0.012960923
20050622,0.077041606,0.871869824,0.980273553
20050623,-3.063981082,1.258748981,-2.679660855
20050624,-0.231290372,1.149112585,-0.363216513
20050627,0.21119332,0.976704354,0.350031728
20050628,0.991140091,0.948440023,1.595848125
20050629,-1.27972496,0.953263017,-1.266748901
20050630,-2.297065724,2.326876556,-5.109272102
20050701,0.632043874,4.04745155,0.97722889
20050705,0.899556291,0.739885585,0.940638113
20050706,-1.03755197,0.607764925,-1.132576751
20050707,2.482810477,1.565246479,1.28171921
20050708,1.50419167,0.729979004,1.626052087
20050711,1.003043912,0.768103193,1.495033469
20050712,-1.682047471,0.915906882,-1.69518031
20050713,-0.066600069,1.032062258,0.240128184
20050714,0.405195015,1.356694261,0.498422697
20050715,-0.476065432,1.635467911,0.019885328
20050718,-1.226845632,2.974692671,-1.213590943
20050719,-0.376192839,0.896316057,-0.322537573
20050720,0.712608058,0.793389776,0.470020338
20050721,-0.775094085,1.283580914,-0.134066249
20050722,-0.187341149,0.876038098,0.160857944
20050725,-0.899274566,0.859722514,-0.658471774
20050726,-1.091287354,0.68996122,-0.473005815
20050727,-0.311716726,0.910796658,-0.203403691
20050728,1.361298736,0.772141317,1.388443144
20050729,0.173483729,0.882265928,0.40080214
20050801,0.279236934,0.306880453,0.412481458
20050802,-0.666136223,0.317975366,-0.666136223
20050803,-0.846381085,0.442462093,-0.926616447
20050804,-1.16595681,0.652678993,-1.071559931
20050805,-0.478306344,0.432488318,-0.451036096
20050808,-0.757527209,0.768277145,-0.922046029
20050809,-0.650656411,0.410281858,-0.457286185
20050810,-0.263577873,0.440016169,-0.013889853
20050811,0.179843723,0.611432809,0.49882326
20050812,-0.526608756,0.220468687,-0.526608756
20050815,0.367379888,0.70125093,0.409055238
20050816,-0.820075483,0.415623978,-0.854676363
20050817,0.769395976,0.932940224,0.153406348
20050818,0,0.752103555,0.180995525
20050819,-0.0901182,1.089139579,0.284752076
20050822,-0.651648753,0.949627794,-0.284752076
20050823,-1.315624295,0.773298777,-1.273902578
20050824,0.816675899,0.88460894,0.463842282
20050825,-0.336087699,0.528657268,-0.028050491
20050826,-0.323647648,0.984400956,-0.478066152
20050829,0.847462699,0.466699073,0.21119332
20050830,-0.140785607,0.79740718,-0.168918959
20050831,0.40842251,0.950467169,0.239217732
20050901,-0.752121073,1.268754239,-0.401366592
20050902,0.209893032,0.805951549,0.948007521
20050906,0.911482626,0.396276098,1.663470573
20050907,1.275640614,0.961126024,1.399292481
20050908,1.183282931,1.643342706,-0.891920806
20050909,0.095257543,0.500157098,0.559232174
20050912,0.662388363,0.787184814,0.947617759
20050913,-0.013507125,0.659818433,-0.256323918
20050914,-0.622296381,0.809244281,-0.460331168
20050915,-0.35427207,1.0162758,-0.585234743
20050916,-0.462585859,0.906699834,0.095504476
20050919,-1.070556478,0.618568125,-1.179711898
20050920,-0.055271523,0.499738046,-0.165723004
20050921,-0.096785351,0.787621069,-0.082964607
20050922,0.841326251,1.122006663,0.716750139
20050923,-0.288878391,0.919167875,-0.302613711
20050926,0.054704597,0.574484105,0.754824142
20050927,0.28042835,0.582809542,0.088831192
20050928,-1.121609351,0.830387007,-0.692234011
20050929,0.479026441,0.896314251,0.740033527
20050930,0.341041187,0.493838012,0.259085166
20051003,-1.001448798,0.783884113,-1.233230209
20051004,-1.556235381,0.661710946,-1.556235381
20051005,-0.322603548,0.945904466,-0.322603548
20051006,-0.491677608,1.437068192,-0.239116789
20051007,0.321117204,0.826075969,1.022775991
20051010,-0.85083155,1.297541377,-0.489066859
20051011,-1.015666793,0.992571519,-1.211965229
20051012,0.113749479,1.728907432,-0.227111524
20051013,-0.071341945,1.475959014,-0.441501821
20051014,0.15570815,0.655321276,0.909355513
20051017,2.035197093,1.079413064,2.472711022
20051018,1.76876278,2.157637807,3.05751108
20051019,1.038486233,1.534401379,1.038486233
20051020,-1.009706997,1.14736214,-0.811228599
20051021,0.293882124,1.465939785,0.106766325
20051024,0.331060357,0.990726741,0.889721028
20051025,-0.19821612,0.834619172,-0.05289606
20051026,-0.450869349,1.337998399,-0.477327875
20051027,-0.812092595,0.979050401,-0.573143855
20051028,1.280799182,0.931253355,1.867232956
20051031,-0.262674173,0.808269349,-0.236437783
20051101,-0.851295378,1.222246518,-1.563981514
20051102,1.056230155,0.738647644,0.439854091
20051103,-0.272615615,1.105662142,-0.126426473
20051104,-0.372291349,0.882995045,-0.033296707
20051107,0.198085241,0.743287119,0.967728106
20051108,0.144918015,0.862995117,0.21085933
20051109,0.131492458,0.644034127,0.184137892
20051110,1.513006559,0.804620983,1.499865091
20051111,0.167796103,0.325866441,0.374701646
20051114,0.296908499,0.412031528,0.051572977
20051115,0.603998495,0.802815586,0.603998495
20051116,-1.834323355,1.105925594,-1.386895315
20051117,-0.129449856,0.905691594,0.291876322
20051118,-0.79041717,0.752510227,1.197464898
20051121,1.07834854,0.534564294,1.423330675
20051122,-1.067625799,0.912844028,-1.257079598
20051123,0.108817422,0.553905945,-0.134258243
20051128,-0.319020241,0.713391748,-0.10219725
20051129,0.153315477,0.365434159,0.114964565
20051130,0.127551038,0.853305771,0.15308078
20051201,0.620137405,0.530693298,1.027210858
20051202,0.492145608,0.661036587,0.226843197
20051205,-1.003756601,1.082335057,-1.432671097
20051206,-0.973493022,1.067174886,-0.79487598
20051207,-1.348335034,1.512024986,-0.438597194
20051208,-1.085141768,1.199190053,-0.466503373
20051209,0.51506681,0.72443894,1.123679889
20051212,-0.928919078,0.622781039,-0.916076337
20051213,-0.583092031,1.280091066,-0.259571852
20051214,0.952110564,0.603327758,0.796043423
20051215,0.154978721,0.834504281,-0.096739874
20051216,-1.122520012,0.567322759,-0.543479599
20051219,0.854595386,0.556228525,0.633773058
20051220,0.180901975,0.673780242,-0.129015629
20051221,0.577999169,0.651454972,0.797226802
20051222,0.254517826,0.585793528,0.765505142
20051223,-0.393526373,0.435505993,-0.076287353
20051227,-1.537703287,0.773847791,-1.512267703
20051228,0.744738933,0.38810319,0.938249926
20051229,-0.076608788,0.39045107,0.153393869
20051230,-0.784015326,0.489142478,-1.014194456
20060103,1.670637593,2.152556387,2.005559972
20060104,-1.049646058,1.060971139,-0.519876908
20060105,-0.57555956,0.778964568,-0.893889236
20060106,-0.038155803,1.113678514,0.830304317
20060109,0.609603107,0.825742733,0.469573805
20060110,-0.603080704,0.700289586,-0.577761043
20060111,-0.127567309,0.723012026,-0.235871719
20060112,-0.667182357,0.642121232,-0.846050425
20060113,-0.719704944,0.871508208,-0.193286575
20060117,-0.01297101,0.624988874,-0.569138776
20060118,0.272356047,0.562145449,0.155541185
20060119,-0.441444498,0.527595918,-0.467351234
20060120,-2.16871219,1.331271888,-2.090668482
20060123,0.066203246,1.405056568,0.384590355
20060124,0.242915099,2.523137862,-1.816531852
20060125,-0.328182983,1.11839673,-1.603295213
20060126,-0.685215782,1.551844665,-0.39799682
20060127,0.206825306,1.157691398,-0.165152804
20060130,-0.247218915,0.729591383,0.165152804
20060131,0.496005426,0.993056961,0.054990378
20060201,1.16879983,1.275018108,0.534577382
20060202,-1.39015383,1.484191799,-1.376484225
20060203,-0.83975301,1.027287858,-1.395696068
20060206,0.168871416,0.19594356,-0.042173333
20060207,-0.64852899,0.852321117,-0.59230183
20060208,0.480091292,0.807375257,0.409344915
20060209,1.059391006,1.184917262,1.579237628
20060210,0.482992728,1.304947593,0.718433596
20060213,0.398160751,0.80017484,0.466969672
20060214,0.271739298,1.013181103,0.981736819
20060215,-0.721631561,0.669305347,-0.70806396
20060216,-0.205128277,1.277523853,-0.177802139
20060217,0.816886775,0.550657048,0.953685702
20060221,-0.640023973,0.913923211,-0.748557425
20060222,-0.259935846,0.504911863,-0.273597982
20060223,0.749577615,0.864237572,0.886470176
20060224,-0.027052618,0.642904554,0.365928442
20060227,-0.406229401,0.509896841,-0.298062814
20060228,-0.230931299,0.908528123,-0.230931299
20060301,-0.555068101,0.609302456,0.176642481
20060302,-0.777047056,0.495692473,-0.804202521
20060303,-0.191833438,0.468563515,-0.219208198
20060306,-0.844120421,1.192389196,-1.311539474
20060307,0.63170527,1.063825576,0.409111967
20060308,-0.193263451,0.919040697,0.159032013
20060309,-0.969805329,0.672174625,-0.748963279
20060310,0.617007746,1.308083124,0.71441261
20060313,-0.594869292,0.454075859,-0.380847325
20060314,1.757804118,0.710552536,1.910317146
20060315,0.991249884,0.697859194,0.745917882
20060316,0.528871526,0.815367839,1.175338423
20060317,-0.692966526,0.685198255,-0.14031339
20060320,0.306851018,0.392965497,0.387054204
20060321,-0.373035338,0.695991527,-0.200013401
20060322,1.730525533,0.752093177,1.516736034
20060323,0.876682095,0.930746211,0.909543322
20060324,0.156433352,0.68227007,0.01302677
20060327,0.195376161,0.484594894,0.104153114
20060328,-0.71834698,0.850981486,-0.731360188
20060329,-0.205999815,1.280170554,1.68966848
20060330,-1.362860993,1.236865534,-1.388640833
20060331,-1.050981823,0.734741654,-1.050981823
20060403,-0.158081972,1.137172324,0.171537945
20060404,0,1.014528321,1.504771606
20060405,0.563710308,1.185853528,0.498754151
20060406,2.084442715,1.981645618,5.107358944
20060407,-0.172456313,1.604198118,-0.406029472
20060410,0.160662458,0.725696677,-0.160404748
20060411,0.185816096,1.166432317,-0.222524508
20060412,0.469252528,0.817192225,0.456875525
20060413,0.037075944,1.088027673,-0.296113727
20060417,-0.373134761,0.855904679,-0.84378215
20060418,1.519016549,1.430129686,1.655994343
20060419,0.281156594,1.001488042,0.403645585
20060420,0.984750527,1.144107426,0.899264779
20060421,1.301023674,1.75329291,2.90912265
20060424,1.652735058,1.83301266,0.363615438
20060425,-0.153058251,0.640233476,-0.634251598
20060426,0.833387064,1.091412669,0.798032636
20060427,0.199800266,1.441551358,-0.445174119
20060428,0.598207168,0.451735708,0.398406901
20060501,-0.539400933,0.905172202,-0.539400933
20060502,-0.778122294,1.870427058,-0.660613468
20060503,1.289584108,0.755470847,1.596840318
20060504,0.672934434,0.375890772,0.731158599
20060505,0.64390242,0.308087578,0.886438775
20060508,1.164263808,0.418383866,0.992196085
20060509,-0.068508795,0.771348622,-0.64894632
20060510,0.42317213,0.509016147,0.079922365
20060511,-0.097468689,0.729446963,-0.520640819
20060512,-0.380469704,1.243321112,-0.684953897
20060515,0.448818292,1.241379698,0.598873148
20060516,-0.414079267,0.970620975,-0.379638075
20060517,-1.732026272,2.052885788,-2.728211969
20060518,0.095102242,1.479741608,-0.314381728
20060519,-0.284225677,1.712361506,0.18993358
20060522,-0.702258436,2.32908202,-0.714118722
20060523,-0.19157094,2.096915787,-0.335008689
20060524,0.742518382,2.722574295,0.442452142
20060525,-0.8493382,1.429433545,-0.682433059
20060526,0.718049998,0.738823362,0.742074022
20060530,0.071830483,0.399925984,-0.358380505
20060531,0.023892008,1.370788517,0.191296089
20060601,0.987221815,1.739203187,0.915528659
20060602,-0.04718094,0.706371325,0.319054924
20060605,-1.316595918,0.786367367,-2.09831256
20060606,-1.136238502,2.770636274,-0.895564499
20060607,-2.349287062,1.963583564,-2.349287062
20060608,2.32856694,3.383598207,1.641708167
20060609,-1.099523091,2.549151011,-1.455198943
20060612,-0.912681342,1.230263821,-0.417017378
20060613,-0.49906529,3.181519023,-0.268557136
20060614,0.050112755,1.342774165,-0.137680728
20060615,1.421115914,1.222715496,1.182856349
20060616,-0.575870813,0.900972746,-0.340969302
20060619,-1.655511806,1.473701744,-1.426004526
20060620,0.665037899,0.8901106,0.734305242
20060621,0.136977794,1.30877449,0.499003031
20060622,-1.27278983,1.517618598,-0.912563368
20060623,0.501254182,0.868934205,0.46357284
20060626,0.362206104,0.822858407,0.26215607
20060627,-2.086289067,1.22234505,-1.849690986
20060628,0.113600517,0.882043686,0.670846133
20060629,1.528644692,1.874705071,2.257657473
20060630,-1.230784767,0.876133494,-0.407835948
20060705,-0.483242375,0.744045929,-0.754813953
20060706,0.714640794,0.687755497,1.160793474
20060707,-1.885208583,2.476615283,-9.470876462
20060710,-1.923917898,1.41632173,-1.345220367
20060711,-0.232351639,1.244079524,-0.027363525
20060712,-1.066895635,0.971999034,-0.493828164
20060713,-1.179668111,1.238920052,-1.510246924
20060714,-0.587825346,1.50983796,-0.54595222
20060717,-0.775470929,1.071998877,-0.831634929
20060718,-0.028212724,0.653343637,0.325019717
20060719,-0.126573394,0.810222783,0.25362843
20060720,-0.350754481,0.763629342,0.126573394
20060721,-0.943204008,1.198747055,-0.634475163
20060724,0.799051003,1.013600807,1.292879167
20060725,-4.199639278,7.544754633,-5.069088031
20060726,1.428595725,2.395400643,1.472651824
20060727,-1.055193022,1.5224524,0.96507771
20060728,0.298232132,0.716472493,1.083557793
20060731,0.455451969,0.563856524,-0.14190438
20060801,-0.142959281,1.100452611,-0.741166449
20060802,-0.358243559,0.327007677,-0.34393843
20060803,-0.475197093,0.822577519,-0.547000068
20060804,-0.501973087,1.146551832,0.388965412
20060807,-0.578036292,0.44769566,-0.793941377
20060808,-1.35543698,1.032366901,-0.70538052
20060809,-1.54005659,0.626276433,-0.314293282
20060810,0.036537689,1.14505206,0.197462309
20060811,0.029171529,0.626667412,0.197073163
20060814,0.102092913,0.601339493,0.043741344
20060815,0.344778391,0.488076661,1.63381065
20060816,0.638073771,0.57444279,1.452189529
20060817,0.577507063,0.7509355,0.634028189
20060818,-0.441409019,0.470775871,0.007022225
20060821,-0.196546462,0.488374431,-0.063217787
20060822,0.280780754,0.500213164,0.238613349
20060823,-1.00432275,0.800786271,-1.397636924
20060824,-0.568991578,0.78154644,-0.341783301
20060825,-0.128543901,0.647342052,-0.185621528
20060828,1.60708856,0.888159155,1.292172754
20060829,0.967953128,0.836185327,1.052567433
20060830,-0.794816985,0.617408653,-0.279603146
20060831,-0.104511419,0.426441487,0.41214127
20060901,-0.05577245,0.647441038,-0.034861426
20060905,-0.482063322,1.066117904,-0.426290872
20060906,0.307864783,0.683614346,0.244815287
20060907,-1.252567217,1.11606031,-1.350421422
20060908,1.068476354,0.526228046,1.266552253
20060911,-0.244986648,0.842243832,-0.231003568
20060912,1.240874124,1.019634596,1.709324553
20060913,0.095452383,0.40918136,1.089462282
20060914,0.108932473,0.990543227,0.149812762
20060915,-0.161746901,0.531951839,0.880704832
20060918,-0.391918875,0.702014409,-0.378429969
20060919,-1.018684531,0.457409921,-0.815776108
20060920,0.21804315,0.872867844,0.286279249
20060921,-0.823722279,0.663083713,-0.429726796
20060922,-0.314272309,0.621531533,-0.102588663
20060925,0.312436578,0.764054571,0.89918862
20060926,0.793068207,1.015698895,1.293644237
20060927,-0.260860989,0.460828412,-0.046871339
20060928,-0.521496134,0.790530993,-0.087105101
20060929,-0.25501658,0.839533022,-0.241610856
20061002,-1.503889152,0.994075414,-1.114914079
20061003,1.059073035,0.50938578,0.616428709
20061004,1.088208495,0.72318779,1.07470137
20061005,1.192857087,0.460282355,1.4064183
20061006,0.026329647,0.217130865,0.092184111
20061009,0.277539331,0.590996809,-0.263608957
20061010,-0.649482037,0.428725491,-0.755120499
20061011,0.292126087,0.832388422,0.292126087
20061012,0.013254689,0.550797773,0.039769338
20061013,-0.55541005,0.276086021,-0.0530293
20061016,0.224615276,0.47136354,0.476254373
20061017,-0.039528296,0.553201336,0.145070912
20061018,-0.646824247,0.979710363,-0.488804725
20061019,1.132186923,0.996440866,1.158669974
20061020,-0.063803996,2.362702451,2.520653068
20061023,0.978800637,1.109996724,2.196780677
20061024,-0.075075079,0.780777682,-0.237544651
20061025,-0.414651596,0.704222139,-0.590046279
20061026,-0.36563112,0.657357086,-0.315278652
20061027,-0.246515722,0.690783589,-0.208629758
20061030,-0.063319194,0.7753807,-0.082307137
20061031,-0.682682803,0.852511367,-0.139443516
20061101,0.012684721,0.908362398,0.012684721
20061102,0.025364616,0.958238455,0.025364616
20061103,-0.57066923,0.985560174,-0.292082245
20061106,0.833022613,0.844402187,1.175814798
20061107,-0.665288338,0.701688535,-0.201308573
20061108,-0.0629604,1.055065664,-0.012595252
20061109,-0.820452693,0.87326288,-0.619118789
20061110,-0.012635037,0.572216854,0.303720811
20061113,0.5676458,0.780407368,0.45385857
20061114,0.695687679,0.64407833,0.695687679
20061115,1.120948342,1.04801424,0.852021697
20061116,-0.632874235,0.429472126,-0.509096524
20061117,1.099658947,0.766959467,1.298639239
20061120,-0.024573043,0.913133719,0
20061121,0.836824967,0.85708719,0.26997194
20061122,-0.159440765,0.822081883,-0.159440765
20061127,-1.003788092,0.788884345,-1.065421376
20061128,0.623832341,0.444650464,0.136909599
20061129,0.4085934,0.521672818,0.657040732
20061130,0.714552751,0.882637436,0.652751871
20061201,-1.981488979,1.799603074,-1.871066294
20061204,0.576549131,1.052760524,1.16269535
20061205,-0.612606724,0.656413144,-0.408821184
20061206,-1.134604778,0.712799932,-1.004343928
20061207,-0.320160982,0.699943384,-0.288817932
20061208,0.210331828,1.560196307,-1.252784496
20061211,0.375044142,0.453028479,0.349572924
20061212,0.228021381,1.150946402,0.285108059
20061213,-0.30234339,0.393181831,0.290606055
20061214,-0.841058488,0.89881074,-0.664580439
20061215,-1.288620364,0.807777854,-0.605116659
20061218,-0.369215519,0.688212954,0.178731057
20061219,-0.153433095,0.52594596,-0.319387049
20061220,0.776035954,0.667685953,0.967790567
20061221,-0.196395261,0.328807092,-0.082406268
20061222,-0.483277044,0.307154024,-0.514989853
20061226,-0.089600006,0.391344381,-0.447199365
20061227,0.159382903,0.235145981,0.510922046
20061228,-0.344541909,0.638156974,-0.331802244
20061229,-0.256410397,0.283489569,-0.422725282
20070103,0.905099737,1.406981931,0.441897674
20070104,-0.575633185,0.925035933,-0.377733411
20070105,-0.438540623,0.698337574,-0.759774436
20070108,0.400284607,0.616477049,0.309757604
20070109,-0.333890127,0.702704486,0.180249823
20070110,0.773100101,0.645489991,0.218438892
20070111,0.842056519,0.733319807,1.021589781
20070112,1.204299273,0.653348203,0.822425082
20070116,0.062889129,0.858321383,0.213984599
20070117,-0.467970246,0.656062478,-0.820659867
20070118,-0.20276271,0.764498715,-0.063407522
20070119,0.025242964,0.605220553,0.518758676
20070122,-1.014593358,0.668197434,-1.001974265
20070123,0.203071526,0.613883643,0.533944823
20070124,0.73274284,0.726336564,0.726403093
20070125,-0.668392677,0.445615802,-0.523743112
20070126,-0.367903999,0.828698609,-0.44385337
20070129,0.539632456,0.886414992,0.367903999
20070130,-0.026666667,3.492117672,-5.17132622
20070131,0.228848454,2.002301423,-0.83021366
20070201,-1.062480575,0.722684751,-0.55282282
20070202,-0.020308005,0.084715539,-0.142069503
20070205,-0.148598474,0.306054116,0.155589411
20070206,0.593553611,0.250565479,0.512406731
20070207,0.335458215,0.35423456,0.402685108
20070208,-0.26745135,0.541379646,0.040179469
20070209,-0.093827498,0.636886083,-0.147403712
20070212,0.0670466,0.364189229,0.040222565
20070213,0.683314091,0.963477373,2.331849165
20070214,0.522126235,0.177472888,0.587584115
20070215,0.03250447,0.417075139,0.14960812
20070216,-0.195160093,0.480717467,-0.182161263
20070220,0.058806235,0.329675329,-0.313050539
20070221,0.223141131,0.3444957,-0.359912701
20070222,0.131061618,0.456763585,0.104835549
20070223,-0.27492326,0.417117196,-0.091725093
20070226,-0.321195911,0.450820777,-0.164004366
20070227,-2.231464619,2.938968572,-2.264297794
20070228,-0.074226529,2.791187632,-0.51171671
20070301,-0.38587869,2.568777742,-0.480428572
20070302,-0.335054503,1.044368752,-0.974686515
20070305,0.218908283,1.42009152,0.232605975
20070306,0.149914849,0.622729942,0.354707057
20070307,0.3395589,0.646141376,0.434842376
20070308,0.659712928,0.69086775,1.038655051
20070309,0.200816722,0.653819002,0.334918928
20070312,0.707849366,0.30121283,0.493630513
20070313,0.053497393,0.55608508,-0.466885394
20070314,1.315196639,1.191350887,1.301824974
20070315,0.270172482,0.398620274,0.276771182
20070316,-0.807149602,0.827505538,-0.938849871
20070319,1.053473003,0.486239556,1.411539827
20070320,-0.163553731,0.391823652,0.032742871
20070321,0.78380545,0.608511337,0.633099396
20070322,0.916786071,0.613409239,1.22859612
20070323,0.527027378,0.379030892,0.256739551
20070326,-0.361197503,0.666619738,-0.798047742
20070327,0.31786216,0.511878552,-0.232889224
20070328,-0.52260375,0.751052541,-1.120240971
20070329,-0.15098306,0.853035222,-0.301738504
20070330,0.577429426,0.9441236,0.406477974
20070402,-0.144007356,0.70917452,-0.117839621
20070403,1.182062215,0.507822768,1.443739716
20070404,-0.465598358,0.457861987,-0.388149019
20070405,-0.455403819,0.382744416,-0.59810346
20070409,0.169259854,0.334502745,0.247476518
20070410,-0.521649592,0.326040261,-0.508641462
20070411,-0.190045603,0.456950261,-0.333977587
20070412,0.549020987,0.560325185,0.63425851
20070413,0.30039858,0.475673105,-0.039115979
20070416,0.311567174,0.206852085,0.611066063
20070417,0.324149392,0.519955758,0.129533697
20070418,-0.116678564,0.4776954,-0.207334531
20070419,1.531304254,0.724630983,0.723797912
20070420,-0.333890127,0.834097368,0.115837583
20070423,-0.606336116,0.481947745,-0.593473552
20070424,-0.181653093,0.618232326,-0.362976805
20070425,0.05196155,1.259920593,0
20070426,0.697648276,2.302453261,4.507268777
20070427,1.962243022,1.97444033,1.258343769
20070430,1.939676549,0.803560995,1.460412958
20070501,0.902044724,1.106561584,0.902044724
20070502,1.365921448,0.532404976,1.048127747
20070503,-0.320760596,0.997622904,-0.427452563
20070504,0.362868843,0.62640862,0.196142593
20070507,0.786637207,0.341472468,0.786637207
20070508,0.686230805,0.763202761,-0.070721361
20070509,0.977455819,0.421654425,0.611263217
20070510,-0.347621502,0.517299526,-0.723341094
20070511,0.58616815,0.647765706,0.980831873
20070514,-0.716007519,0.783015017,-0.774469959
20070515,0.909415152,0.879413558,1.48497321
20070516,0.302854046,1.137966977,-0.209132178
20070517,0.480005548,0.761204777,0.793540033
20070518,-0.034516482,0.44115479,0.270792088
20070521,0.097782643,0.253247126,0.080519933
20070522,0.749495742,0.476146172,0.858669195
20070523,0.353377398,0.79561735,0.182232397
20070524,-1.027640923,1.470053416,-0.857099127
20070525,-0.228754532,0.508713155,0.229279018
20070529,0.332970053,0.984528525,-0.103110509
20070530,0.707684725,1.038271934,0.776436876
20070531,0.022735023,0.62203086,0.068220583
20070601,0.521779768,1.11490423,0.464932515
20070604,-0.481792061,1.258734984,-0.442202659
20070605,-0.57006197,0.871935596,-0.615526849
20070606,-0.976514165,1.336788753,-0.96508102
20070607,-1.799744733,1.633958743,-2.123519299
20070608,1.182891347,1.3625437,1.277186498
20070611,-0.654819926,0.533107221,-0.759660055
20070612,-0.258246417,1.022202848,-0.18788169
20070613,1.974872348,1.530434334,2.449765511
20070614,0.401169659,0.741325574,0.2634444
20070615,-0.273286437,0.60699007,0.319780994
20070618,0,0.631654744,-0.022807618
20070619,0.490616535,0.600436973,0.205081535
20070620,-1.108772861,1.106657277,-0.983651989
20070621,0.481597078,1.414694118,0.481597078
20070622,-0.368494199,1.132767088,-0.850091277
20070625,-0.433514161,1.128903017,-0.42197814
20070626,-0.47517039,1.483595952,-0.272629886
20070627,1.520656055,1.18547526,1.21815437
20070628,0.005753243,1.070723829,-0.258553966
20070629,-0.092075739,1.116435398,-0.074817994
20070702,0.787181066,0.602329537,1.321189397
20070705,0.342309782,0.856564531,-0.170716481
20070706,0.204382948,0.605881272,0.420574647
20070709,0.261215367,0.394595494,0.005671346
20070710,-0.936293663,1.206629962,-1.134982384
20070711,0.70251881,0.913249222,0.777057961
20070712,2.305934241,0.706149384,2.340077529
20070713,0.545142364,0.282691128,0.222148264
20070716,0.940012451,1.050131191,0.795672227
20070717,0.318629067,1.00999213,0.340640954
20070718,0.492746685,1.594425681,0.426906674
20070719,-0.852837008,0.822104027,-0.525682954
20070720,-1.262107194,0.780575601,-1.015349193
20070723,0.463219092,0.766532132,0.806500532
20070724,-0.89865807,1.563288808,-1.273479366
20070725,-0.756399602,3.100932296,-0.189636958
20070726,1.04341051,8.046631523,1.110382272
20070727,-0.354610301,3.416027652,-0.531445006
20070730,-0.13865397,1.758049819,0.011100627
20070731,-1.680617988,1.716599958,-1.442252067
20070801,0.449893909,3.394793923,0.348491163
20070802,-0.084248369,1.305311568,-0.140374542
20070803,-1.446464426,2.282969114,-1.671474365
20070806,0.06836828,2.536251996,0.319452639
20070807,1.063292474,2.816110366,0.159344445
20070808,-0.170058428,2.210643529,0.227195372
20070809,-1.073927835,4.48422202,-1.221546099
20070810,-0.399988939,6.430245842,-1.132043971
20070813,-0.168023447,2.621536832,0.168306241
20070814,-0.546417682,1.938486488,-0.517427973
20070815,-0.539907415,1.904515321,-0.948762607
20070816,1.763092214,4.718955611,1.007034271
20070817,0.674943934,3.938788536,2.166732223
20070820,0.784585297,1.829980504,0.659093295
20070821,0.453001907,1.40933219,0.23757011
20070822,0.653081929,1.052226321,0.675678246
20070823,-0.607084495,1.417869488,-0.472494973
20070824,0.698122417,0.847312056,0.494939143
20070827,-0.112676068,0.888280233,-0.472388686
20070828,-0.964108869,1.095779156,-1.088199358
20070829,0.916451512,0.863814954,1.189613531
20070830,1.21568359,1.200883506,0.662291246
20070831,1.272352176,1.198168826,1.752290594
20070904,0.241572534,1.264224436,0.241572534
20070905,-0.465787689,0.64812144,-1.347044769
20070906,0.419843728,1.080885403,0.819223003
20070907,-0.672271439,1.429318193,-1.948294301
20070910,-1.452208033,2.074123855,-1.250051629
20070911,0.181632471,1.232760123,0.369287128
20070912,0.551772134,0.838911519,0.993124064
20070913,-0.660142257,0.942069696,0.033683265
20070914,0.478079597,1.052891041,0.033671924
20070917,0.028101728,0.82938169,-0.151613023
20070918,2.56509365,2.238938507,2.918500463
20070919,0.195993094,0.988449264,0.348698185
20070920,-0.958508591,0.752180275,-0.611022087
20070921,-0.587405148,0.931564503,0.316888207
20070924,0.054439546,0.692803043,0.22884552
20070925,0.501308809,0.948276077,0.130534121
20070926,0.476242918,0.599610132,0.671725169
20070927,0.628409297,0.436208791,0.833360558
20070928,-0.149365226,0.512689506,0.294047099
20071001,1.007271412,0.536271814,1.199271471
20071002,-0.986483736,0.555654005,-1.039245833
20071003,0.542583383,0.97337082,0.467936619
20071004,-0.370664973,0.368741628,0
20071005,1.14370902,0.409820975,1.683364316
20071008,-0.340002943,0.390648812,-0.444387086
20071009,0.418892643,1.199775417,0.277320116
20071010,0.570308936,1.207935803,0.151416293
20071011,-1.733509817,1.372110319,-1.551070818
20071012,-0.582659628,1.225097957,-0.254669068
20071015,-0.063505506,1.07884598,0.350003009
20071016,-0.4564037,0.980949722,-0.477581168
20071017,-0.312210863,2.138106183,0.361049559
20071018,0.221975674,2.113091019,0.391431338
20071019,-7.141515769,8.342462723,-8.963525578
20071022,0.733371543,3.789675139,-0.428216614
20071023,-0.718011191,2.547996612,-0.208986492
20071024,0.617681586,2.201394454,0.034861426
20071025,-0.058048414,2.695865266,0.046463005
20071026,-0.029036848,0.602229943,-0.029036848
20071029,-0.545783158,1.005550446,-0.238420722
20071030,-0.186328224,1.157116152,-0.104852343
20071031,0.417827906,1.777769552,0.639054054
20071101,-2.640941604,1.761224351,-2.878657327
20071102,0.294724646,3.086002866,1.255643126
20071105,0.58969389,1.54070537,0.105888592
20071106,-0.09358915,1.323990536,0.469264118
20071107,-1.453964358,1.666631957,-2.536582604
20071108,-0.590327598,2.532226774,-0.65036963
20071109,-1.301645411,4.246945212,-4.169840552
20071112,-0.290275966,2.22148257,-0.328076004
20071113,1.489600533,1.486398832,2.545682764
20071114,-1.64577123,1.250362435,-1.25226359
20071115,-0.600452142,1.538899676,-0.563029326
20071116,1.970446056,2.179958538,2.221072754
20071119,0.527640957,1.286247739,0.269608006
20071120,0.518625892,2.845220282,0.549217222
20071121,-0.821032735,2.054835174,-1.089162086
20071126,-2.472577964,1.46277089,-2.273380723
20071127,0.243783641,2.703166597,1.53349015
20071128,1.204833852,1.775914965,1.642152333
20071129,0.671223903,1.325451886,0.251181282
20071130,-0.871803456,1.737934555,-0.406991225
20071203,-1.412811038,1.782797399,-1.376833344
20071204,0.304822525,1.737203996,-0.109509045
20071205,1.30940666,0.815614743,1.98885601
20071206,1.352013004,1.062878978,1.304263212
20071207,0.97959967,1.234364526,1.49657885
20071210,0.126852349,0.677741749,0.693885055
20071211,-2.287948523,2.918557453,-2.426340887
20071212,-2.298165182,4.951591846,2.316796064
20071213,0.930938522,2.936361215,0.230481231
20071214,-0.394981926,1.327236116,-1.117006723
20071217,-0.09900126,1.579680623,-0.110642026
20071218,-0.546671905,1.819346619,-0.087435522
20071219,-0.797845368,1.4066285,-0.996316042
20071220,-0.87244128,1.166478383,-0.51966575
20071221,0.888063794,0.934396453,1.772242852
20071226,-0.075605575,0.487583054,-0.371661287
20071227,-0.804622148,0.664737164,-0.618618839
20071228,-1.157975393,0.919315678,-0.481193347
20071231,-0.543929448,0.732506852,-0.779500817
20080102,-1.748547543,2.052525689,-1.879057142
20080103,0.109031448,1.14781419,-0.217706907
20080104,-0.962717648,1.951621616,-1.126309432
20080107,-0.949732944,1.748349063,-0.552555433
20080108,-1.570745299,1.816449337,-1.232709883
20080109,0.062421975,2.574777351,-0.11849451
20080110,0.588052993,2.246201765,0.04367221
20080111,-2.629557669,3.87104873,-3.129808837
20080114,1.237234924,1.479658899,1.011726629
20080115,-0.735629568,2.875884138,-1.644435823
20080116,0.493315294,4.709762469,0.025903381
20080117,-3.158640152,3.992151629,-2.783793207
20080118,-0.412646176,6.65187038,-0.173252526
20080122,2.87449789,10.24387654,0.266418167
20080123,3.884763862,11.62102718,1.242744709
20080124,-0.270225902,5.567379,-0.46092134
20080125,-0.423281055,4.509326217,-0.423281055
20080128,1.680055144,3.893456079,2.603666407
20080129,0.346576305,9.022121488,0.784721336
20080130,0.256049301,5.261426646,0.217600086
20080131,2.998629775,3.408410151,1.698823817
20080201,1.63734742,2.955224447,2.151422905
20080204,-1.062262953,1.061813146,-0.927019802
20080205,0.063231112,1.699738077,-1.791691103
20080206,-0.132554856,2.050054607,0.075824596
20080207,0.101240201,2.632001928,-0.126406287
20080208,-0.114598599,2.377481044,-0.723582973
20080211,0.912322598,2.033953452,1.001466188
20080212,-0.441501821,1.403655229,-0.227301525
20080213,1.906357213,1.121148892,2.731013298
20080214,-1.175392437,1.367185262,-1.163091557
20080215,-0.056265826,1.244671342,-0.492811577
20080219,-0.66814698,1.290228669,-0.187781728
20080220,1.118875209,1.971921727,0.231546773
20080221,-1.433986836,1.354524112,-1.334024314
20080222,0.672598946,1.751254353,1.108742617
20080225,1.636779236,1.66593235,1.480034478
20080226,0.400925749,1.794186417,0.277392688
20080227,-0.347481114,1.01081458,-0.971151665
20080228,-0.450676777,1.300596824,-0.924197911
20080229,-0.96410743,1.14399563,-1.580810662
20080303,0.203873669,1.603446272,0.140118487
20080304,0.332481125,2.031808257,-0.293199267
20080305,0.025371052,1.823096281,0.648981091
20080306,-1.046461821,1.426309638,-1.135288678
20080307,-1.427668636,1.886138171,-1.877685467
20080310,-1.10527441,2.219250017,-1.209904291
20080311,1.635301284,2.117169399,3.138891542
20080312,0.229826455,1.583460179,0.53708569
20080313,1.582271112,2.940892017,0.736979193
20080314,-2.101586612,5.660136574,-1.659471321
20080317,2.009600026,3.901551319,0.922492128
20080318,1.326089471,2.298915494,3.058227095
20080319,-1.906956272,2.129641303,-1.715414924
20080320,-1.415027754,2.264977578,-2.008201702
20080324,0.587410705,1.172207622,0.831047422
20080325,0.190174384,1.287151662,0.520669155
20080326,-0.063568752,0.841374704,-0.40614347
20080327,-1.338708078,1.168879447,-0.919899166
20080328,-0.179533262,1.029411328,0
20080331,0.972887844,1.279240653,1.408339352
20080401,1.691857044,1.935739404,2.930749725
20080402,-0.776678995,1.323796447,-0.696823959
20080403,-0.900823039,1.157552573,-0.845145473
20080404,0.124192763,1.160119186,0.560086099
20080407,-0.924008931,1.241735379,-0.391730642
20080408,0.451468035,0.678996047,-0.418293102
20080409,-0.263306528,0.990472463,-0.338409798
20080410,0.975373495,1.190332857,0.887450359
20080411,-0.469693025,1.279171028,-2.227207507
20080414,-0.044715578,1.17978899,-0.427173974
20080415,0.413105548,0.907078638,0.738433555
20080416,1.644660777,1.704383273,2.232767573
20080417,0.273122454,0.888964012,0.055805303
20080418,1.458106028,1.277148723,2.73922727
20080421,-0.13358433,0.757739391,-0.738546852
20080422,-1.017352649,1.682243345,-1.370387284
20080423,-0.7415681,1.111906585,-0.692300948
20080424,-1.665974524,3.31382026,-1.802527211
20080425,-0.064127231,1.603366236,-1.559398942
20080428,-0.993877171,0.983337738,-1.102987929
20080429,-0.583470051,0.66792123,-0.246769396
20080430,-0.298565809,1.403334209,0.026004421
20080501,1.174889249,1.044422396,1.278839362
20080502,-0.393826336,1.159031067,0.83083497
20080505,-0.610051659,1.001939568,-1.197312379
20080506,1.099694115,0.592833421,0.122308426
20080507,-1.560255651,0.670979688,-1.412397953
20080508,0.247589389,0.939244059,0.267162052
20080509,0.485597122,0.555922295,-0.593938371
20080512,1.833482217,0.603888498,1.597540307
20080513,-1.15891073,0.650017993,-0.516730255
20080514,-0.077249907,0.63860331,0.555377598
20080515,0.212307475,0.984531674,0.205867288
20080516,0.670179627,0.788272578,1.023026825
20080519,0.532691982,0.793262499,0.577211333
20080520,-1.674267495,1.520388754,-1.870525986
20080521,-1.523963066,1.402187751,-1.820833242
20080522,0.727561955,0.98551692,0.484452666
20080523,-0.579025173,0.993612274,-1.03723112
20080527,0.105042026,0.820689308,0.565902675
20080528,0.723955551,0.878590357,0.966443463
20080529,1.009586623,1.152568689,0.918565227
20080530,-0.122568799,0.908255395,-0.244987551
20080602,-1.127011049,0.693210878,-1.482664695
20080603,0.072166642,1.43449328,-0.104876779
20080604,0.039310752,2.001597221,0.117978646
20080605,1.331058836,1.093203246,1.546992177
20080606,-2.623922703,1.822778521,-3.504985672
20080609,1.22001248,1.90938905,1.353523848
20080610,0.554969712,1.293690268,0.026357407
20080611,-0.556882903,1.088432653,-0.900072258
20080612,-0.19821612,1.172349625,0.517208235
20080613,0.092099211,2.099628204,0.580323443
20080616,-0.504582135,0.854468231,-1.217268272
20080617,-0.678600169,0.539159185,-0.293294438
20080618,-0.549709771,1.223260275,-0.696680203
20080619,-0.209127475,0.979026515,-0.458160079
20080620,-1.049556421,0.989839425,-1.44200567
20080623,-0.396364901,0.881356604,0.054794522
20080624,-0.474733425,0.96218439,-0.714681437
20080625,0.310184636,1.233577396,0.206682816
20080626,-2.744898736,1.78074196,-3.35930818
20080627,-0.631369582,1.398193338,-1.116530351
20080630,0.2230939,1.330461547,0.122280181
20080701,2.686186917,3.316817708,0.351620326
20080702,-1.750496778,1.786628686,-1.850833631
20080707,-0.343446245,1.817370357,0.430973228
20080708,1.132354633,2.068802681,1.832307494
20080709,-2.931244347,1.437669879,-3.538290751
20080710,0.007256631,2.393175974,0.472779729
20080711,0.890451836,3.274714953,-0.137966111
20080714,-0.187902057,2.231326209,0.449504128
20080715,-0.691840546,2.60309889,-2.075794458
20080716,1.85272172,3.109540383,1.378927526
20080717,0.722755387,2.28130724,1.144359559
20080718,-0.650996874,1.559017655,-0.766287275
20080721,-0.854520371,1.390850363,-0.217944147
20080722,2.500400465,1.879337344,2.172591029
20080723,0.113090201,1.800494375,0.737382808
20080724,-1.632632371,2.738048323,0.422952837
20080725,-0.953322795,2.58465161,-0.126698124
20080728,-1.299183096,1.060082211,-1.991814319
20080729,1.06983404,0.961205608,1.270810277
20080730,0.993560652,1.825070294,1.170758841
20080801,-0.455322357,2.348012243,-1.682850999
20080804,-0.300407922,1.355749397,-0.457405028
20080805,2.552850007,2.787792427,2.838973235
20080806,-0.125356935,1.515794028,-0.083588748
20080807,0.182776852,1.680868308,-0.783549552
20080808,2.913967136,1.97390434,3.152480052
20080811,1.496557472,1.243141765,1.244436457
20080812,-0.623054975,1.4321862,-1.067649847
20080813,-0.9415366,2.055421263,-0.900784035
20080814,0.260684788,1.502282383,0.054824563
20080815,0.040830215,1.264934438,0.696391153
20080818,-1.5400188,1.738521366,-1.370072123
20080819,-1.198453586,1.45776958,-1.613162502
20080820,-0.451468035,1.916406632,-0.858857796
20080821,1.192857087,1.929987375,0.169539459
20080822,1.170092748,1.543163603,1.915472755
20080825,-1.528245656,1.286045538,-2.000206555
20080826,0.283406736,1.738709638,-0.155532021
20080827,0.07071636,1.634223786,0.084865635
20080828,1.915567227,1.257516172,2.430287207
20080829,-0.494206275,1.474537366,-1.130974761
