20020102,0.959038225,2.471765395,1.603545205
20020103,-1.229075157,2.076430479,-1.162118342
20020104,0.477083883,1.610161296,-0.339386038
20020107,-0.583492302,1.041306379,-1.248626502
20020108,0.83983697,1.147995594,0.83983697
20020109,0.119118537,1.581743891,0.357782135
20020110,0.801573321,1.451744465,0.118976814
20020111,-1.164471854,2.355278399,0.067923249
20020114,-0.423909071,1.599244583,-0.101902183
20020115,-1.4218249,1.911492517,-0.323377016
20020116,-1.059114786,0.918610153,-0.73573777
20020117,0.821781718,1.979343944,0.718688925
20020118,-1.098157913,2.341374961,-1.183445765
20020122,1.528302798,1.239043711,2.353049741
20020123,-1.952689602,1.621722449,-1.733852716
20020124,-0.691924573,0.992490985,-1.224892396
20020125,-0.4030497,0.243121896,-1.152247385
20020128,-0.683074729,0.815714248,-0.087834876
20020129,-1.638674011,3.093093336,1.048960667
20020130,1.489371021,4.00015503,2.32068859
20020131,0.96881866,1.12599687,0.457744293
20020201,0.405817263,0.672853489,0.236526551
20020204,-1.782578395,1.815291145,-1.496117672
20020205,2.047853134,2.954885811,1.394817646
20020206,-0.646150862,3.377852985,-0.984560661
20020207,-0.368072318,2.299751828,-0.538808231
20020208,1.927565011,1.995995801,1.506475573
20020211,0.488998529,1.399642571,0.438301443
20020212,1.55560551,1.33829975,1.336694923
20020213,0.496278934,1.183445907,0.57923207
20020214,-0.601405087,0.791179865,-1.529793718
20020215,0.284400024,0.949247051,0.301154653
20020219,0.219613231,1.893367677,-1.007396028
20020220,3.335578459,2.244774751,3.335578459
20020221,-0.44171851,2.297673283,-0.458041043
20020222,1.490487015,3.378224458,0.848984691
20020225,-0.508322813,1.780905077,-1.111667489
20020226,-0.329326825,1.674631904,-0.329326825
20020227,-0.278528893,2.894318423,0.526403584
20020228,1.229019976,2.255362943,0.735597923
20020301,2.526484048,1.809300594,2.461316239
20020304,0.413552363,2.109545722,0.111172885
20020305,-1.476989444,1.306412965,-1.874604282
20020306,1.220310583,1.589535839,1.333460195
20020307,0.762998456,1.995529033,0.778956327
20020308,-1.098299938,2.864630881,-1.066634327
20020311,0.06384677,1.408212393,0.303635871
20020312,1.445043009,1.54226638,1.205407141
20020313,1.568659617,1.517210558,1.284478813
20020314,-0.50243472,1.009747236,-1.12694885
20020315,-1.180494214,1.923889516,-6.067381239
20020318,-0.813288115,1.088616904,-1.70367619
20020319,-1.39292213,1.344845228,-0.545890131
20020320,-0.807772717,2.407976802,-0.87621899
20020321,-0.068882386,1.40689506,0.172413836
20020322,0.862818122,1.153572219,0.258064659
20020325,-0.57177666,1.612135164,-1.123121957
20020326,-0.347826438,1.197426579,-0.260983184
20020327,0.121983112,1.023891444,0.034837137
20020328,0.191420923,0.688041083,0.174003872
20020401,-0.278019293,1.129159042,-0.086964089
20020402,-0.260756341,1.933073177,-0.034806822
20020403,-0.678558497,0.973019233,-0.296348164
20020404,-0.517812067,2.92066883,-2.510296214
20020405,-1.346156916,1.184860679,-0.935258616
20020408,-1.702870041,2.166453167,-2.173800091
20020409,-0.854706058,1.732536498,-1.039548994
20020410,-1.122556222,2.02337016,-0.824437872
20020411,-1.520941866,7.572026426,-1.80356099
20020412,2.571704374,2.767633934,3.316053645
20020415,0.055030727,0.83110141,1.05079776
20020416,0.236299301,1.047503192,1.003566492
20020417,-0.706460687,0.548094582,-0.127168697
20020418,0.941977995,1.136488835,2.72564838
20020419,-0.403332419,0.489885331,0.669960193
20020422,-0.757913208,0.878975244,-0.68765148
20020423,-2.088802178,2.561932756,-1.947359438
20020424,-0.798842302,1.310092769,-1.033647792
20020425,0.145772621,1.971715628,0.109309539
20020426,-1.149962476,2.541897966,-0.82274895
20020429,0.311612387,1.553470097,0.311612387
20020430,-0.644272822,1.505281982,-0.900824182
20020501,2.268251626,1.365691139,2.08340869
20020502,0.433057335,2.880012222,0.451142153
20020503,-0.754856208,1.170034922,-0.198251845
20020506,0.376986354,0.788751899,0.683210137
20020507,-0.753907717,1.240716841,-0.557004405
20020508,2.378722548,2.159388679,1.927254512
20020509,-0.232828976,0.939775779,-1.441947547
20020510,-0.359195788,2.128372245,-0.341266609
20020513,1.154234602,1.28414515,1.889202507
20020514,0.978002905,0.813235491,1.576490874
20020515,-0.386100866,1.98208634,-1.17123968
20020516,-0.334477911,1.447581001,-0.281739929
20020517,2.770453346,1.975895515,2.576295664
20020520,0.309704308,1.695261016,0.034364262
20020521,-0.706838561,1.251287151,-0.706838561
20020522,-0.31244601,1.787024797,-0.485606227
20020523,0.261529222,2.216381393,-0.156589854
20020524,-1.685137296,2.685315244,-1.650318354
20020528,-0.835337658,1.218182141,-0.817636976
20020529,1.926365127,1.799638441,1.944211116
20020530,0.088613209,1.391454102,-1.197408214
20020531,0.228410887,1.03912278,0.934503847
20020603,-3.423404371,2.519141302,-3.300629647
20020604,-1.0193026,3.329783464,-0.85618521
20020605,-0.072819956,2.299620462,0.456330079
20020606,-1.973258367,4.66374636,-3.182507254
20020607,0.781626322,2.695972671,-1.001425469
20020610,2.974127374,3.605089583,2.993115316
20020611,-2.868465259,3.886724195,-4.466121385
20020612,2.354881612,4.496786471,0.192529902
20020613,0.577479949,3.050290299,0.211355636
20020614,0.956945102,6.210523691,0.764822084
20020617,1.736875832,3.056312643,1.755921637
20020618,-0.58364093,1.804392572,-0.883547434
20020619,0.076132474,2.664708311,-0.758153745
20020620,0.249448465,2.151468623,-0.725609447
20020621,-1.607336916,2.494622637,-4.287629428
20020624,-0.444355407,10.69463757,-1.187256123
20020625,0.020502307,5.363725989,-1.263003141
20020626,4.740030988,12.25306918,3.1280928
20020627,1.362445796,6.731697484,1.302821428
20020628,0.693415359,4.13433383,-0.669030437
20020701,-4.296124316,5.630151028,-3.823403325
20020702,-4.491616605,8.837024559,-4.082199452
20020703,1.34144458,1.124761342,1.020417017
20020708,1.475263848,7.003723046,-2.193342633
20020709,-3.038699481,8.592688403,-4.49273416
20020710,-4.288455971,10.77732021,-4.727053165
20020711,3.185055576,11.45317052,1.705943794
20020712,2.540809736,7.137483951,2.450557022
20020715,2.023826224,28.35668494,1.05079776
20020716,-1.531216587,13.96772004,-4.112147316
20020717,-0.607221027,11.24139891,0.58823699
20020718,-3.285094472,7.556222785,-4.876760634
20020719,-1.221425794,8.048118573,-1.720061518
20020722,-3.198304585,28.70779197,-3.681397312
20020723,-2.192287646,35.95514064,-3.045920748
20020724,9.49573009,25.93661698,9.10838293
20020725,5.216968749,25.2096984,4.508583261
20020726,3.619802327,9.842058626,3.078529017
20020729,2.043014565,5.448656965,5.536351669
20020730,1.579089533,10.22574822,0.103124687
20020731,2.373270143,11.40170887,1.939429984
20020801,-3.14873219,8.667402737,-3.35112044
20020802,1.071326285,11.63000506,0.062702479
20020805,-4.760761758,6.751211436,-4.990863313
20020806,1.28950852,6.099588019,2.815257385
20020807,3.460984562,10.39727512,4.417319552
20020808,2.31096389,4.673359654,2.810277099
20020809,1.481508579,6.79878351,1.302564302
20020812,2.091631107,3.951863401,0.410919275
20020813,-1.855044717,6.905936151,-3.053369636
20020814,4.031677527,7.410318607,2.877468095
20020815,-0.826939148,9.41653188,-1.061956883
20020816,-1.173325582,3.588174324,-1.173325582
20020819,2.566774675,4.238617951,2.586776675
20020820,0.079098284,4.671270027,-1.393682387
20020821,1.984887114,6.574335523,2.556486187
20020822,3.899793812,3.329114312,3.706929721
20020823,-1.82903185,2.80134241,-2.462299006
20020826,0.190077989,3.879883789,0.209105675
20020827,-1.691047215,7.139521156,-2.033448158
20020828,-0.886268726,3.854806658,-2.055872702
20020829,1.950310574,5.843406481,0.37516087
20020830,-0.276789421,3.90160581,-0.454321769
20020903,-3.289094017,3.694631793,-5.410021858
20020904,3.109058707,4.254740005,2.374918021
20020905,0.623054975,5.924863513,-1.438873745
20020906,-0.77901173,3.319870264,0.598618776
20020909,1.652930195,4.073688048,1.673508444
20020910,0.424114541,3.802656211,0.424114541
20020912,0.408163832,3.079524915,-0.87195118
20020913,0.692890484,5.369930468,0.284726652
20020916,0,4.547424545,-0.877109142
20020917,-4.664485658,6.163652313,-3.079086598
20020918,-0.191265599,5.273189888,-0.678399888
20020919,-1.950746791,5.057922884,-3.9705834
20020920,1.0349096,4.399051013,1.0349096
20020923,0.420866719,3.712288279,-0.902195579
20020924,2.652089138,8.008658921,1.339354745
20020925,2.874066901,3.899926281,3.85074314
20020926,2.177379955,5.330056628,2.282256734
20020927,-3.505404046,5.273256613,-5.264373349
20020930,-1.283602961,7.69867024,-1.261983676
20021001,0.151073731,5.404171448,1.521107121
20021002,-0.063918187,6.360344129,1.179132538
20021003,-1.440420476,8.408092134,-1.589721986
20021004,-3.464703644,11.96304171,-4.269143247
20021007,-0.497176165,10.79501212,-0.248897063
20021008,2.328240462,12.47631839,4.257849356
20021009,2.485702768,31.70774331,-0.959867754
20021010,0.829336923,12.65986024,0.851254731
20021011,2.136833441,9.201404748,2.765153133
20021014,0.545621238,6.518874957,4.788368277
20021015,0.551834274,4.309231933,2.507594077
20021016,-1.982225457,5.043893848,-1.844741394
20021017,-0.784317746,3.289159753,1.687384949
20021018,1.737800447,6.878268204,0.549667658
20021021,3.367187316,5.116841005,-0.078339213
20021022,0.19821612,3.083691639,-1.063630276
20021023,2.733408126,6.60022765,1.698367039
20021024,-1.981817045,5.674738761,-1.777606346
20021025,4.681706005,6.042289486,4.74114137
20021028,-1.51920191,2.129623058,2.445748715
20021029,-0.373483161,6.077583856,-1.43032066
20021030,1.168519278,3.517205274,1.448762338
20021031,-0.110680698,4.971142376,-0.09224242
20021101,1.115253195,5.02302337,-0.14776508
20021104,-1.129746251,2.361991986,-0.760742142
20021105,2.331107887,2.852278684,1.037622799
20021106,1.219964897,6.835766524,3.317625031
20021107,0.270978397,2.033156632,-1.165827929
20021108,0.898155849,3.521152288,0.880113449
20021111,-1.550418654,1.67338683,-1.58619043
20021112,-0.61885891,2.333938705,-0.491759483
20021113,-2.470185478,13.14932248,-3.701026772
20021114,2.893850939,3.094431364,2.266651316
20021115,2.231255696,2.033498829,2.379321612
20021118,1.15649363,2.329219992,2.217941034
20021119,1.839414216,2.954448788,1.892469306
20021120,0.908938263,3.084994772,-0.243309122
20021121,-0.237771851,1.456318894,2.304883595
20021122,0.084781692,1.512216311,0.322553543
20021125,0.949769699,1.412672993,2.179465983
20021126,-1.606799897,2.697788745,-2.774452863
20021127,1.258933958,1.706095331,2.192330637
20021202,-1.0643706,2.421104209,0.671030869
20021203,0.425713712,28.30575593,-1.618103735
20021204,0.494839334,3.233410441,-0.170068068
20021205,-0.890986814,2.657490928,0.796816965
20021206,0.324814372,2.637536621,-1.069528912
20021209,1.284594183,3.489343797,0.289731775
20021210,0,2.107995209,0.40760926
20021211,-0.222279308,0.943540633,-0.987914695
20021212,-1.372621672,1.230720671,-2.18039439
20021213,1.6349138,2.466508996,0.331849051
20021216,1.11733006,1.124798749,1.985391066
20021217,0.292121524,1.128610997,-0.376777291
20021218,-1.985090432,1.765876001,-2.46668751
20021219,-0.531916148,2.921767633,-1.078606514
20021220,-0.265745572,1.516139343,0.213106101
20021223,0.282535946,1.749995254,0.601345993
20021226,-0.543241501,1.515269116,-0.035137035
20021227,-1.787816447,1.774371634,-1.629796925
20021230,1.489125195,1.536364552,1.489125195
20021231,0.691553425,1.987750566,-0.423206415
20030102,1.071006955,3.598310703,2.805306358
20030103,0.834118378,0.923482699,1.348258328
20030106,1.821605438,1.461481605,1.413926939
20030107,-0.354460663,1.368345938,-1.159969298
20030108,-0.220171145,1.198881959,-0.270911104
20030109,1.770256125,1.307310724,1.447593028
20030110,0.940709104,2.077737558,-0.050146261
20030113,-0.417537141,1.515379751,-0.100368024
20030114,0.435657526,0.92088023,0.100368024
20030115,-0.873221334,0.967646959,-0.873221334
20030116,-0.710903468,1.276311647,-0.710903468
20030117,0.171526629,2.392228424,-0.887226431
20030121,-1.764083822,2.139740124,-2.780370237
20030122,-1.814673529,1.929365353,-1.867550943
20030123,-0.576890008,3.049855589,-0.702642293
20030124,-3.306086226,2.760696214,-3.233792711
20030127,-3.028514476,4.718873131,-3.496461049
20030128,3.103473078,4.418434633,5.529802821
20030129,2.26410986,3.897375214,1.344985742
20030130,-2.522590889,3.361494107,-1.785111155
20030131,1.840598658,3.678596198,1.767055724
20030203,0.835847225,2.27678806,0.871954826
20030204,-0.418296509,1.702728854,-1.797131493
20030205,-1.398370194,4.27067801,-0.346873922
20030206,0.460618041,3.709402786,-0.513385799
20030207,-1.59321636,1.949473913,-1.574835697
20030210,1.518828975,2.352287364,1.574835697
20030211,-1.506273887,2.391780693,-0.682470601
20030212,-1.39602081,1.226074995,-1.266547011
20030213,-0.568506363,3.290084986,-1.377770214
20030214,1.872713905,3.689422108,2.40342023
20030218,0.722420955,1.858439831,1.792739348
20030219,-1.098912158,1.668948414,-1.053364446
20030220,-1.765024919,2.000619539,-1.765024919
20030221,1.34556319,2.4967989,0.969975894
20030224,-1.58703501,2.721440836,-2.557010904
20030225,1.356147229,3.418890455,0.380156322
20030226,-1.412776457,2.656530894,-1.336918308
20030227,0.494203629,2.627721899,1.393817314
20030228,0.265201898,2.065533289,0.227272825
20030303,-1.720431885,1.446773306,-0.797725028
20030304,-1.614488268,1.064201572,-1.595420673
20030305,1.65453896,3.977891111,0.36746971
20030306,0.637252325,2.739829753,0.289156828
20030307,2.416744011,6.155758932,0.767021977
20030310,-0.564478384,1.671437648,-2.162663937
20030311,0.078740162,3.402844289,-0.803532006
20030312,0.921484807,2.541960707,0.823049914
20030313,-0.857203768,3.083949065,-0.254030425
20030314,-0.569019489,3.941016266,-0.569019489
20030317,3.192796019,3.57018365,2.660092776
20030318,1.539222788,2.539947233,1.596688549
20030319,2.134651821,2.765976353,2.642505823
20030320,0.914417491,3.787582982,0.877679798
20030321,1.911967472,3.398424662,2.81809908
20030324,-1.903093231,1.746066416,-3.329142353
20030325,1.43495333,2.380680065,1.453249917
20030326,-1.005033585,3.299453669,-1.819886442
20030327,1.590963428,2.263280576,1.222977733
20030328,1.475302234,2.733655103,0.34410973
20030331,0.274599715,2.470208786,-1.109001458
20030401,0.867370816,2.798643875,1.595971489
20030402,0.937810996,1.538517754,2.136072673
20030403,-1.098717415,1.640814597,-1.169189581
20030404,1.85272172,3.080942062,1.906164315
20030407,-1.865302927,2.136026983,-0.648954308
20030408,-0.19378144,1.739515255,-0.211379328
20030409,-1.976736077,3.779400531,-1.976736077
20030410,0.089806921,2.1263819,0.179694568
20030411,-1.129752893,1.758344879,-0.449843314
20030414,2.142174025,1.458618296,2.088056589
20030415,0.528170242,1.012590011,0.581141021
20030416,-1.695554573,1.747248303,-1.432511896
20030417,-0.410751537,1.30989359,-0.464203654
20030421,1.165473196,4.605123856,1.914273271
20030422,2.492608636,2.525428569,3.349182355
20030423,-1.604951643,2.086237248,-1.36754268
20030424,1.277200655,1.599037714,0.360794138
20030425,-2.419402667,2.623833628,-2.694175294
20030428,1.994242389,2.324115245,0.824638413
20030429,0.489169389,2.637170587,0.261757413
20030430,0.984719022,2.602694699,1.367394737
20030501,1.099667439,3.304535098,0.599881823
20030502,2.545188204,2.324354526,1.307208157
20030505,-0.254129743,1.785940926,-0.575103074
20030506,-0.101815722,1.682570338,-0.084853633
20030507,0.462052675,1.424931051,-0.561847056
20030508,0.120492312,1.428928463,-0.754073839
20030509,-0.428412959,0.853990146,0.171880414
20030512,1.245856203,1.478315011,1.245856203
20030513,0.778345723,0.916091409,0.625583239
20030514,0.033551418,1.01625724,0.487600798
20030515,-0.100704943,0.902081859,-0.117479245
20030516,0.395973389,0.817496354,-0.142839162
20030519,-3.636764417,6.289782011,-4.761369345
20030520,-1.9092799,3.573597925,-3.062286021
20030521,1.582282716,3.233749927,0.778918892
20030522,0.812645556,2.442563142,0.324266182
20030523,-0.512521915,1.67908753,-0.243101007
20030527,2.009396636,1.845255507,1.494234396
20030528,-0.696991473,1.497958815,-0.963776869
20030529,-1.808367543,2.065407781,-1.73665725
20030530,1.195016937,1.882725639,1.377332393
20030602,-0.125526781,1.525107495,0.30550837
20030603,0.552241539,1.299658427,0.999829789
20030604,1.025831422,1.11594539,0.954745583
20030605,3.049439335,2.133703491,3.067034127
20030606,-0.304362765,3.80727124,0.764984606
20030609,-0.971626156,1.285662674,-1.141117722
20030610,0.274160556,1.367386667,0.102722146
20030611,1.306321062,1.403338888,1.511449339
20030612,-0.235611014,1.266913754,0.033704079
20030613,-0.346240265,1.209818726,-0.413659785
20030616,2.550350744,1.392149133,2.761615453
20030617,0.772577479,2.51961236,2.615271281
20030618,1.642911185,2.72489212,1.337812595
20030619,-1.513611308,1.451211962,-1.466161722
20030620,0.541661353,1.076705394,1.038099237
20030623,-0.545923,0.864314018,-1.327488507
20030624,1.490871886,2.12931869,0.096556171
20030625,-1.08829142,1.768390859,-1.523530279
20030626,2.169919547,1.38576527,1.185175006
20030627,-1.205619034,1.617913667,-1.545123038
20030630,-0.904239618,2.322820468,-0.756831516
20030701,1.574319167,2.048475861,1.49170867
20030702,-0.501011149,1.088154131,0.422147079
20030707,1.432316153,1.222523678,1.203070924
20030708,-0.145855305,0.994434387,-0.356160325
20030709,-0.146472481,1.685874899,-0.42255873
20030710,-0.669444904,1.297694205,-0.588044818
20030711,0.866514046,1.177873975,0.63689282
20030714,-0.774072564,1.202809331,0.551949453
20030715,-0.820665962,1.76943067,0.194080604
20030716,-0.436434864,1.220157594,-0.258857935
20030717,-1.189617223,1.854963369,-1.189617223
20030718,0.552218392,1.097782342,1.20581549
20030721,0.435657526,1.275474247,-3.175914802
20030722,-2.898753687,4.591873776,-3.418409538
20030723,0.728790316,2.503480885,0.069180217
20030724,-2.065866369,1.867393218,-1.445388681
20030725,1.36748274,2.134713747,0.734012383
20030728,-1.436856681,1.759933322,-1.349832047
20030729,-2.848181133,2.976810345,-2.284997666
20030730,-0.377936201,2.245423543,0.144352244
20030731,-1.170657223,4.577880723,-0.46990869
20030801,-1.32670412,2.694111863,-1.67150076
20030804,0.036961745,3.292994111,-0.304414238
20030805,-1.262549263,2.384866949,-1.114838748
20030806,1.318129175,2.29496834,1.299442825
20030807,2.72002263,1.832912195,3.051453609
20030808,-0.55610512,0.933576905,-0.55610512
20030811,-0.326619779,1.525541138,-1.030657347
20030812,-0.857904322,1.316873916,-0.857904322
20030813,-1.17243364,1.771158367,-2.09325046
20030814,0.450874331,2.179173317,-0.131122993
20030815,0.205973296,1.848109322,0.205973296
20030818,-0.112107635,0.641103149,0.056100983
20030819,0.466201311,0.903557234,0.484894646
20030820,0.789908741,1.843821509,-3.098679809
20030821,-1.507857681,2.433534958,-1.488669348
20030822,-2.242864035,1.782937104,-2.126064333
20030825,0.258886931,1.244366675,0.039785161
20030826,0.378072284,0.95820124,0.139123544
20030827,0.498257134,0.769046175,-0.099354206
20030828,-1.079147163,0.996867917,-1.059268424
20030829,0.538225161,0.753988995,1.059268424
20030902,1.837451676,1.60733251,1.538795406
20030903,-0.511610718,1.273014166,-0.766437868
20030904,-0.138189737,1.566646331,-0.138189737
20030905,0.94693941,1.818834502,0.610538578
20030908,1.436118507,1.358762234,3.226397885
20030909,0.360565909,1.395361508,0.360565909
20030910,1.144585157,1.630891809,1.522728924
20030911,-1.006907631,0.911484781,-0.448766647
20030912,-0.074822301,1.309386625,0.149812762
20030915,-0.656478021,0.635996351,-0.56295889
20030916,0.765571847,0.720893958,1.159975588
20030917,-1.028142527,0.946414774,-1.009543067
20030918,-0.094277371,0.788981389,-0.395369055
20030919,-1.480383839,0.917715348,-1.348420393
20030922,-0.891133367,0.988839256,-1.755277007
20030923,-0.428516433,0.773814216,-0.311830305
20030924,-0.796503547,1.18218054,-1.148478881
20030925,-0.534495977,0.766852322,-0.524623821
20030926,0.909456644,1.412801635,0.849891468
20030929,0.452355969,1.514069245,0.294782566
20030930,-0.49285462,2.481227994,-0.708943497
20031001,0.765384955,1.465880082,1.08109161
20031002,-0.820798042,1.067354071,-0.372148113
20031003,-1.680711832,2.400989342,-1.602249686
20031006,-0.099552024,0.685824239,0.099651229
20031007,0.279888227,0.945435285,-0.219363933
20031008,-0.120072058,0.437875473,-0.299910252
20031009,-2.120648995,1.522734852,-1.92060892
20031010,0.669170093,0.782117361,0.995235187
20031013,0.423430414,0.555969445,0.443638558
20031014,0.262017685,0.697957496,-0.040249548
20031015,-1.563007563,0.772037322,-1.623412276
20031016,0.592503521,0.674395226,0.428703321
20031017,-0.880521712,0.513835976,-0.962037918
20031020,-0.392116899,0.951427083,-0.536194314
20031021,1.33815687,1.193476727,1.110437073
20031022,0.087374405,3.049167955,-6.549330536
20031023,0.110071558,1.70154364,-0.76712705
20031024,-0.932511198,0.920486155,-1.373526246
20031027,-0.200200267,0.672546703,0.178292893
20031028,-0.066792833,1.71572922,-0.022269235
20031029,0.289500258,1.491491164,0.155780603
20031030,-1.760370442,0.982361133,-2.362580358
20031031,0.498528112,1.125454233,0.725956001
20031103,0.426057377,0.709723886,1.012040573
20031104,-1.810004164,0.849958901,-2.011594556
20031105,-0.643089033,1.047205041,-0.917437628
20031106,1.198999838,1.305381566,0.528554603
20031107,-0.295354071,1.35428849,0.7307637
20031110,-1.190217758,1.044003218,-1.190217758
20031111,0.893169799,0.930359711,0.985229644
20031112,2.285813808,1.990395138,0.885262846
20031113,3.465473391,2.709638429,3.442871967
20031114,0.429646203,2.899100773,1.838883617
20031117,-1.132759294,1.36582558,-1.218540985
20031118,0.108401095,2.11728694,0.14094435
20031119,-0.26007817,2.07014162,-0.151794456
20031120,-1.909418265,2.11464916,-2.083180255
20031121,-1.504848525,2.873531662,-6.689005404
20031124,-0.544960477,0.968593719,-0.284697701
20031125,-0.697873125,1.959764789,-1.628778523
20031126,-0.728158557,1.155783696,-0.873156166
20031201,2.015907,1.718059858,3.604211617
20031202,-0.258854127,0.991358645,0.828113096
20031203,0.206209261,1.11003613,2.902792922
20031204,-1.581332367,1.500116634,-0.919758151
20031205,-0.992965092,1.1160243,-0.463070983
20031208,1.270665127,1.162586657,1.084834644
20031209,-0.77785796,1.136266301,-0.045924226
20031210,-0.96886571,0.831357355,-0.922941485
20031211,1.153681462,0.652759564,1.037712529
20031212,-0.182940824,0.760200944,0.229147671
20031215,-1.274192438,1.363993414,-0.045787547
20031216,0.454236529,0.854432817,1.047845578
20031217,-0.158568388,0.600578815,-0.045330916
20031218,0.765424719,0.930351853,1.082310452
20031219,-0.696710313,1.306646684,-0.562241445
20031222,-0.36133734,0.479403254,-0.31624151
20031223,0.830252722,0.705461933,1.236665564
20031229,0.394823939,0.550118558,1.300007291
20031230,-0.460678669,0.511097284,-0.438789647
20031231,0.629820738,0.587076123,1.549065556
20040102,0.597398832,1.093680176,1.759702059
20040105,-0.166458632,1.113598125,2.125724576
20040106,-0.522085346,0.508554447,-0.542912171
20040107,-0.292336813,0.647247418,0.125549295
20040108,0.083385454,0.741466238,0.354869384
20040109,-1.077209698,1.512285247,-1.893199161
20040112,-0.91087162,1.297005687,-2.559554719
20040113,-0.087584853,0.925893724,-0.546151003
20040114,1.108827536,0.853563221,1.305785692
20040115,-0.67252667,1.395544543,-0.67252667
20040116,0.064984298,0.530934553,0.521060667
20040120,-0.043487715,0.849310409,-0.434028459
20040121,0.389695232,0.459113019,0.650338299
20040122,-0.519144579,0.53071235,-0.368005611
20040123,-0.696411955,0.42542578,-0.696411955
20040126,1.62292693,1.424208336,3.054000789
20040127,-0.841224729,1.012412099,0.296108507
20040128,0.208986492,1.088188343,1.154868478
20040129,0.790189181,1.14421603,0.790189181
20040130,-0.961344917,0.858924192,-1.376455517
20040202,0.375234962,1.171104093,0.919738925
20040203,0.994620715,0.591394992,0.911356764
20040204,0.676717439,1.315618119,0.882690736
20040205,-0.511614745,1.270400723,-0.38906571
20040206,0.020514925,0.878723672,0.020514925
20040209,-1.094260945,1.081633777,-1.19687768
20040210,0.310398594,0.293458584,0.476339308
20040211,0.679924325,0.961232013,0.617921637
20040212,-0.618941526,1.205236929,-0.783347646
20040213,1.152276124,1.528420951,1.152276124
20040217,0.081900086,0.515082609,-0.040924903
20040218,0.265225087,0.16577854,0.449255401
20040219,-0.449255401,0.288894548,-0.449255401
20040220,-1.274688312,0.87087493,-1.090657997
20040223,-0.020633447,0.942152844,0.268622953
20040224,-0.061823804,0.536222738,0.103124687
20040225,-1.265708359,0.810842095,-1.28632479
20040226,0.420610504,0.495502059,-0.502408425
20040227,0.08329863,1.262784382,0.815136711
20040301,-0.030983734,0.842718597,0.756911696
20040302,-1.372448243,0.934801924,-1.341464509
20040303,-0.391887384,0.589964122,-1.359704743
20040304,0.125654467,1.036104493,1.401572024
20040305,1.592323608,1.392405275,0.688291381
20040308,-1.188380503,0.486562769,-0.897803295
20040309,-0.380068025,0.524807375,-0.863617795
20040310,-1.845942091,1.759162386,-2.376222261
20040311,-1.608495624,2.179208815,-2.500678672
20040312,0.177344316,0.621250039,0.288344438
20040315,-1.108658806,0.873297459,-0.666669136
20040316,-0.243551543,0.618243243,0.578036292
20040317,-1.961721402,0.935268192,-1.541413295
20040318,0.51726192,1.568219754,0.359550949
20040319,-1.833667675,0.819361897,-1.833667675
20040322,-0.366636524,1.141051797,-0.480935314
20040323,0.479398247,0.762519042,0.800278651
20040324,-1.978440423,1.667710209,-2.001216872
20040325,0.781253974,0.955341011,1.498932711
20040326,0.569802111,0.834664821,0.707039095
20040329,0.585191857,0.897279623,1.26469617
20040330,-0.90334851,0.873633837,-1.083043077
20040331,0.113058237,1.058223341,0.384920661
20040401,0.53727463,0.856187318,1.212952877
20040402,-1.191278152,0.907498467,0.601003478
20040405,-0.341993824,0.502276814,0.40972318
20040406,0.310628162,0.368892171,-0.232339541
20040407,-0.666669136,0.454236658,-0.644518288
20040408,-1.070244329,0.662881727,-0.536553936
20040412,0.580877415,0.51175783,0.625700365
20040413,-0.782039512,0.928703511,-0.692972484
20040414,2.315330497,1.671770049,1.910744646
20040415,2.631730832,1.555972054,3.311632563
20040416,-0.402927064,1.398352134,0.191428326
20040419,0.085251497,0.791749371,-0.255319288
20040420,-1.480872646,0.869407642,-1.480872646
20040421,0.992885342,1.703922176,0.668033946
20040422,1.182173897,2.090133235,0.51413995
20040423,-0.95898444,1.170577996,-0.213903825
20040426,-0.321027563,0.692376334,-0.107123738
20040427,0.637621714,0.917540042,1.17209653
20040428,0.422387112,0.464276381,0.528263246
20040429,-0.72064746,1.117853487,-0.931618002
20040430,0,1.055237081,-0.021274333
20040503,1.457105286,0.831591271,1.478379618
20040504,0,0.912039074,0.313972
20040505,0.020918314,0.58785938,-0.083629526
20040506,0.667225161,1.101254881,0.646306847
20040507,-0.855687158,1.325859805,-0.855687158
20040510,-0.735964071,2.198160943,-2.12897942
20040511,-0.633695263,1.670073426,-0.644401328
20040512,1.594174218,3.166223916,0.826229283
20040513,-0.605276383,1.47587824,-1.442280948
20040514,0.962742035,2.720382642,0.702212144
20040517,1.40315308,1.613753003,0.440411045
20040518,0.235017734,0.53221804,0.449150579
20040519,-1.092204882,0.935708376,-0.900327625
20040520,0.301399582,0.968574404,0.172117082
20040521,-0.192905429,1.079065375,0.193278273
20040524,-0.732130747,1.072431537,-0.732130747
20040525,1.658984509,1.425971931,1.13894
20040526,0.320341972,0.648146612,0.213447253
20040527,0.889647893,0.729353316,1.102640519
20040528,-0.042247571,0.570160197,-0.189973672
20040601,2.005079705,0.879237529,2.152868183
20040602,-0.354869384,0.717334083,-1.122906372
20040603,0.732604009,0.653870236,0.27148393
20040604,0.207684394,0.605578057,0.520021973
20040607,-0.415369237,0.500749452,-0.311688564
20040608,1.14405824,0.382503763,0.622408648
20040609,-0.395792622,0.537272674,-0.9141971
20040610,0.293624372,0.347393126,-0.334518397
20040614,-1.142627751,0.431595346,-1.604425381
20040615,1.217479354,0.907278157,1.980680006
20040616,-0.270073915,0.453202346,0.291666873
20040617,0.414766252,0.492385782,0.518727172
20040618,0.041373604,0.454235685,0.062066827
20040621,-0.291484695,0.837859216,-0.809889174
20040622,-0.167855684,0.902697786,-0.71144891
20040623,0.797485863,0.640231838,0.460926858
20040624,0.167084416,0.765256735,0.167084416
20040625,-1.25999147,1.184192246,-1.25999147
20040628,-0.296421983,0.617924731,-0.338696344
20040629,0.5079376,0.712428103,0.444304127
20040630,0.021050416,1.065451196,0.295109826
20040701,-1.267176407,1.489494127,-0.972934917
20040702,-0.934586242,0.826424468,-0.404643295
20040706,-0.556389195,0.686788736,-0.556389195
20040707,-0.517354032,0.943744548,-0.710673821
20040708,0.108991836,1.626725074,-0.802868585
20040709,-0.391645409,0.757887785,-0.065380846
20040712,-0.415165023,0.981168371,-0.436968141
20040713,-0.295906841,0.790184361,-0.252124003
20040714,0.263100349,1.264798708,0.252124003
20040715,-2.014902661,1.391613258,-2.124443695
20040716,-0.222965533,1.125456172,0.201094918
20040719,-0.874347012,1.18240527,-0.874347012
20040720,0.694213963,1.178843672,0.896665949
20040721,-1.469305151,1.812737064,-0.492171016
20040722,1.198416473,2.934626245,1.645944631
20040723,-0.309529321,1.18111927,-0.375732567
20040726,-0.354924951,1.784011148,-0.354924951
20040727,-0.111074098,0.661907453,-0.022224692
20040728,-0.044355734,0.953738222,0.199844632
20040729,0.884374546,1.646306124,0.77339906
20040730,0.44198967,1.61119809,-0.176250321
20040802,0.330578813,1.098582228,0.220264406
20040803,-0.732441406,0.607226367,-1.239776783
20040804,-0.066807708,1.128772274,0
20040805,-0.852023092,0.938493157,-1.075038349
20040806,-0.913248356,1.833478738,-1.840751895
20040809,0.705912074,0.78588405,1.07221285
20040810,0.719751195,0.877973231,1.240291015
20040811,0.780818245,1.302282962,0.848030077
20040812,0,1.392634729,-0.445435035
20040813,-0.42548491,1.331972662,-0.53715438
20040816,1.431151439,0.739590739,1.071438821
20040817,-0.111172885,0.565555356,-0.200022291
20040818,2.564810058,0.930300132,1.895164698
20040819,-0.373832211,0.859384086,-0.921059143
20040820,1.751358249,1.284749339,1.508719992
20040823,-0.453613479,0.972006647,0.238430805
20040824,-0.194070142,0.63235791,0.302637499
20040825,-0.757989552,5.28506501,-0.714830294
20040826,-0.927363679,2.000453629,-2.020270732
20040827,0.288152699,0.335701756,0.221582187
20040830,0.244961708,1.015494061,-0.488130545
20040831,0.111296617,0.854486641,-0.022244467
20040901,-0.134649931,1.174775653,-0.938764158
20040902,0.980618511,0.778357651,1.24973731
20040903,0.484689206,0.655341064,0.905183352
20040907,0.175093063,1.153245695,0.504221171
20040908,-0.175400177,0.811028922,-0.350493239
20040909,-0.858185485,0.641141676,-0.704693513
20040910,1.674416736,0.641202877,1.142618452
20040913,-0.220070511,0.829746178,-0.83370382
20040914,0.285620319,0.996449783,0.417720735
20040915,-0.74627212,0.712735369,-0.417720735
20040916,-0.530036577,0.512915629,-0.508007719
20040917,-0.907186219,0.352177248,-0.377149643
20040920,-0.424534209,0.818989513,-0.736199644
20040921,0.335158397,0.489691227,0.379931176
20040922,0.313409704,0.865401812,-0.200960211
20040923,-1.055833688,0.7913598,-1.033484822
20040924,-0.3395589,0.377830359,-0.407332539
20040927,1.563062744,1.102983606,0.880466237
20040928,0.51345129,0.831611252,0.939604228
20040929,0.645522553,0.662261085,0.35563496
20040930,0.151400483,10.50106034,-31.01952704
20041001,-0.866841476,2.916517374,0.783608591
20041004,0.117061763,1.196845856,2.607555145
20041005,-2.184911244,0.961818876,-2.038776482
20041006,-4.353210868,3.715054507,-5.554426513
20041007,0.615985089,5.096229685,-2.395132856
20041008,-0.656816811,2.235056466,-1.925332764
20041011,1.277240222,2.780566476,1.244285864
20041012,1.172270018,2.307882058,0.519313079
20041013,-2.328355715,2.256834587,-2.457931373
20041014,-0.36369688,1.389140523,0.165755052
20041015,0.955368821,1.356646845,1.021593989
20041018,0.87791167,1.533863782,1.270582332
20041019,0.192740182,0.488343835,0.870271407
20041020,0.767267191,1.018410406,0.767267191
20041021,0.031974421,3.043128814,-0.382897724
20041022,-1.718868328,1.247329234,-2.295977977
20041025,-0.22932033,1.846315175,-0.26203749
20041026,0.490919003,1.058574308,0.458115984
20041027,2.15340629,2.174037301,1.891882767
20041028,1.180801976,0.917869059,0.972351648
20041029,-0.826976723,3.856965241,-0.668472965
20041101,-3.983210545,7.079519985,-10.10757307
20041102,-5.032049527,5.576566986,-5.670123298
20041103,1.336483682,6.23967075,4.139026982
20041104,-3.34820213,7.805612266,-3.097350896
20041105,-1.062225466,3.539043119,-3.00548542
20041108,2.168622175,4.137502762,1.326028144
20041109,0.502610762,2.680664719,-2.438216022
20041110,3.077165867,5.247371526,1.79634106
20041111,-0.932363333,2.010088424,-0.932363333
20041112,0.949674754,2.50521698,1.121578148
20041115,2.280046444,3.907150753,2.280046444
20041116,0.876878107,1.687055222,1.576567943
20041117,-1.127489667,1.275443547,-0.547147088
20041118,0.420822138,3.550048053,0.164458694
20041119,-0.183992692,1.41231259,-0.861837186
20041122,0.03686636,1.348884497,-0.073691971
20041123,0.073691971,0.546898681,0.073691971
20041124,-0.110152389,0.657807339,0.257495084
20041129,-0.827194071,1.226217977,-0.036107601
20041130,1.293121467,1.389158734,1.184720373
20041201,-0.431810675,2.167369755,-1.040368128
20041202,3.08918582,1.977294818,3.08918582
20041203,0.227014853,1.800879878,0.227014853
20041206,-1.692565088,0.690307323,-1.919579942
20041207,-0.856230704,0.661396963,-0.749601939
20041208,1.510655814,1.324499554,2.721496818
20041209,0.174125066,1.054000078,0.208986492
20041210,0,0.950123116,-0.034800766
20041213,1.038071605,0.513052094,1.107661031
20041214,1.875587803,0.950265276,1.875587803
20041215,1.988137055,0.968729206,2.929636949
20041216,3.978708931,2.046495724,4.20810441
20041217,-0.884681915,10.80183932,-0.884681915
20041220,0.76457843,2.119026247,0
20041221,1.80185055,1.488053162,1.292781681
20041222,0.700664603,0.912302675,0.950977624
20041223,-0.247295335,0.731043203,0.263423101
20041227,-0.995652282,1.066069885,-1.026607243
20041228,0.747434187,0.417652277,0.778698842
20041229,-0.062034741,0.856813602,0
20041230,-0.155014757,0.334961492,0
20041231,-0.248524514,0.325720326,-0.248524514
20050103,-2.807312569,4.1926851,-2.807312569
20050104,-1.054154467,1.37246759,-0.384615859
20050105,0.768003775,1.410623115,0.73588558
20050106,0.095192773,1.160166543,0.508745135
20050107,-1.277156568,0.711554996,-1.308877425
20050110,1.086272662,1.70878013,1.118401177
20050111,-0.957555992,0.939364614,-0.925784745
20050112,-0.545485068,1.020697993,-0.321233813
20050113,-1.298719553,1.553815578,-1.556451654
20050114,1.501823852,1.500864679,0.846083798
20050118,1.319407716,1.54200385,1.351806874
20050119,-0.93113532,0.55386612,-0.899171119
20050120,-1.550418654,1.538611011,-0.907329621
20050121,-1.341862713,1.755002414,-1.211739077
20050124,-1.586285741,2.289417207,-1.09326913
20050125,2.384565051,2.199157234,3.147800878
20050126,0.417805525,0.850126965,0.643502864
20050127,0.160539447,1.31387519,-0.032076985
20050128,-11.13007398,37.59452391,-10.61807286
20050131,0.285103543,1.687982753,0.249421116
20050201,-0.823049914,1.153888569,-0.96550008
20050202,1.87982127,2.256277117,2.238501712
20050203,-0.140696471,1.972368484,-0.17583968
20050204,-0.211416569,1.370824274,-0.211416569
20050207,0.812294772,1.539895956,0.281789549
20050208,1.750744997,2.43220067,1.327762343
20050209,-0.417537141,1.718968148,-0.452253337
20050210,-0.034728252,2.115504999,0.382808889
20050211,1.553094203,1.311621633,1.414060465
20050214,1.025299481,1.016094309,0.716604329
20050215,0.204708362,1.503212246,-0.238297985
20050216,-0.378723124,1.163955431,-1.200082978
20050217,-0.552869411,1.657746014,-0.449438959
20050218,9.752802201,44.79297626,11.8783536
20050222,-4.357373209,9.536637281,-4.050153305
20050223,0.695105484,1.953558265,1.74690801
20050224,0.595706418,1.05779514,0.721571758
20050225,0.251256414,2.518797685,-0.344450004
20050228,-0.313972,2.58223045,-0.251256414
20050301,0.155836092,0.873153615,0.970121832
20050302,-0.724755024,1.722031387,-1.537767632
20050303,-0.506650862,1.903332263,-0.380228595
20050304,-0.15790308,0.513150827,0.443459707
20050307,-0.315457675,0.499345848,0.031600569
20050308,-0.063011974,0.718387559,0.2524457
20050309,0.361664047,1.037364187,0.393174997
20050310,0.59217876,1.233602445,1.0150786
20050311,-0.403539272,1.17952988,-0.093269088
20050314,0.279199809,1.130629225,0.403539272
20050315,-1.519173535,1.250378255,-0.839948942
20050316,-0.97347291,1.223297172,-1.004718028
20050317,0.473112379,0.832744164,0.283598741
20050318,0.469852078,1.506805273,0.689874169
20050321,-0.657382239,0.622667815,-0.501254182
20050322,-0.187676001,1.387843413,0.313578181
20050323,0.25007828,1.19386148,0.281382083
20050324,-0.687932669,1.037670102,-0.500783519
20050328,-1.034005766,0.859587227,-0.377240309
20050329,0.721345452,0.803293414,0.784317746
20050330,0.928799247,1.038768139,1.396454035
20050331,-0.123494922,0.966609887,-0.246837521
20050401,-1.169964084,1.027845344,-0.247448317
20050404,0.1851281,1.752321702,0.463464448
20050405,1.21619012,1.147292721,1.983889269
20050406,-1.058530979,1.064190021,-0.606246173
20050407,3.353625863,3.56448247,1.852602122
20050408,-1.134002006,2.281672055,-0.553686413
20050411,-0.931077458,0.628594234,-0.54168053
20050412,2.243923619,1.256445064,1.971979049
20050413,1.904261438,6.562113727,1.933842861
20050414,0.518882686,1.87585954,0.924327783
20050415,-1.371450067,1.685191802,-0.057520853
20050418,-1.012300763,2.31845934,-1.041073602
20050419,0.057703406,1.78808065,0.781819532
20050420,-0.787980146,3.781695248,-1.569799678
20050421,-1.93451969,3.43011805,0.496859125
20050422,-0.526470944,1.210777253,-0.584796988
20050425,-0.441112316,1.612567175,-0.499780549
20050426,-0.799885764,1.531228472,-0.917845082
20050427,-0.357675493,1.47759461,-0.387424117
20050428,0.892863074,2.136451191,0.773353051
20050429,0.621211878,3.395436551,0.472953882
20050502,-0.146864471,1.376995674,0.323863083
20050503,0.787520477,1.894211395,1.168920382
20050504,1.589399157,1.476434819,1.327580826
20050505,-0.545429801,2.595188133,-0.402183823
20050506,-2.058341984,2.328805852,-1.742204345
20050509,0.48383644,0.905311902,0.1317234
20050510,-0.676771746,1.61345907,-0.925728454
20050511,-1.038430931,1.272167258,-1.008910635
20050512,0.148920355,1.266241284,0.208550649
20050513,-0.862972176,1.456180285,-0.417537141
20050516,-0.358102442,0.845648533,-0.029890898
20050517,0.03029844,1.83365832,-1.324124071
20050518,-0.891716027,1.672335663,-0.227462377
20050519,0.122062878,0.673297242,-0.441233124
20050520,-0.609943946,0.461965181,-0.305437012
20050523,1.223256844,0.780073489,0.640343704
20050524,-0.243753929,0.952508302,-0.365408446
20050525,-0.612559343,0.602720935,-0.704120466
20050526,-1.045519979,0.499374344,-0.616334771
20050527,0.154202035,0.383672857,0.30864222
20050531,-0.154202035,0.385455802,-0.154202035
20050601,0,0.965679889,-0.619197025
20050602,0.124262209,0.453885317,0.031051079
20050603,-0.466491283,0.41000865,-0.404418034
20050606,-0.062402498,0.36169869,-0.12476608
20050607,0.12476608,1.057717589,0.12476608
20050608,-1.59802868,0.590639862,-1.317872855
20050609,-0.477327875,0.875237666,-0.983978737
20050610,0.287127331,0.810371484,0.127510377
20050613,1.662442379,0.860355113,0.476721068
20050614,0.631913635,0.758299987,0.66361438
20050615,0.471476592,1.304541821,0.439975568
20050616,0,0.449255264,0.344342178
20050617,-0.865271159,1.450973179,0.685147495
20050620,0.34316053,0.816183358,-0.341986965
20050621,-0.716848948,0.760927299,-0.436954503
20050622,-0.778456368,0.871789003,0.062539089
20050623,-2.090006411,1.867745743,-2.340397778
20050624,-1.946217771,1.605859587,-2.330956944
20050627,0.361189032,1.168233885,-0.065530802
20050628,0.647670658,1.820441138,1.528733626
20050629,-0.549896259,0.592842991,-0.485359309
20050630,-1.961793098,1.87586838,-0.129827996
20050701,-0.432935816,1.090361205,1.050005608
20050705,0.048204388,1.399664832,0.032133676
20050706,-2.200024028,1.265031948,-1.799221888
20050707,-0.696635758,2.846610095,-1.748930901
20050708,3.0156333,1.866945719,3.048916709
20050711,1.743667038,1.508400734,0.868033099
20050712,1.659789141,1.304028228,1.114128984
20050713,-0.221134192,0.848406243,0.094921697
20050714,0.565328139,0.574022984,0.975617495
20050715,-0.062676279,0.891187018,-0.093999694
20050718,-0.078376052,1.799491264,-0.047033002
20050719,0.187793482,1.455372152,0.297502764
20050720,0,3.000249018,-0.470146611
20050721,-0.542006747,1.73582356,-1.743032562
20050722,-0.896292812,1.240784108,-0.577109649
20050725,-1.133615379,0.830680991,-1.294516459
20050726,-0.292825978,1.032563872,-0.032578596
20050727,1.939925045,0.886912637,1.744230266
20050728,-0.414475326,1.083206035,0.223892625
20050729,0.112766826,1.2963495,-0.785827153
20050801,-1.776245634,1.28825424,-1.182295738
20050802,0.097799519,0.714235444,0
20050803,0.292825978,1.016687682,0.292825978
20050804,-0.983614488,0.75647776,-1.406861091
20050805,1.014904766,1.096765283,1.146613709
20050808,-1.30507562,0.644474564,-0.817666044
20050809,0.940496636,0.483798825,1.725584083
20050810,0,1.223645599,0.643502864
20050811,-0.321233813,0.643190613,-0.321233813
20050812,-1.461776881,0.668366347,-1.68725612
20050815,0.195886449,0.646570911,0.326690915
20050816,-1.245509382,0.775517022,-1.115131267
20050817,0.887142339,0.574412618,0.821157513
20050818,-0.312269134,0.956049317,-0.639923424
20050819,-7.976853225,27.13528545,-7.927482699
20050822,2.576807425,4.830788219,-0.536002713
20050823,0,0.791916717,-1.225682251
20050824,1.047129987,1.396474368,0.974561043
20050825,-0.323683073,0.539025079,-0.287769983
20050826,-0.234763088,0.724830893,-0.378959219
20050829,2.373358433,1.199813284,1.738550824
20050830,0.602945611,1.014106382,0.496278934
20050831,0.888578798,1.187431724,-0.070746377
20050901,0.334890592,0.996661364,0.546979749
20050902,0.695413095,0.776889355,1.55393786
20050906,0.553251757,0.853119842,0.483927664
20050907,1.273464121,1.58818797,0.82418049
20050908,-0.784585297,1.272395465,-0.136892561
20050909,0.926409096,1.21984312,0.273597982
20050912,0.034311203,1.023625815,-0.44497763
20050913,-0.48712692,0.976114644,-1.66036329
20050914,-0.347826438,0.979081493,0.104584287
20050915,0.139275789,1.129276196,0.139275789
20050916,0.416089366,1.224688966,0.555171447
20050919,-0.139567364,0.875595939,-0.903725303
20050920,-1.233495816,0.951640515,-1.548236415
20050921,-1.321683822,1.695350284,-1.39263097
20050922,-0.253210481,1.238918653,-0.72176423
20050923,0,1.448557222,0.072411299
20050926,-0.608993464,1.451125173,0.72124366
20050927,-1.680711832,0.802282997,-1.429500503
20050928,-0.795952104,0.983659862,0.345674864
20050929,-0.946838829,2.401238546,-0.729131921
20050930,-0.146896831,0.720919939,-0.440044714
20051003,-0.585224787,1.272363588,0.183587347
20051004,-1.677646932,1.025004416,-0.257116762
20051005,-0.887908164,1.160894464,-1.035129391
20051006,-3.514270859,3.709765908,-0.260465264
20051007,-5.061999085,10.13594494,-3.179677408
20051010,1.405175346,2.553073325,3.309994843
20051011,-1.243866404,2.211786554,-0.41014226
20051012,-1.665779772,1.722463837,0.093361971
20051013,-1.038970385,1.802931011,0.074626869
20051014,1.148798997,1.881045806,1.223370216
20051017,-0.147710514,1.329710995,-0.295203166
20051018,0.630215246,0.998512387,0
20051019,-0.703055625,1.375873127,-0.481571592
20051020,-0.37105794,2.154352392,-0.111462022
20051021,-2.634702644,2.523588409,-2.560380827
20051024,2.05807077,2.095142448,2.931438767
20051025,0.893195369,1.953836496,-0.037043897
20051026,0.961190395,0.912652378,0.701498169
20051027,-0.333766303,0.939815728,-0.961190395
20051028,0.546349929,0.972836255,2.240681438
20051031,1.680711832,1.230656354,2.404565879
20051101,0.210674235,1.035943145,1.093292498
20051102,1.348016156,1.696660676,-0.457023119
20051103,3.590306225,41.71740036,3.83665511
20051104,-0.579909522,1.878938885,-0.88556437
20051107,0.750088754,1.315127369,0.715871474
20051108,-0.339789658,1.094060319,-0.204012311
20051109,0.270727746,0.833916433,0.712229567
20051110,1.204833852,0.458984634,1.575891791
20051111,-0.232983963,1.049859479,-0.166472487
20051114,0.730657518,0.561652028,0.697329739
20051115,-0.631126493,0.711437305,-0.697329739
20051116,-1.135616747,0.969698373,-0.802948442
20051117,-1.241418392,1.153690041,-0.505136619
20051118,1.69018108,0.928839585,2.697915507
20051121,0.756956058,1.100613516,0.22977197
20051122,0.081987379,1.33216075,0.016392099
20051123,0.651468102,0.795466838,0.962408538
20051128,-4.776583423,3.917406191,-4.776583423
20051129,1.375629812,1.696848149,1.595465869
20051130,-1.047837879,1.123771762,-1.951609721
20051201,0.033675703,1.857617516,0.913248356
20051202,1.107579706,0.582701582,0.871611284
20051205,1.102399673,0.739576067,0.466201311
20051206,0.066401065,0.893694528,0.099618139
20051207,0.845565844,1.132708153,0.513118729
20051208,-1.669487857,3.114079334,-1.950549462
20051209,1.20962249,2.552196686,-2.006528805
20051212,-1.189657138,6.536831712,-2.434056189
20051213,1.288542989,3.311935093,1.710039925
20051214,1.049833237,2.384348901,1.049833237
20051215,-0.80321717,1.339416206,1.882528247
20051216,0.283972462,0.472176945,0.719849095
20051219,3.631022406,5.624506104,7.315434233
20051220,-0.21823859,1.642839555,-0.653292104
20051221,0.156519049,0.44595112,-0.218715913
20051222,0.375587296,0.423004225,0.125039091
20051223,0.686002067,0.396214669,0.529678758
20051227,-0.499688735,1.217607987,-0.748599878
20051228,-0.437911241,0.710184115,-0.1253133
20051229,0.683020352,1.306654823,1.308022386
20051230,-1.777685984,0.999868529,-1.684907254
20060103,1.13759874,2.177181402,2.884368044
20060104,1.213975455,0.848907791,1.336187508
20060105,0.726395446,1.064740794,0.030161364
20060106,0.090620758,1.011182208,-0.120700075
20060109,2.012382071,1.749795992,1.528119624
20060110,-0.389396928,1.051405734,-0.926070845
20060111,-0.059737158,0.445543229,0.449169792
20060112,-0.268536638,0.313969431,0
20060113,-0.179104525,0.704349556,0
20060117,0.271452436,1.540991469,-0.80996393
20060118,-0.241838086,1.418033342,-0.483092727
20060119,-0.089968517,0.998931544,0.873894367
20060120,-0.150172727,1.252329244,-0.180180229
20060123,-0.924599236,0.781793192,-1.316107039
20060124,0.061087357,1.134628066,-0.259205756
20060125,1.517479802,1.810655725,1.364691384
20060126,1.513606579,0.854474604,2.233897808
20060127,2.743095832,2.607256516,2.300290681
20060130,0,1.321248718,-0.838276335
20060131,-0.921931047,1.786566053,0.289855275
20060201,1.13159484,2.558776277,0.317873407
20060202,-2.046855086,2.456957488,-2.364728493
20060203,0.436999967,2.336871394,1.611756502
20060206,-1.204656848,1.371818347,-1.670858159
20060207,0.088981172,1.765849446,-0.296033372
20060208,1.143875209,1.761679575,1.64661174
20060209,-0.319535493,1.167359153,0.233032439
20060210,1.852177011,2.67115188,-0.116448339
20060213,0.014567703,0.9805975,-0.014565582
20060214,0.433714718,1.00858947,0.971233263
20060215,2.032415743,1.407245406,1.80133534
20060216,2.733719622,1.597832302,1.908562002
20060217,0.194363521,1.3141643,0.222160602
20060221,-2.57953562,2.022291123,-1.284216421
20060222,0.348456691,1.945901256,0.96470514
20060223,-0.366352389,1.190214466,-1.443511857
20060224,-0.170648506,0.812800727,-0.822116608
20060227,0.994467636,1.402674548,0.680853694
20060228,-0.628932891,0.795487075,-1.423714253
20060301,-0.228506241,1.277607164,0.286369039
20060302,1.059119676,1.790218947,0.428021769
20060303,0.599231355,1.051235669,0.085384949
20060306,-0.45675215,1.208288485,-0.570614958
20060307,-0.143122967,0.793907755,-0.114514756
20060308,0.202107763,1.144657862,-0.689856142
20060309,-0.115774253,0.501938647,-0.40462483
20060310,0.143781477,1.400648346,0.778887538
20060313,1.171944241,1.31276889,1.114456455
20060314,-0.056996297,0.860430808,-0.313078383
20060315,0.512967782,0.484099094,0.284657181
20060316,0.853490245,0.785889087,0.340522463
20060317,0.450071083,0.898916396,0.930501568
20060320,0.337078971,0.93969546,0.084163282
20060321,0.055756901,1.544352294,0.615042476
20060322,0.748236829,1.135187109,0.943141526
20060323,0.304245844,1.341611276,-0.027612868
20060324,-0.193986482,0.752301954,-0.442846005
20060327,0.305853151,0.936952626,-0.083252398
20060328,-1.031943337,1.652802181,-0.976434038
20060329,0.195722137,1.545692028,0.363789404
20060330,-0.266311742,2.109039401,-0.490025482
20060331,-1.506964649,0.98551982,-1.100773181
20060403,-0.112834991,0.63301899,0.55190121
20060404,-0.883782143,1.552121124,0.15511531
20060405,1.695549623,2.105877395,1.399211298
20060406,0.835619327,2.709769935,-3.204904775
20060407,0.028981307,1.701165148,-0.98040001
20060410,0.1306905,1.006474602,-0.15950123
20060411,-1.139530227,4.950815322,-1.24116363
20060412,0.563047865,1.125733926,-0.559895377
20060413,0.946472608,0.621056163,0.383424743
20060417,-0.29542119,0.78807134,-0.501697968
20060418,2.112134839,2.311563675,1.904819497
20060419,-0.145243308,2.597007981,-0.145243308
20060420,1.105935868,1.732601536,1.743434405
20060421,-1.287019052,2.44530063,-0.759914762
20060424,0.101929386,1.61618531,-1.114419233
20060425,-0.131319782,1.163267045,-0.320699983
20060426,0,2.237091847,0.160478552
20060427,0.682200193,1.710835752,0.769625523
20060428,0.203163617,0.864885008,-0.217218245
20060501,-1.291838852,1.736685606,-0.771305577
20060502,0.640467983,0.995643505,0.684285993
20060503,-0.961125791,0.842401547,-0.845116497
20060504,0.614306451,0.894396448,0.350570035
20060505,0.523257008,1.001027039,0.581566047
20060508,0.421849487,0.237202628,-0.13055779
20060509,-0.014514841,0.660320132,0
20060510,0.665608014,1.333889171,0.651091065
20060511,-0.260379143,0.938734587,-0.433589348
20060512,-0.494258893,1.034908057,-0.610200934
20060515,0.433464051,1.308594418,1.072629504
20060516,0.771763156,1.090440009,1.260761685
20060517,-1.415594923,2.354315906,-2.158667791
20060518,1.722201004,2.713705605,2.21559919
20060519,-2.397301341,3.126259756,-2.084756691
20060522,0.145581624,0.911365759,-0.130842499
20060523,0.406622692,1.302735791,0.377523318
20060524,-0.90923049,2.309840628,-1.636506423
20060525,1.285815494,0.612332326,1.462441975
20060526,0.520683849,1.546723228,0.636760473
20060530,-3.348957211,2.452015019,-4.363899953
20060531,0.75449279,1.979258749,0.2408189
20060601,0.832099898,0.992514695,1.580942696
20060602,0.858120372,1.792922781,0.442935908
20060605,-1.099075374,1.278493858,-1.364601418
20060606,0.325877936,2.92593699,0.98083711
20060607,-0.36745834,1.375747603,0.427950185
20060608,0.058944888,5.682581064,-0.044185876
20060609,-0.56039079,1.421960742,-0.383764309
20060612,-2.046638247,0.941220479,-1.309932396
20060613,0.536194314,4.811533991,0.8652896
20060614,-0.208799479,2.299383141,-0.506330196
20060615,2.166468935,1.00235378,2.375268415
20060616,-0.087171297,1.647470552,0.305699343
20060619,-0.028998115,0.932497735,0.232288142
20060620,0.805527946,0.447012401,1.210738341
20060621,0.91220701,0.876444305,0.969497186
20060622,0.198778995,1.322986725,0.028372819
20060623,-0.199971499,1.297743298,-0.797497818
20060626,-0.028494088,0.969523459,0.342563852
20060627,-0.45950684,0.73104577,-1.002442878
20060628,0.427777638,0.936677387,1.144832195
20060629,1.886582774,1.789628414,2.000348429
20060630,0.951928275,1.118880109,1.563721062
20060705,0.136369856,1.261675361,0.190969912
20060706,0,1.221367793,0.027251669
20060707,0.584121745,1.137037178,0.584121745
20060710,-0.971929897,0.796231749,-0.149102027
20060711,0.700245253,1.557836186,1.079341293
20060712,-1.326674393,1.498861297,-1.541612681
20060713,1.198271418,8.92310775,0.67907364
20060714,-2.161802617,2.375912937,-2.161802617
20060717,1.022532054,2.820040673,0.606731039
20060718,0.903249606,2.122691794,0.903249606
20060719,1.320951948,1.69667757,1.728838305
20060720,0.564593515,0.895396541,-0.107181146
20060721,0.026741543,1.786936078,0.267737777
20060724,2.337768801,3.634457539,4.06080679
20060725,-0.02546149,2.310212901,0.818209627
20060726,2.496662273,1.394425012,2.21615718
20060727,2.021765117,1.759739427,2.021765117
20060728,0.23143929,1.554505615,0.304636804
20060731,-2.114139705,2.08003519,-2.077645574
20060801,1.132738041,1.987334896,1.455198943
20060802,0.513385799,1.082111037,0.415394611
20060803,1.160835285,2.349299519,1.404381435
20060804,-0.602193799,4.153439732,-0.482044799
20060807,-1.216560016,0.732114501,-1.313248445
20060808,-0.134203644,1.992083978,0.256708166
20060809,1.139820755,1.931265415,1.249637129
20060810,0.315037217,1.256655547,-0.338164573
20060811,-0.883007945,0.900148469,-1.806689767
20060814,0.024476808,1.221676041,0.662985854
20060815,-0.705856649,0.60323335,0.195599084
20060816,-0.097016743,1.135504905,0.657336512
20060817,-6.166935622,10.48563798,-5.948780161
20060818,1.531032713,4.607182305,1.685433155
20060821,-0.878850603,1.397327147,0.404347278
20060822,0.504033325,1.663827121,0.327332534
20060823,1.457334131,1.33209586,1.633147312
20060824,-1.904348387,1.100407358,-0.956707303
20060825,1.545779969,1.146565584,0.919603846
20060828,1.73638991,1.1847401,1.314919099
20060829,0.924805812,0.846170523,0.790421821
20060830,-0.293542285,1.306838805,-1.120596379
20060831,-0.639136886,1.122088822,-0.663637682
20060901,1.104441218,1.312912236,1.0304311
20060905,0.389579261,0.926441882,0.438383556
20060906,0.946494143,1.220339264,0.605695371
20060907,-1.828204484,1.788889788,-1.828204484
20060908,0.954135679,1.279813145,1.027909197
20060911,0.656377706,1.367129866,0.48579158
20060912,1.602330109,1.154534219,2.109884068
20060913,0.048709207,2.25224491,-2.595675648
20060914,-0.121787861,1.268705158,-0.097442151
20060915,-0.340384476,1.828772283,0.073090514
20060918,-0.073466392,0.828426558,-0.586225421
20060919,0.316263492,0.857905742,0.85376784
20060920,1.972165891,1.237196326,1.972165891
20060921,0.047675805,1.322510763,-0.071471117
20060922,0.154752724,0.64799771,0.178582106
20060925,-0.475625153,0.653843047,-0.202417167
20060926,-0.143609407,1.173425347,-0.477898162
20060927,1.018604093,1.218030748,1.615620792
20060928,-0.994326374,0.773202099,-0.94720102
20060929,-0.095419855,0.535048369,-0.309782209
20061002,-1.049377624,0.529139461,-0.454491872
20061003,0.16680571,0.782958672,0.692871007
20061004,-0.214515635,0.650664471,-0.214515635
20061005,-1.487194597,1.036117079,-1.272678962
20061006,1.152750517,1.121215534,1.201071368
20061009,0.011943864,0.708231455,-0.035823035
20061010,-0.381770924,0.902270363,-0.08363702
20061011,1.288185752,0.932386133,0.856944068
20061012,0.846466376,0.915492302,1.224985872
20061013,1.118371396,1.177375546,1.048105554
20061016,0.757492432,1.410846823,1.312022503
20061017,0.409929975,1.666299896,0.615526849
20061018,0.699382433,1.320291943,1.085001602
20061019,0.089887647,1.02752439,0.089887647
20061020,0.770674298,2.010929274,2.374986782
20061023,0.504663715,0.864045064,0.219106135
20061024,0.458466036,1.036053065,0.480350269
20061025,0.347977733,0.744187023,0.326193613
20061026,0.303227436,0.71793439,0.390032997
20061027,0.217061079,0.509886892,-0.259852896
20061030,-0.480665116,0.465306247,-1.00240543
20061031,-0.264084661,0.775077749,-0.615116175
20061101,-0.720134045,0.497247895,0.615116175
20061102,-0.68049873,0.78941682,-0.571053605
20061103,-0.508456937,1.630920199,-0.618649786
20061106,1.606371873,1.146538032,1.517680071
20061107,0.239834411,0.600496014,0.239834411
20061108,-0.674311388,2.638399911,-3.501354782
20061109,-2.531780798,1.869262763,-3.301537825
20061110,1.660662652,1.93626005,0.488316283
20061113,0.600047958,1.33420261,0.808598607
20061114,0.915757315,1.292360512,0.961766058
20061115,0.979395142,0.979637805,0.545455898
20061116,0.47185797,0.821172614,1.104485475
20061117,0.568721912,0.65976563,0.792636023
20061120,-0.736857191,0.549280666,-0.770222036
20061121,-0.440156458,0.931120153,-0.934428415
20061122,0.678582111,1.947636941,0.350025762
20061127,-0.957599657,0.766146325,-1.206891571
20061128,-0.091533187,1.165755066,0.068704915
20061129,1.310457072,1.320191962,1.972182248
20061130,0.18001805,1.36210968,-0.157250397
20061201,0.914062768,1.145564986,1.295528506
20061204,-1.81782882,2.090079178,-0.802143338
20061205,1.867966255,1.347283467,1.531831485
20061206,-0.758424336,2.474211099,-1.621357006
20061207,-2.127141145,1.38600046,-1.591186311
20061208,0.364714332,2.104767729,-0.011375917
20061211,0.11372684,1.129390363,0.090971123
20061212,-1.953719571,1.665008648,-0.913456911
20061213,-1.021646951,1.14904287,-0.586714366
20061214,0.505864496,1.030144246,0.609652777
20061215,0.706716722,0.459339155,0.958692574
20061218,0,1.01450946,-0.29575724
20061219,-0.377855834,0.945111124,-0.697344924
20061220,-0.184587039,1.640297322,-0.656041946
20061221,0.057706736,0.924405217,0.080798758
20061222,-0.85877283,0.820956933,-1.008879665
20061226,-0.244741105,0.519473314,-0.116618089
20061227,0.577969474,0.853444226,1.229286035
20061228,0.969312921,0.965260787,0.368155041
20061229,0.310220275,0.708980915,0.103299866
20070103,-0.385531717,1.556022423,0.970382636
20070104,1.879670468,1.382448479,2.46870706
20070105,-1.06652709,1.290243192,-1.811927437
20070108,0.045126355,1.088831856,0.067697171
20070109,-1.020070049,0.748802711,-0.997514506
20070110,0.69314521,0.983442794,0.601966722
20070111,-0.067758331,1.51429447,0.23751637
20070112,0.694525028,1.084223129,1.19035656
20070116,0.323174071,1.073160287,0.334336654
20070117,0.355714026,0.908033898,0.266666825
20070118,0.856301203,1.476114119,1.497825359
20070119,-0.895300226,0.660669841,-0.328479437
20070122,-0.077181767,1.538358119,-0.571932927
20070123,0.569427732,1.225428342,1.009666172
20070124,1.000334535,1.01189746,0.923869405
20070125,0.076049762,1.274570214,-0.379383686
20070126,0,1.509068796,-0.086918736
20070129,-1.351371917,1.623770821,-0.939179121
20070130,-1.874985997,2.005669278,-1.458911818
20070131,-0.222965533,1.366869833,-0.245234768
20070201,0.311042241,1.127039678,0.623054975
20070202,-0.834590055,1.947910277,-0.745898254
20070205,-0.04484305,0.649946698,-0.3470088
20070206,-0.22381388,0.780525254,0.089666
20070207,-1.424829175,0.755492094,-0.855090719
20070208,-0.181900914,0.892064442,-0.70303045
20070209,-0.250655253,0.937486771,-0.250655253
20070212,-0.715708821,0.703119272,0.057022297
20070213,-0.295219926,0.99896257,0.261884579
20070214,-0.215407373,0.538102054,0.193127013
20070215,-0.170852596,0.663181417,-0.443611033
20070216,0.351096119,0.880116718,0.828749706
20070220,0.439313576,0.731210669,0.586181365
20070221,-0.714248261,0.840129713,-1.221320168
20070222,-1.731595356,1.019019267,-1.651982045
20070223,-0.60367028,0.922477851,-0.661523912
20070226,0.337724063,1.864889652,3.546065237
20070227,-2.538729827,6.77905698,-3.011863525
20070228,-0.192405696,2.23749537,2.21073089
20070301,-0.022729856,3.805808622,-0.329078311
20070302,0.95542128,2.394930924,0.408349025
20070305,1.170268426,2.001638395,0.214847145
20070306,0.910988699,2.003238407,0.888394935
20070307,-0.976282019,1.425948829,-1.875973198
20070308,0.735089541,0.862664433,1.235773336
20070309,0.179492981,0.879839426,0.528180134
20070312,-0.562874389,0.9931954,-0.719913121
20070313,-1.282068843,2.292982184,-2.029947683
20070314,-0.575972103,1.763310818,-0.276880657
20070315,0.023166918,1.118428112,-0.254482497
20070316,-0.486280917,1.447143744,-0.208695728
20070319,0.023038821,1.337873695,0.763097702
20070320,0.782332568,0.677584783,0.505515782
20070321,1.606780623,1.307570783,1.365830474
20070322,-0.293885144,1.107451546,-0.135746627
20070323,0.225174605,1.107446232,0.654408293
20070326,-0.689696894,1.037041473,-0.881062968
20070327,-0.422881938,0.898699779,-0.946145559
20070328,-0.380864907,0.724024633,-0.955183049
20070329,0.662178467,0.964957401,1.605907419
20070330,0.203966076,1.688324556,0.522075865
20070402,0.80321717,0.894792491,1.861666416
20070403,0.154406119,1.325045377,0.818860391
20070404,0.309085134,0.522627965,-0.011021105
20070405,0.638839049,0.842708652,0.385017801
20070409,0.395170657,0.437397506,0.219346436
20070410,0.305877451,0.546574412,0.437254741
20070411,-0.382827922,0.885283862,-0.47012605
20070412,1.914766941,1.292179916,1.684364733
20070413,1.424439773,2.648218545,7.871556747
20070416,0.488121704,0.874346714,0.228821669
20070417,-0.538439829,0.72823751,-0.608025795
20070418,0.161192862,1.181655078,-0.682185631
20070419,0.801286339,1.534983662,0.901900091
20070420,1.349389791,2.254741686,2.67732527
20070423,0.825447756,1.23137363,0.426439879
20070424,0.155219278,0.792084426,-0.232378106
20070425,1.345139421,1.217167889,1.558173297
20070426,0.554972241,0.682419405,0.019085791
20070427,-0.672626731,0.788508317,-1.035881122
20070430,-0.736152104,0.80423288,-0.832612032
20070501,-1.305679662,1.399816248,-0.878826084
20070502,-0.253732936,0.483019517,0.372002387
20070503,0.33019356,0.829648238,0.778668525
20070504,0.540855095,0.588959306,0.657134178
20070507,0.327332534,0.144508503,0.211681018
20070508,0.923083478,0.551685299,0.422022495
20070509,-0.565270966,0.8399036,-0.383583132
20070510,-1.246364722,0.696802784,-1.959895857
20070511,1.440821715,0.774883172,2.036730282
20070514,0.03838035,0.789837818,0.076775436
20070515,1.011362499,0.726740452,1.049728124
20070516,-0.066404214,0.966016899,0.037965073
20070517,-0.133422301,0.44820178,-0.494673764
20070518,1.247889137,0.627769624,1.495531897
20070521,1.459879942,1.44774733,1.121087975
20070522,0.110844275,0.855715795,0.629748331
20070523,-0.073583521,0.716641327,0.331797539
20070524,-1.101200227,1.118919336,-1.119604571
20070525,-0.065155678,0.263882819,-0.065155678
20070529,-0.858374369,0.601509968,-0.635159991
20070530,-0.604802448,1.336684045,-1.149762925
20070531,-0.314061643,0.741313036,-0.560811317
20070601,-1.391691511,0.786897011,-0.698266743
20070604,0.096683755,0.783195733,-0.6741815
20070605,-0.446126237,1.318356616,-0.581509683
20070606,-0.609578134,1.103653754,-1.449016933
20070607,-0.158919382,1.427546354,-0.792083349
20070608,-0.686604021,1.222337824,-0.448319555
20070611,2.046840628,1.518683877,1.996903049
20070612,-0.772663577,1.726561453,-1.588352832
20070613,0.653402978,2.943289327,0.772663577
20070614,-0.615386557,0.916261045,-0.892066576
20070615,0.335603908,2.572672866,1.030120044
20070618,-0.571373833,1.332091967,-0.256536895
20070619,-0.634042148,1.108957671,-0.594532072
20070620,-1.572613055,1.291228901,-2.210700963
20070621,0.579299349,1.766624515,0.263825622
20070622,-0.01024118,2.667704657,-1.059504614
20070625,-0.731396513,2.703140008,-0.946703922
20070626,1.352756845,1.803653288,1.559325809
20070627,2.677024106,2.465889446,2.473233533
20070628,-0.019792182,2.056527639,0.337067832
20070629,-1.35622342,2.120178981,-1.435431345
20070702,-1.302232166,1.654702744,-0.422578353
20070705,0.392098225,0.920663952,-0.040128411
20070706,-0.905894469,1.835162836,-0.765515422
20070709,-0.07076068,0.72645667,-0.010111735
20070710,-0.737104074,0.868104162,-1.600360337
20070711,0.553563689,1.382246849,0.51245372
20070712,3.270782133,2.016803052,3.811131105
20070713,0.572050085,0.667946495,0.059026072
20070716,0.552814833,1.053028232,-0.098396151
20070717,-0.802819119,1.114618565,-1.078844531
20070718,-0.618702702,2.247913188,-0.588853441
20070719,-1.278905705,1.12647636,-1.238873679
20070720,-1.075388268,1.984625789,-0.640539021
20070723,1.71223883,3.577304,6.715519869
20070724,-0.615623337,2.855668224,-1.160740165
20070725,1.986256541,2.192924501,2.984728738
20070726,-1.200357368,5.490316023,-2.311584548
20070727,-2.640027242,3.195984729,-4.068622966
20070730,-0.019978024,2.633994322,-0.079888161
20070731,-1.341764397,2.71736897,-0.903167203
20070801,2.801971681,4.632321799,2.842286134
20070802,0.602002012,3.502950188,1.207650049
20070803,-2.667871056,2.676192577,-2.648511846
20070806,1.560461518,6.194818073,2.056248354
20070807,1.620654431,3.211444028,0.553533824
20070808,1.094796299,7.38549461,1.384903842
20070809,-0.232693531,9.200727081,-1.617597374
20070810,-0.80321717,6.46482516,-1.309251726
20070813,-1.276905671,2.863943811,-0.512720508
20070814,-1.133776441,2.845936114,-1.173325582
20070815,-0.510792838,2.613101975,-0.390840804
20070816,0.707573962,9.695215451,-0.311761705
20070817,-1.12383282,5.824415874,-0.181469956
20070820,0.56179923,2.454276479,0.864066463
20070821,0.362465157,2.271657695,-0.46124618
20070822,0.139123544,3.331063802,1.198815556
20070823,-0.217627942,1.191514978,0.277667771
20070824,0.631664161,1.26424038,0.651468102
20070827,-1.446859052,1.335536147,-1.446859052
20070828,-1.049031206,0.68605519,-1.569448713
20070829,1.148164492,1.584529717,1.249512428
20070830,0.504491031,1.214219244,-0.501958689
20070831,0.03996004,1.047227002,0.761984838
20070904,-0.059898175,0.908939544,0.019974034
20070905,-0.272851465,1.543492476,-1.326919348
20070906,1.717980727,2.248508526,2.162246401
20070907,-0.402496015,2.30974146,-1.798609637
20070910,-0.441324688,1.286358211,0.302023787
20070911,-0.119856187,1.410767406,0.581338712
20070912,-0.181104788,1.827768877,-0.762443501
20070913,-1.215275441,1.158714637,0.482219138
20070914,-0.38271776,1.193738741,-0.68383211
20070917,0.101368483,1.020769758,-0.40444949
20070918,2.140723941,2.883171391,2.34315316
20070919,1.348335034,2.077400301,1.960078431
20070920,-0.369255108,0.842083707,-0.311042241
20070921,-0.269593847,1.098624476,0.968812073
20070924,-0.270583853,0.75126644,-0.367043781
20070925,1.269003763,0.9631267,1.28835548
20070926,0.323409394,0.632541883,0.590534148
20070927,-0.410208064,1.095876603,-0.657426978
20070928,0,1.325252806,-1.066753665
20071001,0.708475917,1.016018746,1.267298067
20071002,-1.976462688,1.573620497,-1.557574033
20071003,1.156527926,1.711695084,1.117760722
20071004,1.311930595,1.180916244,1.445991709
20071005,0.581342472,1.32007289,1.014855543
20071008,-0.553706074,0.921310829,-0.656601177
20071009,0.280557558,1.268428118,0.768729763
20071010,-0.823820424,0.805086503,-0.655862934
20071011,-0.807137183,2.052956888,-0.244706004
20071012,0.674538814,1.704857224,0.919244818
20071015,-1.119414674,1.143431861,-0.467946572
20071016,-0.357916931,1.212335176,-0.583311467
20071017,0.393664394,1.296712421,0.864342097
20071018,0.72344939,1.343109022,-0.074864312
20071019,-0.329303586,3.302825876,-0.666888303
20071022,2.646587339,6.075528832,3.144825737
20071023,2.569080484,2.225371692,2.933711699
20071024,-0.213314453,2.032692437,-0.328670072
20071025,1.65876399,3.795725534,1.667661183
20071026,0.627617123,1.382616206,0.697596132
20071029,0.121327686,0.941549553,0.329661095
20071030,0.138264799,0.720803129,0.294041551
20071031,0.845488601,2.109989422,0.516797016
20071101,-1.024403437,3.004108525,-1.558473102
20071102,-2.912997687,3.833694434,-2.0095864
20071105,0.008940146,2.050530588,-0.410385088
20071106,-0.356506616,1.264087662,0.12507819
20071107,-2.137653335,4.726992998,-3.359371729
20071108,1.137209614,5.026503834,1.247951597
20071109,-0.062558651,6.048561854,1.986341942
20071112,0.241621667,3.6954188,0.017877894
20071113,1.967046212,3.411773446,2.750526003
20071114,-0.156917476,1.686466241,-0.330981924
20071115,1.778599632,2.952423246,0.955117098
20071116,0.740552769,2.854468162,0.723268178
20071119,0.602670787,1.363837731,-0.051488888
20071120,-0.172562597,1.999747275,-0.602670787
20071121,-0.827688092,4.014551097,-2.359218202
20071126,0.908144558,1.418026761,-0.24309788
20071127,2.127374791,2.652289816,2.387814212
20071128,0.871173209,1.46049293,1.750002594
20071129,0.585922828,1.014226203,-0.066744538
20071130,-1.072396336,2.00648311,-0.922283724
20071203,-0.677394631,1.383951652,-0.862876515
20071204,1.894602282,4.520009249,-0.861816845
20071205,1.71524966,1.86943321,1.775219677
20071206,-0.268366481,1.779296594,0.252249356
20071207,1.694111269,1.52820737,1.96247775
20071210,1.373852611,1.531290706,0.180995525
20071211,-0.675956741,2.89787349,-0.626651127
20071212,-2.249143924,5.301124841,-1.097815417
20071213,0.443905415,1.82391637,0.066878451
20071214,0.463061236,1.692215943,-0.511081503
20071217,-0.520004527,1.891851827,-0.10925748
20071218,-0.150413666,1.447740683,0.553460532
20071219,-0.655629818,1.467133056,-0.839776517
20071220,-2.072744567,1.781080233,-1.358485826
20071221,-0.084652507,3.399403734,0.935938084
20071226,-0.235333778,0.780187591,-0.537094275
20071227,-0.917749473,0.967294142,-1.440824993
20071228,0.017045939,0.975656331,0.170590284
20071231,-1.044440622,1.361342917,-0.976285908
20080102,-1.316492251,1.851168962,-1.299282028
20080103,-0.287519257,0.995942858,-0.078496363
20080104,-0.211119009,1.471542308,-0.92037289
20080107,1.43324929,2.657719529,2.08277321
20080108,2.53221109,2.255566347,2.747589162
20080109,1.331134464,2.28866318,1.515559028
20080110,0.98097054,2.358741671,-0.099222763
20080111,0.728842054,2.203085741,0.247872555
20080114,1.440085521,3.081345312,-1.3124202
20080115,-1.467853629,1.652587025,-2.780782773
20080116,0.774730569,1.858484371,0.257577201
20080117,-4.797787466,9.175536471,-6.144492902
20080118,-2.282314484,7.252404186,-2.876764998
20080122,-0.15561178,19.44689381,-3.650668175
20080123,0.01987874,8.491119505,-2.085047998
20080124,-1.839683958,17.86660408,-1.522160373
20080125,-3.439029318,63.78371454,-3.742212976
20080128,2.540374179,7.724875122,3.104462168
20080129,-3.09800137,7.817992616,-2.561209683
20080130,1.016334838,7.918013529,-3.197054333
20080131,0.260529891,5.078959897,-0.777541714
20080201,-0.347599742,3.292791225,-0.36928466
20080204,2.60364686,4.030621525,3.254408376
20080205,-2.139291475,4.631534676,-3.113050227
20080206,-1.132169725,6.297838713,-0.752580309
20080207,-0.807247757,3.518821128,-0.043802016
20080208,-2.353572225,2.327575084,-2.528972401
20080211,2.0054148,2.585312162,1.825518192
20080212,1.942440759,2.788133503,2.602073758
20080213,1.142386022,3.351144965,2.15816594
20080214,-1.88993642,2.938544657,-1.334058959
20080215,0.898288735,1.472703771,1.302501603
20080219,-1.871965485,1.427027769,-0.898288735
20080220,0.426258105,2.364652368,-0.169995791
20080221,-1.803397951,2.502479527,-1.845942091
20080222,-0.130010853,2.232839,-0.08669268
20080225,0.999524684,1.959684972,1.367450649
20080226,-0.601376383,1.2707955,-0.719080104
20080227,-1.658702367,1.864312942,-2.133762643
20080228,-0.408276429,1.65261751,-0.485330756
20080229,-0.629781659,1.61630657,-2.010342441
20080303,-0.362237208,1.581958591,-0.520304307
20080304,0.274631137,1.854622514,-0.762710738
20080305,-0.931737344,2.575651059,-1.126189793
20080306,-1.427759771,2.497357601,-1.972404492
20080307,-0.798621564,2.912771954,-1.520219301
20080310,-0.90334851,2.309703262,-1.095011242
20080311,0.592418794,1.984610574,2.391028431
20080312,-0.035325287,2.62883432,0.306676343
20080313,-0.309413552,3.165717611,-1.196625854
20080314,-2.741874504,6.181022951,-2.266249351
20080317,3.550956736,5.442790398,2.027585753
20080318,2.608537048,5.169878241,2.966319182
20080319,-0.776050689,3.72992631,-0.255487307
20080320,0.484933406,5.414801094,0.948971362
20080324,1.844944712,1.674480257,2.05205559
20080325,0.235412922,2.003488648,0.775589792
20080326,0.324621094,0.80026624,0.190167293
20080327,1.076968004,4.15924881,0.156337274
20080328,-0.649280239,2.288331222,-0.649280239
20080331,-2.587752485,22.73129046,-15.95372789
20080401,0.311526732,2.94732288,1.633276001
20080402,-3.507274057,3.73292566,-3.857809956
20080403,3.179918169,2.845586729,3.23378297
20080404,4.267382275,3.819863666,4.17605211
20080407,0.319136149,2.611777942,2.042782269
20080408,1.401030659,3.143577856,0.415801015
20080409,0.146555962,1.974654205,0
20080410,0.384061922,1.491430301,1.861981009
20080411,-1.389330713,1.380880368,-1.545178015
20080414,0.411274319,1.049795258,0.775573447
20080415,-2.325965067,2.650683945,-0.484028051
20080416,-2.296410853,3.40911152,-2.38135716
20080417,-2.603102027,2.669986731,-2.528595629
20080418,0.025198438,2.605725303,1.127521922
20080421,-2.594955985,8.697838295,-0.328076004
20080422,-2.596219737,2.385469963,-2.48253312
20080423,0.064703982,0.961981952,0.155359948
20080424,3.20475035,2.45623269,3.308189718
20080425,1.358213249,2.684505621,2.031784462
20080428,1.116787524,1.992165327,1.581733914
20080429,-2.97419692,4.706027762,-11.01468864
20080430,1.899001359,5.482798927,2.423231339
20080501,2.41790019,1.917125434,2.391587862
20080502,0.867131167,1.386756517,1.149291159
20080505,-0.817164915,1.562098672,-0.969642708
20080506,-0.205973296,1.633841897,-0.51413995
20080507,0.333547455,1.981221035,0.616651492
20080508,-0.07667732,2.661906865,0.179142722
20080509,0.591185374,1.960319671,-0.230385357
20080512,1.293941686,1.363367362,1.652089933
20080513,-1.408027321,1.544229038,-1.345027256
20080514,1.023059128,1.16917262,1.647066247
20080515,0.413404911,1.571549554,0.513882186
20080516,-0.025003126,1.241035358,-0.012502344
20080519,-0.012500781,0.891943152,0.012502344
20080520,-0.20080328,2.246331532,-0.488753401
20080521,-1.795471168,3.173824697,-1.544530008
20080522,-0.128155855,1.584606864,-0.511640922
20080523,-0.668898815,2.055521015,-0.643254502
20080527,-1.325886708,2.13365312,-0.400905807
20080528,0.155159069,1.700017498,0.297600013
20080529,1.084441301,2.288764988,0.618239991
20080530,-0.730164007,1.049649884,-0.128485178
20080602,-1.815873501,1.428346366,-1.790163256
20080603,0.078339213,1.862852369,0.28754431
20080604,0.157232737,1.373334248,-0.313725748
20080605,1.319724161,1.988250466,1.842054939
20080606,-2.948357809,2.349562503,-3.852172871
20080609,-1.26159236,1.906312592,-1.101421477
20080610,-0.794415902,2.464609948,-1.798903784
20080611,-0.780818245,2.832057125,-1.77585133
20080612,-1.652930195,1.884199374,-0.899893587
20080613,-0.673592219,2.268988136,0.310252682
20080616,-0.938173192,2.095310885,-1.418061199
20080617,-1.374985856,1.414293153,-0.975897527
20080618,-0.229423674,2.330603762,0.460432468
20080619,2.386476894,3.383146454,2.242819348
20080620,-1.777950037,4.036643681,-1.413650909
20080623,1.744066711,1.609988766,2.085169941
20080624,3.10166211,1.719248163,3.129544447
20080625,0.704992074,2.274805309,0.027023375
20080626,-1.671958915,2.012766133,-2.268166643
20080627,0.973770205,3.315301147,2.64572912
20080630,1.067815806,2.15826733,1.363475207
20080701,2.506396866,2.922353229,1.893796735
20080702,-1.953441462,1.763581333,-0.942415352
20080707,-3.399265955,4.166065874,-4.972037562
20080708,-1.076726418,3.402196155,0.992732706
20080709,-0.377562477,2.255999627,0.1622499
20080710,-1.766641235,6.039551406,0.054024853
20080711,-0.542742174,4.339672453,-0.759016927
20080714,-0.176187618,2.145413531,0.298872658
20080715,-0.232097858,3.522078854,-0.762530928
20080716,0.027296302,3.267098372,0.163889684
20080717,1.089929046,4.059152806,0.707101124
20080718,1.998859226,2.572250343,1.998859226
20080721,-4.546551591,17.97901346,-6.247751281
20080722,-2.43567315,20.06504659,-12.43434592
20080723,0.758297472,4.056996202,1.714327699
20080724,0.591073427,2.17583396,1.468546936
20080725,0.736877759,3.070770015,1.38613031
20080728,-1.840305551,2.008329575,-2.024016565
20080729,0.883247394,4.482756453,1.163796206
20080730,1.252498426,3.975312851,1.62207076
20080801,0.60277458,3.451439838,1.02688912
20080804,0.390098019,3.824885275,0.3299838
20080805,2.722252106,2.883851252,3.646390446
20080806,1.657417566,2.300832717,1.873758604
20080807,-1.110964282,4.423508948,-1.068462334
20080808,2.594618194,3.490815305,2.852092232
20080811,-0.167270739,1.072998309,-0.222965533
20080812,0.707697396,2.654914093,0.888894742
20080813,-1.416887157,3.355762669,-1.168302579
20080814,1.034540193,3.552983678,0.585857444
20080815,-0.621162878,1.751179625,0.444075112
20080818,-1.181964675,2.864233645,-1.015943607
20080819,-0.424148805,2.044374932,-1.281076153
20080820,-0.940043954,2.030781283,-0.996733298
20080821,0.259030221,3.117259315,-0.430231554
20080822,1.198644488,1.928440729,1.313554009
20080825,-0.21405645,2.124439661,-0.711746777
20080826,1.164620463,2.525819928,1.164620463
20080827,0.645797555,1.203879692,0.899640591
20080828,1.272845076,1.859716988,1.775358696
20080829,-1.683049673,2.23618974,-2.013537443
