20020102,0.538359308,4.143393985,1.200314486
20020103,3.102900489,2.361153508,3.192345933
20020104,-0.521136095,3.111649458,-0.470589104
20020107,-1.735401469,2.744257842,-0.509277201
20020108,1.014060551,3.324308501,1.203523553
20020109,-1.560950902,2.876198858,-1.057750933
20020110,1.219173301,2.923569428,0.971233263
20020111,-1.288472404,3.655516857,-1.000370793
20020114,0.219378516,2.516082508,-0.262620519
20020115,1.273533855,2.017850887,1.579857485
20020116,-1.433611446,3.556210888,-2.430801586
20020117,1.907848011,1.61880974,2.875597499
20020118,-1.441033642,4.981183681,-5.457637815
20020122,-3.280984004,3.221682139,-2.572883117
20020123,-0.563293619,3.731448626,-1.138946706
20020124,0.838644456,3.340941002,1.448736297
20020125,-0.625099707,3.122947306,-1.354633404
20020128,-0.687287929,2.018020779,0.01567521
20020129,-2.456347253,3.134478352,-2.331033953
20020130,0.638469846,5.879408125,0.830808422
20020131,1.009790846,4.212392864,1.343362754
20020201,-2.350080554,3.225233972,-1.646127705
20020204,-2.064432758,2.732350421,-2.480233773
20020205,0.721078182,5.067536535,0.187962299
20020206,-2.015966003,6.280112766,-1.381146585
20020207,-0.816059154,5.660008164,-0.998344398
20020208,0.84472552,4.275876399,1.378415913
20020211,1.857485196,2.789959265,0.821292396
20020212,-0.580384682,1.647775336,-1.649385899
20020213,2.572014987,2.625952106,2.787979852
20020214,-0.517465579,2.793257011,-0.242895432
20020215,-2.427940786,2.751550176,-2.39552062
20020219,-1.699233348,1.602344191,-2.156938138
20020220,0.821531991,3.985004572,1.60744046
20020221,-2.819001407,4.616755133,-3.103258768
20020222,-0.146469677,6.035862148,-0.120637671
20020225,1.931518898,3.169446744,1.845259943
20020226,-1.103857689,5.774960303,-0.867131167
20020227,-1.157853902,4.967017361,-0.290722736
20020228,-0.751369655,7.167301202,-0.085667786
20020301,3.837361442,3.589406768,5.047019262
20020304,3.308475836,5.325730072,3.112717209
20020305,0.134829699,5.916786519,-0.340230577
20020306,1.137992366,3.777843402,0.860203386
20020307,-1.479750047,4.494054287,-1.44046812
20020308,0.501647078,3.17655946,1.942115198
20020311,1.2984148,2.796337759,0.607999379
20020312,0.047973136,3.330549358,-2.82152849
20020313,0.01610695,3.299888936,-0.738129154
20020314,-1.442605454,1.85397773,-1.362109595
20020315,2.413267977,3.39285966,2.004269452
20020318,-0.944838481,2.812575399,-0.545572598
20020319,0.096447524,2.47974722,0.144706191
20020320,-2.139999361,2.085020325,-3.498803833
20020321,1.899962569,2.631352286,2.091127486
20020322,-0.98766235,2.080737635,-1.510453934
20020325,-2.105692774,1.891044292,-2.072613052
20020326,-0.033852404,4.548406751,-0.236726522
20020327,1.032070746,4.001268497,0.573938105
20020328,0.465813519,2.006987618,1.404001
20020401,0.916651597,2.244854853,0.225471762
20020402,-2.71914877,2.173642815,-5.210768703
20020403,-1.942320586,4.276241447,-1.724484051
20020404,0.835783295,4.70861368,0.230476124
20020405,-1.738248804,4.319752485,-1.03240504
20020408,5.220448134,4.307572653,2.3343235
20020409,-4.376617552,3.712922075,-4.167083689
20020410,2.100427277,7.795732197,2.545902808
20020411,-2.006030945,5.103593315,-2.719173564
20020412,1.386535223,3.589379229,2.059693409
20020415,-0.599742209,3.912757356,-0.412150032
20020416,2.469261259,2.239989456,3.736117349
20020417,-2.295340113,4.24328222,-2.053460244
20020418,-0.74231518,4.583414731,-0.469006656
20020419,-0.5411552,2.625650757,1.339227064
20020422,-1.586910363,1.834189629,-2.642700568
20020423,-3.146203967,5.226797633,-3.047403042
20020424,-1.579876748,4.383229207,-1.811755533
20020425,1.519586505,6.717514946,1.328842262
20020426,-5.019517808,6.038516948,-4.240582119
20020429,1.474938774,5.275681054,1.484650812
20020430,0.287494209,4.952307864,0
20020501,1.124785474,7.817001392,0.952388151
20020502,-2.734620625,8.72720132,-2.943369158
20020503,-3.372666417,8.281131152,-3.294602401
20020506,-1.692363768,6.118379223,-1.894343235
20020507,0.62848661,7.87312742,1.732792311
20020508,6.968179608,5.323097338,10.52190343
20020509,-4.300728494,8.365634261,-5.343071295
20020510,-4.846183429,7.259663161,-4.043426825
20020513,4.403776246,7.591139571,5.150308355
20020514,0.923266305,3.257790578,4.199799663
20020515,0.399275242,5.984258616,-0.441372983
20020516,1.865151398,5.127053066,1.868807103
20020517,-0.267213128,3.128050906,0.572452368
20020520,-2.702867239,3.383176561,-3.706819737
20020521,-3.297519682,4.07422009,-3.427185348
20020522,3.390155168,4.861159743,2.833050663
20020523,2.064208936,5.618387733,2.064208936
20020524,-1.61061062,4.413439533,-2.858791289
20020528,-2.398377636,3.936204714,-1.808847084
20020529,0.752245808,4.039039277,-0.53660535
20020530,1.841955377,6.602123199,1.07034661
20020531,-3.909982888,4.99546172,-3.265675183
20020603,-3.157790142,6.14347308,-3.000773427
20020604,0.945015578,9.764950074,1.137119171
20020605,2.390395948,5.62253167,3.306737021
20020606,0.792964217,4.777952074,0.502125427
20020607,4.065360993,8.997862734,0.096274196
20020610,2.230504571,3.875926827,1.632104947
20020611,-1.351180381,3.880870581,-0.48398671
20020612,5.467763332,7.228348411,5.505807844
20020613,-1.118559384,5.32787817,-2.377919177
20020614,4.15687445,7.421903076,1.881505864
20020617,0.05388415,2.397657773,0.775127811
20020618,0.842827548,2.202331464,0.555109313
20020619,-2.039586316,3.131152318,-2.981508508
20020620,-0.516320527,3.386536597,-0.488727977
20020621,-2.090998176,6.397386314,-3.374856168
20020624,3.93388449,8.586186269,3.541107245
20020625,-3.242121313,6.755586345,-2.286934036
20020626,5.848147343,11.24390244,2.203843047
20020627,0.566159854,7.795221624,1.421455453
20020628,0.274599715,4.6515843,-0.383177186
20020701,-2.791750394,4.785385396,-3.857741006
20020702,-1.79143768,9.711542976,-2.267583709
20020703,2.438792613,7.291165934,2.029794088
20020708,-2.776662125,5.31970701,-3.582084747
20020709,-0.150178365,6.302569701,0.584080794
20020710,-2.795271701,6.659851192,-1.934809976
20020711,1.657970327,16.06875213,1.331830949
20020712,-2.935938392,9.672182165,-2.014099487
20020715,0.794654826,12.23641977,-0.106121278
20020716,-0.038986355,13.88700442,-0.989434786
20020717,-0.937357413,9.598844799,1.43246739
20020718,-1.841672679,6.210189937,-1.784030252
20020719,-0.86371934,6.750081082,-3.059436075
20020722,-5.5203947,25.48762362,-6.779039005
20020723,-7.710731985,21.24115986,-7.346550612
20020724,10.97820232,34.20587704,7.117450486
20020725,-5.960753746,35.54358558,-7.629913756
20020726,3.614716131,14.69400803,5.74048934
20020729,2.92893666,4.559012174,6.183019873
20020730,1.12924663,8.385304586,-0.316612
20020731,0.774305428,8.552400078,-0.249843978
20020801,-3.922071315,8.330787105,-4.738402379
20020802,-2.469261259,7.903854941,-2.995232228
20020805,-0.691025123,9.530138722,-0.939080273
20020806,1.72227706,8.03110931,3.781189864
20020807,0.191306255,10.92314833,3.040009891
20020808,3.749658184,8.412010357,3.79212103
20020809,-0.041554125,7.391884409,-1.628398344
20020812,1.748951513,6.245765746,0.683444723
20020813,-1.967345552,7.717117533,-2.910895504
20020814,5.086454033,6.637768823,5.468214836
20020815,-0.381029239,9.895401716,0.130686121
20020816,1.146547811,3.780941705,0.461061256
20020819,3.82287068,3.014280066,3.902838697
20020820,-0.654139506,3.971255404,-1.834379577
20020821,1.358075291,4.883089173,2.361933436
20020822,0.697655323,3.060810373,1.810733456
20020823,-0.820067531,2.317950767,-1.896870228
20020826,-0.764822084,3.562457077,-0.230061451
20020827,-2.947663478,3.634473885,-2.507176315
20020828,-2.122626749,3.593120673,-2.794035275
20020829,3.368676076,5.395062701,2.31068045
20020830,-2.147521173,4.371320497,-2.971633467
20020903,-3.140961722,3.364738743,-4.318295765
20020904,1.588994336,6.235041365,2.520612338
20020905,-3.372007994,5.729925427,-4.855683732
20020906,0.125601859,3.055188874,4.00160084
20020909,3.022637615,3.424712112,1.865339059
20020910,2.542596036,4.000110771,2.213513057
20020912,-2.013913251,3.373020807,-2.861814101
20020913,2.078243478,5.99778583,1.472470862
20020916,0.398406901,3.493818267,-0.219493164
20020917,-2.876396719,4.278067048,-1.041292606
20020918,2.201613056,5.158248463,0.988961243
20020919,1.118401177,4.832576594,-1.16886499
20020920,-0.713838849,3.079139929,0.538743182
20020923,-2.997196885,5.385908327,-4.823721973
20020924,1.969308027,11.72074461,0.913449371
20020925,0.258286842,8.865711742,1.909780266
20020926,-1.929320293,6.877418133,-0.690252956
20020927,-1.687341446,6.259270234,-2.077712794
20020930,-2.550064841,10.18491281,-3.371105734
20021001,4.312442663,9.637395385,5.448818528
20021002,-1.134392619,9.297283156,-1.351077427
20021003,-1.299801669,11.35425831,-1.916000802
20021004,-3.62289383,10.23823885,-2.124613763
20021007,0.523621003,9.880190201,0.603543368
20021008,0.590629677,9.618492812,2.156417792
20021009,-0.612316234,10.22085727,-2.338236023
20021010,5.246306449,8.155490503,5.337256887
20021011,3.138572071,6.478440707,5.251101288
20021014,2.152825326,5.523679539,0.876036977
20021015,2.008565013,3.786240513,5.907229002
20021016,0.03968254,3.762636431,-3.680680298
20021017,-2.882715263,7.94858552,0.721453937
20021018,1.059211719,7.74607725,4.571399732
20021021,1.043221405,4.633636651,-1.201926171
20021022,0.444277036,4.257853669,-1.643441293
20021023,3.384320692,5.349067853,2.920597861
20021024,-4.073610366,6.317404853,-3.75451108
20021025,2.752025886,4.961658595,2.791057892
20021028,-2.772153973,5.079817464,-1.414667064
20021029,-0.076804919,7.119645366,0.230769333
20021030,1.737522943,4.348309457,2.01566056
20021031,0.543734348,5.874387052,0.675424707
20021101,1.128562407,5.122715351,-0.863855137
20021104,-1.169811284,3.393152573,5.628834266
20021105,1.591922986,2.803097395,1.028742666
20021106,0.070163132,5.601600038,0.633247499
20021107,-0.320798707,3.506595866,-1.786867534
20021108,-1.620197458,3.25546071,-1.655905367
20021111,-2.184976302,2.408548136,-2.257597947
20021112,0.736651582,2.616066961,1.162696498
20021113,2.098808676,5.405087314,1.583722917
20021114,1.770271049,1.789801686,2.883788301
20021115,0,3.002956505,-0.563084367
20021118,-1.968323144,1.67873263,-1.475451173
20021119,-1.231899637,3.20226543,-1.770597294
20021120,2.88472928,2.63977977,3.157779417
20021121,1.48073431,2.700507894,2.114539249
20021122,1.297035044,2.404542238,0.637768257
20021125,0.275197972,2.588451251,0.034358358
20021126,-1.309719237,2.193820706,-2.310935955
20021127,0.872990548,1.557451768,2.10460851
20021202,-1.633040159,3.848538717,-0.207756307
20021203,-1.035369432,2.710141828,-1.765934518
20021204,0.789676257,3.968068568,-0.203063682
20021205,-2.822857842,3.213982439,-2.170988021
20021206,1.087656875,4.25093944,0.189487988
20021209,-2.709094083,3.305344991,-3.550994679
20021210,0.929202003,2.505636645,0.985229644
20021211,1.474681102,2.305506903,1.085467377
20021212,-1.557521179,2.868872326,-0.919124118
20021213,-2.23246685,2.517399255,-3.113529818
20021216,2.772528504,2.203354924,3.739452333
20021217,-0.073529415,1.829946366,-0.202075939
20021218,-0.521416451,2.40024643,-1.519391838
20021219,-0.640424114,4.952068886,-1.202118158
20021220,-0.901245304,2.260099928,0.188786161
20021223,1.77491815,2.419924223,1.83148457
20021226,-1.210330388,1.837061176,-0.858054136
20021227,-0.592970818,1.902311586,-0.780482593
20021230,-0.378429969,2.944127998,-0.406754569
20021231,-1.933999964,2.840018423,-1.971921845
20030102,2.716123212,2.793388644,3.831304928
20030103,0.372509278,2.459494733,0.09299731
20030106,1.360565206,1.460342019,1.787242414
20030107,1.55378013,3.917540752,1.845538178
20030108,-2.042748397,2.385420729,-2.744379412
20030109,1.954459607,2.016578203,2.780228131
20030110,1.495119267,3.966696439,0.232703945
20030113,-0.212502294,1.922095584,0.854553892
20030114,1.129955525,1.355310716,0.970281935
20030115,-1.324522675,1.846113276,-1.254322602
20030116,-1.73730527,1.811320195,-1.612938193
20030117,-2.845155751,1.743231467,-7.296901987
20030121,-1.085492341,2.261600061,-0.282197433
20030122,-1.111014254,3.3272581,-0.566795224
20030123,0.681025125,3.191360372,2.487425608
20030124,-4.299415724,4.123757209,-4.807347239
20030127,-0.284264151,7.849243034,-1.353145962
20030128,-1.684463978,4.550489627,-0.652797096
20030129,2.392652663,4.823438496,2.126231765
20030130,-3.902934391,5.824156129,-3.403283106
20030131,0.010534633,7.833558766,-1.619595509
20030203,1.285258157,3.448950272,2.26015974
20030204,-1.009260039,2.509951572,-2.566115563
20030205,-1.835688217,5.339095808,-0.763686359
20030206,1.187964756,4.77057486,0.974790512
20030207,-2.795607727,3.719926405,-1.830227721
20030210,1.231699581,3.34877002,1.745839531
20030211,-1.813769983,3.333827909,-2.00390419
20030212,-0.21519268,2.210829224,-0.043075598
20030213,1.22283114,3.252779419,1.201286381
20030214,2.363385124,4.515314139,2.934324052
20030218,1.331470144,3.068295484,-66.2212683
20030219,-1.093792554,3.051388166,-1.616196796
20030220,-2.616666053,3.156619333,-1.684163857
20030221,1.390046912,5.704063231,2.009499646
20030224,-1.567042376,4.793030615,-2.341450159
20030225,2.742423277,6.78929446,0.557462406
20030226,-1.888035945,5.322280845,-2.445498351
20030227,-1.432810015,6.320575046,-0.211999231
20030228,0.234298426,4.188542478,0.657848403
20030303,-1.892800989,2.699424343,-0.700302235
20030304,-2.164911472,2.347442332,-2.037604007
20030305,1.504434134,3.956794854,1.569418432
20030306,0.38751394,2.64998421,-0.727898739
20030307,2.877587426,6.297191508,1.492883346
20030310,-1.577899375,1.682962133,-2.877587426
20030311,-1.090047854,2.508067786,-0.611890021
20030312,2.467123616,4.270981108,2.51095443
20030313,3.967462491,3.649203175,5.368461844
20030314,0.907538749,7.592106005,0.907538749
20030317,5.6727482,9.939699247,4.033201303
20030318,0.771013843,5.947431927,0.423321779
20030319,1.376958072,3.763077309,1.088524068
20030320,1.149437943,4.685180916,-0.285306898
20030321,-0.786963027,5.817531936,1.249306425
20030324,-1.003056891,2.661824417,-4.955230554
20030325,-0.43061331,3.730006756,0.767947064
20030326,-0.828243741,2.648450997,-0.946006267
20030327,0.440088728,2.95658356,-0.795232819
20030328,0.079044178,2.566573741,-1.490088802
20030331,-0.165152804,3.552954413,-1.962030635
20030401,-0.514192613,3.474975049,0.595331816
20030402,2.440105323,3.20198293,5.496294804
20030403,-1.044294928,2.496219311,0
20030404,-2.675218547,3.566752,-2.51981836
20030407,-4.502118462,4.190641987,0.43763746
20030408,1.021619887,3.742299007,1.536370579
20030409,-4.205063085,4.930296167,-4.048813053
20030410,-0.502900845,3.3194322,0.122050463
20030411,-2.670086269,5.533513506,-1.598394686
20030414,1.957648163,2.966376893,2.267022442
20030415,-0.3063846,2.395468986,-0.630009478
20030416,-2.965230096,3.50614401,1.274134088
20030417,3.022098775,2.6066046,2.418353733
20030421,-1.554384468,2.152432507,-1.241517572
20030422,2.716167764,2.712286584,2.099557158
20030423,-0.116572774,2.963920869,-0.116572774
20030424,0.374984488,2.099441432,-0.798278873
20030425,-0.514343369,2.285571705,-1.204536944
20030428,1.662629987,1.499102533,2.21642887
20030429,-0.502222419,2.517849491,0.174435552
20030430,-0.584683014,2.381432704,-0.933858927
20030501,0.741177569,2.153691024,0.584683014
20030502,2.242073044,2.427147865,1.65739003
20030505,-1.53030929,2.05274551,-1.148775061
20030506,1.952962702,2.508575304,1.948322439
20030507,-0.422184469,2.083335793,-1.413046234
20030508,0,1.921443929,-0.927363679
20030509,1.760474093,2.207877875,2.30248084
20030512,0.191022026,1.620373089,-0.608829887
20030513,-0.17296055,1.268425376,-0.785519893
20030514,-2.008565013,1.306623072,-1.414067146
20030515,-0.386698084,1.907680775,0.699847335
20030516,-1.305170957,2.275574465,-1.208356157
20030519,-2.471134305,1.790088359,-3.021666565
20030520,-1.091581488,2.41043256,-0.571534358
20030521,-2.32603055,2.253439689,-2.32603055
20030522,-0.082712991,1.088566302,0.562605728
20030523,0.165221021,2.076414399,0.247934011
20030527,2.178166629,2.19989702,2.260674885
20030528,-1.563182931,2.454584559,-1.538976694
20030529,-0.49180427,2.848177648,-0.268742917
20030530,-0.401615112,3.043879129,1.066600496
20030602,-1.451053271,2.443032774,0.117811961
20030603,0.766287275,1.56465898,1.050090425
20030604,-0.320128325,3.175813562,0.240770582
20030605,-1.401506864,1.616814002,-3.507700557
20030606,-2.910808416,3.213536788,-1.632176849
20030609,0.210570724,2.056930464,0.294923323
20030610,3.045502862,1.848300593,3.716364917
20030611,0.811453555,2.488837372,0.811453555
20030612,0.10409161,1.738695528,0.481329396
20030613,-1.923136193,2.713114064,-1.090312746
20030616,2.550955383,1.597698962,2.753016474
20030617,1.606227082,2.507373125,2.468301387
20030618,0.268662606,3.236946668,0.172628795
20030619,-0.034515158,2.009875565,-0.072851367
20030620,-0.113960126,2.2230608,0.912550958
20030623,-1.231732278,2.125588841,-1.879970963
20030624,0.272957861,2.935160233,-0.54369066
20030625,-1.810360344,3.456473191,-1.966245021
20030626,1.446750552,3.163640409,2.277287262
20030627,-1.433855218,3.013907151,-0.544960477
20030630,-1.376657708,2.338357759,-0.039039626
20030701,2.126505802,3.344144304,2.048380798
20030702,1.572477178,1.593936663,2.940279658
20030707,1.543580813,1.1755872,3.412794114
20030708,1.601198692,1.498197134,1.015973906
20030709,-0.181719112,2.171762181,-0.761011102
20030710,-1.163340606,2.276540996,-2.09527974
20030711,1.405382678,1.888025335,1.405382678
20030714,-1.5334364,2.202226469,-0.444192283
20030715,-0.730463438,2.470568415,0.367242425
20030716,0.134357374,1.858101112,1.010275383
20030717,-1.524476447,2.273056293,-3.196762339
20030718,-0.703055625,2.077451276,0.895194341
20030721,-3.101931768,2.659353428,-3.287770885
20030722,0.227963625,3.23963874,1.110507701
20030723,0.037814332,2.523021689,0.378788332
20030724,-2.955880224,2.524220848,-1.715962028
20030725,2.561345295,2.846474423,3.365793226
20030728,-1.232048439,2.580549746,-1.009165731
20030729,-1.386568964,4.423786001,-0.451807997
20030730,-0.454374125,1.732910999,-0.5676458
20030731,-0.56635983,3.194049363,0.227445132
20030801,-0.762489398,1.376570591,-1.065864678
20030804,-0.210184466,3.090595537,0.038262866
20030805,-2.465456156,2.521651451,-1.931307614
20030806,0.468934036,3.47253983,0.038993956
20030807,0,2.354287852,0.194742028
20030808,-1.205068033,1.547350432,-0.50712026
20030811,0.039039626,1.796772695,0.195350717
20030812,-0.038857587,1.356207983,0.428432983
20030813,-0.700937449,1.391281763,-0.545597612
20030814,0.077942327,0.855292828,0.312134471
20030815,-0.352181933,0.347996979,-0.625246273
20030818,0.584911007,0.841130243,0.819836722
20030819,2.701324612,2.167803141,3.51449463
20030820,0.492891993,1.656323858,-0.753583069
20030821,-1.664813328,2.957759353,-0.873699765
20030822,-2.075154638,3.100796995,0.076277654
20030825,0.757292525,1.253764692,1.061822642
20030826,0.983738542,1.956205607,0.188430431
20030827,-0.30234339,0.774862931,-0.528502551
20030828,0.150886487,0.989644551,0.415486906
20030829,0.415643901,0.959866435,-0.037700283
20030902,2.076455769,2.321192809,2.715435579
20030903,3.231879126,3.103114968,3.780828354
20030904,1.237858423,1.427138742,0.528635592
20030905,0.529942947,2.09472775,-0.246348884
20030908,1.537416725,1.636706272,1.607864068
20030909,-0.947209327,1.438789005,-1.64310636
20030910,-1.692209597,1.838195441,-2.969275552
20030911,0.792225966,1.940207163,1.227009259
20030912,3.117973416,2.589227326,1.636464837
20030915,0,1.17068253,0.07054674
20030916,1.918775072,1.144260196,2.024501954
20030917,-0.908144558,1.330285401,-1.532063393
20030918,3.414713555,1.596018284,3.414713555
20030919,1.074196298,1.103668481,1.547810173
20030922,-1.12840999,1.998952109,-2.94786719
20030923,1.668691879,2.278895129,1.806148945
20030924,-4.231069611,3.426046402,-3.961254945
20030925,-0.934174415,4.042375853,-0.793724954
20030926,-0.354233456,6.115074305,-0.194983665
20030929,1.78170652,3.203953644,2.453680755
20030930,-2.802098564,4.460298841,-3.811329333
20031001,2.190126395,3.035038225,2.906975343
20031002,0.122925645,2.885747269,-0.455262562
20031003,0.343761081,2.993975657,2.255865226
20031006,0.171379648,1.338601683,0.205690851
20031007,0.498668388,1.988994638,-0.171379648
20031008,-1.82229557,1.790602679,-1.138532223
20031009,-0.92863952,2.192194205,0.415513063
20031010,-0.207756307,1.181622336,-0.311472825
20031013,-0.623486606,1.297323751,-0.242929149
20031014,0.31430094,0.623219117,-0.348068573
20031015,-0.480275366,1.785966821,1.385063693
20031016,1.409684682,1.480605765,0.719550817
20031017,-1.203383956,1.52754418,-1.305860481
20031020,1.458126872,1.271651184,1.544564772
20031021,0.034065747,0.941715557,0
20031022,-0.483426356,0.974445464,-1.613768927
20031023,0.589563005,1.576354917,0.103788281
20031024,-2.392325497,2.915799,-8.211955162
20031027,0,1.101178243,1.008411907
20031028,0.368324542,1.572862225,1.071900856
20031029,-1.760445724,1.213834618,-1.686943332
20031030,-3.425894982,1.816913106,-2.402915727
20031031,-0.952206776,1.228018867,0.076569682
20031103,1.320524754,1.046301976,2.083014151
20031104,-1.975748159,1.217788712,-2.351264935
20031105,-0.191387618,1.063466129,0.153374263
20031106,-0.07619048,1.044588777,0.534964975
20031107,-1.047928043,1.055352215,-0.515809721
20031110,-0.517887414,0.550187882,-0.403032884
20031111,-0.752536113,1.061695143,-0.714081969
20031112,0.636146724,1.689592824,0.790975475
20031113,-0.659556222,1.475918644,-1.276366196
20031114,-0.97752489,1.488859537,-0.938606813
20031117,-0.672470889,1.511478219,-1.007018086
20031118,-0.713439411,2.093880964,-0.218535897
20031119,0.252744783,1.629135891,0.847630535
20031120,-0.278607145,2.31450446,-1.046714814
20031121,-0.950878797,1.16338288,0.119498122
20031124,1.60441712,0.991182798,2.515855964
20031125,-1.872129561,1.393630928,-1.407372721
20031126,-0.431119617,0.971730117,0.23594191
20031201,-0.193236775,1.569835842,0.543057968
20031202,-1.066004862,1.032272373,-0.737724177
20031203,-0.621602623,1.13614871,0
20031204,1.84905114,0.903504375,2.082605158
20031205,0.038528222,1.938241611,-0.920251893
20031208,0.458190951,1.02605756,1.11090972
20031209,-0.189286447,2.125991479,0.531916148
20031210,0.621529452,1.164614652,0.905324931
20031211,0.03758692,1.473711542,-0.075131484
20031212,-0.037474237,0.780828587,0.262713606
20031215,-1.004285919,0.902326032,0.262025229
20031216,0.853595831,1.024296514,1.15221494
20031217,0.018492834,0.467699472,-0.073937157
20031218,1.118149309,0.65256921,1.432005377
20031219,-0.474020942,1.399145862,-0.25552122
20031222,0.110354986,0.832482391,-0.586511945
20031223,0.184196037,1.169402499,-0.110354986
20031229,0.859787607,0.485204807,0.878161516
20031230,0.52770571,0.449018549,0.363636764
20031231,0.072912872,0.864063548,-0.400073274
20040102,-0.363504581,0.862713004,0.072859748
20040105,1.378591344,0.874714395,2.37506666
20040106,0.603587843,0.49958422,0.461239065
20040107,0.354484597,0.679201622,0.035391966
20040108,-0.884179058,0.828761003,-0.390002267
20040109,-1.510276819,1.115213825,-1.973158186
20040112,-0.416478646,1.096224983,-0.163176539
20040113,-0.400073274,0.688774296,-0.418220448
20040114,0.651940013,0.451984596,0.943061034
20040115,0,1.168017884,-0.542987759
20040116,0.539860948,0.742398879,1.118943275
20040120,0.321142114,0.584021317,0.750942202
20040121,0.49645492,0.92973875,0.709978133
20040122,-1.29514806,1.478173426,-0.959666153
20040123,0.881062968,1.599555056,1.76995771
20040126,1.082223863,1.417456495,1.047129987
20040127,-1.37108845,1.11890218,-1.928192955
20040128,-2.034753437,2.472721849,-1.96610444
20040129,0.394760965,2.060176216,0.79108647
20040130,-0.793368749,1.032699858,-1.080312991
20040202,-0.654072099,2.132021299,-0.690284303
20040203,-0.365497483,0.849026197,-0.438436946
20040204,-0.553813489,1.559284937,-1.104576768
20040205,-0.37023367,1.2064207,-0.185288176
20040206,0.332779009,1.188414054,0.481037005
20040209,-1.035512212,0.673722707,-0.703836949
20040210,0.778791253,1.143615559,0.629981702
20040211,0.775627157,0.90271523,0.40553051
20040212,-0.481037005,0.469327257,-0.812712268
20040213,-1.456064552,1.301672998,-1.381908079
20040217,1.005782366,0.529382233,1.456064552
20040218,-0.633267156,0.762152319,-0.818761552
20040219,-1.780240026,0.943933538,-1.184113074
20040220,-0.244200366,1.304686388,0.528004244
20040223,-0.449775871,0.8522886,0.131566601
20040224,0.823357945,1.48086213,0.785785147
20040225,-1.009165731,1.260751056,-0.785785147
20040226,-0.641390616,0.478177696,-0.754151387
20040227,0.226329784,0.693865783,0.453172981
20040301,0.187582122,0.547425775,0.526119214
20040302,-0.905324931,0.540505499,-1.092907053
20040303,0.075872538,1.012869494,-0.075815015
20040304,0.265503664,0.587182034,0.113700979
20040305,0.399581923,1.560017082,-0.265503664
20040308,-1.802541614,1.016100601,-1.878529459
20040309,-0.349447065,1.998718203,-0.504365764
20040310,-1.078124723,1.084176636,-1.331264767
20040311,-0.477327875,2.765617231,-1.149665785
20040312,0.039393343,1.553540134,1.228467995
20040315,-0.474872281,1.401391339,-0.711465452
20040316,-0.436248957,1.580838895,-0.198530937
20040317,-0.476380417,0.849239082,-0.119308028
20040318,-0.361228569,1.84632271,-1.040009374
20040319,-0.728748164,0.995566154,-1.050939341
20040322,-0.040791353,5.744247796,-0.407166686
20040323,-2.091525903,2.644555139,-1.56253179
20040324,0.082000825,2.390447501,1.112725266
20040325,2.370064743,1.955263346,3.186395807
20040326,-0.478851673,1.761428699,-0.75712655
20040329,0.31658119,1.230505467,1.232374969
20040330,-0.079365084,0.978494545,-0.475248419
20040331,-0.917254686,0.909968097,-0.917254686
20040401,0.519689357,1.081719693,0.479617226
20040402,1.326072474,1.629354713,2.869129797
20040405,0.502222419,0.692873773,0.540959588
20040406,0.232558244,0.823377454,-0.46350025
20040407,-0.780035156,1.340527648,-1.12907565
20040408,-1.345180631,1.097810969,-0.25482715
20040412,0.56768284,0.78082573,0.548053828
20040413,-0.938974035,0.86625796,-0.685537892
20040414,0.628192093,1.072284049,0.431457818
20040415,-1.221690072,1.906164791,-1.299998611
20040416,-0.59860241,1.446022859,-0.277943399
20040419,1.976417551,1.316433377,1.734375363
20040420,-1.373917588,1.331874719,-1.139725444
20040421,0.393546356,1.654278164,0.63041974
20040422,1.808711849,1.905567461,1.983343255
20040423,0.54595222,1.178667701,5.906050992
20040426,-0.731264685,1.047883251,-1.094901449
20040427,0.220669453,1.121796895,-0.110152389
20040428,-1.642440803,1.537318686,-2.416923745
20040429,-0.113228923,2.781042015,-0.33930287
20040430,-2.243866723,3.333479316,-1.829319305
20040503,0.532725765,1.36163121,1.337173697
20040504,-0.18993358,2.179370698,-0.18993358
20040505,-0.152091284,1.234870585,-0.076074557
20040506,-0.153022218,0.95395907,-0.610688921
20040507,-1.044602619,2.370932283,-1.387840317
20040510,1.12469675,2.091267206,0.657769831
20040511,-0.576370472,0.917122147,0.077101006
20040512,0.30864222,2.231454895,0.038528222
20040513,0.905681111,2.03151115,0.403652638
20040514,-0.461837605,2.19883817,-0.712294859
20040517,0.342919064,2.064131648,-1.244184012
20040518,0.585852032,0.93339387,1.128197145
20040519,-1.560142362,1.388915874,-0.854706058
20040520,0,1.415560292,0.467108673
20040521,-0.289268353,0.958322962,0.542216665
20040524,-1.080674354,0.978609465,-0.46457691
20040525,1.582128313,1.234350576,1.349027974
20040526,0.541070796,0.901136343,0.038277512
20040527,0.172001954,0.829386667,0.21026482
20040528,0.30522725,0.57536967,0.247926131
20040601,-0.11487652,0.766972926,-0.573067471
20040602,0.038262866,0.728961931,0.153139387
20040603,-0.539084863,0.77250108,-0.922373949
20040604,-0.365560773,0.646689153,0.154321018
20040607,1.44930073,0.570446195,1.795654742
20040608,1.096626607,0.76787777,0.679247895
20040609,0.094598437,1.04033997,-0.565719027
20040610,1.463780346,0.822613244,1.240384255
20040614,1.16456728,0.814853837,0.339356295
20040615,1.398109602,1.291888553,1.877210257
20040616,-0.069521948,0.812217904,-0.182848835
20040617,1.634320015,1.057399013,1.597710094
20040618,1.718543876,1.20603982,1.678910663
20040621,0.389036742,1.037944925,0.353607158
20040622,0.495927336,1.841606197,-0.105950919
20040623,0.389312118,0.907000187,0.035329447
20040624,-0.263597376,1.217650536,0.370207563
20040625,0.455581654,1.104437977,0.648954308
20040628,-1.124792175,1.267939908,-1.089833251
20040629,1.094064204,0.834439513,0.70447632
20040630,0.017496282,1.198458509,0.315402399
20040701,-0.349040494,1.538231094,0.069954532
20040702,-0.069930073,0.926454976,-0.034971149
20040706,-1.064972792,1.133749834,-2.013846543
20040707,1.433716315,1.614459274,0.285103543
20040708,-0.864558699,2.104831868,-1.650557744
20040709,0.323450417,1.431774769,0.828684259
20040712,0.755807089,1.047344442,0.071736015
20040713,-1.116927483,0.756467168,-1.045242892
20040714,2.628414137,1.920030432,1.937627896
20040715,-0.643779047,1.62056838,-0.964121019
20040716,-2.570003968,1.442655108,-1.46383747
20040719,1.187705162,1.688039919,1.750473281
20040720,1.100667955,1.819207983,1.315106922
20040721,-2.363528415,2.27689289,1.854172413
20040722,-0.168764785,1.961767922,0.553060518
20040723,-1.311842958,1.831473902,-3.472205722
20040726,1.003094831,2.4278224,2.240940709
20040727,-0.664454272,1.630551632,-0.542386073
20040728,0.913248356,1.382369431,0.350263055
20040729,-1.11811088,1.230717324,-0.490712516
20040730,0.070274072,1.390772718,0.035130863
20040802,0.845075452,0.756192236,0.175469426
20040803,-0.991509539,0.841353345,-1.483601921
20040804,0.17834854,0.944870212,-0.142450167
20040805,-2.262621214,1.25871828,-1.906875552
20040806,-0.916932887,2.708560836,-1.426766475
20040809,-0.220426246,0.451518981,0.184060424
20040810,1.530410284,1.065803892,1.930491568
20040811,0.073019353,1.899811045,-1.161116093
20040812,-1.275079642,1.367633107,-1.897450313
20040813,-0.03703018,1.267083709,0.426835574
20040816,0.147819687,0.885240108,0.295858204
20040817,-0.700463693,0.742963873,-0.184808776
20040818,2.09527974,1.163680516,1.687494189
20040819,-0.881710341,1.292996129,-1.428857429
20040820,0.239344678,0.687358382,0.331553076
20040823,-0.146681361,0.707139704,0.220426246
20040824,-0.622370671,0.828735392,-0.073421442
20040825,1.168749608,0.905469711,1.132018661
20040826,-0.054639834,0.833222298,-0.34554913
20040827,-0.109190184,0.461160471,0.054639834
20040830,0.036623329,0.536357843,-0.547746485
20040831,0.018320051,0.677822632,-0.054940025
20040901,0.512821637,1.378071234,0.274398782
20040902,0.908931908,0.603438438,0.945461588
20040903,-1.245893727,1.04528109,-1.863067586
20040907,0.219619415,0.833962464,0.84450658
20040908,-0.073286922,0.599424283,-0.256269589
20040909,-0.073286922,0.812234037,0
20040910,0.583730224,0.582737193,0.76684692
20040913,-0.985589289,0.47538352,-0.840187591
20040914,0.072966074,0.591110879,0.585224787
20040915,-0.678341587,0.439728615,-0.879126541
20040916,0.110111958,0.238639848,0.293901755
20040917,0.364299128,0.341249816,0.87655784
20040920,0.291226999,0.829794797,0.036357026
20040921,-0.694320348,0.601525537,-0.876237808
20040922,-0.441664318,0.413462017,-0.588453335
20040923,0.676378013,0.662157183,0.954485954
20040924,-0.402267867,0.570895347,-0.292718833
20040927,0.183857379,0.388205358,-0.25683375
20040928,0.220264406,0.590342617,0.183519963
20040929,1.130779877,0.693923604,1.094102818
20040930,0.289645387,0.880681708,0.32591012
20041001,1.569778935,0.819826504,2.110613136
20041004,-1.096773775,0.741583366,-0.496807267
20041005,0.813731715,0.768094178,0.955928681
20041006,0.476153725,0.6949734,0.509622402
20041007,-1.304903016,0.772951981,-1.252331386
20041008,-0.356506616,1.074255753,-0.605307171
20041011,-0.497690327,0.48496634,0.21405645
20041012,0.823049914,0.50599622,0
20041013,-0.587138062,0.855270213,-0.142653377
20041014,-0.859604147,1.040438614,-0.788252021
20041015,0,0.870240436,0.645394854
20041018,1.256987427,0.901435526,1.560315343
20041019,-1.268963098,1.141758128,-0.812581754
20041020,1.686617634,1.218624178,1.792981764
20041021,-0.873276656,2.077387153,-0.488998529
20041022,-2.07002395,1.868735665,-2.949227784
20041025,-0.216998277,0.817864459,-0.397471165
20041026,0.755535164,0.76190958,1.008654085
20041027,0.965915079,1.473400366,0.856536286
20041028,-0.249243497,0.864566305,-0.320341972
20041029,-0.570614958,0.755337178,-0.32137146
20041101,-0.195503484,0.838030683,0.517257909
20041102,0,0.905601921,0.461484667
20041103,-0.59534408,1.600751751,0.828855817
20041104,2.12662712,1.147514029,1.810004164
20041105,0.188211194,1.372886538,0.892863074
20041108,0.444369215,1.244249565,0.239030334
20041109,1.081456975,0.702847132,1.455925497
20041110,-0.637158427,0.691520921,-0.084068941
20041111,0.334001647,0.499912908,0.887555018
20041112,-0.515336524,0.718780569,0.03333889
20041115,0.146198856,0.746959108,-9.13845618
20041116,-0.753057099,0.664089801,-0.954135679
20041117,-0.2574004,0.906370789,0.147383962
20041118,-0.166036382,0.344808618,-0.294985465
20041119,-0.686395423,0.48304338,-0.815725695
20041122,-0.468034178,1.451036273,-0.803667535
20041123,0.018848365,1.186598545,-0.43253476
20041124,0,0.438622384,0.413767752
20041129,0.477417242,0.72429327,0.637064174
20041130,0.186671699,0.918718825,0.149309472
20041201,1.10743103,0.437971275,1.591152903
20041202,-0.551776276,1.591780798,-0.478381777
20041203,0.257495084,1.112957069,0.404933371
20041206,0.808233643,0.624855705,0.403300272
20041207,-0.884309374,0.601812822,-1.140766741
20041208,1.324522675,0.969136593,1.250476022
20041209,0.331308972,0.889853826,-0.549753996
20041210,0.129306382,0.385438436,-0.460448369
20041213,0.588669838,0.821628987,0.644035716
20041214,0.773342098,1.175025221,0
20041215,-0.367918001,0.787543369,-0.47802996
20041216,0.055243533,0.648789881,0.110517602
20041217,-0.222469502,0.764976958,-0.813313171
20041220,-0.296406293,0.610194807,0.037112637
20041221,0.259019571,0.377820917,0.407332539
20041222,0.51672017,0.718378223,-0.333148559
20041223,0.556897671,0.817808,0.148203065
20041227,-0.593914144,0.55830507,-0.556897671
20041228,0.446097394,0.529789779,0.371609495
20041229,0.148864933,0.391616301,-0.259981576
20041230,-0.559181327,0.179873868,-0.521999694
20041231,-0.112212467,0.26194371,-0.112212467
20050103,-0.411138684,0.646295374,-0.074878326
20050104,-0.111752666,1.240739955,0.485709903
20050105,-0.223880691,0.703876128,-0.223880691
20050106,-0.485347229,0.955437339,-0.186950886
20050107,-0.560853966,0.806739886,-0.187301047
20050110,0.730271947,0.896424225,0.486254932
20050111,0.187160826,0.606918219,-0.224131584
20050112,-0.033625376,0.66980423,0.07850321
20050113,-1.586735217,0.685646746,-1.889873489
20050114,-0.990107098,1.150977906,-0.496278934
20050118,1.069937605,0.905277445,0.686501552
20050119,-0.881738509,0.665268236,-1.300706938
20050120,0.077399385,1.13337071,-0.463142472
20050121,-1.124260727,1.100934507,-0.776702934
20050124,-0.466926918,1.693402717,-0.038993956
20050125,0.965817822,1.08486684,1.432744741
20050126,-0.268868992,0.588760322,-0.038454144
20050127,0.576370472,0.853834163,0.383877631
20050128,-1.289361814,1.624700079,0.382409644
20050131,-0.342010594,0.580901585,0.266819293
20050201,0.570018644,0.569491838,0.455754682
20050202,0.189071714,0.588666679,0.302686572
20050203,-0.70416125,0.618791082,-1.101625576
20050204,0.533334598,0.589328123,0.533334598
20050207,-0.419607711,0.306342861,-0.609757987
20050208,0.190730556,0.423196963,0.305343749
20050209,-0.669154586,0.35798752,-0.669154586
20050210,-0.076657727,0.352954984,0.057531884
20050211,-0.17309361,1.057361373,-0.403420007
20050214,0.38506016,0.429177148,0.17309361
20050215,-0.231035913,0.499366865,-0.30792942
20050216,-0.312931116,0.541616369,-0.618718138
20050217,-0.350672481,0.576344945,-0.622570104
20050218,-0.547517989,0.6780448,-0.46948443
20050222,-0.118929647,0.719507056,-1.143771096
20050223,-0.198294731,0.496999364,-0.079365084
20050224,0.751734499,0.825759504,0.712028325
20050225,-0.316205797,0.361839184,-0.434525669
20050228,-0.23818987,0.540614036,-0.396668509
20050301,0.317083104,0.413573307,0.436248957
20050302,0.277502656,0.605631765,-0.039580448
20050303,-0.515362885,0.302377552,-0.396668509
20050304,-0.198452139,0.330102587,0.039737731
20050307,1.105856451,1.067957181,1.145578398
20050308,0.078709174,0.711006882,-0.157232737
20050309,-0.315582116,1.036261293,-0.43366912
20050310,0.058979654,0.581147568,0.512316391
20050311,-1.504383083,0.614074027,-1.46508263
20050314,0.159362584,0.398930347,0.199242943
20050315,-0.679866646,0.50355547,-0.799364768
20050316,-0.728453241,0.814596717,-1.211157316
20050317,-0.406669938,0.501879237,-0.325468147
20050318,-0.818670147,1.324584787,-0.859428249
20050321,-0.638716501,0.61395502,-0.577083217
20050322,-0.954958472,0.890314041,-0.913627618
20050323,0.830569559,0.985794709,0.872279674
20050324,0.041211622,0.604095636,0.371517455
20050328,-0.843713205,0.411929322,-0.309501949
20050329,-0.853016719,0.868001782,-1.101309832
20050330,0.580914497,0.683407541,0.99792928
20050331,-0.495663964,0.745400238,-0.082781462
20050401,-0.413565519,0.862404047,-0.082850046
20050404,0.496689763,0.744033127,0.372285849
20050405,1.06821065,0.790695114,1.026913933
20050406,0.818058733,1.135938053,0.818058733
20050407,1.732045148,0.929687177,1.723938136
20050408,-0.559777551,0.825119826,-0.639490589
20050411,-0.199960075,0.675502316,0.160256445
20050412,1.591756648,0.801234134,1.391395932
20050413,-0.71627843,0.692909245,-1.151491778
20050414,-0.561348707,1.289334808,-0.681228842
20050415,-0.570964031,1.744144518,-1.703204189
20050418,0.895771462,1.243570355,0.895771462
20050419,-0.324280787,0.830471745,-0.162271841
20050420,-1.306674369,0.937020772,-1.225505534
20050421,3.215711163,1.701012213,3.830341248
20050422,-0.199800266,1.277226917,-1.113774441
20050425,-0.279720462,1.245974594,-0.040008002
20050426,-0.684244972,1.388770339,-0.924629703
20050427,1.329860421,1.285842291,0.884605688
20050428,-1.542864547,1.456379666,-2.185437039
20050429,1.634479281,1.197705147,3.418792638
20050502,0.079270714,0.832561412,-0.197902301
20050503,0.911438844,1.062847072,0.434869236
20050504,-0.31645596,0.936918506,-0.434869236
20050505,0.079333602,0.831068015,-0.079270714
20050506,-0.355942634,0.769246095,0.079270714
20050509,-0.436942105,0.592037309,-0.476569607
20050510,-0.680683309,0.648922124,-0.919822522
20050511,0.080321289,1.292796652,0.080321289
20050512,0.682048782,1.312096787,0.400641562
20050513,1.033395524,1.268905399,1.113331579
20050516,1.025245574,0.739977421,0.787715771
20050517,0.728421372,0.507402785,0
20050518,0.820156911,0.88470481,0.859380289
20050519,0.580609334,0.415024071,0.77489733
20050520,-0.348499869,0.662647335,-0.502999706
20050523,0.387597384,1.010866799,0.271160344
20050524,-0.155159069,0.464360706,-0.348769972
20050525,0.175148434,0.477124599,-0.174842201
20050526,0.542216665,0.740252045,0.678231454
20050527,1.001935164,0.361641642,0.73119433
20050531,-0.656753375,0.382637108,-1.079424513
20050601,0.36875345,0.892390441,0.03875218
20050602,0.155460583,0.337620397,-0.232738662
20050603,-1.095472614,0.80508844,-1.289836135
20050606,-0.039408868,0.390268449,-0.196889215
20050607,0.747299446,0.89809118,0.589508487
20050608,-0.584900292,0.509772307,-0.471328445
20050609,0.392927814,0.669762581,0.392927814
20050610,-0.117855052,0.389193971,-0.235571369
20050613,-0.236873384,0.525230697,-0.551834274
20050614,0.276406889,0.514298186,0.236873384
20050615,-0.473747432,0.599835597,-0.355520817
20050616,-0.676619497,0.538849424,-0.914337517
20050617,-0.874409387,0.585666552,0.03992813
20050620,0.519066847,0.680516202,0.239234564
20050621,0.199163579,0.361088533,0.079617839
20050622,-0.199401861,0.525857552,-0.318852402
20050623,0.594414272,1.150422681,1.032574703
20050624,-0.596067729,0.762123335,-0.873021418
20050627,-0.03989627,0.702012435,-0.119641091
20050628,-0.039880359,0.457660171,0.03989627
20050629,-0.516591652,0.584129941,0.119593397
20050630,-0.922404775,0.47629499,-1.121806636
20050701,-0.605450891,0.81195158,-0.484653614
20050705,1.289300696,0.915867198,1.127226106
20050706,-1.046497778,0.607278601,-1.066515794
20050707,0.325071396,0.943397489,-0.263344627
20050708,1.850414825,0.700217836,1.769245989
20050711,0.555116414,0.688125003,0.79397003
20050712,1.416231381,0.758676944,1.21832908
20050713,0.429772101,0.672626726,0.195122013
20050714,0.734019135,0.574067038,1.278343963
20050715,-1.023273723,0.680617175,-0.831002946
20050718,-0.585139177,0.403135037,-0.798835227
20050719,1.539676297,0.898122006,2.396713097
20050720,0.708883129,1.163625582,0.038189804
20050721,0.53090758,1.409069449,0.950035646
20050722,-1.336840601,2.048109128,-3.091940975
20050725,-0.03893323,0.681806457,0.175387359
20050726,-0.624270463,0.563504932,-0.507516217
20050727,0.428599916,0.730476004,0.663158272
20050728,0.009709209,0.342976274,0.116572774
20050729,-0.700937449,0.695139578,-0.623297694
20050801,0.386548607,0.519691936,1.281322131
20050802,3.376008076,1.497540719,3.376008076
20050803,1.741107143,1.767347776,1.554435444
20050804,0.587588911,1.099754508,0.29336288
20050805,1.853587505,1.302766322,1.670336583
20050808,-2.439589403,1.340458338,-2.331617465
20050809,0.439722218,1.183725208,0.80764022
20050810,-1.766700349,1.104670391,-1.547562204
20050811,1.087668571,1.086269862,1.254629003
20050812,-0.221811551,1.033289383,-0.920986433
20050815,0.499307556,0.951472579,0.314088018
20050816,-1.078678861,0.694414979,-1.355764104
20050817,0.55793338,1.163852441,0.819371437
20050818,-0.260659243,0.785736664,-0.520640819
20050819,-0.522584243,0.585104927,-0.373552919
20050822,0.372578672,1.145963532,0.634212161
20050823,0.111711052,0.747330006,-0.074404765
20050824,-0.093205338,0.951529094,-0.223547038
20050825,0.482107368,0.601165314,0.817240804
20050826,-0.222222314,0.551375304,-0.222222314
20050829,1.259742484,0.732329947,0.702016554
20050830,0.516225335,0.50602451,0.110395595
20050831,0.824558039,0.763777623,0.769375475
20050901,-0.622826707,0.831767768,-0.69584606
20050902,-0.774768679,0.499010257,-0.774768679
20050906,-0.184945494,0.620576635,0.03703018
20050907,-0.297508587,0.62105447,-0.594134685
20050908,-0.767865932,0.728066053,-0.954259276
20050909,-0.075159718,0.583163606,0.018798759
20050912,0,0.527526775,0.03758692
20050913,-0.154661567,0.797809849,-0.455753251
20050914,-0.795007027,0.623899512,-0.678045742
20050915,-0.379939667,0.500382869,-0.152149135
20050916,-1.106248169,0.966722162,-0.764237575
20050919,-0.422184469,0.821030622,-0.268868992
20050920,-0.963212995,1.136750717,-0.655993091
20050921,-1.189213742,0.868103087,-1.30542526
20050922,-0.550965581,1.68838824,-0.609817961
20050923,-0.118600528,1.409785309,-0.237060561
20050926,-0.513327879,0.798295892,-0.079145236
20050927,-0.157728739,0.614391896,0.316205797
20050928,1.096759917,1.227700652,1.293881999
20050929,1.280327868,1.587511992,1.046318401
20050930,-0.697136828,1.144872076,-0.812855259
20051003,-0.785175619,0.639111494,-0.901839058
20051004,-1.529780503,3.072617219,-2.076391117
20051005,-1.448134719,1.242267029,-1.18821255
20051006,0.202470205,2.222912996,0.161943355
20051007,-0.688680056,0.822951737,-0.486618965
20051010,-0.834610443,0.993042071,-0.570731268
20051011,-0.408831314,0.927112417,-0.204624585
20051012,-0.778852062,1.969067963,-0.451653406
20051013,1.14520679,1.634901713,1.186350588
20051014,-0.08100446,0.728206478,0.365334281
20051017,-0.589372705,0.535233428,-0.609634077
20051018,0.407997302,0.753332284,0.122224501
20051019,2.175750614,1.367866072,2.13502571
20051020,-1.003420018,1.050351882,-1.202901433
20051021,-0.684244972,1.244200293,-0.121089823
20051024,0.840172976,0.915722517,1.363839832
20051025,0.340034331,0.726298725,-0.239329991
20051026,0.559106888,1.248249299,0.279162694
20051027,-1.357306267,1.275611006,-0.92019053
20051028,1.697967743,1.512119447,2.618158273
20051031,0.350809169,1.131895578,0.62451413
20051101,1.357399162,0.789711171,1.006589993
20051102,1.985555875,0.697709919,1.869926647
20051103,-0.546603943,1.301717276,0.018901805
20051104,0.507854002,0.763711752,0.734397426
20051107,1.098196239,0.630333624,1.341801719
20051108,0.407483431,1.05972447,0.147983749
20051109,-0.074156474,0.607731776,-0.333271925
20051110,0.58287624,1.429068148,0.517944184
20051111,0.514328834,0.372290623,0.698660683
20051114,0.00365624,0.407094878,0.223275655
20051115,0.583730224,0.590185684,0.506921091
20051116,0.977737284,0.624636227,0.941353802
20051117,0.447828782,0.640798184,0.807541401
20051118,-0.533334598,0.490695386,0.267737777
20051121,0.391250721,0.944953833,0.426894992
20051122,-0.634582279,0.548885391,-1.025833
20051123,0.071633241,0.756731775,0.170212807
20051128,-0.036003601,0.838563159,0.036016568
20051129,-0.288600489,0.463482558,-0.324617057
20051130,0.09029346,0.199112362,0.072228244
20051201,0.539278675,0.59904285,0.683578845
20051202,0.608993464,0.572696052,0.393630854
20051205,-0.358551836,0.51207835,-0.573067471
20051206,-0.755535164,0.513235516,-0.540249828
20051207,0.324851396,0.44797415,0.216450301
20051208,-0.108322813,0.43661507,-0.252570944
20051209,0,0.272335683,0.108322813
20051212,-0.906624524,0.605049981,-0.942719092
20051213,-0.551168031,0.872444936,-1.135751355
20051214,0.406579751,0.70838301,-0.11059909
20051215,-0.629748331,0.520734794,-0.740469877
20051216,0.204404048,0.869832772,0.092859139
20051219,0,0.495966883,-0.427867828
20051220,0.410065812,0.315040952,0.22346378
20051221,-0.522389248,0.334914163,-0.55959855
20051222,-0.375234962,0.699713473,-0.487531436
20051223,0.451468035,0.329034114,0.150262988
20051227,-0.677713437,0.471539357,-0.640182943
20051228,-0.491587301,0.5959425,-0.340586895
20051229,-0.493453269,0.277082049,-0.379795367
20051230,-0.11478861,0.52389009,-0.610688921
20060103,2.18546754,1.329604128,2.681936003
20060104,0.743774347,0.700744244,0.594576259
20060105,0.222469502,0.539594099,0.037043897
20060106,0.222882707,1.260027718,-0.185356865
20060109,-0.260271573,0.787677707,-0.334510626
20060110,1.323535026,0.784003365,0.519867491
20060111,1.031316692,0.98997396,1.068346872
20060112,-0.441339444,0.663276628,-0.588020805
20060113,0.553404843,0.883233026,0.184128205
20060117,0.296956417,0.529608482,-0.738555794
20060118,0.224131584,0.814088685,-0.669396326
20060119,0.519674518,0.607917833,0.780528029
20060120,-2.132915282,1.241331413,-2.132915282
20060123,-0.189501667,0.752128007,-0.303030535
20060124,-0.266109262,0.435313747,-0.342010594
20060125,-0.075757579,0.947682089,0.455754682
20060126,-0.150715929,1.188561033,0.49140148
20060127,2.071671401,1.489253087,4.713685538
20060130,0.644932368,0.821207249,0.716848948
20060131,0.714033737,0.937121939,0.392087474
20060201,0.267881221,0.782326857,-0.267165534
20060202,-1.042612357,0.960360563,-1.310493578
20060203,0.218102595,0.993977701,-0.47093005
20060206,-1.133674603,0.790474486,-1.279023466
20060207,-0.037098869,0.959602991,-0.886596129
20060208,-0.407936779,0.811066601,-0.148533262
20060209,-1.08189826,1.079720642,-0.933364999
20060210,0.168808068,1.481658508,0.07499063
20060213,-0.886380155,1.021096303,-1.073962277
20060214,0.90464243,0.604776427,0.961455234
20060215,1.028527066,0.939854328,0.840733584
20060216,-0.167738368,0.605472415,-0.260804917
20060217,0.074962522,0.492137924,-0.429947386
20060221,-0.676185897,0.769524307,-0.601279527
20060222,0.694903726,0.763430518,0.694903726
20060223,-0.168523586,0.712322741,-0.131098436
20060224,0.300413294,0.47936035,-0.037488285
20060227,1.115253195,0.805020476,1.41476671
20060228,-0.31577996,1.436771689,-0.649051884
20060301,0.628351726,0.532854729,0.981216796
20060302,-0.11109055,0.501644346,-0.554222738
20060303,0.446595458,0.828647085,-0.222552021
20060306,-0.037154004,0.735149426,-0.074294208
20060307,0.482107368,0.661695054,0.444939555
20060308,0.921325846,1.184888968,0.847306598
20060309,-0.958002905,0.967125669,-0.921325846
20060310,0.369004109,0.90613886,0.516987858
20060313,-0.276319601,0.647355209,-0.165883367
20060314,0.663719251,0.550719506,0.386634008
20060315,0.568235421,0.961648319,0.531477472
20060316,-0.293040503,0.807501419,-0.347890125
20060317,0.474020942,0.747924001,0.840187591
20060320,0.683578845,0.535005406,1.444589946
20060321,-0.825709233,1.042596097,-0.539278675
20060322,0.258159834,0.809285318,-2.149836851
20060323,-0.815725695,0.981910391,-1.073885528
20060324,1.190933317,0.710084596,0.630916919
20060327,0.018506524,0.783811155,-0.037002776
20060328,-0.296626098,1.154453423,-0.333642571
20060329,0.259403518,0.966304796,0.333642571
20060330,0.73719464,0.958576263,0.774197415
20060331,-0.220022091,0.94304269,0.03671746
20060403,-0.398334765,0.771795796,1.167896486
20060404,0.108597296,0.880980826,0.289855275
20060405,-0.395328457,0.768206939,0.469230242
20060406,-0.471100708,0.748934145,-0.867998216
20060407,-1.312450483,1.034885701,-1.022279805
20060410,0.183452629,0.71698484,0.110031187
20060411,-0.624887165,0.586852068,-0.58823699
20060412,-0.110762426,0.465228202,-0.184535945
20060413,-0.036934442,0.420336944,0
20060417,-0.593914144,0.481537519,-0.778791253
20060418,0.92405019,0.969241391,1.184321763
20060419,-0.258541234,0.558971034,-0.516415755
20060420,0.055437496,0.621352286,0.092412907
20060421,0.202933378,0.701813251,0.239874642
20060424,0.166097667,0.669571979,-0.055304638
20060425,0.055345449,0.623908759,-0.018441678
20060426,0.073827984,0.566027992,-0.036893562
20060427,1.142869582,1.792238611,0.662010509
20060428,-0.330715473,2.354115856,-12.18694529
20060501,-0.164609091,0.832744413,0.536858609
20060502,-1.91738685,1.119915004,-1.076614954
20060503,-3.477873841,1.546049208,-3.602847821
20060504,0.427351078,1.4732446,1.201215645
20060505,1.176484158,1.425567272,2.068020524
20060508,-0.546334622,0.9372798,-0.881062968
20060509,-0.464429798,1.474107398,-0.422297925
20060510,0.337410695,0.92586183,0.506543928
20060511,-2.098835899,1.268474529,-2.256855421
20060512,0.086393094,1.650205926,-0.258732356
20060515,0.043261952,0.67575918,-0.17286089
20060516,-0.823406602,0.713163963,-0.607377138
20060517,-0.74512727,1.260773106,-1.093863456
20060518,-0.153323872,1.962043433,0.351339843
20060519,-1.146902735,1.713067065,-1.190752768
20060522,1.719240054,2.672272884,1.49716579
20060523,-1.482154421,1.708908389,-0.481928644
20060524,2.150620522,3.562801329,3.155654107
20060525,0.718667223,1.652515148,1.016096803
20060526,-0.168492036,0.872418571,-0.084281505
20060530,-1.734704598,0.957484158,-2.453979965
20060531,-2.43702226,1.903339646,-1.941385
20060601,0.394997222,0.551167897,0.571053605
20060602,-0.482139878,0.983667843,-0.307085128
20060605,-0.928593893,0.497626661,-1.104495434
20060606,-1.925288929,1.783862993,-1.747747826
20060607,-0.588370106,1.347327173,-0.407701584
20060608,0.339789658,1.459683771,0.362483406
20060609,-1.020995823,0.597302658,-0.840245661
20060612,-1.17911045,1.9448632,-0.985455437
20060613,-1.203161205,3.668305305,-1.065071425
20060614,1.323303356,2.361969031,1.799356505
20060615,0.136208875,1.941576013,0.77431496
20060616,0.499433501,1.809167714,0.181323712
20060619,1.768372886,1.664777515,2.039743473
20060620,0.133008222,1.333900068,0.155193469
20060621,2.057415535,1.367693692,2.234485081
20060622,-0.783634833,1.239375176,-0.870327513
20060623,-1.411580562,1.150841182,-1.630351159
20060626,0.791560861,0.735422632,1.411580562
20060627,-0.109253807,1.388282023,0.175054749
20060628,0.910476699,1.156312912,1.303233041
20060629,0.938974035,2.594240856,1.584276339
20060630,-0.89610158,1.255007822,-0.89610158
20060705,-0.726654191,0.851804347,-1.574835697
20060706,0.212992626,0.594215924,0.81179681
20060707,-0.321165034,0.60346068,-0.790349089
20060710,0.213174244,0.765486676,0.70520647
20060711,-1.248670691,1.875405722,-1.718255332
20060712,-0.704228263,1.049740778,-1.92481883
20060713,-0.537876689,2.033236508,-1.737624472
20060714,0.044873234,1.673182767,0.179613879
20060717,0.648409203,0.913134189,0.648409203
20060718,0.39779058,1.457760235,1.042022509
20060719,2.680662027,2.051554306,3.340150019
20060720,-2.419124449,2.475890099,-2.461795667
20060721,-0.834381144,2.348274966,4.279643232
20060724,-0.125026063,1.344441257,0.459770925
20060725,0.912490778,1.296038896,0.995858853
20060726,1.072175219,1.206328759,0.658438593
20060727,-2.84731428,2.476641844,-2.030316272
20060728,0.559065541,0.969207461,1.351231452
20060731,-0.083056483,1.323185064,-0.600602406
20060801,-0.457476365,1.905107335,-0.332917494
20060802,0.743497849,1.010428576,1.283927349
20060803,0.12394135,1.354028978,-0.329761222
20060804,-0.451653406,1.186109937,0.329761222
20060807,-0.144285298,0.855051723,-0.247218915
20060808,-0.16413627,1.574196735,0.452768833
20060809,-0.245298569,0.951698983,0.328003574
20060810,0.286709187,1.390799578,0.081833065
20060811,0,0.683674127,-0.081833065
20060814,0,0.70437373,0.36772258
20060815,0.244101016,0.385560414,0.366375333
20060816,0.486421713,0.579614151,0.486421713
20060817,0,0.143541405,-0.12138379
20060818,2.911299236,1.181555716,4.318357626
20060821,1.776794522,1.041451354,1.271448451
20060822,-1.373993555,1.256676847,-1.776794522
20060823,0.136385798,1.494814009,0.077911963
20060824,-0.310318325,0.892839204,0.233372335
20060825,0.504365764,1.000460043,0.387747675
20060828,0.42479307,0.970909283,0.42479307
20060829,-0.425121413,1.193960553,-0.502222419
20060830,-0.116121554,0.775008989,0
20060831,-0.756477276,0.612120144,-0.54369066
20060901,-0.232018666,0.83401848,0.582412829
20060905,-0.272851465,0.943098297,-0.816331064
20060906,0.352181933,0.716930036,-0.078094498
20060907,-0.176765243,0.937899099,-0.646617321
20060908,0.312866896,0.698507362,0.685672194
20060911,1.908529205,1.003133868,1.203197127
20060912,0.192938512,0.713178093,0.07713074
20060913,0.656246323,0.390268759,0.192566977
20060914,1.337173697,0.777190519,1.375642633
20060915,1.011813017,1.083478452,1.767960287
20060918,0.186811188,1.047548538,-0.11191943
20060919,0.503873418,0.901463611,0.260950754
20060920,0.701239264,0.721464327,1.221106755
20060921,-1.25648364,1.240456839,-1.109478836
20060922,-0.673151383,1.175275369,-0.896531967
20060925,0.55772593,1.02286881,1.193598654
20060926,1.218851654,0.976840145,0.996134413
20060927,1.024899162,0.879929936,0.804391906
20060928,-0.291651683,0.495240462,-0.255241706
20060929,-0.073152893,0.618436541,-0.219298334
20061002,0.073179659,1.283482105,0.036583136
20061003,0,0.543964729,0.109669176
20061004,2.059693409,0.949865319,2.132739431
20061005,0.035797387,0.698814619,-0.071556354
20061006,0.521068469,0.883918355,-0.1432665
20061009,-0.288288488,0.879831127,-0.683332995
20061010,-0.072254338,0.61251039,-0.144456508
20061011,0.327332534,0.69677062,-0.47093005
20061012,2.487378842,0.855953284,2.686889201
20061013,0.176273622,0.841273442,0.352858517
20061016,-0.052682414,0.599453953,0.263829192
20061017,0.881373588,0.718731506,0.087788611
20061018,0.052608506,1.335437124,0.105244704
20061019,-0.070571633,0.85956011,-0.66842817
20061020,-0.210896387,1.125481871,0.317180883
20061023,0.598909664,0.97730852,0.175777862
20061024,-0.776840065,0.894444485,-0.917437628
20061025,0.070696362,0.813114834,0.318527964
20061026,0.035292042,1.247022451,0.141242961
20061027,-0.422387112,1.66601443,0.035279591
20061030,0.526594161,0.663804545,0.73801073
20061031,0.17436796,0.753806239,0.488998529
20061101,0.034716195,0.803898317,0.382542633
20061102,0.261301429,0.501690329,-0.243266845
20061103,-0.520744103,0.53932212,-0.034800766
20061106,0.138888911,0.51814287,0.312771758
20061107,0.415369237,0.38315924,0.450061345
20061108,0.744398833,1.113583831,0.138073891
20061109,0.651468102,0.871815029,0.927045266
20061110,0.307955761,0.281552589,0.034170511
20061113,0.649241987,0.430054477,0.307010304
20061114,-0.170969438,0.643147301,-0.477979742
20061115,0.034346557,0.575976783,-0.342818299
20061116,1.02389973,0.54823001,1.126868677
20061117,0.340831959,0.52961772,-0.203942967
20061120,1.346821705,0.835664339,1.720399997
20061121,-0.033428046,0.330053329,0.033439225
20061122,-0.200400869,0.221778112,0
20061127,-0.676363755,0.809975309,-0.979241322
20061128,0.340831959,0.858881229,-0.271831632
20061129,0.440454719,0.611378818,0.644397685
20061130,-0.170096996,0.585880388,-0.712471207
20061201,-0.377164857,1.094923819,-0.889198745
20061204,0.307324811,0.725044885,0.752912523
20061205,-0.786194444,0.867290644,-0.649908222
20061206,-0.068941747,0.71034892,-0.481597078
20061207,-0.449438959,0.578178698,-0.483927664
20061208,0.8637124,0.467116996,0.725016123
20061211,0.986570343,0.902436594,1.603856253
20061212,-0.23757011,0.906952548,-0.373071486
20061213,-0.135363811,0.794628308,0.339213351
20061214,1.795199624,0.780404895,1.812130124
20061215,0.331675263,0.396542916,0.431392738
20061218,-1.065256412,0.850986302,-1.065256412
20061219,0.971694695,0.979232914,0.36746325
20061220,0.366117899,0.612096607,0.366117899
20061221,-0.233216831,0.486161997,-0.399467908
20061222,-0.605247308,0.550451368,-1.106836723
20061226,1.765493524,0.560885282,1.173525622
20061227,0.366972889,0.341644957,0.099950033
20061228,0.434565284,0.351442822,-0.166638932
20061229,0,0.51866289,-0.434565284
20070103,-0.133779284,2.167421795,0.100452043
20070104,0.403226353,1.684129534,-0.201005093
20070105,0.084352599,1.105090765,-0.571718389
20070108,0.973325355,1.025799563,0.973325355
20070109,0,1.398157235,0.100150234
20070110,-0.302877566,1.093844405,-1.006044703
20070111,3.04356936,1.116714337,3.380043433
20070112,1.778543243,1.052752759,1.648122618
20070116,-0.288415518,1.089205238,-0.128287381
20070117,-0.4811557,0.990899998,-0.192740182
20070118,-0.482859461,1.307988819,-0.354324739
20070119,1.132514936,0.824148664,0.28999537
20070122,-1.132881513,1.210161794,-1.165061722
20070123,0.342103453,1.375058478,0.081347113
20070124,0.840069561,1.120584801,1.083714609
20070125,-1.998928993,2.513290142,-2.015017803
20070126,-1.861648261,2.23800433,0.458566149
20070129,-0.392285564,1.554518227,-0.229020221
20070130,-0.29474395,1.565865605,-0.131104575
20070131,1.632955946,1.744194395,1.238607751
20070201,-0.944786308,1.278687735,-1.04201529
20070202,-2.065308617,1.130324194,-1.18539419
20070205,-1.242669224,1.595537624,-2.007427731
20070206,-0.203114491,1.012990348,-0.270727746
20070207,-0.91479547,0.966789969,-0.441501821
20070208,0.068399455,0.348802155,-0.443459707
20070209,-1.407265373,0.890369537,-1.100045469
20070212,0.190229197,0.627879354,0.034560222
20070213,0.034453058,0.617172147,0.310505683
20070214,0.870386927,1.261340043,1.351487511
20070215,-0.135363811,1.43754817,0.356204261
20070216,-0.555171447,0.583833835,-2.71168151
20070220,0.626524848,0.990296386,0.277970992
20070221,2.031400547,1.145246455,1.788218214
20070222,0.306696441,1.002192122,0.170270772
20070223,-1.203797856,0.573311375,-1.681288531
20070226,0.344590279,0.411450635,0.586511945
20070227,-3.004290269,4.881012567,-4.215587308
20070228,0.695004134,1.966467755,1.017411721
20070301,1.073739736,3.037247458,-0.231131759
20070302,-0.932240527,0.909522084,-1.181750548
20070305,0.363636764,2.539808184,-0.759360004
20070306,0.107855484,0.773016778,1.011203994
20070307,-0.578036292,0.724953188,-0.829880281
20070308,-1.416402833,0.924953275,-0.946494143
20070309,-0.511884116,1.094821781,-0.219699832
20070312,1.024899162,1.074906326,0.657656736
20070313,-2.001549399,1.896965593,-2.769237322
20070314,2.177609576,2.662076247,2.513995615
20070315,-0.201446822,1.274227631,-0.420745156
20070316,0.018309988,0.911278564,0.128240377
20070319,1.776374424,1.234434174,1.886164005
20070320,-0.287047201,0.967731704,0
20070321,2.054624172,2.334507398,2.449102001
20070322,-0.722661116,1.801975632,-0.898130542
20070323,-0.747467442,1.781776,-0.97769866
20070326,0.99715926,1.292780264,0.81836429
20070327,-1.111720254,1.462153426,-1.75160868
20070328,0.072411299,2.100874259,-0.361272069
20070329,-0.323799527,1.199607016,0.433370126
20070330,0.359454018,1.92026161,0.43150013
20070402,-0.503598187,0.99636598,-0.503598187
20070403,0.071813289,0.89326873,0.467710872
20070404,1.76995771,1.621317781,2.271211892
20070405,0.808866728,0.466610342,0.175284883
20070409,-0.070003503,0.814469234,0.035020137
20070410,-0.316400334,0.751892344,-0.56179923
20070411,-0.673880897,1.083015589,-1.061956883
20070412,1.713368771,1.279940458,1.588735976
20070413,0.701265146,1.21941075,0.244883803
20070416,0.383877631,0.741491593,0.313972
20070417,0.869721955,0.641921428,0.555749954
20070418,-0.104950158,1.163319171,-1.044577743
20070419,1.157298556,1.188899803,0.384279949
20070420,0.172443567,0.719150788,1.178523172
20070423,-0.657783227,0.772905411,-0.795714283
20070424,0.034740316,0.996196685,0
20070425,0.535916228,0.800258889,0.726772536
20070426,0.275292672,1.287041429,0.344234419
20070427,0.132802144,2.261074195,3.511501902
20070430,-0.599402394,0.692162544,-0.665781421
20070501,1.590490784,0.790158915,1.590490784
20070502,0.885977904,0.729326139,0.622646613
20070503,1.299563449,0.610100503,1.201508203
20070504,-0.392157365,1.517120076,-1.43045352
20070507,0.686165084,0.455260033,0.555103466
20070508,0.488998529,0.597268242,0.13016598
20070509,0.292921283,0.825070113,0.065019508
20070510,-0.277528543,1.020987524,-0.603049664
20070511,1.007974719,0.517322236,1.057006345
20070514,0.452782145,0.271846109,0.258481566
20070515,0.161786154,0.388360027,-0.19379851
20070516,0.193299029,0.599167746,0.451613671
20070517,-0.161316376,0.205213276,-0.322372942
20070518,-0.485359309,0.837793617,-0.453075209
20070521,0.743257582,0.388671758,0.743257582
20070522,-0.762804965,0.411757886,-1.198394909
20070523,-0.684376144,0.614050624,-0.359066813
20070524,-1.218523228,2.195628035,-1.316674716
20070525,0.757454634,1.376510106,0.989127748
20070529,0.995520258,0.987249366,1.011923112
20070530,1.751017501,1.064738796,1.033934897
20070531,-1.359684269,0.883518179,-1.391833441
20070601,-0.602558618,0.498307383,-0.228422354
20070604,0.916236776,0.790536038,0.293590164
20070605,0.032695766,0.831505076,-0.358949643
20070606,-0.296687213,0.874356482,-0.985553312
20070607,-1.375629812,1.651080289,-2.304326371
20070608,1.543136961,1.276524203,1.475546557
20070611,0,0.637748897,-0.066600069
20070612,-0.367954923,0.759870641,-0.601405087
20070613,1.291622527,0.746665495,1.826383159
20070614,0.557835737,0.711938371,0.557835737
20070615,-1.206208593,1.003738648,-0.22932033
20070618,-0.457816365,0.697191879,0.065573773
20070619,-0.065638335,0.730807862,-0.164015126
20070620,-1.586810155,1.003407948,-1.488368801
20070621,0.897463228,1.094149143,0.697329739
20070622,-1.747356286,1.340229508,-2.41136935
20070625,0.10174666,1.248044395,0
20070626,0.033869602,0.862502642,0.101643241
20070627,1.704826504,0.917785332,1.16153145
20070628,-0.033517681,0.614951804,-0.150741173
20070629,-1.381656352,1.227040555,-1.214180178
20070702,0.134589522,0.842407049,0.912014428
20070705,-0.233139156,0.776244229,-0.166583414
20070706,0.100217146,0.581643643,-0.13346682
20070709,-0.033484012,0.229122747,-0.300953245
20070710,-1.151384206,1.266505423,-1.688658836
20070711,0.680506199,1.001088588,0.441801908
20070712,1.84414279,0.809832266,2.047394893
20070713,-0.502093105,0.783946934,-1.001677824
20070716,0.869570697,0.777525087,0.768848848
20070717,2.43593348,1.287471241,2.369311226
20070718,1.43185004,1.456228089,0.648300488
20070719,1.534556967,1.419844441,1.824926586
20070720,0.112296474,0.990190253,-1.068505501
20070723,-0.25632824,0.807796451,-0.04811162
20070724,-0.711977118,1.438023547,-1.226613184
20070725,-0.972770317,2.063730906,-0.32530933
20070726,-0.464345776,5.275040829,-2.007636955
20070727,-1.85534079,4.252991312,-2.388675387
20070730,0.204081703,2.364408839,0.204081703
20070731,-2.454110892,2.231399978,-1.540862535
20070801,1.2699673,5.056682648,1.166394013
20070802,0.901903501,2.247699723,0.662873167
20070803,-1.90188205,2.589761565,-2.088401816
20070806,1.500710293,2.411189009,2.173068657
20070807,0.764724604,3.731761378,-0.016927634
20070808,1.089244117,2.772535232,1.56213809
20070809,-2.455785078,4.194425913,-3.528181414
20070810,-0.694447235,5.34910641,-0.901844475
20070813,-0.97222988,2.054623962,-0.139470037
20070814,-1.751358249,3.52655416,-1.264061775
20070815,-0.142196967,3.203572236,-0.673641973
20070816,0,10.65102435,-0.893341657
20070817,0.461239065,2.99940728,1.390148924
20070820,0.070796463,2.018337379,0.035391966
20070821,-0.124566259,1.355561872,-0.63897981
20070822,-0.141693258,0.784317805,0.461894586
20070823,-0.035341934,0.68407943,0.28318603
20070824,2.086879768,0.880326224,1.821416378
20070827,-0.385356932,0.689984029,-1.116940059
20070828,-1.280700536,1.007513816,-1.985176855
20070829,1.799942718,1.365114021,2.335562638
20070830,0.35211304,1.694229095,-0.490884576
20070831,-0.069686414,1.887181243,0.840046942
20070904,0.959114511,1.062909166,0.41739191
20070905,-0.734911444,1.075276572,-1.187164781
20070906,1.147639096,0.684659245,1.5682496
20070907,-0.525855725,1.095403904,-1.638523672
20070910,-0.385356932,1.469719959,0.140498794
20070911,1.076960209,0.808935944,1.567157269
20070912,0.311472825,0.770907976,0
20070913,0.257709961,0.4396666,0.688707956
20070914,0.275862244,0.413278131,-0.343761081
20070917,-0.139130457,0.595483679,-1.073231697
20070918,0.729043326,3.872163071,0.624568304
20070919,-0.695413095,1.112603746,-0.868513363
20070920,-0.017579327,0.331344837,-0.770581746
20070921,-0.104766903,0.769496137,0.630916919
20070924,0.898106209,1.535341008,1.594487854
20070925,1.397194309,1.110126976,1.603309119
20070926,-0.642219547,0.961238158,-0.203252102
20070927,-0.608315495,0.732019369,0.033904052
20070928,-0.05088627,1.006264379,-0.10174666
20071001,1.013179893,0.796763562,0.979241322
20071002,-0.134589522,0.715484171,-0.201816416
20071003,-0.440156458,0.573061643,-0.777424906
20071004,0.539994562,0.667668767,0.811089272
20071005,0,0.541233853,0.470115036
20071008,0.672497491,0.581261337,-0.03350645
20071009,0.232906444,0.949125299,0.834311531
20071010,0.63049819,0.666342789,0.464191815
20071011,-1.262055941,1.578332768,-1.030765569
20071012,0.598406041,0.891235347,0.832090006
20071015,-0.232442409,1.214342075,-0.298755409
20071016,0.09902625,1.200009055,0.761719199
20071017,1.099622982,1.939906925,2.5408533
20071018,0.289435803,1.314794883,0.160694234
20071019,-2.874136438,2.147340886,-3.131371307
20071022,1.28650958,2.152972583,1.087504539
20071023,0.616784945,1.775119475,1.270168518
20071024,1.449067378,3.55491051,1.222273177
20071025,1.337233802,1.88355551,2.260072491
20071026,-2.506114545,4.581269517,9.176642356
20071029,-0.763637455,1.891313109,-1.435981022
20071030,3.388216319,1.407538457,2.851633203
20071031,3.484865908,2.81907752,3.372348316
20071101,1.495202519,3.184008971,0.731215174
20071102,-0.37695252,3.238235541,0.026979631
20071105,-0.081688228,1.084605429,-0.975881965
20071106,-0.574950249,1.352122536,-0.793112321
20071107,-1.397842162,1.190615976,-2.502215618
20071108,-2.164093567,4.916379514,-2.220415731
20071109,-1.664373054,5.487239306,-3.143303882
20071112,0.33008282,3.780270201,-0.850180376
20071113,2.647992316,2.345583264,3.126176133
20071114,-2.07095049,2.205150758,-1.491910076
20071115,-0.266706337,2.848800068,-0.680174144
20071116,0.412128932,1.987556146,1.003846635
20071119,0.117820338,1.863254106,-0.205852153
20071120,1.453513962,2.852644306,1.981994346
20071121,-0.553695135,2.148491886,-1.248745717
20071126,-3.192871546,2.439513071,-3.36892793
20071127,-0.72376673,3.205198574,0.181763152
20071128,0.98405446,2.673649707,1.977888871
20071129,0.029792939,2.352968641,-0.386502637
20071130,-0.77037418,2.304035302,0.148831699
20071203,-1.745455086,2.200475818,-2.043340323
20071204,0,1.930080501,-0.456413389
20071205,3.03233697,2.478167911,4.063899516
20071206,0.959728175,2.233290503,1.16449642
20071207,-0.390314915,1.536690717,-0.0868684
20071210,0.475745149,1.153344337,0.707226734
20071211,-1.741698599,6.261551388,-1.784854753
20071212,-0.405327712,3.561415159,0.932679451
20071213,2.209242054,4.187471403,2.209242054
20071214,0.738849624,1.757742376,0.226757467
20071217,-1.843901277,1.95096773,-2.668355129
20071218,0.432215051,2.11851988,1.127668448
20071219,0.172761344,2.070346045,-0.057520853
20071220,0.649628044,1.455812737,2.162861773
20071221,0.500418058,0.752875,1.508829965
20071226,0.396961715,0.471749126,-0.081933638
20071227,-0.981552085,0.932752166,-1.680711832
20071228,-0.083160088,1.401216679,0.194309568
20071231,-1.062055819,1.251416845,-1.311951825
20080102,-1.520727701,3.257250119,-0.988289845
20080103,0.339847396,1.651466964,0.368220215
20080104,-2.387572064,3.831989967,-2.926198455
20080107,0.404858853,3.868953912,0.869570697
20080108,-3.379196209,2.837320926,-3.494703008
20080109,3.15613868,5.078158019,2.8867984
20080110,0.320933901,4.510748209,-0.319907209
20080111,-0.235571369,2.307153983,-1.201479655
20080114,-0.203340666,1.820236254,1.376101352
20080115,0,1.821128471,-1.140529983
20080116,-0.420673697,5.556973807,-2.350948923
20080117,-1.798070618,4.648977222,-0.422450839
20080118,-0.151125917,5.298467661,-0.03024346
20080122,1.25906605,10.65444608,-3.352612932
20080123,1.400825614,9.712385345,0.062539089
20080124,2.68308778,4.76630639,3.833061603
20080125,-5.663559974,6.113189897,-0.876270904
20080128,-0.852104973,2.659476529,-0.700474921
20080129,-0.870699765,1.982325359,-0.398101889
20080130,-1.142869582,3.358284962,-1.234964754
20080131,1.829792097,3.632324943,1.081425648
20080201,-2.047853134,4.969626445,-6.638410763
20080204,-0.956313966,2.332925668,-0.890654082
20080205,-2.951868269,2.887592944,-3.850526338
20080206,-2.698192048,3.481055344,-1.806859441
20080207,-0.779040767,6.480929649,-1.376897304
20080208,0.949541159,4.381573986,1.552059374
20080211,-1.304442963,2.90368972,-1.374470977
20080212,-0.24669616,1.577798831,0.566172779
20080213,1.109966304,1.743613306,2.267670867
20080214,-1.288991893,2.036209405,-1.634534739
20080215,-0.10550379,1.002903283,-0.351247288
20080219,-2.10534092,1.670505121,-0.777114472
20080220,0.354736094,1.628534083,0.141743468
20080221,-1.727524012,2.700145827,-0.425834568
20080222,-1.609764684,2.682699131,-1.396620731
20080225,0.667210121,2.866123832,0.324032687
20080226,2.405461193,2.962483475,2.063395867
20080227,0.318640737,2.150110339,-0.388075985
20080228,-0.429185208,1.442685372,-1.388169649
20080229,-1.639679658,2.356816142,-2.46746916
20080303,-0.73801073,2.063349863,-0.811513122
20080304,1.978811361,2.325030156,2.052858014
20080305,1.432176287,2.577399297,2.047117636
20080306,-1.618449281,1.608000511,-1.974575014
20080307,1.846206284,3.841183496,1.081871353
20080310,0.823049914,2.518505408,0.643548878
20080311,3.189178424,2.433292499,4.358368005
20080312,-2.758795652,2.809081842,-2.45220369
20080313,0.437714084,4.931659942,0.06990563
20080314,-2.684725004,10.63116475,-2.440439417
20080317,3.375544897,5.190007381,1.386688887
20080318,2.441242087,5.478770768,3.878602504
20080319,-2.721959606,3.203374597,-2.789917475
20080320,1.727755487,2.644908554,1.937106576
20080324,-0.513084758,1.224361817,-0.102827773
20080325,-0.615807625,2.396952136,-0.068610637
20080326,-1.666415927,1.164845836,-1.992960859
20080327,-1.451096069,1.582206762,-1.819356021
20080328,-1.246676877,1.317234429,-0.536194314
20080331,1.885170536,1.859751683,1.70579829
20080401,2.29737517,1.40549902,3.870559161
20080402,-1.362418894,1.692774435,-1.159235621
20080403,-0.172265331,1.587858636,-0.550207715
20080404,0.240343463,1.897342714,0.550207715
20080407,-1.396718328,1.967647583,-0.034299434
20080408,-0.485101436,0.82869779,-1.242680817
20080409,0.711376297,2.061362887,0.450529267
20080410,0.79351805,2.360275139,0.620477689
20080411,-1.992724565,1.549840684,-2.716990535
20080414,-0.497513464,1.486566163,-0.886687845
20080415,0.567578679,1.473904972,0.709978133
20080416,1.357250694,1.796830398,2.307794728
20080417,0.445587712,0.994760739,1.065851589
20080418,0.066688899,1.755323234,2.565974678
20080421,0.726315507,1.183940302,1.324522675
20080422,-1.182279781,1.973149317,-0.428548538
20080423,3.181022226,2.712830043,3.85597746
20080424,0.236910795,3.624551527,0.744204211
20080425,-0.567898637,3.048239105,-5.99740999
20080428,-2.858309591,2.107687126,-2.992402806
20080429,-0.626524848,1.71904388,-1.145646969
20080430,-0.802936763,3.237833772,-0.384817687
20080501,2.972911647,2.8622723,2.867703852
20080502,-1.122269898,2.834706,-0.409556886
20080505,-3.083422319,3.177543051,-0.617497674
20080506,2.316179835,2.161757444,2.178438767
20080507,-1.697833653,2.056203413,-1.697833653
20080508,-0.136752158,1.615988621,0.102686985
20080509,0.888287358,1.561099564,0.579909522
20080512,2.12379464,1.435443889,1.953581833
20080513,-0.802679895,1.800662264,-0.669346542
20080514,-0.133689859,1.705107736,0.402145314
20080515,1.655118882,1.551517657,1.855586707
20080516,-1.570929371,1.758564372,-1.52169658
20080519,-1.432810015,1.649176765,-1.850347156
20080520,-1.721805622,1.787394996,-2.266580547
20080521,-2.137807015,3.345480554,-1.964286236
20080522,0.563977526,2.327130416,0.776291831
20080523,-0.745874529,0.991951335,-1.41595286
20080527,1.273451946,1.645258416,1.41595286
20080528,-1.162598968,2.187478959,-0.811721415
20080529,0.354484597,2.100804854,0.141643083
20080530,-0.618431161,1.420643933,-0.177085224
20080602,-1.569778935,1.593107744,-1.428085677
20080603,-2.244844447,2.218376905,-1.814273276
20080604,1.058597219,2.6782558,0.838655781
20080605,1.680711832,1.88611288,2.368248464
20080606,-1.802500135,2.378868526,-2.549967577
20080609,0.361533293,2.65303787,0.79710567
20080610,1.844870555,4.105311356,0.683332995
20080611,-2.781744677,2.187051614,-2.835522576
20080612,3.128063773,6.896208753,4.082199452
20080613,1.543160228,3.242182933,2.826920055
20080616,-0.621978508,2.013830352,-0.725266519
20080617,-0.692044284,1.325023959,-0.173460581
20080618,-0.385762358,1.648261109,-1.187579448
20080619,1.496460847,2.813351722,1.707061136
20080620,-2.274813753,2.543828436,-2.447674643
20080623,-1.208259191,2.39270207,-0.996095038
20080624,-0.395328457,3.050643294,-0.71762059
20080625,1.959100948,4.256946055,2.067072886
20080626,-0.735759263,1.809823485,-2.103089454
20080627,0,2.870773196,-0.216372245
20080630,-0.434783294,1.644937366,-0.579291989
20080701,-1.402754637,4.674071828,-2.351320669
20080702,-3.826949284,2.85282403,-3.826949284
20080707,-0.345290963,4.79977833,0.115362443
20080708,-0.328470974,4.164546818,-0.713531135
20080709,-2.353049741,2.731597547,-2.488616722
20080710,0.986785193,6.709118972,1.026459861
20080711,0.396825918,5.415843269,-0.828243741
20080714,-1.284221937,4.210491406,-0.41670861
20080715,4.699376794,8.23855452,3.880763857
20080716,4.343625519,3.547881053,4.305362652
20080717,-0.036264733,4.32686814,1.020789032
20080718,-1.723190255,8.853353902,-6.287143127
20080721,-0.292141604,2.618920617,-0.989818853
20080722,0.974096929,2.215534898,0.602821466
20080723,2.064293485,5.300542191,2.451290872
20080724,-2.522936068,2.183991822,-3.817699014
20080725,2.047589404,2.40047764,2.752645204
20080728,-2.075930597,2.705480125,-2.497467914
20080729,2.227263561,2.424859295,2.325235549
20080730,0.076335882,3.669487478,0.401415047
20080801,-1.829912849,3.199248774,-2.942527434
20080804,-0.710622809,2.459014615,-0.828570532
20080805,2.161411814,3.592831774,3.694762085
20080806,1.005407836,2.510118266,3.008876851
20080807,1.914638753,3.636462163,1.58062471
20080808,2.633154836,3.257067225,2.414096698
20080811,0.143472048,2.150475557,-0.678695229
20080812,1.268667065,3.103010528,0.927584246
20080813,-0.642859357,3.391237553,-0.891748374
20080814,0.43072572,2.918047708,0.035823035
20080815,-0.645394854,2.409641093,-0.43072572
20080818,-0.288288488,2.019960439,-0.324266182
20080819,-0.874004107,1.811746106,-1.344252758
20080820,-0.729930248,1.609847681,-0.14641291
20080821,0.442152526,1.392970528,-0.366972889
20080822,2.070166539,1.150372907,2.253821319
20080825,0.144717826,0.946295914,-0.576786026
20080826,-1.057053764,2.288726545,-1.346699152
20080827,0.910919033,1.638689367,1.020789032
20080828,1.152750517,1.396104634,1.261505286
20080829,-1.128310423,1.75615444,-2.172424319
