20020102,1.359537557,1.837763209,1.106372865
20020103,-0.075681134,1.665125533,-0.916919066
20020104,-0.81095224,1.406953036,-0.823571332
20020107,-0.769925528,1.290323629,-1.241774902
20020108,0.231839362,1.333128096,0.128733282
20020109,-0.464037956,1.317112558,-0.425450265
20020110,0.429884072,0.901621492,-0.609086312
20020111,-0.645580034,1.083143069,0.350353956
20020114,1.317744393,1.379915378,1.898953649
20020115,1.440874271,1.291887451,1.275511389
20020116,0.365723341,1.667935526,-0.314208767
20020117,0.175967868,0.79167255,0.238888653
20020118,0.087801824,0.513624461,0.163121938
20020122,-0.426975407,1.818018635,-0.376837527
20020123,-0.57016309,1.500973126,-0.961059496
20020124,-1.912104145,1.819050438,-1.278789805
20020125,2.392489219,1.513278888,1.78576174
20020128,0.70994213,0.86941011,0.075824596
20020129,-1.977483587,1.827973537,-1.977483587
20020130,1.03973724,3.680258193,0.89790239
20020131,1.430710147,1.672597176,4.188897713
20020201,1.325650304,1.156828415,1.350139101
20020204,0.278164296,1.655329626,0.036238449
20020205,0.205973296,2.878764246,-0.217627942
20020206,0.789749564,3.085072085,0.012102874
20020207,-0.146003189,2.618551761,-0.606945296
20020208,0.036556389,3.88023696,-0.060897633
20020211,-0.463981296,1.767748382,-0.451798803
20020212,1.958950188,1.398393025,2.178999177
20020213,0.839534794,0.74053017,0.263095105
20020214,0.6565228,0.67033094,0.381452364
20020215,0.566440032,0.411075951,1.100407483
20020219,-0.214260289,0.885943514,-1.25519706
20020220,0.898138866,1.335407121,1.27872924
20020221,-1.532915763,2.50779706,-1.768487133
20020222,2.483865129,2.323804684,2.471889798
20020225,2.199162702,1.975955322,2.023775343
20020226,-0.507615303,1.229225447,-1.024115734
20020227,-1.000939455,1.610437955,-1.12824692
20020228,-0.117716317,2.222119974,-0.692531672
20020301,2.898753687,1.518790961,3.016470005
20020304,-0.253193828,0.948772803,-0.826261299
20020305,-0.842701616,2.412292643,-1.978419004
20020306,0.035263004,1.01251903,0.011752953
20020307,-1.172512989,1.439028915,-1.360726196
20020308,-0.653092626,2.104743516,0
20020311,0.250134131,1.624891395,0.142857167
20020312,1.942728714,2.22705634,1.393997765
20020313,-0.187793482,1.65102703,-0.140878164
20020314,0,0.753748146,-0.435627933
20020315,1.879623732,0.739505826,2.620237239
20020318,0.182690163,0.680532734,0.755757634
20020319,1.954679174,1.104840071,2.512100559
20020320,-0.491182055,0.887287117,-0.591354582
20020321,1.26908082,0.877004515,1.157111264
20020322,-0.03333889,1.151568525,-0.476798597
20020325,-0.04457818,0.820909873,-0.289403586
20020326,0.111856835,1.21285076,-0.290243562
20020327,1.319339352,0.968758351,0.646313817
20020328,0.022222222,1.235488471,-0.022217285
20020401,0.613669987,0.947392143,-0.122283379
20020402,0.454571435,0.808673759,0.554632592
20020403,-1.467671442,1.566543402,-1.246676877
20020404,0.949462592,1.306520636,0.747646176
20020405,0.111358586,0.987444803,-0.111234717
20020408,0.746646362,0.640112076,0.244553257
20020409,-0.166269506,1.108138253,0.077687147
20020410,2.255899433,1.100009962,2.422168938
20020411,-0.796469215,2.919698542,-1.154445407
20020412,1.248236945,1.140451661,0.665977678
20020415,-1.186045091,1.529712266,-1.51302086
20020416,0.538788482,0.838357502,0.737442118
20020417,-0.773741011,0.932631035,-1.180312638
20020418,-1.504294195,2.969491059,-1.915703015
20020419,-0.078797775,0.968648167,0.440156458
20020422,-0.13492244,0.881203648,0.090049533
20020423,0.112435362,1.935634183,0.123685854
20020424,0.280033787,1.268738711,0.459667831
20020425,0.067069084,1.530006993,0.100620502
20020426,0.178074616,0.999159843,0.490470273
20020429,-0.122229028,0.681711685,0.011119142
20020430,0.055386321,2.039508987,0.399467908
20020501,1.040820133,1.674457227,1.593002651
20020502,0.775448151,0.626209224,1.578752514
20020503,-0.907427637,0.993230236,-1.143732796
20020506,-0.433464051,1.16296572,-0.07599197
20020507,-0.868626526,0.953937277,-0.413538515
20020508,0.152605218,1.634180398,0.119884489
20020509,0.054333063,2.074496682,0.261068352
20020510,0.357820929,0.980182935,0.368684
20020513,1.655254972,0.757717274,0.872897401
20020514,-0.225697339,0.715533501,-0.279359803
20020515,-0.292477054,1.189888093,-0.821093636
20020516,0.625743761,0.695834939,0.864122897
20020517,0.04279448,0.75508691,0.547006244
20020520,-0.78634541,0.954200361,-1.097021111
20020521,-0.742280452,0.66716301,-1.306212106
20020522,0.863440525,0.757213378,0.677006298
20020523,-0.207752521,0.746795745,-0.578446361
20020524,-0.51925212,0.752469048,-1.189179396
20020528,-2.752775364,1.775794802,-2.398949254
20020529,-0.960776006,3.667900806,-1.290340484
20020530,1.752833405,1.459968593,1.844734617
20020531,0.369148582,0.694965267,1.043839098
20020603,-0.179714751,2.11971074,-0.683437762
20020604,0.067423309,2.437343958,0.078664948
20020605,0.410495944,1.898613673,1.449785625
20020606,-0.791134551,2.048893792,-1.035010074
20020607,-0.100721848,2.360966251,-0.08953554
20020610,0.303081559,2.737271752,-0.1008234
20020611,-1.262093036,1.847371881,-0.280599544
20020612,2.649667086,1.430731389,4.354728731
20020613,-1.36780248,1.952056356,-1.561684488
20020614,-0.838465194,4.34045276,-0.043730185
20020617,2.449278178,1.225822084,2.558567806
20020618,0.738405624,1.456578808,-0.031981238
20020619,0.58464158,1.05604123,0.595303129
20020620,-0.063850167,1.017917234,-0.435499122
20020621,0.010655869,1.292569218,-0.095851757
20020624,-0.288415518,2.171311605,-0.395025336
20020625,-4.153338962,2.583480708,-4.496245428
20020626,2.255275279,4.204516733,1.840406712
20020627,0.413763657,4.314507723,1.092548833
20020628,-2.339029848,2.677438253,-2.698253007
20020701,0.780470011,3.512426351,0.512193526
20020702,0.179553409,2.542258857,-0.948509036
20020703,-0.011306462,3.253306898,-0.844456969
20020708,0.388651869,2.961837388,0.388651869
20020709,-2.699826524,2.654056137,-2.844006663
20020710,0.102336697,3.057307705,0.330127228
20020711,-1.27095876,4.867958003,-2.28758754
20020712,-2.537757906,9.862013264,-2.770586882
20020715,-0.485437846,6.91730786,-1.748612537
20020716,-0.430372629,11.70326282,-1.28560081
20020717,-2.308317018,5.189378451,-1.327315895
20020718,0.211904099,4.326760577,0.286801119
20020719,-5.943891654,10.38293995,-7.563207776
20020722,2.863287744,12.88313261,4.567723147
20020723,0.164421715,8.23148526,1.515276971
20020724,5.165174486,7.71668394,3.854973209
20020725,3.277021287,11.68558997,3.28918008
20020726,-0.118694376,3.662348843,-0.933868126
20020729,2.877142141,3.612406227,3.374714546
20020730,0.74949904,5.315141385,-0.045940049
20020731,1.506854547,4.156830578,2.13668772
20020801,-1.39576734,4.229635075,-1.609647086
20020802,2.128099227,3.176709202,2.538636923
20020805,-2.342663575,4.363933486,-2.744539535
20020806,-1.042620506,4.673362226,0.513963783
20020807,0.903042597,4.150477455,1.369031961
20020808,2.036684946,3.251937207,1.980483067
20020809,1.648358578,2.13397983,0.40679513
20020812,0.906985534,2.049134801,-0.351726017
20020813,-0.066725981,2.927765837,-1.029282508
20020814,3.083222252,3.070774467,3.27216368
20020815,-0.697702601,3.762200139,-1.595345572
20020816,0.399202127,1.662991917,-1.155319007
20020819,1.03547962,1.169226079,0.980130086
20020820,-0.265987079,0.989645574,-1.257184622
20020821,0.607568839,1.926402809,0.762813936
20020822,0.630080015,1.767673374,-0.055081246
20020823,0.044336068,1.501479443,-0.56356854
20020826,-0.011080946,1.48931829,0
20020827,0.177128354,2.831962644,0.1882093
20020828,-0.300450902,1.319554386,-0.754971944
20020829,-1.36733019,1.499472165,-2.071912873
20020830,0.748302812,1.819572423,0.725544505
20020903,-1.696121339,2.093586349,-2.296587654
20020904,1.720742133,1.685552739,2.27399389
20020905,1.468718593,2.028657598,1.502607325
20020906,-1.30590612,1.909105886,-0.089076946
20020909,1.5785121,1.612886727,0.997569789
20020910,0.372971033,1.338741412,0.725277905
20020912,-0.18688512,1.292610984,-0.876429799
20020913,1.082036897,1.170028412,1.213992052
20020916,1.059583921,0.759222652,1.070454077
20020917,-1.069760053,1.325705113,-1.005250858
20020918,0.828794275,2.752476081,0.032585673
20020919,-0.394218645,2.053369705,-1.026097858
20020920,-0.054887756,2.152196185,-0.076834426
20020923,0.807660528,2.250582716,-0.351996843
20020924,-2.368369299,3.341105939,-3.031721649
20020925,0.86726905,2.950254947,1.275340349
20020926,0.918503663,1.993973254,1.789433688
20020927,-3.121582537,1.836055091,-3.121582537
20020930,1.161951141,2.956871532,1.320933686
20021001,1.804843323,2.7455215,2.185454999
20021002,0,2.91728751,-0.748984667
20021003,-0.842763915,2.433157989,-0.721223653
20021004,-1.680711832,4.411951616,-1.458242329
20021007,0.540785455,4.536260885,0.563381772
20021008,-0.02236386,5.113422082,0.470800107
20021009,-1.3415454,4.761394362,-1.475833693
20021010,0.428314451,4.944071678,0.903858825
20021011,0.846518755,2.347483826,1.39612476
20021014,1.379332213,1.508331313,1.201712273
20021015,-1.665974524,3.088387455,-0.847416065
20021016,0.52074795,2.489095722,0.011051556
20021017,-0.57369972,2.308464785,-0.121634338
20021018,1.488861249,1.611145661,1.067527884
20021021,1.278216999,1.861630625,0.839379213
20021022,-1.342597476,2.278243847,-2.039768055
20021023,0.595239853,2.580440727,0.805521597
20021024,-2.823036993,2.544560752,-2.537698784
20021025,0.056417491,1.972169583,-0.067659001
20021028,-3.254182652,4.18130242,-3.197796972
20021029,1.276637121,3.123684732,3.681677959
20021030,-0.572295789,2.346882772,-0.247274488
20021031,-0.812829041,3.003472267,-0.722840283
20021101,0.352453324,2.076300554,-0.12476608
20021104,-1.765493524,1.898270643,-1.890415464
20021105,2.222947049,2.009582769,2.557801008
20021106,-0.860415135,2.398867783,-0.849141813
20021107,0.261765357,1.300127444,0.034104474
20021108,-1.124947947,1.758178205,-0.535644337
20021111,-0.416570841,1.306868377,-1.461896539
20021112,-1.244998337,2.445719982,-0.96709172
20021113,-0.093196652,2.689299108,0.455581654
20021114,0.405915315,1.734250071,0.696866932
20021115,1.477404527,1.208328657,1.013366571
20021118,-1.500316659,1.353464775,-1.477404527
20021119,1.236223935,1.218693732,1.259477045
20021120,1.570502847,1.641101764,0.948524339
20021121,-1.361654999,1.092198169,-1.282068843
20021122,-0.034628038,0.789229357,-0.207588588
20021125,-0.430809306,0.808439725,-1.067791018
20021126,-0.978377581,1.165447207,-1.504848525
20021127,1.324522675,1.733443037,0.825768524
20021202,-1.118270536,1.433071013,-1.559719681
20021203,2.872966391,2.055463175,2.022930914
20021204,1.74815269,2.059315501,1.86657999
20021205,-2.491582624,1.71410304,-0.8878563
20021206,0.525058087,1.773717895,0.829686325
20021209,0.394569387,1.345665579,0.47599788
20021210,0.710116373,1.292515743,1.471629226
20021211,1.195141782,1.536008461,-0.091345062
20021212,-0.352894669,2.445974232,0.171203603
20021213,-0.319780994,1.157030765,-0.308377836
20021216,0.056834329,1.219506418,0.661272504
20021217,-0.74137779,0.993814998,-0.74137779
20021218,0.229095175,0.999573027,0.057224608
20021219,-1.976600212,1.05801205,-2.010931047
20021220,1.379332213,0.718527879,2.239502576
20021223,-0.193588855,0.598481799,0.14829182
20021226,-0.274505491,0.705996469,-0.251658792
20021227,-0.519002376,1.216291187,-0.955183049
20021230,0.162375355,1.536206111,-0.219945681
20021231,-0.116130544,1.595628904,-0.266898911
20030102,1.898245091,1.795169174,1.944713494
20030103,-0.85935791,1.021683917,-0.973383007
20030106,0.800461678,0.894398903,1.030346837
20030107,-0.679921951,0.764929968,-1.514832731
20030108,-1.433841666,1.330113009,-1.526391418
20030109,0.443977829,1.018737076,0.713661994
20030110,0.395579341,1.428545809,0.395579341
20030113,-0.034837137,1.374945297,-0.023226106
20030114,0.58105916,0.946203153,0.232018666
20030115,-0.464684851,0.940209325,-0.487862508
20030116,0.797001042,0.84022563,1.203718238
20030117,0.069044882,0.672948308,0.01150417
20030121,-1.160822714,0.860253683,-0.988418787
20030122,-0.784042399,1.827818144,-1.115698363
20030123,0.986270763,2.165992445,0.55064283
20030124,-1.005033585,1.500566079,-1.696753326
20030127,-1.304548451,1.987618045,-1.363983817
20030128,0.898138866,1.333142898,2.369017402
20030129,0.529568757,1.984838699,0.235017734
20030130,-1.153496782,1.590469374,-0.86049921
20030131,1.413451093,2.465387945,1.21199342
20030203,0.210157696,1.388817458,0.280308523
20030204,0.876942188,1.383537228,0.186436782
20030205,-0.782942942,2.431420874,-0.771302176
20030206,-0.164647809,1.970207302,-0.329024974
20030207,-0.959097992,2.839243626,-1.076869764
20030210,0.614586499,1.179919469,0.970881413
20030211,-2.083284676,1.442406109,-2.071502644
20030212,-0.156278207,1.245884569,-0.012030075
20030213,-0.494602613,1.67139976,-0.518667106
20030214,1.178039829,1.748324248,1.190132458
20030218,0.736257927,1.301551379,0.998819243
20030219,-0.5706828,0.785435176,-0.772021175
20030220,-0.597730411,1.415703605,-0.561967163
20030221,0.11876486,1.268227444,1.014025987
20030224,-1.069015045,1.072700024,-1.723974219
20030225,0.798745624,2.338234726,0.180973688
20030226,-0.568561382,1.359971575,-0.64091156
20030227,-0.16938903,1.522420479,0.181807213
20030228,-0.936575599,1.002905285,-0.912359592
20030303,-1.875399697,1.19937852,-1.241946489
20030304,-1.379846618,0.725887742,-1.157377116
20030305,1.505846387,1.140377769,1.330451705
20030306,-0.149532738,1.425273354,-0.955638672
20030307,1.306069937,1.655977721,0.906219348
20030310,-1.170769382,1.506349005,-1.368691268
20030311,1.295483987,1.875893169,1.220286591
20030312,1.475860019,1.968584197,1.3644118
20030313,0.878306795,1.676678121,1.898599868
20030314,-0.359109795,2.589951941,-0.107868411
20030317,2.690851618,1.87717214,2.498797784
20030318,1.278343963,2.309754853,1.278343963
20030319,1.444151173,0.995715371,1.467243195
20030320,0.398338887,0.902286532,0.181900914
20030321,0.371559286,0.744648717,1.062036872
20030324,-0.44416678,0.940979178,-1.55164787
20030325,0.830163408,1.32441168,0.784496093
20030326,0.340213528,1.028995424,0.033969315
20030327,0.952172236,0.90510711,0.350342224
20030328,0.644835087,1.203960644,0.045116175
20030331,0.653229038,0.841503167,0.450045764
20030401,0.604569687,1.064741027,0.570886422
20030402,0.155469215,0.472177781,0.589840895
20030403,-0.746313684,0.8340987,-0.757410616
20030404,0.757326261,1.016231003,0.768506316
20030407,-1.123419857,0.94254657,-0.813239039
20030408,0.9725637,1.058192361,0.546601841
20030409,-0.637336534,1.065709196,-0.826635628
20030410,-0.6516877,0.832277343,-0.494772178
20030411,0.08969616,0.908267363,0.584468338
20030414,0.948403204,0.702601886,0.914776571
20030415,0.485397221,0.308764972,-0.239041724
20030416,-0.704898024,0.671308478,-0.866435449
20030417,0.471381344,0.712669926,0.28031638
20030421,-0.212397375,0.642892417,0.055969107
20030422,2.544723124,1.193102092,1.972363107
20030423,-0.253401777,0.57331939,-0.539084863
20030424,0.592412172,0.625162373,-1.020077589
20030425,-0.224215341,0.793013724,-0.704582683
20030428,1.602527061,1.644956397,1.647410365
20030429,0.308574192,1.265226515,0.330651684
20030430,-0.178114263,1.773799898,-1.25119276
20030501,-0.344732062,1.255573436,0.02228164
20030502,0.579970397,1.357129797,0.166954238
20030505,0.144340224,1.486926635,0.233268642
20030506,-0.100228306,1.056389361,-0.42250452
20030507,0.267171483,0.884912569,0.222593303
20030508,0,0.95357583,-0.893361609
20030509,0.414264714,0.741677745,0.391828097
20030512,-0.415427533,0.350194615,-0.695147995
20030513,-1.019261372,0.634436244,-1.16563307
20030514,0.101654722,0.5347994,0.827528386
20030515,1.028401641,0.549520794,1.501428765
20030516,0.41040488,0.416458324,0.465994408
20030519,-0.144372283,0.370024967,-0.399290681
20030520,-0.580099797,0.960325206,-0.669047991
20030521,0.5611687,0.851388431,-0.03357019
20030522,0.134093215,0.862832636,0.22358869
20030523,0.53715438,0.361585858,0.055819147
20030527,1.39336546,0.520080151,1.616330993
20030528,0.721708983,0.647519109,0.787577906
20030529,-0.634853271,0.606909453,-0.776596739
20030530,0.765198312,0.656100009,0.831060005
20030602,-0.61168951,0.615839282,-0.61168951
20030603,0.730208683,0.594359265,0.89442132
20030604,0.303720811,0.425005241,0.260275605
20030605,-0.502568522,1.182866924,-1.121832818
20030606,-0.693186469,1.325791599,-0.802775521
20030609,-0.132377295,0.681078141,0.022079929
20030610,0.022077492,0.459780758,0.011038137
20030611,-0.386122163,0.52689882,-0.143590901
20030612,-0.110011012,0.686613895,0.41914908
20030613,-0.1424892,0.617281729,0.351610075
20030616,0.869570697,0.465223299,1.340108305
20030617,-0.456175441,0.638089262,-0.586129975
20030618,-0.021836445,0.569852881,-0.305277167
20030619,-1.253728068,0.510870394,-1.341121563
20030620,0.439319762,0.740332432,0.980130086
20030623,0.493124664,0.754875229,0.251737669
20030624,1.505099849,0.67107301,0.979013585
20030625,-1.390355748,1.088345643,-1.824290038
20030626,0.232880615,0.441346977,-0.475165268
20030627,-1.136249275,0.575130379,-1.136249275
20030630,-0.123090711,0.836483732,0.056000449
20030701,1.183445765,1.021314311,0.880670092
20030702,0.177659385,0.464393351,0.044385265
20030707,0.696789857,0.585264592,0.852293609
20030708,-0.332226219,0.441251617,-0.641311353
20030709,-1.523497597,0.5442514,-1.745596523
20030710,-0.147050533,0.470496864,-0.282597826
20030711,0.226142114,0.558680801,0.226142114
20030714,-0.282565885,0.339144578,-0.214822854
20030715,0.610447295,0.70427032,0.429185208
20030716,0.656928402,0.492936317,-0.169195235
20030717,-0.396264317,0.719058384,-0.486618965
20030718,0.906705714,0.376877705,1.78766917
20030721,-0.402820283,0.460478475,-0.614767487
20030722,0.716127039,1.016471817,0.559035445
20030723,-1.151944741,0.919647272,-0.884713761
20030724,-1.04842852,0.679923836,-0.745176757
20030725,1.6352211,0.999981188,1.306030723
20030728,-0.856246782,1.037989377,-1.147498248
20030729,-0.970050403,1.04465593,-1.344136879
20030730,-0.182190895,0.987904216,0.617356482
20030731,-1.187460942,1.828254142,0.182190895
20030801,-1.511363781,1.014236913,-1.397662802
20030804,1.120780259,0.692525668,1.431786672
20030805,-0.87635,1.641190769,-0.513084758
20030806,1.21268557,0.934991337,1.463855927
20030807,-0.846267392,0.813411588,-0.587505927
20030808,0.281135974,0.47908537,0.902431392
20030811,0.078585466,0.462290568,0.067355189
20030812,-0.156547052,0.744621862,0.280159314
20030813,-0.682749308,0.504751137,-0.358744779
20030814,-0.554856405,0.584123785,-0.084267301
20030815,-0.179231593,0.34884124,0.252589172
20030818,-1.324968856,0.5139457,-0.810541418
20030819,-0.567860697,0.511929516,-0.760201085
20030820,-0.467850457,0.825149951,-0.422302745
20030821,-0.975057912,1.044107893,-0.780805437
20030822,-0.575044713,0.795072439,-0.057653504
20030825,0.586849391,0.489707595,0.529162629
20030826,0.996400616,0.471985666,0.674635227
20030827,0.149056956,0.613421786,-0.537052082
20030828,0.617921637,0.701030589,0.434435347
20030829,0.458874271,0.489396045,-0.331372068
20030902,1.129439877,0.769838904,0.888793453
20030903,0.847702166,0.832706497,0.790964576
20030904,1.565460257,0.995673583,2.85147183
20030905,-0.197780528,0.894805846,-0.548427392
20030908,1.119537541,0.322272909,0.766958947
20030909,0.054869686,0.358413898,-0.514308733
20030910,-0.164971167,0.415416047,-0.329670628
20030911,0.372317557,0.378418007,0.701988185
20030912,0.644494011,0.456229255,0.381825588
20030915,0.33833593,0.405863422,-0.06535236
20030916,1.054529531,0.32000885,0.748985862
20030917,0.303293127,0.494337926,-0.010814903
20030918,0.820030491,0.431666815,0.646832786
20030919,-0.65630447,0.345090307,-0.452343259
20030922,0.206308776,0.94716747,-0.486934901
20030923,0.260529891,0.945802248,0.054221115
20030924,-0.248689105,0.506066005,0.140837464
20030925,-0.292730734,0.814150011,-0.292730734
20030926,-0.217627942,0.784409776,-0.326264563
20030929,1.234851046,0.579772628,1.180369977
20030930,0.01078109,0.454762248,-0.140048501
20031001,1.03771993,0.41664198,1.28536474
20031002,0.957454123,0.488152249,0.520143416
20031003,0.126515568,0.469325927,0.485848019
20031006,-0.699377652,0.503254897,-0.920885047
20031007,1.324522675,0.745825701,1.015666793
20031008,0.36929612,0.851035135,-0.052645434
20031009,-0.482940571,0.947273151,0.07369585
20031010,0.735683823,0.369424426,0.503885173
20031013,-0.020944602,0.36661404,-0.020944602
20031014,0.721571758,0.452264455,0.511884116
20031015,0.02090738,0.466733164,-0.313087294
20031016,0.594215978,0.675528269,0.562853268
20031017,-0.363353631,0.726646352,-0.062383034
20031020,-0.031254884,0.455735354,-0.187382941
20031021,-0.479167583,0.506891014,-0.20861591
20031022,0.315291906,0.769548493,-0.491967287
20031023,0.147244452,0.54786773,-0.157521692
20031024,1.426049122,1.026723008,0.941429547
20031027,-0.237443977,1.106622507,0.72614427
20031028,0.338757189,0.820207457,0.854222248
20031029,0.287917937,0.495511035,-0.194901841
20031030,0.245373807,0.408628394,0.552940176
20031031,0.254907097,0.566173035,0.275327763
20031103,-0.3480757,0.43594374,-0.705127851
20031104,0.308483535,0.401517351,-0.11287262
20031105,0.144077415,0.501005388,-0.16440612
20031106,0.730418349,0.585278618,0.32854239
20031107,-1.037982702,0.741213821,-0.782057907
20031110,-0.809889174,0.621835648,-0.913248356
20031111,-0.041697071,0.398341205,-0.010425898
20031112,1.547841633,0.506826582,1.140381423
20031113,0.353540973,0.571172878,-0.693046477
20031114,-0.448594983,0.555084888,-0.729245861
20031117,0.553786484,0.60983612,0.344450004
20031118,-0.438459832,0.779344905,-0.407204948
20031119,0.584674875,0.663796874,0.500940309
20031120,-0.271767701,0.481287766,-0.542798827
20031121,0.05223296,0.62400996,0.21956201
20031124,0.872098551,0.616713066,1.028633933
20031125,0.072287916,0.773958483,0.134290604
20031126,-1.192032773,0.679107042,-1.006389155
20031201,0.672358364,0.504806993,0.786590684
20031202,0.11361877,0.527151275,-0.134110507
20031203,0.155078863,0.718664111,-0.072287916
20031204,0.310238098,0.440995171,0.051639557
20031205,0.036259098,0.355482338,-0.315416896
20031208,0.424321465,0.435750347,0.294764273
20031209,-0.330954899,0.362500206,-0.310302276
20031210,0.186412647,0.417810562,0.124236479
20031211,-0.943745662,0.623288813,-0.706056302
20031212,0.881611269,0.400584714,0.902448944
20031215,0.677272984,0.485425078,0.965992508
20031216,-0.050671397,0.572218929,0.885817532
20031217,-0.192805377,0.182875656,-0.202942738
20031218,0.788759272,0.296967575,0.839533581
20031219,-1.867695378,0.889153865,-1.706664748
20031222,0.521180476,0.348313814,0.521180476
20031223,0.162717416,0.427418842,0.305312674
20031229,1.044475347,0.315592027,0.901865565
20031230,0.392374365,0.275821302,0.46296379
20031231,0.261044325,0.203436372,0.140477647
20040102,-0.664521173,0.31135306,-0.744769948
20040105,0.443504406,0.619584369,0.443504406
20040106,0.181983672,0.288437471,-0.433402886
20040107,-0.406918161,0.311069753,-0.913248356
20040108,-0.673674058,1.002900899,1.034387075
20040109,0.805806133,0.699828286,0.563381772
20040112,0.79099286,0.40777751,0.59014925
20040113,-0.390684193,0.701887925,-0.640322348
20040114,0.340272546,0.531408775,0.460645717
20040115,-0.355952548,0.659211742,-0.535952596
20040116,-0.985130605,0.51184982,-0.569142033
20040120,0.40568007,0.733918445,-0.192123018
20040121,0.932502196,0.887483553,0.323363257
20040122,0.121114266,0.590379196,0.020175527
20040123,-1.172915368,0.799021516,-0.830552733
20040126,1.971254126,1.087388387,1.59422204
20040127,-0.251445946,0.807674756,-0.60241146
20040128,-0.693059559,1.511826435,-0.813978558
20040129,2.212191709,0.654916019,2.521373637
20040130,0.60513056,0.678888364,0.098951126
20040202,0.849471722,0.718766252,0.552324118
20040203,0.688640203,0.526878753,0.3240539
20040204,1.198786346,0.935996827,1.188981944
20040205,0.068156373,1.185918322,-0.466110768
20040206,-0.195312562,1.049849205,-0.429185208
20040209,0.636103334,0.481503343,0.205068184
20040210,0.224796068,0.385545453,-0.078071635
20040211,0.973907191,0.701162286,0.729539737
20040212,-0.46729057,0.608727318,-0.680737823
20040213,-0.14669212,0.643421468,-0.293169369
20040217,0.58377282,0.683711996,0.876942188
20040218,-0.397229607,0.351879709,-0.067931489
20040219,-0.312012734,1.237780553,-0.593935829
20040220,-0.24362922,0.46619851,0.087852024
20040223,0.922112819,0.751055075,0.980637986
20040224,-1.646007457,1.1363519,-1.626685652
20040225,0.781864812,0.798964692,0.870208376
20040226,0.700664603,0.442211393,0.388651869
20040227,-0.233735985,0.450352407,-0.544536546
20040301,1.191932324,0.825577812,1.211431203
20040302,-1.66994172,0.932308703,-1.621788399
20040303,0.822888656,0.474665043,0.351837736
20040304,-0.27391917,0.389207945,-0.410597898
20040305,-0.088404308,1.114735321,-0.313972
20040308,0.7050558,0.448256493,0.7050558
20040309,0.430234359,0.788836637,0.009757525
20040310,1.23917323,1.752877075,2.951427879
20040311,-1.146144352,1.402571155,-1.392753601
20040312,0.115318098,1.008559062,0.019210451
20040315,-0.757947463,1.316630584,-1.548617863
20040316,-0.058201573,0.861725717,0.52534414
20040317,1.157308702,0.608710635,1.186413723
20040318,0.912634222,0.941434677,0.268122348
20040319,-0.316471134,0.760039657,-0.440867112
20040322,0.50139918,1.670443951,-0.13456365
20040323,-0.540072679,0.815079917,-0.540072679
20040324,-0.058178999,1.066028738,-0.300227817
20040325,0.53727463,0.80319932,1.358336958
20040326,-0.374083214,0.834734777,-0.431510474
20040329,0.506862846,0.468118833,0.73723346
20040330,1.14829257,0.264756444,1.09104066
20040331,-0.807030252,0.778966507,-1.024288166
20040401,0.901120634,0.633299113,0.948773721
20040402,-0.263628813,0.80100697,0.160400091
20040405,0.688584525,0.558860329,0.29183358
20040406,1.393094819,0.48331323,0.562431179
20040407,-0.215689116,0.551559895,-0.430914016
20040408,-0.347369264,0.528347006,-0.178529528
20040412,0.280295428,0.369465118,0.79621984
20040413,-1.051060727,0.719185251,-1.107056995
20040414,0.749209252,0.835668677,-0.151057431
20040415,0.103739341,1.128633752,0.235927066
20040416,-0.705719231,0.622687934,-0.179253786
20040419,-0.574254343,0.463475886,0.018883958
20040420,-1.224214577,0.525304536,-1.12984824
20040421,-0.404235392,0.742547463,-0.997993121
20040422,1.480084684,0.592259993,1.08389148
20040423,0.477647068,0.645168668,0.10488678
20040426,-0.27526001,0.742496404,0.266489165
20040427,0.313048683,0.825557704,0.351060658
20040428,-0.774419473,0.839744374,-1.325280397
20040429,1.160149947,1.338218764,1.505076992
20040430,-0.488998529,1.071620117,0.29266011
20040503,0.912990482,1.163537666,0.610875449
20040504,-0.056449338,1.432474005,-0.44133599
20040505,0.375199765,0.458264764,0.516263408
20040506,1.176484158,0.576417676,0.85765418
20040507,-0.732911807,1.169410146,-0.946636741
20040510,-0.960368929,1.294354177,-0.955683662
20040511,-0.065935103,1.115850822,0.40598649
20040512,0.254441074,1.517586433,0.113005003
20040513,-0.794480676,1.098804232,-0.888642641
20040514,0.83958797,0.982404113,1.076700995
20040517,0.301773145,0.954850456,-0.235128253
20040518,-0.103622071,0.495183436,-0.094206319
20040519,-0.491447922,0.594651473,-0.519727133
20040520,1.538855007,0.790926616,1.121119661
20040521,0.0748433,0.449505426,0.177844386
20040524,-0.581560592,0.749143548,-0.590912942
20040525,1.740150562,0.876824878,1.419788468
20040526,0.587003782,0.474624262,-0.167084416
20040527,0.739853555,0.573858528,0.82343066
20040528,-0.425690075,0.409833556,-0.647071956
20040601,0.971914903,0.435063779,0.674710263
20040602,-0.036754572,0.244779263,0.230022644
20040603,-0.683100598,0.536296341,-0.784245381
20040604,-0.452761226,0.623103468,0.018523664
20040607,1.056655212,0.28953285,1.31562687
20040608,0.683529661,0.278780009,0.628675024
20040609,0.55276295,0.311140996,0.507339374
20040610,-0.153825303,0.27957888,-0.208060141
20040614,0.462564881,0.384233259,0.072417854
20040615,0.397040767,0.493588232,0.478448216
20040616,0.162030821,0.135045027,0.126001277
20040617,-0.69504274,0.20238201,-0.704037568
20040618,-0.126915075,0.561723449,-0.145032658
20040621,0.723461285,0.9899023,-68.64569829
20040622,0.502063095,0.847099178,0.75404307
20040623,-0.214324068,0.61313836,0.035765379
20040624,-0.630235272,0.574830229,-1.024359752
20040625,-1.071082219,1.012624533,-1.034961576
20040628,-0.983793688,1.46484726,-0.31075795
20040629,0.731933734,1.112832953,0.420207068
20040630,-0.439078642,0.884980068,-0.56678093
20040701,-0.58823699,1.403835233,-0.551573379
20040702,0.036839197,0.967448632,0.110558331
20040706,-0.147547057,0.910622063,-0.221239028
20040707,0.5157499,0.80663457,0.460363579
20040708,0.146815956,1.170735152,0.183553649
20040709,0.476278607,0.699722358,0.347826438
20040712,0.109449117,0.876648563,0.237291341
20040713,0.200675065,0.328789199,0.036456435
20040714,0.857434789,0.467509296,0.32751121
20040715,-0.145348863,0.529730835,-0.090867794
20040716,-0.795664234,0.546003303,0.145348863
20040719,-1.506790785,0.915988855,-0.747156095
20040720,-0.713048089,0.783704394,-0.311441124
20040721,-2.117857348,1.724116798,-2.301512128
20040722,0.300300526,2.141973687,0.187582122
20040723,-0.947874395,1.675963674,-1.624823201
20040726,0.926895882,1.496378183,1.155206484
20040727,1.402023152,1.058046028,1.420850226
20040728,0.825985548,1.437850399,-0.707901615
20040729,-0.865480473,1.389020904,-1.07133813
20040730,-1.277546215,2.006614586,-1.542447033
20040802,1.132087562,3.701342888,2.257946225
20040803,1.218955552,1.707296147,0.65451379
20040804,0.87288139,0.874295564,0.798296266
20040805,-1.43806755,1.2474297,-1.715819789
20040806,-0.0566198,1.257694244,-0.358051829
20040809,0.056481221,1.012850649,0.301602491
20040810,2.071162757,0.992137707,1.901623298
20040811,0.827134575,1.311881937,0.882520896
20040812,-0.183891188,0.923189351,-0.550662184
20040813,-0.055061027,0.957523738,0.257353083
20040816,0.47410738,0.70053586,0.913749048
20040817,-0.236772718,0.602778735,-0.236772718
20040818,0.818558459,0.395384909,0.654309859
20040819,-1.005033585,0.994791621,-1.36801039
20040820,0.787621985,0.885873674,0.658980968
20040823,0.018259838,0.435982125,-0.073006026
20040824,0.474193849,0.260107309,0.346304912
20040825,0.5806585,0.326663934,0.562461793
20040826,0.377664328,0.479756835,0.792939819
20040827,0.69899021,0.207297767,0.501343933
20040830,-0.305673168,0.382759517,-0.824968811
20040831,0.825412904,0.72772247,0.771373454
20040901,0.374498877,0.685458083,0.392367188
20040902,0.60348071,0.415525652,0.585679197
20040903,-0.035341934,0.448684636,0.123795223
20040907,0.601558785,1.163841753,0.194226246
20040908,0.335422682,0.597357052,0.088160104
20040909,-1.145915271,1.182436457,-1.375293404
20040910,0.231667216,0.577007201,0.383432633
20040913,0.124499794,0.56666454,0.142298139
20040914,0.300539429,0.35019744,0.690818441
20040915,-0.42530633,0.231815459,-0.601984821
20040916,0.143138332,0.538931611,-0.677123043
20040917,0.248844778,0.894625246,0.712634407
20040920,-2.342793068,1.443582372,-3.449551955
20040921,0.988656899,0.908301209,0.859944921
20040922,-0.055263886,0.484367416,-1.135959449
20040923,-0.184331849,0.615747925,-0.129067963
20040924,0.166651275,0.817533065,-0.277136436
20040927,-0.576584876,0.522028935,-0.817392625
20040928,0.037202381,0.856160057,0.298007298
20040929,1.666705249,0.731699985,1.256715856
20040930,0.073937157,1.052247977,-0.607904608
20041001,0.458926918,0.69324495,0.883007945
20041004,-0.751814305,0.322819462,-0.495732219
20041005,0.129067963,0.320810307,-0.110497249
20041006,0.073691971,0.417575526,0.055263886
20041007,-1.333600057,0.443584755,-1.241561395
20041008,0.037432155,0.682572835,-0.354908377
20041011,0.074543425,0.608256186,0.448096344
20041012,0.243149844,1.136314931,-0.279824826
20041013,-0.929540518,0.875696228,-0.985599568
20041014,0.226800324,0.701447886,-0.066053317
20041015,0.279772634,1.914935257,1.350104888
20041018,0.074585124,1.067005685,-0.074529536
20041019,-1.237593145,1.367131211,-1.218955552
20041020,1.354422511,1.234634428,0.976350227
20041021,0.505193328,2.016450616,0.11204483
20041022,-1.293242652,1.127978423,-1.069528912
20041025,-1.233997624,1.856361517,-1.252863768
20041026,2.589141393,1.66540291,1.629441129
20041027,-0.423566286,3.737407208,-2.627721641
20041028,-0.214237106,1.381049483,-1.04733308
20041029,0.391389932,0.827805872,-0.175626936
20041101,-0.488998529,1.031152983,-0.391389932
20041102,-0.16680571,0.460777048,-0.16680571
20041103,-0.173393743,1.648412977,1.839020449
20041104,2.196845516,1.250139558,2.466439363
20041105,0.243195331,1.33783272,0.684324208
20041108,-0.543326864,0.911456989,-0.543326864
20041109,-1.130168368,0.618900967,-0.830036835
20041110,0.377715274,0.973092449,0.491308622
20041111,1.191820439,0.784068319,1.81194833
20041112,1.269449482,0.57686228,1.250936106
20041115,-0.238379136,1.054221385,-0.421361803
20041116,-0.202038823,0.588475199,-0.146977796
20041117,0.018353675,0.661811415,0.183688516
20041118,0.741999465,0.79108966,0.539923526
20041119,-0.788055027,1.410423932,-0.797182029
20041122,0.626730162,0.726854354,0.128711979
20041123,-0.709451541,0.850816358,-0.635976152
20041124,-0.370028174,0.561628745,-0.231428013
20041129,0.185116676,1.243640202,0.798444498
20041130,-0.929893254,1.054470867,-1.022408757
20041201,1.923136193,1.659423121,1.997846693
20041202,2.641885754,1.105076365,2.182958836
20041203,0.634347392,0.835847498,-0.818681195
20041206,-1.462548922,0.950133009,-1.915243221
20041207,-0.203120742,1.214255597,-0.369004109
20041208,1.631118358,0.81622369,1.668080103
20041209,2.226703599,2.293617992,2.335715238
20041210,0.800075385,1.649228301,0.283738442
20041213,0.106251117,0.833371866,0.053111447
20041214,0.460993724,1.261878038,0.053083253
20041215,-0.035606196,0.866193191,-0.656671097
20041216,0.428419077,1.235240155,-0.035618878
20041217,-0.75350195,2.095476523,-1.092515568
20041220,-0.188687778,0.857227726,0.11698539
20041221,0.806528254,0.708831028,0.761550068
20041222,0.466117732,0.874327854,-0.196551479
20041223,-0.358423323,0.681101048,-0.376310811
20041227,-0.665290596,0.646545984,-0.48591835
20041228,-0.090130696,0.471108917,0.036075036
20041229,-0.108557999,0.309042954,-0.379438526
20041230,0.579082328,0.405969113,0.325321089
20041231,-0.705183286,0.482873675,-0.560935154
20050103,-0.757579381,1.064673013,0.217509602
20050104,-1.112845563,0.769742273,-1.312211284
20050105,-0.36245056,1.262243347,1.040250278
20050106,0.907941592,1.170596812,0.434783294
20050107,1.422294207,1.425442422,1.114518098
20050110,0.587347065,0.507984886,0.730255271
20050111,0.730515498,0.891090961,-0.035498758
20050112,0.461075475,0.934936182,0.336730491
20050113,-0.860837454,1.075875096,-1.785124162
20050114,0.646553976,0.877341389,0.610524432
20050118,0.789950248,1.049316969,0.107353741
20050119,1.440152902,0.890754824,1.296988955
20050120,0.707967559,1.426389135,0.088222326
20050121,-1.36493488,1.429733324,-1.842262755
20050124,0.59929354,1.809752593,-0.784529927
20050125,0.955220384,1.047848051,0.937112643
20050126,-0.467795024,0.799684186,-0.539569654
20050127,0.362647723,1.285794553,-0.36133734
20050128,3.634025029,3.95781256,-2.140390866
20050131,-2.151418292,1.063322465,-1.377791298
20050201,-1.072144193,0.745934883,-0.866132321
20050202,0.714288751,0.522712942,0.959826697
20050203,-0.187652523,0.596204123,-0.281346899
20050204,-1.152587157,0.416570171,-1.171371791
20050207,-0.228310601,0.817720725,-0.228310601
20050208,-1.033304257,0.514231596,-0.97617772
20050209,-0.907955624,0.436690351,-0.888723006
20050210,-0.193648395,0.648418359,0.116369292
20050211,0.88581361,0.588275866,1.098806236
20050214,0.608714073,0.451554629,1.086863592
20050215,1.090646388,0.576328343,1.393619542
20050216,-0.318322523,0.406303037,-0.280925365
20050217,0,0.568038073,-0.0562799
20050218,0.336952771,0.649749286,0.411985601
20050222,-1.602613599,0.60370317,-2.277658353
20050223,0.656354911,0.682564843,2.258968511
20050224,0.391025542,0.270816087,0.57776696
20050225,0.62963171,0.265479278,0.666792617
20050228,-2.013115514,0.696501914,-1.976201524
20050301,0.731916564,0.620714244,0.69425178
20050302,0.617690312,0.515026132,0.205473127
20050303,-0.503309852,0.932567271,-0.149393118
20050304,-0.064992342,0.294533619,0.605526094
20050307,-0.520060608,0.220175542,-0.251081175
20050308,-0.69139769,0.449855343,-0.69139769
20050309,-0.620477689,0.875442903,-0.582982375
20050310,0.395145871,0.73847556,0.432860373
20050311,-1.493552671,0.666320066,-1.418463499
20050314,0.829723787,0.709120435,1.418463499
20050315,-0.75259057,0.781627891,-0.564973254
20050316,-0.1513432,0.782827877,-0.245816518
20050317,0.189753378,0.594535441,-0.132613451
20050318,0.563487592,0.922566376,1.205969016
20050321,-1.505202454,0.796427166,-1.205969016
20050322,-1.336152728,0.612933799,-1.355111871
20050323,1.430912519,0.903830255,1.430912519
20050324,-0.681562654,0.596735555,-0.284549182
20050328,-0.076146967,0.812573733,-0.247265937
20050329,-0.900993347,0.346374598,-1.110696979
20050330,2.696195217,1.200482973,2.753948612
20050331,-0.489366683,0.872154476,-0.714423042
20050401,-0.927071251,1.68896022,-0.738569781
20050404,1.270570157,1.213727587,2.348187164
20050405,-0.092669824,0.616614259,0.129882197
20050406,-0.111172885,0.378198022,0.018540836
20050407,1.842314148,0.594007622,2.046036785
20050408,-1.00411615,0.491077832,-1.01319839
20050411,1.170984197,0.80829039,1.646914072
20050412,0.886482513,0.936895722,0.207347381
20050413,-0.289383454,0.823419761,-0.55992199
20050414,-0.489619257,1.154029595,-0.362910941
20050415,-0.364299128,1.40315374,-0.382479293
20050418,-0.383947816,1.408514908,-0.383947816
20050419,-0.165456422,0.432587599,-0.440610223
20050420,-1.005782366,1.229545623,-1.725940589
20050421,0.536591166,1.299627109,1.43111819
20050422,-0.351949979,1.32091671,-0.555145763
20050425,-0.425808289,1.319547522,0.018554597
20050426,-0.485709903,0.93874632,-0.931973195
20050427,0.431641845,2.194883195,0
20050428,0.426598069,3.563791674,1.172870189
20050429,-0.0922935,2.009946442,0.221852559
20050502,1.247951597,0.841442101,1.247951597
20050503,0.21869883,1.218183134,0.182215794
20050504,0.399855131,0.988873868,0.363438525
20050505,-0.718936527,1.519180597,-0.700799228
20050506,-0.455581654,0.926300921,0.009132837
20050509,0.382827922,0.613591114,0.382827922
20050510,0.474626667,1.060430746,-0.091016662
20050511,0.723723079,0.903698438,1.014685278
20050512,-0.18001805,0.577298089,0.054068669
20050513,-1.090127075,1.073601844,-1.378831714
20050516,0.38164517,0.398387314,0.709932899
20050517,0.993236156,0.587839993,0.938804512
20050518,1.10636389,0.747128283,1.250016276
20050519,1.476763783,1.052880339,0.47800392
20050520,-0.229986833,0.500785068,-0.282985686
20050523,0.194914565,0.585501102,0.053120851
20050524,-0.569802111,0.463214313,-0.87119406
20050525,-0.143472048,0.763728805,-0.501254182
20050526,0.17924364,0.361720477,0.215130954
20050527,0.161565424,0.272686391,-0.161304811
20050531,-0.452121215,0.584681794,-1.045808306
20050601,2.05116943,1.071337916,1.76073539
20050602,0.196762428,0.475549047,-0.338953139
20050603,-0.630916919,0.588209605,-1.186424127
20050606,0.307609037,0.226170987,0.090375063
20050607,-0.216294244,0.613032416,0.126388028
20050608,-0.899286636,0.362103718,-0.126388028
20050609,-0.180995525,0.470355859,-0.271370587
20050610,-1.198489014,0.474925361,-0.836824967
20050613,-0.110334693,0.810540505,-0.715009005
20050614,0.220750642,0.548913192,0.128711979
20050615,-0.165456422,0.344560161,-0.128711979
20050616,0.147547057,0.248561517,-0.165730634
20050617,-0.622370671,1.118924445,0.367918001
20050620,0.11061948,0.388548911,-0.349489917
20050621,0.516606315,0.254408527,0.128901592
20050622,0.165517279,0.443704016,0.147112936
20050623,-1.260676689,0.823026806,-1.518266528
20050624,-1.184558365,1.06126094,-1.371299783
20050627,-0.227574534,0.641655144,-0.379003675
20050628,0.971018707,0.490213904,1.179648465
20050629,0.224761286,1.104274854,0.290411933
20050630,-0.699237471,1.055827787,-1.356208393
20050701,-0.207762847,1.028513422,0.302973154
20050705,0.665718103,2.542060982,-0.265051272
20050706,-0.285144191,0.617116177,-0.417933739
20050707,-0.057487785,0.918685212,-0.687681793
20050708,1.521809852,0.55190863,1.521809852
20050711,-0.166960432,0.557605042,1.666237183
20050712,-0.499215237,0.856060875,0.166960432
20050713,1.05079776,0.775462984,1.069331723
20050714,-0.382827922,0.590339973,0.402635976
20050715,-0.531088145,0.567625215,-0.531088145
20050718,0.274851295,0.519589292,0.348272738
20050719,0.164188671,0.484234488,0.383527089
20050720,0.583410953,0.753427777,0.273050138
20050721,0.399927819,0.848114015,0.199763982
20050722,-0.090950438,0.380715443,-0.308894586
20050725,-0.054570261,0.257595747,0.018196706
20050726,0.217944147,0.503947345,0.290697879
20050727,0.126479374,0.471946475,0.470589104
20050728,1.098022012,0.553673811,0.863004277
20050729,-0.017971067,0.397282476,-0.394619346
20050801,-0.863936259,1.583510274,-0.576786026
20050802,-0.234424415,0.173259057,0.126456525
20050803,-0.652412608,0.64192693,-0.706588681
20050804,-1.612938193,0.868415654,-1.612938193
20050805,0.203496509,0.38033742,-0.018479165
20050808,0.258398077,0.528756621,0.258398077
20050809,-0.62811956,0.445363318,-0.535996108
20050810,-0.445848779,1.334274573,-0.464382742
20050811,0.223880691,1.133369615,-0.093135892
20050812,0.271116886,0.589367431,-0.195868178
20050815,1.169603976,0.831079543,1.160267344
20050816,-1.242943374,0.629642042,-1.132262676
20050817,-0.224550993,0.378102746,-0.355306592
20050818,1.169603976,0.799955833,1.487569268
20050819,0.312184626,0.419670118,0.662254076
20050822,0.362976805,0.719542346,1.202857587
20050823,0,0.468159413,0.397758615
20050824,-1.417690047,0.567165186,-1.435735703
20050825,0.273099851,0.442697712,0.675000282
20050826,-0.072753732,0.698269432,-0.072753732
20050829,1.265839687,1.002364866,1.247642981
20050830,-0.269905697,1.107774527,-0.269905697
20050831,0.1803427,1.21211409,0
20050901,0.575541157,0.924482118,0.46737457
20050902,0.447428039,0.694565716,0.429492428
20050906,0.904983552,0.519083472,1.083395731
20050907,-0.407910471,0.250884922,-0.60241146
20050908,-0.709852138,0.618762047,-0.213485226
20050909,1.256542504,0.589663394,1.256542504
20050912,-0.220779884,0.524574232,-0.537849024
20050913,-1.341101906,0.82648486,-1.79300999
20050914,-0.77849583,0.442755926,-0.958676059
20050915,0.487585616,0.45373197,0.886642921
20050916,0.197150346,0.511715841,0.610634081
20050919,-0.395328457,0.530800265,-0.556604364
20050920,0.107104616,0.83704556,0.914066764
20050921,0.304468759,0.514896842,-0.232205159
20050922,1.38545733,0.760146362,1.367573041
20050923,0.406181574,0.62249419,0.088160104
20050926,-0.704352269,1.049841349,-0.264713823
20050927,1.074426892,0.988703861,0.862150145
20050928,0.488401459,0.786817382,0.680927991
20050929,1.385303539,0.753945698,1.176280645
20050930,2.626344678,1.374111195,2.14366834
20051003,-0.168406911,0.649448309,-0.13474821
20051004,-0.771410357,0.933382623,-2.077731418
20051005,-1.271019113,0.787245301,-1.805918154
20051006,-1.395659082,3.755985798,-1.518390753
20051007,-0.905948109,1.226024077,-0.302895555
20051010,-0.339619595,1.121973248,-0.339619595
20051011,0.053557084,0.61958549,0.321773606
20051012,0.770406032,1.01693779,0
20051013,0.392227281,1.325257105,0.302949532
20051014,0.55352342,0.617370297,-0.071199718
20051017,-0.447267943,0.745299341,-0.696866932
20051018,-0.072228244,0.987695676,-0.737877909
20051019,1.81328631,1.188104284,0.522476641
20051020,-0.956081965,2.99439123,-0.866275044
20051021,-0.581714056,0.836310013,-0.581714056
20051024,0.199836564,1.067298052,0.454752944
20051025,0.758674159,1.069081558,0.849377113
20051026,-1.103384623,1.042072959,-1.067400455
20051027,0.054530584,0.628931076,0.090900833
20051028,0.825709233,0.914456974,1.64011967
20051031,0.510639407,1.554968372,0.02681085
20051101,-1.96610444,1.155069594,-0.996820252
20051102,1.120966357,1.07898206,0.396325505
20051103,0.071530761,0.53934755,0.573683897
20051104,-0.588919343,0.870144241,-0.12521243
20051107,0.108010812,0.8812019,-0.520413916
20051108,0.61217332,0.439613989,0.233623972
20051109,0.214515635,0.758342604,0.51920267
20051110,0.694014708,0.438820756,0.694014708
20051111,-0.088676072,0.492961042,-0.053215079
20051114,-0.356824643,0.703139081,-0.730125227
20051115,0.053585783,0.042104896,0.089325598
20051116,0.744816353,0.459272805,1.065729447
20051117,0.57879667,0.562867036,1.019520169
20051118,-0.347524242,1.096576048,0.47108174
20051121,0.748936706,0.574749285,0.312826115
20051122,-0.20982697,0.529627702,-0.871389271
20051123,0.386983772,0.258927253,-0.298010563
20051128,0.438789647,0.592968476,-0.314740599
20051129,0.590997722,0.501237069,1.045305685
20051130,-1.069901042,0.740829376,-0.914043361
20051201,0.504305042,0.608451426,0.827350681
20051202,0.069783673,0.488414919,-0.539178626
20051205,0.523835666,0.547131386,0.139421424
20051206,-0.017423121,0.517727784,-0.052260257
20051207,-0.80321717,0.907220232,-0.611729601
20051208,0,0.808066867,-0.070150827
20051209,0.419581035,0.593884016,0.559833513
20051212,-0.630254187,0.432215236,-0.665152111
20051213,2.089705608,1.280081954,2.719959795
20051214,2.033968424,0.954994571,1.845789427
20051215,-0.101660463,1.402494875,-1.028763606
20051216,-1.755477548,1.079719064,-1.417010479
20051219,0.788080145,1.01120213,0.753686336
20051220,0.344234419,0.931194877,-0.684934185
20051221,0.188050316,0.762286843,0.599573531
20051222,0.803354462,0.570278001,0.323983573
20051223,-0.288111376,0.295872622,0.305966582
20051227,-0.102336697,0.715410484,-0.544589501
20051228,-0.153727932,0.345322471,-0.170794235
20051229,-0.017115961,0.38628433,-0.136845728
20051230,-0.46539772,0.864717391,-0.92863952
20060103,0.819956763,1.025858214,1.542975923
20060104,0.169923575,0.714575685,0.203942967
20060105,0,0.452359314,-0.340136382
20060106,-0.170386819,0.246933472,-0.102266926
20060109,1.072076975,0.446667527,0.747540008
20060110,-0.135938848,0.389355526,-0.458054919
20060111,0.220320401,0.454360416,0.441127285
20060112,-0.971129533,0.217345349,-1.123607327
20060113,0.835398261,0.424302778,0.835398261
20060117,0.358637563,0.482279769,-0.408302711
20060118,0.307219904,0.414850671,0.034088973
20060119,-0.256038375,0.62409627,-0.290127347
20060120,-1.151710195,0.781629871,-1.151710195
20060123,-0.329033114,0.662074632,-0.329033114
20060124,-0.155292931,1.310002551,0.449983452
20060125,0.617709583,0.616116664,0.945267845
20060126,-0.017022725,0.689857921,0.477816609
20060127,0.604231446,0.852553475,1.721561505
20060130,0.033818059,0.66830611,-1.02599504
20060131,0.304878285,0.926566399,-0.033818059
20060201,1.261050759,0.74063771,1.210302217
20060202,-0.150766424,0.451891892,-0.334728346
20060203,0.470351951,0.96476436,0.033523299
20060206,0.351847561,0.563415112,0.200904136
20060207,-0.269360432,0.830284108,-0.789190562
20060208,0.117775735,0.564908896,0.252546645
20060209,0.302267233,0.448070239,0.285450618
20060210,0.117321726,0.31764391,0.10055305
20060213,-0.218432415,0.449664205,-0.419639726
20060214,0.586020932,0.397949331,0.754088198
20060215,0.633969424,0.400456577,0.383237993
20060216,1.225383772,0.604105591,1.042279268
20060217,0.674400122,0.458348097,0.394218645
20060221,0,0.380396112,-0.196915062
20060222,1.529231037,0.327335349,1.726146099
20060223,-0.616284792,0.548845181,-0.761692363
20060224,0.341880675,0.701994421,0.097560983
20060227,-0.528306183,0.54183284,-0.284819332
20060228,-1.719619094,0.9100531,-2.299899419
20060301,-0.083118615,0.342398471,0.283121182
20060302,-0.719367385,0.713220009,-0.952467724
20060303,0.622007553,0.881862302,0.184517372
20060306,0.184548329,0.447475163,-0.016760245
20060307,1.218204469,0.768089051,1.050447341
20060308,1.39274574,0.786978542,1.326377727
20060309,0.587469052,0.645305877,0.595652693
20060310,1.293469933,0.609357022,1.277197864
20060313,-0.274083203,0.571988602,-0.49923608
20060314,0.024996876,1.345376195,-3.157164357
20060315,-0.831259982,0.540271478,-0.191802586
20060316,-0.637479092,0.635621164,-0.804563509
20060317,-0.489493762,0.627442779,-0.539994562
20060320,0.118313206,0.652542572,0.169061748
20060321,-1.043956274,0.44363848,-0.202908423
20060322,0.827218358,0.723109863,0.674766393
20060323,-1.034696705,0.48119262,-1.405254649
20060324,0.051068177,1.137950391,0.187377621
20060327,-0.137127207,0.483496107,-0.785925795
20060328,-0.848416482,0.63318365,-1.364324763
20060329,0.512265066,1.235183835,0.390472968
20060330,0.173671457,0.99923484,-0.182030996
20060331,0.017350568,1.249577604,0.017350568
20060403,0.103680673,0.963623179,0.450061345
20060404,0.276290972,0.723862294,0.155319731
20060405,-0.553730434,0.5725108,-0.622731644
20060406,-0.086888527,0.967042947,-0.191055204
20060407,-0.374613846,1.331368605,-0.409390407
20060410,-0.262123348,0.427393369,-0.23594191
20060411,-1.353628825,1.235612918,-1.143875209
20060412,0.195122013,0.242922018,-0.123970617
20060413,0.309803302,0.262235865,0.256625954
20060417,-0.658072628,0.674739689,-0.950147005
20060418,0.339074118,0.61458377,0.160470749
20060419,1.745433425,1.277359982,-0.124788322
20060420,0.177904334,1.55198143,0.356125733
20060421,-0.141944665,1.267143921,0.106590879
20060424,0.798230402,0.879546707,0.495927336
20060425,0.683074729,1.06745471,1.211710321
20060426,0.761512853,0.951964114,1.231692213
20060427,0.964194798,1.428225228,0.618771311
20060428,-0.120140751,0.836435557,-0.223003781
20060501,-0.997600293,1.586142712,-0.654723221
20060502,0.786011389,1.256449873,0.457035246
20060503,-0.017779358,2.762530093,-3.279555859
20060504,-0.232412726,1.693640808,-0.660068403
20060505,-0.34010594,0.297688185,-0.179147307
20060508,1.628379902,0.591535232,1.016867205
20060509,-0.30059257,0.326047897,0.230476124
20060510,-0.637057543,0.406225571,-0.248227078
20060511,-0.448230244,0.691734513,-1.214517519
20060512,-1.316164316,0.506246441,-0.993236156
20060515,1.596260993,1.058652378,0.849377113
20060516,0.850687915,0.487647783,0.904659311
20060517,-0.414826098,0.911538711,-1.33748235
20060518,-0.544960477,0.863999524,-0.780190839
20060519,-1.557806633,1.837277619,-1.394006433
20060522,0.462236193,1.507958608,0.129210909
20060523,0.257447733,1.129351619,0.441745611
20060524,0.548347197,1.539451664,0.750163613
20060525,0.253623324,0.529037246,0.744578034
20060526,-0.090620758,1.209840554,-0.217352015
20060530,-0.71448504,0.604649534,-1.387643226
20060531,-0.459095472,0.822556674,-0.110375287
20060601,0.220547783,0.569379953,0.257353083
20060602,-0.775483945,0.793628316,-0.959239969
20060605,-1.102711856,1.159752009,-1.38113431
20060606,0.469616717,1.286843419,0.2815053
20060607,-0.655126349,1.196064799,-0.206359702
20060608,2.254761941,3.524421922,2.723146872
20060609,-0.201964633,1.749036839,-0.568131282
20060612,-0.036825631,1.064084638,-0.202373356
20060613,-0.294985465,2.338966313,-0.258159834
20060614,1.616493685,1.658199244,1.320635481
20060615,-0.255009246,1.401009036,-0.0911494
20060616,0.236557293,0.426837872,0.345926608
20060619,-1.984550067,1.408658624,-0.254777208
20060620,0.649704505,0.854325491,1.285434555
20060621,0.538891191,0.875822896,0.412889914
20060622,0.466284919,0.415819631,0.125324517
20060623,0.377257252,0.495524612,-0.214938288
20060626,0.429646203,0.765121183,0.375839369
20060627,-0.609102564,0.638644595,-0.591240637
20060628,0.071723152,0.655124925,0.251256414
20060629,1.27210196,0.829350552,2.075462525
20060630,-1.058210933,1.391644998,-0.98801086
20060705,0.429954084,0.832167159,-0.641484737
20060706,0.800787267,0.578390434,0.85440178
20060707,0,0.419581347,0.141693258
20060710,0.422089969,0.235611238,0.845969092
20060711,0.806880364,0.480875317,0.455262562
20060712,-1.141865723,0.623449462,-1.124396948
20060713,-0.026500596,0.58872205,-0.008834312
20060714,-1.125514338,1.823294797,-1.665888599
20060717,0.367828881,0.762272413,0.31391568
20060718,0.37664828,1.054065391,0.044764762
20060719,1.45884103,1.392576963,1.351371917
20060720,0.371583193,0.87673613,0
20060721,-1.381531006,1.851060911,-0.976136955
20060724,0.988883213,0.609630265,1.487016248
20060725,0.502270078,0.941919381,-0.043938662
20060726,0.070584086,1.031692076,-0.343385766
20060727,-0.70609296,0.594551612,-0.424253774
20060728,-0.211230496,0.615568864,0.530036577
20060731,-0.390764263,0.769014172,-0.991685124
20060801,-0.053585783,0.646993847,-0.392297222
20060802,0.515997017,2.833025957,4.061471915
20060803,1.662464073,0.904935902,1.953684835
20060804,-0.268862538,0.754571379,-0.016825103
20060807,0.472335561,0.479570179,-0.016827934
20060808,-0.150741173,0.817910668,0.403090905
20060809,-0.452527379,0.597881011,-0.218139192
20060810,1.101295963,0.397253089,1.218814654
20060811,0.432469071,0.676157441,-0.016596133
20060814,-0.766287275,0.598905694,-0.749691141
20060815,0.049681213,0.381689522,0.998344398
20060816,0.066225168,0.593832227,0.033107102
20060817,0.332005617,0.422173116,-0.132494223
20060818,0.033134526,0.782314633,0.049705908
20060821,0.809319803,0.65438594,0.693300895
20060822,0.525625389,0.388615987,0.410408522
20060823,0.098473666,0.560120431,-0.13114756
20060824,0.2788487,0.594780362,0.147528918
20060825,0.115008638,0.516536779,-0.246002584
20060828,0.938974035,0.609835828,0.147674159
20060829,0.392670662,0.581380093,0.409065448
20060830,0.48701395,0.521010709,0.829340472
20060831,0.534544077,0.345346295,0.242620418
20060901,-0.145290202,0.199231883,0
20060905,0.097513416,0.416083133,-0.550787072
20060906,-0.227679396,0.500717581,-0.227679396
20060907,-0.437850371,0.679957479,0.178934574
20060908,-0.879054985,0.549716876,-0.603147969
20060911,1.284674957,0.506149258,1.186523469
20060912,-0.274570147,0.387314356,-0.096993218
20060913,-1.58928552,0.601706813,-2.091921357
20060914,1.241224045,0.724837487,0.412031897
20060915,-0.262209262,0.898688106,0.229998459
20060918,-0.412507804,0.505977488,-0.757704169
20060919,0.973364115,0.577583203,0.708463298
20060920,0.879914427,0.885084033,1.19136456
20060921,-0.097118816,0.721817276,0.178296506
20060922,0.243013485,0.457634473,0.080938896
20060925,1.210766264,0.513512861,0.83790371
20060926,0.738840496,0.600151589,0.272414238
20060927,0.431207248,0.601118794,0.415203407
20060928,-0.240635393,0.520877643,-0.7839413
20060929,-0.225588236,0.572492307,-0.43460833
20061002,0.096742994,0.508273165,0.096742994
20061003,0.418141491,0.623553645,0.418141491
20061004,1.946145328,0.645331133,1.576340259
20061005,0.441850174,0.71855372,0.331204466
20061006,-0.095057041,0.533304357,-0.663509543
20061009,0.111438362,0.187001872,-0.381134335
20061010,0.095785448,0.932423421,-0.28680708
20061011,0.320615857,0.675296668,-0.303635871
20061012,-0.240019317,0.389951798,-0.096076869
20061013,-0.032180209,0.862319691,-0.449583288
20061016,0.371357495,0.543437224,-0.144939231
20061017,0.886459185,0.712283402,0.434188991
20061018,0.737537414,0.691489651,0.448287654
20061019,0.352620978,0.539239946,-0.159872136
20061020,-0.047888899,0.741607198,0.207783979
20061023,1.592897649,0.611367885,1.032492692
20061024,-0.214498593,0.343678613,-0.650022106
20061025,0.12690357,0.694710848,0.33346597
20061026,0.616164364,0.603186142,0.647865109
20061027,0.504176269,0.447706179,0.220264406
20061030,0.282176077,0.30303526,0.39212661
20061031,0.967877449,1.696801967,-0.864717282
20061101,-0.158353161,0.884254536,-0.363838098
20061102,0.666140449,0.537120467,0.253244833
20061103,0.236798595,0.398997067,0.252605123
20061106,0.489075677,0.494615206,0.189035973
20061107,0.735873056,0.403853926,0.885273516
20061108,-0.171620293,0.372303063,-0.101447588
20061109,-0.031323415,0.738944852,-0.312793499
20061110,-0.117670145,0.383403024,-0.219539056
20061113,-0.755552154,0.535208042,-0.645722379
20061114,-0.055403856,0.518966136,-0.213531656
20061115,0.047517226,0.607002213,-0.007917343
20061116,0.394353378,0.528994133,0.584196814
20061117,0.533920866,0.493309806,0.518176554
20061120,-0.266353467,0.474277382,-0.172427349
20061121,-0.299802986,0.249724336,-0.724298553
20061122,0.583092031,0.534001616,0.567288001
20061127,-0.523769152,0.837151826,-1.092042189
20061128,0.64390699,1.371900974,0.412895616
20061129,0.412240952,0.739310494,0.158353161
20061130,-0.317864222,0.757573872,-0.603080704
20061201,-0.557015843,1.049145275,-0.255020859
20061204,0.505849956,0.619872465,1.205598359
20061205,0.078833272,0.701721261,0.047292505
20061206,0.329800063,0.49014388,0.518746742
20061207,-0.195641178,0.336384133,0.078363769
20061208,0.337136232,0.653754273,0.078302408
20061211,0.188058353,0.313758792,-0.015655577
20061212,-0.235128253,0.514028445,-0.235128253
20061213,-0.487767469,0.349922531,-0.50346236
20061214,0.007886746,0.70120985,0
20061215,0.814030794,0.540383201,1.160433282
20061218,0.241838086,0.372666205,0.04676175
20061219,1.061514807,0.482810125,0.357782135
20061220,0.240674003,0.236400823,0.124146509
20061221,-0.311526732,0.377286412,-0.591073427
20061222,-0.492246179,0.408029523,-0.414273465
20061226,0.907106627,0.172176757,0.6168762
20061227,0.248524514,0.190820161,0.357448512
20061228,0.481928644,0.230609929,0.031022181
20061229,-0.171166306,0.444108819,-0.419613639
20070103,1.137526874,0.982158793,0.512622482
20070104,-0.5371962,0.884339744,-0.762115828
20070105,-0.573067471,0.633612836,-0.846665453
20070108,0.267358813,0.653886497,0.251612021
20070109,0.141877536,0.88458965,-0.298859837
20070110,1.553094203,0.677716648,1.190117398
20070111,0.714399684,0.303340759,0.589789076
20070112,0.609546272,0.29817469,0.58633095
20070116,0.107766926,0.243181603,-0.015385799
20070117,0.521393606,0.456284799,0.598298939
20070118,0.275019272,0.56453444,0.244424197
20070119,0.607074258,0.474716581,0.835680621
20070122,-0.258299923,0.633682881,-0.546200721
20070123,-0.159884308,0.760170114,-0.167491474
20070124,-0.061040747,0.557868555,-0.167772479
20070125,-0.6677693,0.572504072,-0.897004519
20070126,-0.177066138,0.707698456,-0.053922892
20070129,-0.50718621,0.675233299,0.015409508
20070130,0.40285149,1.202794122,-0.355020825
20070131,0.649051884,0.985205927,0.385832719
20070201,0.645064439,0.422225098,0.614252546
20070202,-0.420184735,0.475603451,-0.015310419
20070205,-0.076734197,0.354524349,-0.268312477
20070206,-0.855529516,0.389270172,-0.832503074
20070207,-0.510323539,0.404051398,-0.147178461
20070208,0.838774722,0.517658348,0.232288142
20070209,-0.248023689,0.402807706,-0.340874207
20070212,-0.303466754,0.372309904,-0.419939959
20070213,0.79174519,0.394952942,0.79174519
20070214,0.077071295,0.37600455,0.355020825
20070215,0.015383432,0.438423266,0.169348051
20070216,0.253973277,0.365142405,0.061510074
20070220,0.123475861,0.891141984,-0.338774577
20070221,-0.046371436,0.628484559,-0.231642448
20070222,0.301799417,0.37986507,0.046371436
20070223,0.339873647,0.263665738,0.20069478
20070226,-0.371632512,0.574057389,-0.587782048
20070227,-2.996124456,6.391182924,-3.135843488
20070228,1.588595759,2.658461681,1.556575265
20070301,1.025811883,2.421454013,0.377537022
20070302,-0.592676278,1.608784749,-0.9544541
20070305,-0.103556786,2.112821795,-0.556351777
20070306,0.143163947,0.945179019,0.278562797
20070307,-1.233693449,0.495537221,-1.40869946
20070308,0.016052653,0.453582085,0.434328681
20070309,-0.673727284,0.794424599,-0.273246172
20070312,0,0.467301407,-0.06440187
20070313,-0.927363679,1.130139959,-1.476460665
20070314,0.212071858,1.707721872,0.301930133
20070315,0.502065999,0.811205721,0.868053964
20070316,-0.872803343,1.352956754,-0.485830915
20070319,0.331433956,0.522695634,0.574644453
20070320,0.482859461,0.366394895,0.52320319
20070321,0.94197232,0.815125294,1.038265057
20070322,0.715215058,0.624918023,1.443527334
20070323,0.384691348,0.687716348,-0.0548353
20070326,0.392003638,1.008438439,0.14094435
20070327,-0.425700288,0.903911326,-0.95920226
20070328,0.047653086,0.956550696,-0.506891629
20070329,0.047442082,0.82415229,0.443670511
20070330,0.126762812,1.095904937,-0.158227881
20070402,-0.34859804,0.959624425,-0.23781224
20070403,-0.51540375,0.515649608,-0.16680571
20070404,0.079333602,0.250798664,0.246139312
20070405,0.302042993,0.215247102,-0.079333602
20070409,0.380047963,0.309349197,0.427655677
20070410,-0.079095156,0.346035267,-0.126522237
20070411,-0.182272111,0.577945107,-0.24559331
20070412,0.822009055,0.441895791,0.766468926
20070413,0.047352222,0.311044412,-0.23642536
20070416,0.408612858,0.706890703,0.613547115
20070417,0.564973254,0.371588238,0.21933269
20070418,0.164841672,0.380196174,-0.235017734
20070419,0.117910637,0.334343648,-0.164841672
20070420,-0.031303804,0.579049056,0.368555602
20070423,-0.39212661,0.293308367,-0.39212661
20070424,0.345966692,0.584833977,0.109950533
20070425,-0.314317405,0.314044505,-0.26723273
20070426,-0.538401934,0.267779834,-0.869501961
20070427,0.302139055,0.449017634,0
20070430,1.673875609,0.5631852,2.322766071
20070501,0.031761156,0.587638067,-2.322766071
20070502,-0.830410393,0.51143431,-0.989317148
20070503,-1.027131482,0.542042347,-0.595096248
20070504,0.240674003,0.327862686,0.659219366
20070507,-0.73741918,0.366154675,-0.401445742
20070508,-0.03238342,0.427474893,-0.645684245
20070509,0.87421635,0.799682397,0.46853628
20070510,-0.809589914,0.773681838,-0.857957509
20070511,-0.186317847,0.386194753,0.25167458
20070514,-0.016195643,0.289551351,0.121551006
20070515,0.290229162,0.671658869,0.59749875
20070516,1.896320071,0.737000452,1.97679002
20070517,0.443108812,0.569849825,-0.031575624
20070518,0,0.236260837,0.220820279
20070521,-0.118553659,0.258908748,-0.386756076
20070522,-0.079383984,0.353731797,-0.420018845
20070523,0.166461931,0.367703277,0.269648827
20070524,-0.349262143,0.518973249,-0.396794426
20070525,-0.648941815,0.272639374,0.150967412
20070529,1.185128827,0.531567779,1.081859962
20070530,0.865125333,0.50561819,0.298016062
20070531,-0.392927814,0.529885309,-0.549667658
20070601,-0.251730781,0.439906683,-0.031501024
20070604,0.17425747,0.261797579,-0.473710028
20070605,0.568901661,0.476688897,0.442199078
20070606,-0.458028124,0.436009521,-0.458028124
20070607,-0.361170584,0.563114373,-1.57156918
20070608,1.132117649,0.633088514,1.413140757
20070611,0.41335512,0.287261044,-0.063441715
20070612,-1.310132176,0.698188344,-1.357739889
20070613,0.112188488,0.755718823,0.401252444
20070614,0.224502981,0.257495022,0
20070615,-0.159718929,0.402537883,0.208016716
20070618,-1.061786037,0.318813259,-1.173741267
20070619,0.543193196,0.424657587,0.016172071
20070620,0.096930541,0.757528159,0.145431067
20070621,-0.20989755,0.973161762,-0.096930541
20070622,-1.40761447,0.967389371,-1.383373025
20070625,0.131018689,1.181538539,0.131018689
20070626,0.016343875,0.87214678,0.14719113
20070627,0.432389007,0.551661907,0.375173754
20070628,0.261139368,0.971990261,-0.114034386
20070629,-0.603935566,1.048054064,-0.441069081
20070702,0.162127143,0.483560188,1.058555606
20070705,-0.016208769,0.533688253,-0.097213229
20070706,-0.048792389,0.168054377,-0.35725923
20070709,0.073167761,0.205181382,0.089434536
20070710,-0.718605085,1.042853881,-0.840581111
20070711,1.093620628,0.642234005,0.962408538
20070712,1.948504095,0.67688976,2.191714592
20070713,0.095816041,0.521314506,-0.501533512
20070716,1.219284341,0.504409346,0.755320625
20070717,-0.508906951,0.772301666,-0.643651155
20070718,-0.095800742,0.860369194,-0.191509794
20070719,-0.023890106,0.531294368,0.287127331
20070720,-1.088707519,0.684631404,-1.056855313
20070723,1.222528523,0.616337493,1.992256505
20070724,-0.31705797,1.276757593,-0.617334766
20070725,-0.869914541,1.197867649,-0.047645518
20070726,0.207618057,2.495745563,-0.4298343
20070727,0.35900952,1.677980581,0.167377395
20070730,1.040228541,1.39231172,0.809014565
20070731,-2.091171023,2.134787403,-2.46313932
20070801,2.285722462,2.864719356,2.439437957
20070802,0.427587951,1.793627127,0
20070803,0.158856269,1.809483325,-0.443459707
20070806,3.071393694,1.547276044,3.071393694
20070807,1.211294369,1.958309241,0.36108056
20070808,-0.199187992,1.972821383,0
20070809,0.570857062,3.428185507,-0.307219904
20070810,1.341887954,3.223417016,0.414524275
20070813,-1.144991621,1.348137375,-1.559515896
20070814,-0.765808228,1.612975163,-0.81250447
20070815,-0.784933386,2.053284544,-0.456011483
20070816,0.766766921,5.784186127,1.09718969
20070817,0.614346887,1.867497326,1.792107285
20070820,-0.176671706,1.300656782,-0.42195774
20070821,-0.325354691,0.849012395,-0.919102821
20070822,-0.408525639,0.827157128,0.45674552
20070823,0.076893506,0.797029216,0.485419145
20070824,0.899327759,0.673959146,1.298223655
20070827,-0.71065901,0.474824544,-1.067897258
20070828,-0.907210035,0.622476282,-0.708022043
20070829,0.522595717,0.795474647,0.754023731
20070830,0.346594101,0.74809404,-0.307078393
20070831,0.092081038,0.797097198,0.245738106
20070904,0.628402712,0.434653201,0.398040942
20070905,0.751249221,0.587588571,0.03055301
20070906,0.965383196,0.339262873,0.950107858
20070907,-0.426699824,0.835372185,-0.934834853
20070910,0.151975713,0.948028419,0.563467569
20070911,1.065356314,0.581450243,1.73131912
20070912,0.775544529,0.401639399,0.461619463
20070913,0.08899437,0.647187098,0.207776863
20070914,1.082855645,0.558314812,0.488058353
20070917,0.679270184,0.437702536,0.250497442
20070918,0.745345065,1.969247472,1.068589543
20070919,-0.137855999,1.289983333,0.269003034
20070920,0.698286224,0.597679722,0.166854114
20070921,0.122597643,0.658171824,0.570996456
20070924,0.834417156,0.52588297,0.61074377
20070925,0.616798915,1.073167929,0.186073195
20070926,0.840400929,0.675874858,0.81179681
20070927,-0.611361825,0.516295265,-0.540464977
20070928,0.655459742,0.549044713,0.412723848
20071001,0.68602412,0.546374507,0.749915081
20071002,-0.070696362,0.591050317,-0.338887644
20071003,-0.467787372,0.428318648,-0.453644101
20071004,0.368011739,0.410771181,0.566734302
20071005,-0.098779377,0.643848824,0.070616485
20071008,0.581438212,0.414198151,-0.155422144
20071009,0.33817138,0.564067486,0.521826161
20071010,0.315756499,0.637202124,0.393093304
20071011,0.111513811,1.01025982,0.572827274
20071012,-0.306321598,0.248698799,-0.097567782
20071015,-0.897244208,0.601732418,-0.98094957
20071016,-0.19037552,0.974734757,-0.232632018
20071017,-0.120409406,0.591755259,-0.417271372
20071018,0.501927461,0.307156186,0.501927461
20071019,0.14134278,1.114050314,-0.148195221
20071022,0.826188366,0.810739737,0.422833611
20071023,0.266835352,0.724253584,0.280899061
20071024,0.505477066,1.217334756,0.140154193
20071025,0.014018364,0.871744936,-0.084068941
20071026,0.251221346,0.399856447,0.559129217
20071029,-0.1808193,0.513724329,0.125374398
20071030,-0.822574809,3.825960786,-4.005079445
20071031,0.237726582,1.438854695,0.693143569
20071101,-0.854891825,1.480366317,-1.114257965
20071102,0.77866291,1.415196338,1.301160471
20071105,0.952081353,1.45974301,0.801148777
20071106,0.469317508,0.429302425,0.426561147
20071107,-1.175640781,1.294164737,-1.630704137
20071108,1.401111075,2.268593857,2.076643648
20071109,-0.156194565,1.304927707,-0.602134076
20071112,0.474723675,0.969418136,0.517346393
20071113,0.769880622,0.792376056,1.375943084
20071114,-0.307177008,0.923362771,-0.286263069
20071115,0.614098231,1.271122957,0.502163142
20071116,0.962736084,1.061479375,1.642208989
20071119,-0.253694126,0.920480413,-0.315306314
20071120,0.493084138,1.929424694,0.493084138
20071121,-1.060396909,1.353248603,-1.320332755
20071126,-0.979250636,1.116683598,-0.979250636
20071127,1.051736796,1.450812841,1.335464193
20071128,1.579768657,0.920762671,1.209829206
20071129,0.622128055,0.814644692,0.215953654
20071130,-0.027027027,1.291608341,-0.242980681
20071203,-0.542742174,0.781900021,-0.664454272
20071204,0.232224679,0.808388331,-0.286123228
20071205,1.179411701,0.782192655,0.659574689
20071206,0.622043926,0.613593636,0.547465123
20071207,-0.296496174,0.663818312,-0.121400163
20071210,0.18850147,0.49050846,0.336859444
20071211,-0.930364696,1.905494162,-0.701946727
20071212,0.080385856,1.313149363,1.144870745
20071213,0.1075775,1.508048162,-0.355526117
20071214,-0.513029342,0.931040602,-0.708098855
20071217,-0.667259233,0.903759165,-0.938335572
20071218,-0.766601975,0.783146156,-0.575501725
20071219,0.137146013,0.869735355,0.267609176
20071220,0.1092747,0.427052207,0.389837378
20071221,0.473197665,0.533087702,1.207694983
20071226,0.155494741,0.267552365,0.101382186
20071227,-0.033832933,0.446093347,-0.182562003
20071228,-0.094333273,0.526906827,0.391760042
20071231,-1.119224843,0.55574064,-1.179914686
20080102,-1.2017312,1.50553315,-1.2699673
20080103,0.02074904,1.030052241,-0.103680673
20080104,-0.173641301,1.98143241,-0.520021973
20080107,0.463107792,1.131130706,0.803161556
20080108,-0.034410379,1.657985166,0.186020929
20080109,0.027567195,1.844276703,-0.110192849
20080110,0.234985249,1.303442462,-0.17932276
20080111,-2.796893716,2.77334869,-3.184223014
20080114,-0.227402031,1.428060975,0.170891525
20080115,-0.522792754,1.522572323,-0.921994881
20080116,-0.98323522,2.452044282,-1.177291414
20080117,-1.29976273,2.445308796,-1.154561601
20080118,-1.616927693,2.54770387,-1.264762986
20080122,1.546103773,6.85019313,-3.014848109
20080123,3.040399601,6.851700718,1.681095384
20080124,-0.226637553,3.039435438,-0.264360591
20080125,-1.292302287,1.712817055,-1.156258128
20080128,-0.488998529,1.846814147,-0.107172941
20080129,-1.068870955,1.616081483,-0.931098258
20080130,0.547397381,3.505550881,0.547397381
20080131,2.194493875,4.215364538,0.597932023
20080201,0.037868747,1.976005243,0.92811621
20080204,-0.128374569,0.898251233,0.211800382
20080205,-0.94830934,1.45675598,-1.676357452
20080206,0.368155041,1.139066049,0.368155041
20080207,0.579534945,1.344302464,0.686658683
20080208,-0.781673073,1.742714322,-1.177833884
20080211,1.75060848,0.804965318,1.511825389
20080212,1.38615339,1.308352541,1.82471742
20080213,-0.491255175,0.822443951,-0.275697801
20080214,-0.793001837,1.428466579,-0.658783637
20080215,-0.271043683,0.640956527,-0.376251479
20080219,-0.256043517,0.673080957,-0.015079545
20080220,0.105780138,1.147813375,-0.150920644
20080221,-0.393701296,0.834116552,-0.454133387
20080222,0.408256407,0.976867409,0.544713104
20080225,0.631581047,1.20722512,0.661756062
20080226,1.871164213,0.82523218,1.47313132
20080227,-0.445765968,0.917501858,-0.815725695
20080228,0.134478915,0.560408052,-0.268416505
20080229,-0.798136908,0.833549412,-1.247105037
20080303,0.513829149,0.930620642,0.301932597
20080304,0.303214301,0.931532721,-0.422961356
20080305,0.941094843,1.311573914,1.001627533
20080306,-0.090198443,0.890547979,-0.352813488
20080307,-0.651172135,0.908891217,-1.01278169
20080310,0.136788531,0.421285985,0.030381285
20080311,0.586423754,0.97872912,1.297739655
20080312,0.650639845,0.934510511,0.560644339
20080313,0.939534165,1.954041852,0.438841866
20080314,-0.73988604,2.795215112,-1.066975241
20080317,0.643859378,3.045262791,0.516255683
20080318,1.619111025,2.111456037,2.199512982
20080319,-1.318700428,0.99258101,-1.012555426
20080320,1.70247837,1.127075757,2.202700098
20080324,1.005755604,0.659537627,0.919150518
20080325,-0.573725039,0.89872087,-0.616622015
20080326,0.446332898,0.670217648,0.129375422
20080327,-0.631913635,0.521167949,-0.287728583
20080328,-0.028797696,0.589236878,0.0432121
20080331,0.89706009,0.483833747,0.781786302
20080401,1.643562075,0.637739056,1.664992943
20080402,-0.74927897,0.920241087,-0.974377546
20080403,0.099438889,0.595354054,-0.056777858
20080404,0.496983629,0.531502136,0.241083574
20080407,-0.580039824,0.553211615,-0.170116287
20080408,0.910131425,0.426797028,0.226757467
20080409,0.228310601,0.470001832,-0.681820823
20080410,0.028522533,0.614377552,-0.042768552
20080411,0.03570791,0.714972617,-0.14983414
20080414,0.128397193,0.516706067,0.164092357
20080415,0.035580858,0.504793016,0.192287208
20080416,-1.033749335,0.562723046,-1.411552115
20080417,-1.637996151,0.950442514,-2.595080023
20080418,-0.970054628,0.750872264,-0.475095541
20080421,1.307208157,0.69545684,0.837321034
20080422,0.014815912,0.73493765,-0.384445247
20080423,-0.275001102,0.409560082,-0.475201369
20080424,-0.492575069,0.664073059,-0.522350266
20080425,-0.479401667,0.703949865,-0.35976654
20080428,-0.474380619,0.518092546,-0.51944258
20080429,-0.454270921,0.654930815,-0.537330539
20080430,0.074599034,2.099860281,1.74519248
20080501,-0.446628701,0.827160464,-0.044752742
20080502,-0.590016275,0.88470369,-0.403678503
20080505,-0.18004506,0.459936037,-0.239988116
20080506,0.315244575,0.598321935,0.195034193
20080507,-1.261393665,0.870625837,-1.418891729
20080508,-0.159205522,0.64733017,0.182260075
20080509,-0.886043071,0.576170743,-1.113920116
20080512,-0.015296367,0.58815889,0.306419728
20080513,0.190295015,0.839938095,0.579623343
20080514,-0.692623692,0.608237911,-0.434402238
20080515,1.641623733,0.850581494,1.312663486
20080516,0.195004937,0.842405091,0.601234338
20080519,0.412217185,0.480551658,0.179667663
20080520,-1.260156272,0.695286884,-1.514780839
20080521,-0.763945656,1.199014086,-0.984402623
20080522,0.680612882,0.974629419,0.619244363
20080523,-0.122455243,0.761526966,-0.481302736
20080527,-0.030693677,0.931110476,-0.214658163
20080528,-0.330705935,0.664293128,-0.376764123
20080529,0.882550527,1.021567064,0.820902995
20080530,0.829753933,0.793307138,0.783899901
20080602,-0.732157023,0.717123267,-0.96744232
20080603,-0.412371718,0.856712532,0.030613807
20080604,0.748500829,0.689253052,1.579140012
20080605,0.383877631,0.904735225,0.263286721
20080606,-1.512014521,1.108403966,-1.888350958
20080609,1.110868914,1.168297968,1.17209653
20080610,1.040184249,0.942654999,0.903892867
20080611,0.015097758,1.389336246,-0.662054781
20080612,0.558028746,0.845381848,0.376705034
20080613,-0.240384731,0.763933358,-0.015040987
20080616,-0.060652011,1.030322201,-0.830757742
20080617,-0.333738174,0.311358723,-0.182177066
20080618,-0.879647696,0.790615732,-1.115452012
20080619,-0.030792918,1.018707704,-0.215351568
20080620,-2.191696996,1.20085437,-2.74759713
20080623,-0.42799463,0.642431327,-0.364703488
20080624,-0.031781345,0.917194315,-0.04766823
20080625,0.910068403,0.911824219,0.870327513
20080626,-1.988137055,1.257001793,-1.940881797
20080627,-2.676775926,1.32556346,-2.32398531
20080630,0.445361561,0.977952378,-0.098700452
20080701,2.228208897,2.304692968,1.931521684
20080702,1.1545991,1.012831265,1.243348147
20080707,-1.011866341,1.437077212,-1.169049649
20080708,1.07510917,1.980458972,1.043322774
20080709,0.306182771,1.579208419,0.306182771
20080710,0.938239877,1.551681483,0.726367079
20080711,-0.423795957,2.510357527,-1.056141247
20080714,0.125117314,1.118974754,0.635022321
20080715,2.757165594,3.092645548,0.576639952
20080716,0.801450035,1.273259002,-0.717407943
20080717,0.730016194,1.030691499,0.062588016
20080718,-0.392003638,1.008081886,-0.438940978
20080721,0.220264406,0.585857719,-0.031426776
20080722,0.641679954,1.19944899,0.735930668
20080723,1.001677824,1.31733947,0.954864997
20080724,0.038707181,0.924616362,-0.177860311
20080725,-0.155183147,0.912858395,-0.325606924
20080728,-0.554884,0.428860355,-0.92051512
20080729,2.578696117,1.201196378,2.78225056
20080730,1.45999038,1.68110994,1.48285362
20080801,-1.004186124,1.534016082,-2.555660844
20080804,1.221762296,1.237081943,1.49872816
20080805,2.642536386,3.488218123,2.975920541
20080806,0.162469573,0.988309729,-0.162206037
20080807,-0.118465881,1.117673901,-0.399261159
20080808,3.659123277,1.538183852,3.049773097
20080811,-0.143926335,0.960678924,-0.215811896
20080812,1.538767166,0.908282118,1.38742124
20080813,-0.444031382,1.201243449,-1.056699823
20080814,0.273008288,1.035229547,0.043057051
20080815,2.303826012,1.548087152,2.66191563
20080818,-0.014024262,1.064806716,-0.377966433
20080819,-0.310559256,1.052362401,-0.802651637
20080820,-0.489484182,1.609601725,-0.595577484
20080821,-0.014307175,1.456575204,-0.599145872
20080822,2.087817408,1.173967014,2.459140314
20080825,-1.379527378,1.299753872,-2.030812988
20080826,-0.128746173,1.38734537,-0.471261136
20080827,0.644286,0.951612477,0.3001503
20080828,1.304427967,0.831936946,1.304427967
20080829,-0.98298391,0.929403922,-1.618893635
