20020102,0.511510067,1.004474984,1.004474984
20020103,1.015149805,0.534282803,0.534282803
20020104,0.09369278,0.79785348,0.79785348
20020107,-0.972454989,0.577283434,0.577283434
20020108,-0.334635003,0.645275904,0.645275904
20020109,-0.783170232,0.76848238,0.76848238
20020110,0.094946276,0.675843619,0.675843619
20020111,-1.194715968,0.794375524,0.794375524
20020114,-0.367325933,0.449960536,0.449960536
20020115,0.427220668,0.636754116,0.636754116
20020116,-1.020596577,0.717850145,0.717850145
20020117,0.342270728,0.458194724,0.458194724
20020118,0.026540452,0.64687192,0.64687192
20020122,-1.327453121,0.626033135,0.626033135
20020123,0.425381712,0.617098668,0.617098668
20020124,-0.096835256,0.613245174,0.613245174
20020125,0.370566861,0.516229234,0.516229234
20020128,-0.369263652,0.357194701,0.357194701
20020129,-3.138631382,1.19537947,1.19537947
20020130,1.126391724,2.812854286,2.812854286
20020131,0.922646716,0.907796523,0.907796523
20020201,-0.487481577,0.607258276,0.607258276
20020204,-2.173116488,1.025786363,1.025786363
20020205,-0.045739378,1.929595903,1.929595903
20020206,-0.778927191,2.104523969,2.104523969
20020207,-0.414460644,1.447394218,1.447394218
20020208,1.097605458,1.205616131,1.205616131
20020211,1.380701444,0.46954768,0.46954768
20020212,0.189180724,0.556651941,0.556651941
20020213,0.706274448,0.645316991,0.645316991
20020214,-0.498843008,0.651961235,0.651961235
20020215,-1.214580757,1.007064175,1.007064175
20020219,-1.297532824,0.862841987,0.862841987
20020220,1.203515621,1.123384003,1.123384003
20020221,-1.262712358,1.319229099,1.319229099
20020222,0.93690407,1.987234837,1.987234837
20020225,1.654424573,0.806011928,0.806011928
20020226,-0.206342871,1.238545853,1.238545853
20020227,-0.447307956,1.158249199,1.158249199
20020228,-0.618641862,1.23079198,1.23079198
20020301,1.703679184,0.836255126,0.836255126
20020304,1.547991603,0.837644594,0.837644594
20020305,-0.238523868,0.955733148,0.955733148
20020306,1.396454035,0.890492811,0.890492811
20020307,-0.99213951,1.0568884,1.0568884
20020308,-0.443611033,0.762664835,0.762664835
20020311,0.384369467,0.451818175,0.451818175
20020312,0.909487179,0.61895402,0.61895402
20020313,-0.61025588,0.712035446,0.712035446
20020314,-0.086221768,0.433668313,0.433668313
20020315,0.695849206,0.475788797,0.475788797
20020318,-0.299209456,0.646159659,0.646159659
20020319,0,0.655687771,0.655687771
20020320,-1.000008333,0.392002014,0.392002014
20020321,0.303174904,0.826021464,0.826021464
20020322,-0.329546738,0.702202611,0.702202611
20020325,-1.487731999,0.588906566,0.588906566
20020326,0.439175058,0.970672044,0.970672044
20020327,0.585794025,0.646919126,0.646919126
20020328,-0.017395842,0.620823496,0.620823496
20020401,0.497535177,0.581461796,0.581461796
20020402,-0.087734696,0.574787574,0.574787574
20020403,-1.040757322,0.604089674,0.604089674
20020404,0.390521487,0.833445222,0.833445222
20020405,-0.567377409,0.745602143,0.745602143
20020408,1.392133852,0.752209755,0.752209755
20020409,-0.967735168,0.602706726,0.602706726
20020410,1.090774793,0.724674414,0.724674414
20020411,-2.0563979,1.021030252,1.021030252
20020412,0.269905697,0.744751092,0.744751092
20020415,-0.918015627,0.850644338,0.850644338
20020416,1.173764143,0.402961327,0.402961327
20020417,-0.362111237,0.574621117,0.574621117
20020418,-0.088613209,1.552023502,1.552023502
20020419,-0.371648954,0.392842416,0.392842416
20020422,-1.109134805,0.488958351,0.488958351
20020423,-0.614219256,0.789742545,0.789742545
20020424,-0.863445492,0.817421403,0.817421403
20020425,0.320293113,1.018340256,1.018340256
20020426,-1.78117085,0.886078138,0.886078138
20020429,-1.005969735,0.860428217,0.860428217
20020430,0.827565279,0.711202324,0.711202324
20020501,0.727946085,1.375473101,1.375473101
20020502,-0.330518112,1.172839112,1.172839112
20020503,-0.877806514,1.038360792,1.038360792
20020506,-1.932155399,0.876809066,0.876809066
20020507,-0.927071251,0.983155793,0.983155793
20020508,1.905171839,0.843332514,0.843332514
20020509,-1.034746853,1.193528985,1.193528985
20020510,-1.934368589,0.99839903,0.99839903
20020513,1.560998187,0.775342921,0.775342921
20020514,0.263768401,0.520954544,0.520954544
20020515,0.045651678,1.181918114,1.181918114
20020516,0.673219428,0.720789361,0.720789361
20020517,0.333679346,0.557699573,0.557699573
20020520,-0.953122996,0.587065551,0.587065551
20020521,-1.509290027,0.724934915,0.724934915
20020522,0.653146152,1.017320242,1.017320242
20020523,0.710450206,0.837803371,0.837803371
20020524,-1.087314838,0.681306275,0.681306275
20020528,-1.115064772,0.797522828,0.797522828
20020529,-0.372093453,0.553106746,0.553106746
20020530,0.477685543,1.007403188,1.007403188
20020531,-0.204822714,0.94294507,0.94294507
20020603,-2.517403687,1.32329805,1.32329805
20020604,0.450904971,2.16407449,2.16407449
20020605,0.522690665,1.1106991,1.1106991
20020606,-1.953710868,1.285893353,1.285893353
20020607,1.276758243,1.59058424,1.59058424
20020610,0.319257273,1.228266223,1.228266223
20020611,-2.329750101,1.099500259,1.099500259
20020612,0.989185873,2.508758358,2.508758358
20020613,-0.834770377,1.213490615,1.213490615
20020614,1.052327789,3.441614522,3.441614522
20020617,2.17336584,1.042486185,1.042486185
20020618,0.451989037,1.046998862,1.046998862
20020619,-0.912539096,1.282403253,1.282403253
20020620,-1.110740274,1.857647983,1.857647983
20020621,-1.102768068,1.817917335,1.817917335
20020624,0.731126413,3.405659311,3.405659311
20020625,-2.501643469,2.086678393,2.086678393
20020626,2.424486762,5.12278799,5.12278799
20020627,0.798024337,2.851662183,2.851662183
20020628,-0.151171609,1.667953208,1.667953208
20020701,-2.221181485,1.98085319,1.98085319
20020702,-1.855959852,3.190330944,3.190330944
20020703,1.03997996,2.595684489,2.595684489
20020708,-1.015237146,2.168684179,2.168684179
20020709,-2.194250734,2.108846192,2.108846192
20020710,-3.982474771,4.065969615,4.065969615
20020711,1.623412276,6.258961242,6.258961242
20020712,-0.915707988,4.622827524,4.622827524
20020715,0.610489196,6.224171354,6.224171354
20020716,-0.858941521,6.068515552,6.068515552
20020717,-1.667886268,5.562912179,5.562912179
20020718,-2.649235581,3.591434029,3.591434029
20020719,-2.505228601,4.46247139,4.46247139
20020722,-2.403961919,12.48251168,12.48251168
20020723,-3.144449682,11.53584172,11.53584172
20020724,8.188401148,13.09402273,13.09402273
20020725,0.059470712,13.13613369,13.13613369
20020726,0.938974035,5.555371184,5.555371184
20020729,3.079933228,2.670337495,2.670337495
20020730,1.37672875,4.552572866,4.552572866
20020731,0.956208857,3.780248937,3.780248937
20020801,-2.633269305,4.041831318,4.041831318
20020802,-1.986820322,4.17446015,4.17446015
20020805,-3.220776746,3.41682018,3.41682018
20020806,1.356525328,3.914709531,3.914709531
20020807,0.090816217,4.300228187,4.300228187
20020808,2.820228154,3.389375543,3.389375543
20020809,1.379332213,3.361999865,3.361999865
20020812,0.829880281,1.987912704,1.987912704
20020813,-1.687285126,3.366618593,3.366618593
20020814,3.818184197,4.043363273,4.043363273
20020815,0.52606273,4.841510116,4.841510116
20020816,0.623725003,1.856007854,1.856007854
20020819,2.158357167,1.563711959,1.563711959
20020820,-0.529101763,1.877535016,1.877535016
20020821,0.367744045,2.97215658,2.97215658
20020822,1.300408442,2.114784459,2.114784459
20020823,-1.512157345,1.515881048,1.515881048
20020826,0.399621943,1.830683943,1.830683943
20020827,-2.053244018,2.489910247,2.489910247
20020828,-1.175786158,1.693905898,1.693905898
20020829,1.177253623,2.52903649,2.52903649
20020830,0.587788783,1.845191896,1.845191896
20020903,-2.463730439,2.06630064,2.06630064
20020904,1.323037574,2.649766719,2.649766719
20020905,0.147083808,2.854314986,2.854314986
20020906,-0.211216798,1.636415222,1.636415222
20020909,1.72159525,1.642331194,1.642331194
20020910,0.361189032,1.46373177,1.46373177
20020912,-1.667631754,1.179221774,1.179221774
20020913,1.033368737,2.443816149,2.443816149
20020916,0.435974085,1.32224855,1.32224855
20020917,-3.475404242,2.216865657,2.216865657
20020918,0.607625831,2.753289132,2.753289132
20020919,-1.217385982,2.266484104,2.266484104
20020920,-0.318340185,2.146391854,2.146391854
20020923,-0.358423323,2.590537332,2.590537332
20020924,-0.437371612,4.119325456,4.119325456
20020925,0.871283187,2.87859133,2.87859133
20020926,0.772566174,2.569663755,2.569663755
20020927,-2.349962017,2.450179465,2.450179465
20020930,-0.061255745,4.496834971,4.496834971
20021001,3.177904503,3.640141719,3.640141719
20021002,-1.869881195,3.473603663,3.473603663
20021003,-1.35529664,4.69637284,4.69637284
20021004,-2.868898485,5.70336973,5.70336973
20021007,-1.585537179,4.703848663,4.703848663
20021008,0.26264789,6.538392636,6.538392636
20021009,-1.071028981,5.748035436,5.748035436
20021010,3.662025351,5.987736728,5.987736728
20021011,1.683743926,3.383589806,3.383589806
20021014,1.382126136,2.57266339,2.57266339
20021015,1.264181747,2.127070777,2.127070777
20021016,-1.197067701,2.091006458,2.091006458
20021017,-1.025996936,1.647321321,1.647321321
20021018,1.145072315,2.278946837,2.278946837
20021021,2.534904685,1.990016592,1.990016592
20021022,0.403633242,1.877396482,1.877396482
20021023,1.467402416,2.875946284,2.875946284
20021024,-2.624910382,2.782749382,2.782749382
20021025,1.957163271,2.609309142,2.609309142
20021028,-2.04755092,2.291707548,2.291707548
20021029,-0.563064551,3.579602111,3.579602111
20021030,0.841708577,2.2872149,2.2872149
20021031,-0.885110254,3.302479048,3.302479048
20021101,2.278918999,2.430615991,2.430615991
20021104,-0.873844993,1.348191418,1.348191418
20021105,1.071165559,1.239940736,1.239940736
20021106,0.237606765,4.288744817,4.288744817
20021107,-1.773057284,1.893691118,1.893691118
20021108,-0.610265417,1.992738244,1.992738244
20021111,-1.711753507,1.170774633,1.170774633
20021112,0.22573373,1.576785031,1.576785031
20021113,0.451978171,3.97422408,3.97422408
20021114,0.795496406,1.214809623,1.214809623
20021115,1.387993202,1.561830198,1.561830198
20021118,-1.665974524,1.098180797,1.098180797
20021119,0.188606036,1.412625049,1.412625049
20021120,2.133121013,1.394250728,1.394250728
20021121,1.350792409,1.190959622,1.190959622
20021122,0.170995019,0.911848046,0.911848046
20021125,0.469985911,1.138500657,1.138500657
20021126,-1.491435837,1.014198451,1.014198451
20021127,1.829025799,1.269132593,1.269132593
20021202,-1.72172196,1.910127913,1.910127913
20021203,-0.656587042,1.247525822,1.247525822
20021204,0.554439644,2.024841498,2.024841498
20021205,-1.674498188,1.318407562,1.318407562
20021206,1.837538637,1.977711068,1.977711068
20021209,-1.471998246,1.322738531,1.322738531
20021210,1.050023463,1.054266726,1.054266726
20021211,0.849004493,0.965722493,0.965722493
20021212,-0.582515248,1.424675526,1.424675526
20021213,-0.44593162,1.151114975,1.151114975
20021216,2.227951424,0.806939248,0.806939248
20021217,-0.444579343,0.685118745,0.685118745
20021218,-0.777522522,0.966750836,0.966750836
20021219,-0.470378289,1.693477054,1.693477054
20021220,0.726869289,0.766910012,0.766910012
20021223,0.446080811,0.836195424,0.836195424
20021226,-0.693903176,0.95520712,0.95520712
20021227,-1.461037372,1.047499572,1.047499572
20021230,0.432260939,1.087777471,1.087777471
20021231,0.260993056,1.199324662,1.199324662
20030102,2.511801313,1.437635499,1.437635499
20030103,0.197802262,0.764817238,0.764817238
20030106,2.028819248,0.736743733,0.736743733
20030107,-0.302049852,1.066777588,1.066777588
20030108,-1.112455578,0.873556922,0.873556922
20030109,1.309613392,0.754689057,0.754689057
20030110,1.13545421,1.278860763,1.278860763
20030113,-0.686550648,0.928422414,0.928422414
20030114,0.816594201,0.647790112,0.647790112
20030115,-1.529707735,0.68861687,0.68861687
20030116,-0.764832456,0.856400361,0.856400361
20030117,-0.622505798,0.643868581,0.643868581
20030121,-2.045652212,0.870632533,0.870632533
20030122,-0.825749842,1.127471625,1.127471625
20030123,0.371141403,1.08684196,1.08684196
20030124,-2.555812196,1.493961187,1.493961187
20030127,-0.819868729,2.395352201,2.395352201
20030128,0.54737224,1.826068049,1.826068049
20030129,1.579958516,1.97252926,1.97252926
20030130,-2.343174173,1.700690276,1.700690276
20030131,1.953462918,2.454535003,2.454535003
20030203,0.139211159,1.101764615,1.101764615
20030204,-0.211218102,1.091488082,1.091488082
20030205,-1.279435259,2.119017609,2.119017609
20030206,-0.213573883,1.805103905,1.805103905
20030207,-1.93834477,1.819620197,1.819620197
20030210,0.501613377,1.633520873,1.633520873
20030211,-1.419986869,1.039290583,1.039290583
20030212,-1.184876636,1.234885908,1.234885908
20030213,-0.12174338,1.499259622,1.499259622
20030214,1.828512391,1.963623573,1.963623573
20030218,1.211565723,0.903031044,0.903031044
20030219,-0.446376872,0.745849708,0.745849708
20030220,-1.370369939,0.934957311,0.934957311
20030221,1.131287106,1.760388826,1.760388826
20030224,-1.494689748,0.880862462,0.880862462
20030225,1.62624653,1.917042206,1.917042206
20030226,-0.992771745,1.085491082,1.085491082
20030227,0.559958573,1.507749636,1.507749636
20030228,0.16560212,1.179068732,1.179068732
20030303,-1.560315343,0.889240212,0.889240212
20030304,-1.464260439,0.59730284,0.59730284
20030305,1.035530024,1.159360703,1.159360703
20030306,-0.108728492,1.143845372,1.143845372
20030307,2.047935857,2.829360464,2.829360464
20030310,-1.781403867,0.800828025,0.800828025
20030311,-1.122983357,1.205708551,1.205708551
20030312,0.755936433,1.746387773,1.746387773
20030313,1.927770543,1.025292575,1.025292575
20030314,-0.297530716,2.077511984,2.077511984
20030317,3.946953471,2.796436587,2.796436587
20030318,0.114757874,1.862365274,1.862365274
20030319,0.775816783,1.482394562,1.482394562
20030320,0.923346543,2.128489892,2.128489892
20030321,1.086541073,1.474918366,1.474918366
20030324,-1.660501937,1.139760745,1.139760745
20030325,1.031527771,1.757257744,1.757257744
20030326,-0.411994174,1.286981625,1.286981625
20030327,0.77229362,1.089304522,1.089304522
20030328,0.127116213,1.050826159,1.050826159
20030331,-0.434451455,1.110155414,1.110155414
20030401,0.956945102,1.469760955,1.469760955
20030402,0.932142705,0.659835729,0.659835729
20030403,-1.098103523,0.904947473,0.904947473
20030404,-0.272016489,1.048475929,1.048475929
20030407,-2.313504667,1.18473295,1.18473295
20030408,-0.215407373,1.267071316,1.267071316
20030409,-1.735005284,1.683733689,1.683733689
20030410,0.42399651,0.97208911,0.97208911
20030411,-1.169003704,1.199890962,1.199890962
20030414,1.611108141,0.818237828,0.818237828
20030415,0.650737178,0.756974167,0.756974167
20030416,-1.874879505,0.866005959,0.866005959
20030417,1.438550319,0.607494232,0.607494232
20030421,-0.390255276,1.034454677,1.034454677
20030422,2.635811507,1.01268787,1.01268787
20030423,0.65295694,0.725352688,0.725352688
20030424,-0.109313522,0.732449613,0.732449613
20030425,-1.234719688,0.798912966,0.798912966
20030428,1.568788687,0.68996749,0.68996749
20030429,-0.00542844,1.0701399,1.0701399
20030430,-0.043530309,1.107900834,1.107900834
20030501,0,0.794143287,0.794143287
20030502,1.93613749,1.060493162,1.060493162
20030505,-0.568640554,0.812014826,0.812014826
20030506,0.749067173,0.866978153,0.866978153
20030507,-0.064281125,0.982919445,0.982919445
20030508,-0.194742028,0.833538707,0.833538707
20030509,0.911290145,0.602782074,0.602782074
20030512,1.507619595,0.565139139,0.565139139
20030513,0.158621088,0.665692545,0.665692545
20030514,-0.770737068,0.610734675,0.610734675
20030515,0.231579051,0.711836564,0.711836564
20030516,-0.021083702,0.593924664,0.593924664
20030519,-1.799727205,0.643934145,0.643934145
20030520,-0.410234841,0.981977639,0.981977639
20030521,0.713979667,1.057275497,1.057275497
20030522,0.814581139,0.69745709,0.69745709
20030523,0.23494244,0.472471388,0.472471388
20030527,2.482462674,0.67209755,0.67209755
20030528,-0.041740583,0.763649547,0.763649547
20030529,-0.575044713,0.968395332,0.968395332
20030530,1.068308662,0.803927755,0.803927755
20030602,-0.40055515,0.806356507,0.806356507
20030603,0.544065398,0.925060028,0.925060028
20030604,1.452908464,0.680563217,0.680563217
20030605,0.979162923,0.988196011,0.988196011
20030606,-1.212257494,1.334211842,1.334211842
20030609,-0.680585694,0.663141818,0.663141818
20030610,0.577187568,0.599690726,0.599690726
20030611,1.233407464,0.594558331,0.594558331
20030612,-0.258372399,0.796240713,0.796240713
20030613,-1.140012346,0.751263406,0.751263406
20030616,1.676543411,0.514228274,0.514228274
20030617,-0.382822553,0.742948255,0.742948255
20030618,0.216834305,0.752262198,0.752262198
20030619,-1.577335416,0.706736243,0.706736243
20030620,-0.639554493,0.667935328,0.667935328
20030623,-1.122073941,0.580924252,0.580924252
20030624,0.482638679,0.593872619,0.593872619
20030625,-0.743497849,1.038660499,1.038660499
20030626,1.128806413,0.467169346,0.467169346
20030627,-0.915570994,0.895299273,0.895299273
20030630,-0.551303081,0.788812653,0.788812653
20030701,1.297459075,0.957367341,0.957367341
20030702,0.866940914,0.630587754,0.630587754
20030707,1.06792771,0.571518325,0.571518325
20030708,0.585464337,0.585141111,0.585141111
20030709,-0.33756982,0.829933071,0.829933071
20030710,-0.633008896,0.713999369,0.713999369
20030711,0.711604105,0.660785801,0.660785801
20030714,-0.643089033,0.72090847,0.72090847
20030715,-0.991284882,1.121304931,1.121304931
20030716,-1.05705013,0.747206692,0.747206692
20030717,-0.64757891,0.769936537,0.769936537
20030718,0.548857089,0.599132828,0.599132828
20030721,-1.22415409,0.610315004,0.610315004
20030722,0.444894566,1.193900376,1.193900376
20030723,0.020157226,0.680262625,0.680262625
20030724,-1.381279208,0.989490082,0.989490082
20030725,1.619346424,0.946947122,0.946947122
20030728,-0.329325182,1.003658227,1.003658227
20030729,-0.852520082,1.469225484,1.469225484
20030730,-0.543424906,0.718325899,0.718325899
20030731,-0.601746876,1.2641382,1.2641382
20030801,-0.830048292,0.983131553,0.983131553
20030804,0.406050705,1.201092446,1.201092446
20030805,-1.628550357,1.259424148,1.259424148
20030806,0.433481946,1.112083336,1.112083336
20030807,0.728021672,0.759333153,0.759333153
20030808,-0.081400086,0.577661852,0.577661852
20030811,0.294820526,0.568970382,0.568970382
20030812,0.842396971,0.467624068,0.467624068
20030813,-0.946252279,0.477729111,0.477729111
20030814,0.432966492,0.572029831,0.572029831
20030815,0.165900046,0.258646809,0.258646809
20030818,0.578728416,0.270562035,0.270562035
20030819,0.168776411,0.436049724,0.436049724
20030820,0.199203253,0.364272218,0.364272218
20030821,-0.148551649,0.817299151,0.817299151
20030822,-1.975152295,0.623838206,0.623838206
20030825,0.070150827,0.393808092,0.393808092
20030826,0.690866327,0.690065252,0.690065252
20030827,0.199700516,0.175698553,0.175698553
20030828,0.447250162,0.417114354,0.417114354
20030829,0.742687971,0.407915346,0.407915346
20030902,1.144994649,0.674011672,0.674011672
20030903,0.155159069,0.670811623,0.670811623
20030904,0.319566437,0.421913371,0.421913371
20030905,-0.22372462,0.513417936,0.513417936
20030908,0.715531964,0.362590108,0.362590108
20030909,-0.436237423,0.331051094,0.331051094
20030910,-0.881062968,0.397332863,0.397332863
20030911,0.156586448,0.389647129,0.389647129
20030912,0.606596127,0.563248312,0.563248312
20030915,-0.390930912,0.38458612,0.38458612
20030916,1.263379292,0.290644209,0.290644209
20030917,-0.261210423,0.321049803,0.321049803
20030918,1.134736669,0.335512774,0.335512774
20030919,-0.3364579,0.332113816,0.332113816
20030922,-0.389674141,0.42329736,0.42329736
20030923,0.447210545,0.39052192,0.39052192
20030924,-1.869945328,0.67302771,0.67302771
20030925,-0.811885648,0.725763888,0.725763888
20030926,-0.424014802,1.057595214,1.057595214
20030929,0.576771686,0.553289415,0.553289415
20030930,-0.599043325,1.130012467,1.130012467
20031001,1.760156191,0.612285595,0.612285595
20031002,0.421053254,0.526520697,0.526520697
20031003,-0.396269788,0.703442596,0.703442596
20031006,0.221997099,0.273473475,0.273473475
20031007,0.906292358,0.590092788,0.590092788
20031008,-0.576869209,0.525354156,0.525354156
20031009,-0.6888661,0.621076134,0.621076134
20031010,-0.052761591,0.346906251,0.346906251
20031013,0.133562317,0.245010331,0.245010331
20031014,0.504498714,0.334128524,0.334128524
20031015,-0.77777116,0.409628508,0.409628508
20031016,0.609525697,0.43152264,0.43152264
20031017,-1.135129277,0.441723992,0.441723992
20031020,0.324985948,0.381483037,0.381483037
20031021,0.143013801,0.322087697,0.322087697
20031022,-0.597764989,0.378965595,0.378965595
20031023,0.822731254,0.546060702,0.546060702
20031024,0.426977844,0.625137068,0.625137068
20031027,-0.289603446,0.336307499,0.336307499
20031028,1.023785434,0.369496446,0.369496446
20031029,0.466600856,0.435708733,0.435708733
20031030,-0.644857616,0.568012663,0.568012663
20031031,-0.056899006,0.349381595,0.349381595
20031103,0.537559648,0.340692009,0.340692009
20031104,-0.160581908,0.239161942,0.239161942
20031105,0.142092574,0.340308105,0.340308105
20031106,0.585238597,0.408704477,0.408704477
20031107,-0.781364295,0.531726645,0.531726645
20031110,-0.540464977,0.272019184,0.272019184
20031111,0,0.212841473,0.212841473
20031112,1.048911105,0.266227689,0.266227689
20031113,0.329613709,0.321108659,0.321108659
20031114,-0.764334931,0.449132993,0.449132993
20031117,-0.04767126,0.579284237,0.579284237
20031118,-1.290957446,0.508376842,0.508376842
20031119,0.765993787,0.427083886,0.427083886
20031120,-0.096200104,0.72166669,0.72166669
20031121,-0.172811103,0.4660972,0.4660972
20031124,0.978955687,0.247809395,0.247809395
20031125,0.302257716,0.395854533,0.395854533
20031126,0.037608124,0.367576195,0.367576195
20031201,0.671581668,0.325007395,0.325007395
20031202,-0.093187967,0.286813934,0.286813934
20031203,-0.428465633,0.347634132,0.347634132
20031204,0.446803312,0.329808363,0.329808363
20031205,-0.299121554,0.398186321,0.398186321
20031208,0.718789559,0.287495362,0.287495362
20031209,-1.193376087,0.406091979,0.406091979
20031210,-0.234400745,0.37178531,0.37178531
20031211,1.053377254,0.337120412,0.337120412
20031212,0.14807962,0.294218096,0.294218096
20031215,-1.504481744,0.485078238,0.485078238
20031216,0.463264055,0.283269205,0.283269205
20031217,0.249526491,0.198071661,0.198071661
20031218,0.962647819,0.199195383,0.199195383
20031219,-0.238160779,0.461722181,0.461722181
20031222,0.604785129,0.188428215,0.188428215
20031223,0.319241389,0.235758053,0.235758053
20031229,0.949159668,0.176302563,0.176302563
20031230,0.071987765,0.150844684,0.150844684
20031231,-0.035971223,0.236198972,0.236198972
20040102,-0.664454272,0.399075812,0.399075812
20040105,0.589077034,0.233274363,0.233274363
20040106,0.400338598,0.209876585,0.209876585
20040107,0.479446892,0.276068339,0.276068339
20040108,0.06179106,0.278789976,0.278789976
20040109,-0.284015457,0.448839299,0.448839299
20040112,0.478639453,0.270275874,0.270275874
20040113,-0.549744247,0.446581934,0.446581934
20040114,0.477750179,0.16397213,0.16397213
20040115,-0.022016248,0.532677065,0.532677065
20040116,0.175223455,0.359125826,0.359125826
20040120,-0.192391839,0.286106081,0.286106081
20040121,0.829083599,0.388674715,0.388674715
20040122,-0.321977392,0.359459624,0.359459624
20040123,-0.55797878,0.406098397,0.406098397
20040126,1.198763487,0.307002761,0.307002761
20040127,-0.919825992,0.369086033,0.369086033
20040128,-1.516043583,0.774793838,0.774793838
20040129,0.149588659,0.840204166,0.840204166
20040130,0,0.431943615,0.431943615
20040202,0.123055303,0.706846756,0.706846756
20040203,0.175685217,0.368611518,0.368611518
20040204,-0.132608427,0.493935048,0.493935048
20040205,0.114815645,0.379807889,0.379807889
20040206,1.087348489,0.383947143,0.383947143
20040209,-0.288197221,0.204639899,0.204639899
20040210,0.514812882,0.287150888,0.287150888
20040211,1.159884898,0.466161348,0.466161348
20040212,-0.241754564,0.214547819,0.214547819
20040213,-0.606219922,0.480303945,0.480303945
20040217,0.250010907,0.195145851,0.195145851
20040218,-0.474445574,0.216089326,0.216089326
20040219,-0.984548932,0.450994477,0.450994477
20040220,-0.416522643,0.478985928,0.478985928
20040223,-0.58319354,0.43887102,0.43887102
20040224,0.157397724,0.500778937,0.500778937
20040225,0.383643334,0.290874546,0.290874546
20040226,0.322173643,0.282935272,0.282935272
20040227,-0.08685834,0.355766415,0.355766415
20040301,0.595985353,0.275069457,0.275069457
20040302,-0.440624498,0.415850211,0.415850211
20040303,0.398337901,0.313886345,0.313886345
20040304,0.323645826,0.141634247,0.141634247
20040305,0.750942202,0.74206369,0.74206369
20040308,-0.932649247,0.293844285,0.293844285
20040309,-0.383008825,0.488212106,0.488212106
20040310,-1.519505763,0.519873258,0.519873258
20040311,-0.965413773,1.016874007,1.016874007
20040312,0.828697102,0.560224939,0.560224939
20040315,-1.065602203,0.768668858,0.768668858
20040316,-0.044740728,0.845374953,0.845374953
20040317,0.746073271,0.252601137,0.252601137
20040318,0.186178519,0.998851626,0.998851626
20040319,-1.001438984,0.392917585,0.392917585
20040322,-0.726351477,0.86266423,0.86266423
20040323,-0.545703946,0.630726467,0.630726467
20040324,-0.219118138,1.005662364,1.005662364
20040325,0.931332741,0.464742207,0.464742207
20040326,0.18909555,0.315741013,0.315741013
20040329,0.767449778,0.340293148,0.340293148
20040330,0.550378664,0.347965843,0.347965843
20040331,-0.106260525,0.388320522,0.388320522
20040401,0.414846793,0.302140828,0.302140828
20040402,-0.331530578,0.479585769,0.479585769
20040405,0.757216726,0.199823185,0.199823185
20040406,0.21747649,0.202855267,0.202855267
20040407,-0.405361784,0.384694074,0.384694074
20040408,-1.010197566,0.460026343,0.460026343
20040412,0.244072646,0.141965514,0.141965514
20040413,-1.706451384,0.523082966,0.523082966
20040414,0.496015189,0.492494461,0.492494461
20040415,-0.229438858,0.694234074,0.694234074
20040416,0.26415442,0.394774021,0.394774021
20040419,0.303396957,0.272374246,0.272374246
20040420,-1.71118185,0.37136873,0.37136873
20040421,0.542199453,0.722360336,0.722360336
20040422,1.727524012,0.54442166,0.54442166
20040423,-0.017480989,0.382502516,0.382502516
20040426,-0.507837533,0.399701124,0.399701124
20040427,0.026263953,0.528104814,0.528104814
20040428,-1.156899025,0.472811665,0.472811665
20040429,-0.792700655,1.006559567,1.006559567
20040430,-0.895662056,1.048232741,1.048232741
20040503,0.697926956,0.470302468,0.470302468
20040504,0.102402004,0.881686453,0.881686453
20040505,0.151117856,0.600740346,0.600740346
20040506,-0.16081483,0.539087282,0.539087282
20040507,-0.821563778,1.044166198,1.044166198
20040510,-0.301962987,1.026713049,1.026713049
20040511,0.501208504,0.430316976,0.430316976
20040512,0.682223959,1.071296167,1.071296167
20040513,0.354690927,0.932395766,0.932395766
20040514,0.063645045,1.175014605,1.175014605
20040517,-0.036741068,1.132824374,1.132824374
20040518,0.182498454,0.322984826,0.322984826
20040519,-0.991322747,0.558704891,0.558704891
20040520,0.054804532,0.46261431,0.46261431
20040521,-0.036380173,0.470684105,0.470684105
20040524,-0.380814677,0.502529412,0.502529412
20040525,1.807699055,0.517588717,0.517588717
20040526,0.39327902,0.379397112,0.379397112
20040527,0.159829549,0.432361032,0.432361032
20040528,-0.02661344,0.24416412,0.24416412
20040601,0.168746432,0.365605084,0.365605084
20040602,0.079593195,0.29820346,0.29820346
20040603,-0.479915603,0.257784259,0.257784259
20040604,-0.10624171,0.362443602,0.362443602
20040607,1.060994652,0.172461726,0.172461726
20040608,0.410069065,0.204958084,0.204958084
20040609,-0.648272091,0.235510702,0.235510702
20040610,0.227730676,0.125025794,0.125025794
20040614,-0.572613114,0.205379568,0.205379568
20040615,0.008776164,0.295758324,0.295758324
20040616,-0.017542321,0.196552557,0.196552557
20040617,0.017568517,0.160675929,0.160675929
20040618,0.414115751,0.271776473,0.271776473
20040621,-0.387563244,0.212274026,0.212274026
20040622,0.572865445,0.321787958,0.321787958
20040623,0.950490062,0.255299435,0.255299435
20040624,-0.113552006,0.237929654,0.237929654
20040625,-0.218808892,0.250606095,0.250606095
20040628,-0.736199644,0.303377236,0.303377236
20040629,0.386813669,0.224861688,0.224861688
20040630,0.332575136,0.347103746,0.347103746
20040701,-0.958291214,0.499674009,0.499674009
20040702,-0.327477391,0.364940392,0.364940392
20040706,-0.347702396,0.259425576,0.259425576
20040707,0.303625881,0.257001709,0.257001709
20040708,-0.546963928,0.490115995,0.490115995
20040709,-0.062681891,0.270142169,0.270142169
20040712,0.241816427,0.379591117,0.379591117
20040713,0,0.139201117,0.139201117
20040714,0.224466985,0.389246058,0.389246058
20040715,-0.646321819,0.33009921,0.33009921
20040716,-0.936521928,0.340827839,0.340827839
20040719,-0.2441562,0.463322719,0.463322719
20040720,0.685490192,0.407312809,0.407312809
20040721,-1.841207248,0.41983507,0.41983507
20040722,0.556038076,0.835822288,0.835822288
20040723,-0.640617181,0.639142939,0.639142939
20040726,-0.321057011,0.849167418,0.849167418
20040727,0.758236858,0.386502553,0.386502553
20040728,0.428110141,0.654490913,0.654490913
20040729,0.00904609,0.501166314,0.501166314
20040730,0.321274513,0.434265561,0.434265561
20040802,0.813379993,0.445160985,0.445160985
20040803,-0.478967072,0.320730532,0.320730532
20040804,0.345203831,0.373070156,0.373070156
20040805,-1.608956914,0.506015338,0.506015338
20040806,-0.746063332,0.758887004,0.758887004
20040809,0.018689842,0.299749104,0.299749104
20040810,0.964399166,0.321389136,0.321389136
20040811,0.389285875,0.670825261,0.670825261
20040812,-0.74585466,0.509202863,0.509202863
20040813,-0.028015128,0.502249098,0.502249098
20040816,1.289024201,0.355738001,0.355738001
20040817,0,0.284507249,0.284507249
20040818,1.418074173,0.41431756,0.41431756
20040819,-0.173175999,0.318453426,0.318453426
20040820,0.763501255,0.295850416,0.295850416
20040823,-0.317101058,0.28082474,0.28082474
20040824,-0.389405065,0.274501884,0.274501884
20040825,0.713482367,0.279608045,0.279608045
20040826,0.180099103,0.171942473,0.171942473
20040827,0.233540032,0.136943433,0.136943433
20040830,-0.586141721,0.135414767,0.135414767
20040831,0.369819571,0.264098315,0.264098315
20040901,0.323945213,0.575903056,0.575903056
20040902,1.125916639,0.240216201,0.240216201
20040903,-0.222806562,0.29018707,0.29018707
20040907,0.199667288,0.323647182,0.323647182
20040908,-0.24003212,0.337349379,0.337349379
20040909,-0.071092156,0.349233689,0.349233689
20040910,0.496366912,0.347127403,0.347127403
20040913,0.017653809,0.191545895,0.191545895
20040914,0.28203791,0.189065697,0.189065697
20040915,-0.521963409,0.165717459,0.165717459
20040916,0.221287986,0.137491486,0.137491486
20040917,0.115008638,0.18674199,0.18674199
20040920,-0.155407087,0.352774565,0.352774565
20040921,0.469131199,0.219314466,0.219314466
20040922,-0.767449778,0.242384005,0.242384005
20040923,-0.404040954,0.344289091,0.344289091
20040924,0.134825422,0.229903315,0.229903315
20040927,-0.387789637,0.254331167,0.254331167
20040928,0.386882484,0.279071942,0.279071942
20040929,0.547405683,0.258591375,0.258591375
20040930,0.170182315,0.263959989,0.263959989
20041001,1.071992547,0.249866825,0.249866825
20041004,-0.201798709,0.200498922,0.200498922
20041005,-0.017568517,0.197764567,0.197764567
20041006,0.683254235,0.204899596,0.204899596
20041007,-0.878122959,0.163599991,0.163599991
20041008,-0.505029204,0.327954727,0.327954727
20041011,0.070909416,0.119948433,0.119948433
20041012,0.293685967,0.244566771,0.244566771
20041013,-1.183972525,0.346025116,0.346025116
20041014,-0.863392359,0.354680628,0.354680628
20041015,0.144014426,0.3924185,0.3924185
20041018,0.79924991,0.389353938,0.389353938
20041019,-1.162777697,0.436391819,0.436391819
20041020,0.280378242,0.561072447,0.561072447
20041021,0.225397923,0.575484255,0.575484255
20041022,-1.112479252,0.438894845,0.438894845
20041025,0.081963485,0.559234143,0.559234143
20041026,1.173510488,0.351387963,0.351387963
20041027,1.444261531,0.468487378,0.468487378
20041028,0.362944673,0.356437443,0.356437443
20041029,0.220740896,0.297250505,0.297250505
20041101,-0.061660429,0.255423587,0.255423587
20041102,-0.140869895,0.455192556,0.455192556
20041103,-0.200200267,0.546112508,0.546112508
20041104,1.495468074,0.379047833,0.379047833
20041105,0.068341024,0.468885671,0.468885671
20041108,0,0.22003707,0.22003707
20041109,-0.068352703,0.226156217,0.226156217
20041110,-0.102572878,0.308077621,0.308077621
20041111,0.6888661,0.198607941,0.198607941
20041112,0.818811817,0.228504421,0.228504421
20041115,0.14335711,0.268716383,0.268716383
20041116,-0.499725768,0.217349391,0.217349391
20041117,0.042235081,0.257335436,0.257335436
20041118,0.134918648,0.24174226,0.24174226
20041119,-1.160980796,0.299423935,0.299423935
20041122,0.67615235,0.188975635,0.188975635
20041123,0.042389047,0.33001835,0.33001835
20041124,0.22803101,0.226537867,0.226537867
20041129,-0.557151534,0.42328127,0.42328127
20041130,-0.23757011,0.416299355,0.416299355
20041201,1.102565561,0.269497538,0.269497538
20041202,0.251593558,0.343807491,0.343807491
20041203,0.108909658,0.443140351,0.443140351
20041206,0.108991836,0.201136255,0.201136255
20041207,-1.187032501,0.359747252,0.359747252
20041208,0.363099407,0.325262746,0.325262746
20041209,0.985478601,0.350431233,0.350431233
20041210,0.218414065,0.294832425,0.294832425
20041213,0.449888287,0.182555344,0.182555344
20041214,0.518662601,0.229264937,0.229264937
20041215,0.248282839,0.258022834,0.258022834
20041216,-0.024851924,0.279579678,0.279579678
20041217,-0.033489619,0.437555101,0.437555101
20041220,-0.384937714,0.292470396,0.292470396
20041221,0.666669136,0.227831399,0.227831399
20041222,0.447576379,0.20748625,0.20748625
20041223,0.099230968,0.136487916,0.136487916
20041227,-0.662089649,0.245564437,0.245564437
20041228,0.504362556,0.168848897,0.168848897
20041229,0.173288817,0.10756608,0.10756608
20041230,-0.131882644,0.083148284,0.083148284
20041231,-0.206330284,0.091473672,0.091473672
20050103,-1.241635022,0.386500818,0.386500818
20050104,-1.438151877,0.492421209,0.492421209
20050105,-0.362762451,0.467475037,0.467475037
20050106,0.227704083,0.404653904,0.404653904
20050107,-0.345219894,0.496440185,0.496440185
20050110,0.505732703,0.336631097,0.336631097
20050111,-0.287041143,0.336781048,0.336781048
20050112,0.354161767,0.450767235,0.450767235
20050113,-0.770243767,0.311811444,0.311811444
20050114,0.389237249,0.267534765,0.267534765
20050118,1.254172409,0.287179938,0.287179938
20050119,-0.857869012,0.231051724,0.231051724
20050120,-0.297303256,0.479126429,0.479126429
20050121,-0.852665466,0.34974921,0.34974921
20050124,-0.539638981,0.481447193,0.481447193
20050125,-0.025666253,0.291843904,0.291843904
20050126,0.076690388,0.259230419,0.259230419
20050127,0.238663598,0.262588176,0.262588176
20050128,-0.323955953,0.324717457,0.324717457
20050131,0.093216396,0.256583576,0.256583576
20050201,0.539630315,0.152870859,0.152870859
20050202,0.243278506,0.216845728,0.216845728
20050203,-0.008399479,0.198650964,0.198650964
20050204,1.086331398,0.228609626,0.228609626
20050207,0.008317046,0.143701529,0.143701529
20050208,0.133056153,0.172737085,0.172737085
20050209,-0.942812874,0.23874595,0.23874595
20050210,0.141968373,0.21131783,0.21131783
20050211,0.84016632,0.311572471,0.311572471
20050214,0.082829459,0.101753556,0.101753556
20050215,0.314049845,0.17579746,0.17579746
20050216,0.206500714,0.18484896,0.18484896
20050217,-0.786720964,0.226016605,0.226016605
20050218,0.141366287,0.195021612,0.195021612
20050222,-1.073295562,0.314017467,0.314017467
20050223,0.302140389,0.287046068,0.287046068
20050224,0.843393584,0.389155682,0.389155682
20050225,0.918690509,0.24472862,0.24472862
20050228,-0.521330156,0.267569156,0.267569156
20050301,0.429610707,0.253214726,0.253214726
20050302,0.41308717,0.355816502,0.355816502
20050303,-0.263374638,0.361259148,0.361259148
20050304,0.42931682,0.245419773,0.245419773
20050307,0.114090144,0.230970508,0.230970508
20050308,-0.334926588,0.25943151,0.25943151
20050309,-0.777861726,0.394265531,0.394265531
20050310,-0.016500289,0.298214312,0.298214312
20050311,-0.752909692,0.388350236,0.388350236
20050314,0.33930599,0.254772163,0.254772163
20050315,-1.034820278,0.34042727,0.34042727
20050316,-0.410265573,0.325817892,0.325817892
20050317,0.067018516,0.263880533,0.263880533
20050318,-0.269020759,0.366575435,0.366575435
20050321,-0.396675205,0.360838592,0.360838592
20050322,-1.053088288,0.428496118,0.428496118
20050323,0.094013083,0.481623276,0.481623276
20050324,-0.285586605,0.275437473,0.275437473
20050328,-0.042594881,0.217143205,0.217143205
20050329,-0.616545882,0.425742178,0.425742178
20050330,1.140826267,0.321381056,0.321381056
20050331,-0.199021895,0.312869554,0.312869554
20050401,-1.178828899,0.629551942,0.629551942
20050404,0.204307554,0.41399965,0.41399965
20050405,0.22893977,0.305827725,0.305827725
20050406,-0.050671397,0.279616762,0.279616762
20050407,0.593473552,0.261303399,0.261303399
20050408,-0.876533214,0.246156025,0.246156025
20050411,-0.093035064,0.23678215,0.23678215
20050412,0.709882133,0.490216432,0.490216432
20050413,-0.957837372,0.376191164,0.376191164
20050414,-1.044440622,0.592130221,0.592130221
20050415,-1.286862381,0.886737248,0.886737248
20050418,0.39344313,0.708959004,0.708959004
20050419,0.191005441,0.331452146,0.331452146
20050420,-1.396183238,0.616425838,0.616425838
20050421,1.066006541,0.488274001,0.488274001
20050422,-0.398234445,0.621109572,0.621109572
20050425,0.336018926,0.424195492,0.424195492
20050426,-0.657441814,0.544830195,0.544830195
20050427,0.711376297,0.595207775,0.595207775
20050428,-0.766354008,0.548024447,0.548024447
20050429,0.54595222,0.779576349,0.779576349
20050502,0.240943237,0.283698334,0.283698334
20050503,0.154958709,0.634158978,0.634158978
20050504,0.828038365,0.378208434,0.378208434
20050505,-0.238257431,0.735952293,0.735952293
20050506,-0.620935096,0.44291833,0.44291833
20050509,0.688690389,0.244725058,0.244725058
20050510,-0.589619311,0.412914144,0.412914144
20050511,0.247725749,0.614188272,0.614188272
20050512,-1.045425117,0.642600259,0.642600259
20050513,-0.595060184,0.833145401,0.833145401
20050516,0.941962706,0.336068215,0.336068215
20050517,0.991376379,0.365172146,0.365172146
20050518,0.616425849,0.318493249,0.318493249
20050519,0.302038991,0.356988235,0.356988235
20050520,-0.14257561,0.258619066,0.258619066
20050523,0.376805972,0.251533521,0.251533521
20050524,0.154769654,0.318695316,0.318695316
20050525,-0.033517681,0.222480621,0.222480621
20050526,0.216829374,0.130767828,0.130767828
20050527,0.099891792,0.098668726,0.098668726
20050531,-0.53435879,0.248085553,0.248085553
20050601,0.866527668,0.430584913,0.430584913
20050602,0.398406901,0.175498813,0.175498813
20050603,-0.507256503,0.273020863,0.273020863
20050606,0.12497398,0.132058034,0.132058034
20050607,-0.257850008,0.348551098,0.348551098
20050608,-0.482771039,0.209231378,0.209231378
20050609,0.632755421,0.440456827,0.440456827
20050610,-0.2907341,0.243399589,0.243399589
20050613,0.316271591,0.270240179,0.270240179
20050614,0.314986998,0.27441283,0.27441283
20050615,-0.066061109,0.24996061,0.24996061
20050616,0.313324795,0.210222697,0.210222697
20050617,0.041126877,0.24717614,0.24717614
20050620,0.346277863,0.184784332,0.184784332
20050621,-0.156513892,0.232980618,0.232980618
20050622,-0.255070694,0.23467539,0.23467539
20050623,-1.11862624,0.387205993,0.387205993
20050624,-0.652831244,0.345975941,0.345975941
20050627,0.042011512,0.239875256,0.239875256
20050628,0.634445738,0.12005293,0.12005293
20050629,-0.366209315,0.159870495,0.159870495
20050630,-0.952945438,0.311553232,0.311553232
20050701,0.033478407,0.223895618,0.223895618
20050705,1.017778036,0.273975711,0.273975711
20050706,-0.75031615,0.25240927,0.25240927
20050707,1.24340004,0.573220683,0.573220683
20050708,1.044872264,0.287293286,0.287293286
20050711,0.558890252,0.195665631,0.195665631
20050712,0.253983996,0.227758235,0.227758235
20050713,0.057233966,0.211137629,0.211137629
20050714,-0.203508557,0.308795691,0.308795691
20050715,-0.016289298,0.14479642,0.14479642
20050718,-0.269685122,0.151846781,0.151846781
20050719,0.236050738,0.22763323,0.22763323
20050720,0.759749323,0.327987325,0.327987325
20050721,-0.682263855,0.528683182,0.528683182
20050722,0.446592436,0.250196184,0.250196184
20050725,-0.414012038,0.214235778,0.214235778
20050726,0.032454361,0.238037827,0.238037827
20050727,0.234542548,0.186199841,0.186199841
20050728,0.418511677,0.199443162,0.199443162
20050729,-0.669438319,0.228439442,0.228439442
20050801,-0.234447741,0.1822427,0.1822427
20050802,0.49939693,0.181592999,0.181592999
20050803,0.3134169,0.131951123,0.131951123
20050804,-0.45988221,0.168505524,0.168505524
20050805,-0.544207979,0.201934944,0.201934944
20050808,-0.610775953,0.218682937,0.218682937
20050809,0.243526381,0.189266706,0.189266706
20050810,-0.566894942,0.350565437,0.350565437
20050811,0.582384563,0.314972882,0.314972882
20050812,-0.27550459,0.28601119,0.28601119
20050815,0.356506616,0.216857992,0.216857992
20050816,-1.075104019,0.23950846,0.23950846
20050817,0.073622646,0.363880805,0.363880805
20050818,0.040958428,0.306491131,0.306491131
20050819,-0.293997762,0.164832007,0.164832007
20050822,-0.081612671,0.32952182,0.32952182
20050823,-0.376155485,0.277093054,0.277093054
20050824,-0.59215569,0.366665577,0.366665577
20050825,0.156475222,0.172684456,0.172684456
20050826,-0.544780547,0.287822399,0.287822399
20050829,0.966829826,0.265642906,0.265642906
20050830,-0.05774863,0.47382185,0.47382185
20050831,0.981184874,0.578317785,0.578317785
20050901,0.040807999,0.575097937,0.575097937
20050902,-0.571523437,0.271208355,0.271208355
20050906,0.872446543,0.211111874,0.211111874
20050907,0.298784895,0.188456283,0.188456283
20050908,-0.056622853,0.172889976,0.172889976
20050909,0.52354032,0.140483278,0.140483278
20050912,-0.016072003,0.134892168,0.134892168
20050913,-0.468347109,0.233798192,0.233798192
20050914,-0.469750601,0.21124812,0.21124812
20050915,-0.239132752,0.273919425,0.273919425
20050916,0.332024438,0.202467658,0.202467658
20050919,-0.426076486,0.178391121,0.178391121
20050920,-0.904983552,0.371035799,0.371035799
20050921,-0.75814125,0.356002071,0.356002071
20050922,0.412541839,0.527296173,0.527296173
20050923,0.255343823,0.314477185,0.314477185
20050926,-0.468154114,0.340050898,0.340050898
20050927,-0.032921811,0.358380345,0.358380345
20050928,-0.188857469,0.257577434,0.257577434
20050929,1.014821705,0.444849566,0.444849566
20050930,0.179269931,0.229322747,0.229322747
20051003,-0.244260014,0.27623696,0.27623696
20051004,-1.154945876,0.298265339,0.298265339
20051005,-1.378187028,0.548256438,0.548256438
20051006,-0.544093754,0.83637871,0.83637871
20051007,-0.025063704,0.485953729,0.485953729
20051010,-0.780041699,0.556236624,0.556236624
20051011,-0.37049554,0.678018805,0.678018805
20051012,-0.465648727,0.893117622,0.893117622
20051013,0.24658828,0.827187343,0.827187343
20051014,0.565712658,0.545701573,0.545701573
20051017,0.243892304,0.306974144,0.306974144
20051018,-0.886792687,0.361856363,0.361856363
20051019,1.753839221,0.599385567,0.599385567
20051020,-1.496371363,0.895825981,0.895825981
20051021,-0.211604463,0.756024305,0.756024305
20051024,1.33352083,0.581983919,0.581983919
20051025,0.012527927,0.521458195,0.521458195
20051026,-0.234564906,0.647597483,0.647597483
20051027,-1.037152515,0.497372283,0.497372283
20051028,1.242043493,0.517175786,0.517175786
20051031,0.344420118,0.351811529,0.351811529
20051101,-0.207598165,0.357306217,0.357306217
20051102,1.215946161,0.283067369,0.283067369
20051103,-0.008186321,0.373705017,0.373705017
20051104,-0.229020221,0.334974915,0.334974915
20051107,0.040844668,0.286848232,0.286848232
20051108,0.098352602,0.195321222,0.195321222
20051109,0.147335706,0.312851809,0.312851809
20051110,0.814071575,0.371948289,0.371948289
20051111,0.251002116,0.082594028,0.082594028
20051114,-0.064662143,0.173343693,0.173343693
20051115,-0.348559507,0.260632554,0.260632554
20051116,0.076974501,0.248400418,0.248400418
20051117,0.6363548,0.170585341,0.170585341
20051118,0.055975372,0.249129825,0.249129825
20051121,0.48623108,0.192920905,0.192920905
20051122,0.635124396,0.218220944,0.218220944
20051123,0.509650867,0.1570968,0.1570968
20051128,-0.868266565,0.209233044,0.209233044
20051129,-0.443143876,0.232583363,0.232583363
20051130,-0.652141646,0.361971066,0.361971066
20051201,0.695875021,0.193762345,0.193762345
20051202,0.070969526,0.188058304,0.188058304
20051205,-0.023686392,0.163971149,0.163971149
20051206,-0.236443994,0.235794854,0.235794854
20051207,-0.513936692,0.287601234,0.287601234
20051208,-0.142709927,0.388417547,0.388417547
20051209,0.190053906,0.241133173,0.241133173
20051212,-0.181681791,0.190389297,0.190389297
20051213,0.599418153,0.321116151,0.321116151
20051214,0.4392853,0.199678771,0.199678771
20051215,-0.242785098,0.231117581,0.231117581
20051216,-0.52388106,0.163844302,0.163844302
20051219,-0.760279262,0.194552038,0.194552038
20051220,-0.063582898,0.191046041,0.191046041
20051221,-0.039636926,0.22913205,0.22913205
20051222,0.276734709,0.138901501,0.138901501
20051223,-0.05521158,0.083690349,0.083690349
20051227,-1.125120814,0.217542572,0.217542572
20051228,-0.087534323,0.126546792,0.126546792
20051229,-0.326654475,0.135854776,0.135854776
20051230,-0.184479699,0.185845616,0.185845616
20060103,1.302019029,0.488310815,0.488310815
20060104,0.346320692,0.297926874,0.297926874
20060105,0.047169812,0.255526041,0.255526041
20060106,0.319700845,0.271814761,0.271814761
20060109,0.388591458,0.150694143,0.150694143
20060110,0.380893616,0.174722172,0.174722172
20060111,0.255447753,0.195044635,0.195044635
20060112,-0.38033189,0.149897933,0.149897933
20060113,0.108830857,0.210047414,0.210047414
20060117,0.038990916,0.190766378,0.190766378
20060118,0.156629369,0.325423567,0.325423567
20060119,0.218340698,0.18905936,0.18905936
20060120,-1.690225373,0.489200319,0.489200319
20060123,0.087118368,0.289504622,0.289504622
20060124,-0.031590586,0.293846539,0.293846539
20060125,-0.449687161,0.552384665,0.552384665
20060126,0.102084896,0.291009195,0.291009195
20060127,0.507912793,0.355507096,0.355507096
20060130,0.07783313,0.126752521,0.126752521
20060131,-0.31215883,0.311361738,0.311361738
20060201,0.312402628,0.356512148,0.356512148
20060202,-0.783641656,0.422600696,0.422600696
20060203,-0.15019172,0.45363956,0.45363956
20060206,0.086959964,0.201501858,0.201501858
20060207,-0.650899266,0.421619606,0.421619606
20060208,0.586140292,0.248391764,0.248391764
20060209,-0.31568174,0.263993738,0.263993738
20060210,0.300087092,0.450496053,0.450496053
20060213,-0.079038891,0.242577697,0.242577697
20060214,0.975694262,0.366705945,0.366705945
20060215,0.375293638,0.38750099,0.38750099
20060216,0.582729593,0.162338696,0.162338696
20060217,-0.162809665,0.154889194,0.154889194
20060221,-0.473474708,0.284178998,0.284178998
20060222,0.511232717,0.198490557,0.198490557
20060223,-0.201331956,0.26529444,0.26529444
20060224,0.069667534,0.212349156,0.212349156
20060227,0.22773338,0.153021469,0.153021469
20060228,-0.738068067,0.304187442,0.304187442
20060301,0.620157026,0.157444282,0.157444282
20060302,0.255705071,0.273263642,0.273263642
20060303,0.240636639,0.379636531,0.379636531
20060306,-0.757918003,0.310591107,0.310591107
20060307,-0.039097627,0.278225052,0.278225052
20060308,0.36737447,0.312275654,0.312275654
20060309,-0.590064431,0.193893727,0.193893727
20060310,0.632246574,0.396149414,0.396149414
20060313,-0.023285598,0.180366787,0.180366787
20060314,1.089528994,0.175963736,0.175963736
20060315,0.490572807,0.164819037,0.164819037
20060316,0.030536682,0.210492326,0.210492326
20060317,-0.076552097,0.174818424,0.174818424
20060320,-0.18005943,0.197179549,0.197179549
20060321,-0.584751993,0.33288722,0.33288722
20060322,0.700245253,0.263261415,0.263261415
20060323,-0.115247218,0.24183069,0.24183069
20060324,0.107626087,0.254403269,0.254403269
20060327,0.038445274,0.137656742,0.137656742
20060328,-0.555599855,0.309233776,0.309233776
20060329,0.616287291,0.248541527,0.248541527
20060330,-0.099980781,0.374167696,0.374167696
20060331,-0.416153498,0.220696503,0.220696503
20060403,-0.292577973,0.267000501,0.267000501
20060404,0.599402394,0.315091165,0.315091165
20060405,0.347773266,0.279423565,0.279423565
20060406,-0.015285845,0.24176358,0.24176358
20060407,-1.205250071,0.490254257,0.490254257
20060410,-0.084840543,0.229180492,0.229180492
20060411,-0.92836811,0.335806408,0.335806408
20060412,0.054345718,0.196767201,0.196767201
20060413,0.209749543,0.278871064,0.278871064
20060417,-0.233154687,0.229262528,0.229262528
20060418,1.367062128,0.399703763,0.399703763
20060419,0.213969209,0.379654446,0.379654446
20060420,0.12207219,0.398214438,0.398214438
20060421,-0.487026303,0.268758609,0.268758609
20060424,-0.068767911,0.222966539,0.222966539
20060425,-0.620097681,0.382265634,0.382265634
20060426,0.065115391,0.326242592,0.326242592
20060427,0.85080803,0.797021157,0.797021157
20060428,0.267247133,0.278691302,0.278691302
20060501,-0.683169651,0.409976026,0.409976026
20060502,0.297267645,0.196977329,0.196977329
20060503,-0.221281232,0.229161385,0.229161385
20060504,0.175338333,0.161853992,0.161853992
20060505,0.506177185,0.168074913,0.168074913
20060508,0.022633823,0.068677459,0.068677459
20060509,0.083028272,0.069675552,0.069675552
20060510,-0.007552585,0.364963054,0.364963054
20060511,-1.32170553,0.330535631,0.330535631
20060512,-0.931887063,0.560559171,0.560559171
20060515,0.642392209,0.534791924,0.534791924
20060516,-0.30873751,0.256619901,0.256619901
20060517,-1.16457606,0.803831346,0.803831346
20060518,-0.796063317,0.517127817,0.517127817
20060519,0.078796001,0.910540356,0.910540356
20060522,0.221484033,1.090054285,1.090054285
20060523,-1.043322774,0.514193083,0.514193083
20060524,0.313797402,1.540698899,1.540698899
20060525,0.565727917,0.313283994,0.313283994
20060526,0.226288575,0.216652003,0.216652003
20060530,-1.329315205,0.400934132,0.400934132
20060531,0.567198622,0.63805129,0.63805129
20060601,1.1162834,0.333605261,0.333605261
20060602,-0.08514921,0.531646661,0.531646661
20060605,-1.50167064,0.422561137,0.422561137
20060606,-0.378072284,0.955591585,0.955591585
20060607,-0.799023277,0.601973173,0.601973173
20060608,0.429082899,1.658337656,1.658337656
20060609,-0.666986751,0.796106116,0.796106116
20060612,-1.504750659,0.636594702,0.636594702
20060613,-0.843818394,1.394321352,1.394321352
20060614,0.527748556,0.984330336,0.984330336
20060615,1.680711832,0.513964899,0.513964899
20060616,-0.143907924,0.553075396,0.553075396
20060619,-1.267973011,0.698584786,0.698584786
20060620,-0.104885241,0.500325713,0.500325713
20060621,0.92329346,0.506226155,0.506226155
20060622,-0.392927814,0.415931274,0.415931274
20060623,0.040207471,0.536635115,0.536635115
20060626,0.384677506,0.238367265,0.238367265
20060627,-0.916110554,0.362707548,0.362707548
20060628,0.329622037,0.314061391,0.314061391
20060629,1.600287656,0.664225284,0.664225284
20060630,-0.381177394,0.245685281,0.245685281
20060705,-0.196610499,0.244804547,0.244804547
20060706,0.13355857,0.279068924,0.279068924
20060707,-0.516328522,0.397176306,0.397176306
20060710,-0.149812762,0.235177946,0.235177946
20060711,0.52778885,0.332930813,0.332930813
20060712,-0.987486794,0.385410854,0.385410854
20060713,-1.033207702,0.682340154,0.682340154
20060714,-0.423720898,0.746932073,0.746932073
20060717,-0.056696231,0.498168636,0.498168636
20060718,-0.064667369,0.735267366,0.735267366
20060719,1.447156977,0.625808509,0.625808509
20060720,-0.924014859,0.384976958,0.384976958
20060721,-0.842532567,0.71482846,0.71482846
20060724,1.356872921,0.406751429,0.406751429
20060725,0.774952479,0.495474215,0.495474215
20060726,0.228824024,0.449786575,0.449786575
20060727,-0.74109453,0.558465378,0.558465378
20060728,0.65136585,0.351911485,0.351911485
20060731,-0.023495321,0.212772514,0.212772514
20060801,-0.133579559,0.252752186,0.252752186
20060802,0.258307059,0.309039735,0.309039735
20060803,0.61463971,0.304096343,0.304096343
20060804,-0.754485748,0.642013768,0.642013768
20060807,-0.101701554,0.253760732,0.253760732
20060808,-0.618469893,0.736855816,0.736855816
20060809,-1.117680609,0.387152722,0.387152722
20060810,0.590994983,0.476689484,0.476689484
20060811,-0.251948799,0.308024486,0.308024486
20060814,-0.455474323,0.214277617,0.214277617
20060815,0.400942556,0.25861,0.25861
20060816,0.316492603,0.175504775,0.175504775
20060817,0.323599943,0.190657962,0.190657962
20060818,0.214855822,0.178998684,0.178998684
20060821,-0.046102425,0.123649827,0.123649827
20060822,0.153798861,0.205179746,0.205179746
20060823,-0.46968325,0.217369451,0.217369451
20060824,-0.111596417,0.183609174,0.183609174
20060825,0.138728346,0.181918242,0.181918242
20060828,0.630431857,0.167921234,0.167921234
20060829,0.206698638,0.251861338,0.251861338
20060830,-0.099384588,0.169467685,0.169467685
20060831,-0.107050018,0.095182566,0.095182566
20060901,0.243679682,0.121543793,0.121543793
20060905,0.14437144,0.134793071,0.134793071
20060906,-0.535292247,0.143199792,0.143199792
20060907,-0.184700684,0.264666959,0.264666959
20060908,0.161296552,0.168629234,0.168629234
20060911,0.391961459,0.225034157,0.225034157
20060912,0.816144266,0.151290787,0.151290787
20060913,0.450988959,0.143711061,0.143711061
20060914,0.060601471,0.165395388,0.165395388
20060915,-0.371029843,0.195859311,0.195859311
20060918,0.17436796,0.193014658,0.193014658
20060919,-0.284236449,0.219297395,0.219297395
20060920,0.120909861,0.264797147,0.264797147
20060921,-0.696181397,0.286941673,0.286941673
20060922,-0.205268632,0.18977969,0.18977969
20060925,0.605466165,0.343927911,0.343927911
20060926,0.774294415,0.308219184,0.308219184
20060927,0.097330895,0.307227756,0.307227756
20060928,0.026165779,0.180203284,0.180203284
20060929,-0.261868393,0.139643367,0.139643367
20061002,-0.352575287,0.169890079,0.169890079
20061003,0.39791336,0.232743716,0.232743716
20061004,1.282738149,0.215563901,0.215563901
20061005,0.288643208,0.149157742,0.149157742
20061006,0.051853774,0.231955954,0.231955954
20061009,0.155595927,0.123306588,0.123306588
20061010,0.170086933,0.150910097,0.150910097
20061011,0.111181125,0.261416576,0.261416576
20061012,0.59989507,0.099972445,0.099972445
20061013,0.289669283,0.119781892,0.119781892
20061016,0.267003322,0.057926671,0.057926671
20061017,0,0.163852507,0.163852507
20061018,-0.350851906,0.3029778,0.3029778
20061019,0.241678685,0.186300963,0.186300963
20061020,0.036540359,0.118312102,0.118312102
20061023,0.816807342,0.196869331,0.196869331
20061024,0.345335591,0.16390495,0.16390495
20061025,0.333406122,0.306994001,0.306994001
20061026,0.136922156,0.175460668,0.175460668
20061027,-0.491827984,0.260063365,0.260063365
20061030,0.159698059,0.174198501,0.174198501
20061031,-0.210259276,0.253093695,0.253093695
20061101,-0.952284302,0.281213203,0.281213203
20061102,0.226865332,0.191639804,0.191639804
20061103,-0.481999034,0.282390886,0.282390886
20061106,0.814431494,0.174340144,0.174340144
20061107,0.162663377,0.192184812,0.192184812
20061108,0.53479928,0.281942181,0.281942181
20061109,-0.660401888,0.26143493,0.26143493
20061110,0.094063174,0.167512423,0.167512423
20061113,0.361193776,0.174666708,0.174666708
20061114,0.416487748,0.235452364,0.235452364
20061115,0.286184641,0.187325868,0.187325868
20061116,-0.156762181,0.162267958,0.162267958
20061117,0.331781757,0.152530715,0.152530715
20061120,0.064132257,0.202445022,0.202445022
20061121,0.064036432,0.085594038,0.085594038
20061122,0.120708645,0.1298624,0.1298624
20061127,-1.277009964,0.282496167,0.282496167
20061128,0.591418962,0.416960918,0.416960918
20061129,0.621852545,0.266633465,0.266633465
20061130,0.010680147,0.430766403,0.430766403
20061201,-0.324334241,0.622006964,0.622006964
20061204,0.674502894,0.199000353,0.199000353
20061205,0.239892869,0.250769706,0.250769706
20061206,-0.070516892,0.127351914,0.127351914
20061207,-0.57201526,0.214388608,0.214388608
20061208,0.19821612,0.282935623,0.282935623
20061211,0.240130068,0.108248965,0.108248965
20061212,-0.02824061,0.268612399,0.268612399
20061213,-0.281611,0.136385733,0.136385733
20061214,0.786410456,0.214797515,0.214797515
20061215,-0.171902724,0.132488673,0.132488673
20061218,-0.414807077,0.149817023,0.149817023
20061219,0.528523833,0.247558449,0.247558449
20061220,-0.161738371,0.111869455,0.111869455
20061221,-0.457924644,0.194465747,0.194465747
20061222,-0.559313292,0.207050964,0.207050964
20061226,0.517089872,0.086900553,0.086900553
20061227,0.513236266,0.103791769,0.103791769
20061228,-0.140558038,0.158642192,0.158642192
20061229,-0.430229531,0.178092081,0.178092081
20070103,-0.570926661,0.484517612,0.484517612
20070104,0.29334344,0.442983311,0.442983311
20070105,-0.421874241,0.367453893,0.367453893
20070108,0.241151972,0.305850786,0.305850786
20070109,-0.134546634,0.330539869,0.330539869
20070110,0.588716812,0.266274361,0.266274361
20070111,0.500300519,0.181225939,0.181225939
20070112,0.596346525,0.185658081,0.185658081
20070116,-0.013982103,0.153146468,0.153146468
20070117,0.104950158,0.228456238,0.228456238
20070118,-0.504167443,0.271542538,0.271542538
20070119,0.266218456,0.182850956,0.182850956
20070122,-0.606434248,0.210674053,0.210674053
20070123,0.336842424,0.21307699,0.21307699
20070124,0.651831438,0.143717313,0.143717313
20070125,-1.034323289,0.208511427,0.208511427
20070126,-0.280938519,0.372015811,0.372015811
20070129,-0.147788478,0.224915883,0.224915883
20070130,0.280583798,0.174755573,0.174755573
20070131,0.841411964,0.274269533,0.274269533
20070201,0.290939524,0.185215973,0.185215973
20070202,0.034541122,0.140256529,0.140256529
20070205,0,0.106761632,0.106761632
20070206,-0.13114756,0.126076502,0.126076502
20070207,-0.055141992,0.113270754,0.113270754
20070208,0.062135388,0.197652363,0.197652363
20070209,-0.816726578,0.243149627,0.243149627
20070212,-0.361915763,0.132913485,0.132913485
20070213,0.516832868,0.111016696,0.111016696
20070214,0.564662015,0.136863644,0.136863644
20070215,0.109777026,0.110928532,0.110928532
20070216,0.171732826,0.062495689,0.062495689
20070220,0.377138994,0.133221896,0.133221896
20070221,0.192109836,0.178978886,0.178978886
20070222,-0.164439914,0.202580449,0.202580449
20070223,-0.281680651,0.193363659,0.193363659
20070226,-0.453546682,0.146495773,0.146495773
20070227,-2.705152274,1.904720293,1.904720293
20070228,0.355442188,1.330312134,1.330312134
20070301,0.857270574,2.045169939,2.045169939
20070302,-0.766946382,0.835894414,0.835894414
20070305,-0.174152863,0.953819008,0.953819008
20070306,0.74670077,0.439714731,0.439714731
20070307,-0.179089557,0.454557024,0.454557024
20070308,-0.007114653,0.311082049,0.311082049
20070309,-0.482407292,0.432718364,0.432718364
20070312,0.42637927,0.236764597,0.236764597
20070313,-1.501518924,0.718489742,0.718489742
20070314,0.511620644,1.42971986,1.42971986
20070315,0.373241892,0.475737669,0.475737669
20070316,-0.590354486,0.398574384,0.398574384
20070319,0.544063193,0.236618035,0.236618035
20070320,0.619241098,0.2379071,0.2379071
20070321,1.5470388,0.672447912,0.672447912
20070322,-0.115068792,0.321955769,0.321955769
20070323,0.146448647,0.263064474,0.263064474
20070326,0.055733595,0.467613776,0.467613776
20070327,-0.300836271,0.255170354,0.255170354
20070328,-0.493340912,0.529934211,0.529934211
20070329,-0.288053032,0.474937356,0.474937356
20070330,-0.16894274,0.729047621,0.729047621
20070402,0.091398045,0.313246791,0.313246791
20070403,0.474496738,0.16573528,0.16573528
20070404,0.062610875,0.151314592,0.151314592
20070405,0.423655876,0.069707633,0.069707633
20070409,-0.12455887,0.095968236,0.095968236
20070410,0.318185231,0.116028163,0.116028163
20070411,-0.679002124,0.283435925,0.283435925
20070412,0.689789386,0.231678855,0.231678855
20070413,0.26194266,0.181591872,0.181591872
20070416,0.621905302,0.094539893,0.094539893
20070417,0.068013333,0.158399498,0.158399498
20070418,0.381264078,0.16619538,0.16619538
20070419,0.333867377,0.237495931,0.237495931
20070420,0.168548835,0.143428652,0.143428652
20070423,-0.175379472,0.146058113,0.146058113
20070424,-0.141762605,0.251329003,0.251329003
20070425,0.48962169,0.206870551,0.206870551
20070426,-0.070268193,0.167646926,0.167646926
20070427,0.234545257,0.225367409,0.225367409
20070430,-0.953411277,0.191490133,0.191490133
20070501,0.053846673,0.342314994,0.342314994
20070502,0.482380675,0.126007038,0.126007038
20070503,0.199853507,0.183378903,0.183378903
20070504,-0.066357003,0.202964534,0.202964534
20070507,0.059640173,0.086413038,0.086413038
20070508,0.185775,0.127021232,0.127021232
20070509,0.486731752,0.356506596,0.356506596
20070510,-0.939725,0.352435503,0.352435503
20070511,0.711936205,0.186814209,0.186814209
20070514,-0.212328392,0.248500141,0.248500141
20070515,-0.225838688,0.463990189,0.463990189
20070516,0.542329372,0.243604723,0.243604723
20070517,0.016511186,0.208325661,0.208325661
20070518,0.367888997,0.147723453,0.147723453
20070522,-0.072057911,0.195470735,0.195470735
20070523,-0.370085739,0.247520693,0.247520693
20070524,-0.988475923,0.562293327,0.562293327
20070525,0.230741441,0.239507147,0.239507147
20070529,0.108533006,0.280840454,0.280840454
20070530,1.246571712,0.360874692,0.360874692
20070531,-0.195439802,0.186028229,0.186028229
20070601,0.04547374,0.213354245,0.213354245
20070604,0.454871146,0.142772719,0.142772719
20070605,-0.205074859,0.29303084,0.29303084
20070606,-0.531131375,0.284265701,0.284265701
20070607,-1.462111512,0.66789401,0.66789401
20070608,1.071664664,0.479098227,0.479098227
20070611,0.2481514,0.289963684,0.289963684
20070612,-0.659233285,0.584575204,0.584575204
20070613,1.002009078,0.433764954,0.433764954
20070614,0.413399978,0.228485021,0.228485021
20070615,-0.150184494,0.160252531,0.160252531
20070618,-0.313459409,0.16729107,0.16729107
20070619,0.372756538,0.21974956,0.21974956
20070620,-1.681153332,0.4545812,0.4545812
20070621,0.600562769,0.750373752,0.750373752
20070622,-0.828560071,0.763538889,0.763538889
20070625,-0.433521871,0.885019118,0.885019118
20070626,-0.755174505,0.721305995,0.721305995
20070627,1.539521705,0.535577763,0.535577763
20070628,0.019947472,0.534083171,0.534083171
20070629,-0.511816066,0.674038004,0.674038004
20070702,0.621120009,0.270940973,0.270940973
20070705,0,0.234168842,0.234168842
20070706,0.379904826,0.213192398,0.213192398
20070709,-0.075088559,0.160049832,0.160049832
20070710,-0.943372105,0.563396934,0.563396934
20070711,0.713863829,0.477195009,0.477195009
20070712,1.536988902,0.219965649,0.219965649
20070713,0.332617813,0.207086078,0.207086078
20070716,-0.045180238,0.209957661,0.209957661
20070717,-0.09682105,0.250181062,0.250181062
20070718,0.178054078,0.681868614,0.681868614
20070719,0.006443091,0.243946528,0.243946528
20070720,-1.005816208,0.60284936,0.60284936
20070723,-0.142699642,0.297051507,0.297051507
20070724,-1.308153412,0.770656858,0.770656858
20070725,-0.210664989,1.285616591,1.285616591
20070726,-1.118078129,2.846790849,2.846790849
20070727,-1.543460863,2.253961713,2.253961713
20070730,0.920848225,1.307564868,1.307564868
20070731,-1.988353672,1.304210052,1.304210052
20070801,0.986782488,3.099168061,3.099168061
20070802,0.360458785,1.267776978,1.267776978
20070803,-2.705006801,1.783537628,1.783537628
20070806,1.752682413,1.861860943,1.861860943
20070807,1.212548916,2.559210174,2.559210174
20070808,0.985626002,1.575497449,1.575497449
20070809,-1.221399647,2.591220413,2.591220413
20070810,0.876623388,3.493851409,3.493851409
20070813,-0.684887274,0.913518718,0.913518718
20070814,-2.052349649,1.722251051,1.722251051
20070815,-1.269410558,2.109834968,2.109834968
20070816,1.36404502,5.257504857,5.257504857
20070817,-0.571843509,2.437506145,2.437506145
20070820,-0.282846589,1.409512813,1.409512813
20070821,0.248670433,1.112004937,1.112004937
20070822,0.461231792,0.727959332,0.727959332
20070823,-0.520595265,0.909093017,0.909093017
20070824,1.140387053,0.514088672,0.514088672
20070827,-0.6513355,0.42808519,0.42808519
20070828,-1.711448853,0.49309355,0.49309355
20070829,1.587171317,0.635746766,0.635746766
20070830,0.480127127,1.045002085,1.045002085
20070831,-0.128748112,0.815740532,0.815740532
20070904,1.186397468,0.399405539,0.399405539
20070905,-0.419287826,0.697495094,0.697495094
20070906,0.219435296,0.60825318,0.60825318
20070907,-0.437877,0.837907478,0.837907478
20070910,-0.67801513,0.878499919,0.878499919
20070911,0.959615354,0.563930615,0.563930615
20070912,0.247545863,0.578690274,0.578690274
20070913,0.161409679,0.34662365,0.34662365
20070914,0.646771776,0.458226618,0.458226618
20070917,-0.121441116,0.310696257,0.310696257
20070918,2.357112082,2.194060297,2.194060297
20070919,-0.032597712,0.434650345,0.434650345
20070920,-0.667367041,0.411093671,0.411093671
20070921,-0.275428071,0.221987644,0.221987644
20070924,-0.585585777,0.38927541,0.38927541
20070925,0.535627004,0.381592043,0.381592043
20070926,0.072223502,0.324834106,0.324834106
20070927,0.052314937,0.262438777,0.262438777
20070928,-0.235802821,0.288389079,0.288389079
20071001,1.237236594,0.245143256,0.245143256
20071002,-0.122957466,0.204618573,0.204618573
20071003,-0.006501739,0.283310598,0.283310598
20071004,0.025952118,0.155908069,0.155908069
20071005,0.366996517,0.245709064,0.245709064
20071008,-0.135235233,0.116442363,0.116442363
20071009,0.512821637,0.279168871,0.279168871
20071010,-0.019225224,0.216888342,0.216888342
20071011,-1.011985835,0.87883061,0.87883061
20071012,0.385183759,0.358030856,0.358030856
20071015,-0.932152936,0.520610897,0.520610897
20071016,-0.441301255,0.540252222,0.540252222
20071017,-0.627772828,0.741581738,0.741581738
20071018,0.253848543,0.421515012,0.421515012
20071019,-2.085471212,0.918706845,0.918706845
20071022,1.165541606,0.95525301,0.95525301
20071023,0.402308869,0.635908248,0.635908248
20071024,0.224585602,1.649787166,1.649787166
20071025,-0.231015581,1.336794475,1.336794475
20071026,0.267510681,0.626215215,0.626215215
20071029,0.045464879,0.308520451,0.308520451
20071030,-0.247977157,0.325736364,0.325736364
20071031,0.518236568,0.919276306,0.919276306
20071101,-1.663910013,1.125235702,1.125235702
20071102,-0.257740618,1.898882017,1.898882017
20071105,0.373557902,1.289040836,1.289040836
20071106,0.831852688,0.661167789,0.661167789
20071107,-1.905970052,1.534163674,1.534163674
20071108,-0.324873382,3.185812218,3.185812218
20071109,-0.165073289,2.498407172,2.498407172
20071112,-0.843770135,1.472061944,1.472061944
20071113,2.020959269,0.745870474,0.745870474
20071114,-1.430909944,1.027289103,1.027289103
20071115,-0.999460675,1.373804056,1.373804056
20071116,-0.198446707,1.525377438,1.525377438
20071119,-1.204917285,1.238281264,1.238281264
20071120,0.396040122,2.167150504,2.167150504
20071121,-0.880970196,1.897500533,1.897500533
20071123,0.620232658,0.371291042,0.371291042
20071126,-2.507187902,1.097406797,1.097406797
20071127,0.969040657,1.896505007,1.896505007
20071128,2.120657312,0.773861459,0.773861459
20071129,0.455953697,0.980825535,0.980825535
20071130,-0.416863375,0.854558004,0.854558004
20071203,-0.453055513,0.718180818,0.718180818
20071204,-0.061385263,0.546666491,0.546666491
20071205,0.633467985,0.594198896,0.594198896
20071206,1.658224667,0.484884482,0.484884482
20071207,-0.450063636,0.453197618,0.453197618
20071210,0.504427161,0.325645967,0.325645967
20071211,-2.529421326,2.118945241,2.118945241
20071212,-1.576564285,1.77145843,1.77145843
20071213,0.645120173,1.565912809,1.565912809
20071214,-0.582539072,0.669780285,0.669780285
20071217,-1.062855001,0.843757417,0.843757417
20071218,-0.184988577,0.98070669,0.98070669
20071219,-0.219493881,1.033075844,1.033075844
20071220,-0.20451299,0.596062809,0.596062809
20071221,0.554880298,0.2803232,0.2803232
20071226,0.469389985,0.195613805,0.195613805
20071227,-0.998254614,0.37013001,0.37013001
20071228,-0.655208531,0.457683424,0.457683424
20071231,-0.490631308,0.417151833,0.417151833
20080102,-1.363883931,1.085993347,1.085993347
20080103,-0.31792134,0.571455811,0.571455811
20080104,-1.695611736,1.209013972,1.209013972
20080107,-0.232976914,1.692419061,1.692419061
20080108,-2.331771808,1.591194638,1.591194638
20080109,1.251043946,2.408927304,2.408927304
20080110,1.488455749,3.158500984,3.158500984
20080111,-0.519999747,1.658126356,1.658126356
20080114,0.212314305,0.608782525,0.608782525
20080115,-1.289132397,1.094062469,1.094062469
20080116,-0.16755914,2.238818485,2.238818485
20080117,-3.20559205,2.803879292,2.803879292
20080118,-1.274857911,3.529084939,3.529084939
20080122,3.574028626,7.237121443,7.237121443
20080123,4.999891296,7.168484016,7.168484016
20080124,0.53105686,2.617385652,2.617385652
20080125,-2.59388557,2.594427992,2.594427992
20080128,1.51151383,2.134610513,2.134610513
20080129,-0.022045045,0.991684272,0.991684272
20080130,-0.177147965,2.957973952,2.957973952
20080131,2.943180885,3.14509611,3.14509611
20080201,1.103230716,1.663229118,1.663229118
20080204,-0.85856016,0.762623802,0.762623802
20080205,-1.587570435,1.750484908,1.750484908
20080206,-1.414112076,1.546210195,1.546210195
20080207,1.278693617,2.946891504,2.946891504
20080208,-0.090103625,1.622453588,1.622453588
20080211,0.576759024,1.219869704,1.219869704
20080212,0.011116669,1.210063284,1.210063284
20080213,0.49129338,0.86405105,0.86405105
20080214,-1.448714531,1.083976219,1.083976219
20080215,0.382026687,0.90055321,0.90055321
20080219,-1.20713964,1.005971095,1.005971095
20080220,1.551279697,1.480976145,1.480976145
20080221,-1.615496352,1.035636829,1.035636829
20080222,0.465649978,1.815740082,1.815740082
20080225,1.308501819,2.121027069,2.121027069
20080226,1.163311069,1.127392842,1.127392842
20080227,0.413508515,1.076460885,1.076460885
20080228,-0.182328753,0.866451331,0.866451331
20080229,-1.703339929,0.911696956,0.911696956
20080303,0.195078093,1.261603953,1.261603953
20080304,0.51669956,1.999643093,1.999643093
20080305,0.19465455,1.703492388,1.703492388
20080306,-1.630120634,1.415333453,1.415333453
20080307,-0.007709209,2.508555069,2.508555069
20080310,-1.513592757,1.720616778,1.720616778
20080311,1.284944499,1.522581482,1.522581482
20080312,-1.083056749,1.228884603,1.228884603
20080313,1.778079537,3.335647769,3.335647769
20080314,-2.69451099,6.64308369,6.64308369
20080317,1.367623297,3.90177301,3.90177301
20080318,2.068490615,2.736469854,2.736469854
20080319,-2.862361511,2.206212828,2.206212828
20080320,2.077621247,1.648320909,1.648320909
20080324,1.107827589,0.914395042,0.914395042
20080325,0.140787693,1.061574916,1.061574916
20080326,-0.462204491,0.877423791,0.877423791
20080327,-1.297599306,1.386505974,1.386505974
20080328,-1.263684479,0.884208477,0.884208477
20080331,0.524177901,0.857097344,0.857097344
20080401,2.359489659,0.814862193,0.814862193
20080402,-0.299609271,0.885480963,0.885480963
20080403,0.615973202,0.755846432,0.755846432
20080404,0.007301135,0.846492371,0.846492371
20080407,-0.589242603,0.58706767,0.58706767
20080408,0.194377777,0.550615828,0.550615828
20080409,-0.893339029,0.551732716,0.551732716
20080410,0.375898729,0.715447257,0.715447257
20080411,-0.881326192,0.600682155,0.600682155
20080414,-0.285757451,0.55752317,0.55752317
20080415,-0.05241679,0.501113498,0.501113498
20080416,1.241058996,0.489573868,0.489573868
20080417,0.337639781,0.564208096,0.564208096
20080418,0.014393667,0.521757312,0.521757312
20080421,0.389835897,0.349425651,0.349425651
20080422,-0.355214408,0.567748714,0.567748714
20080423,-0.101441933,0.663639174,0.663639174
20080424,0.512877203,0.997950616,0.997950616
20080425,0.257898273,0.715417571,0.715417571
20080428,-0.207520916,0.367134719,0.367134719
20080429,-0.211853075,0.403487511,0.403487511
20080430,-0.64818376,1.077719598,1.077719598
20080501,1.825978913,0.645715942,0.645715942
20080502,-0.697996982,0.75872515,0.75872515
20080505,-0.283889474,0.431082061,0.431082061
20080506,1.291439222,0.515121561,0.515121561
20080507,-1.849401882,0.655418037,0.655418037
20080508,0.064379987,0.73664878,0.73664878
20080509,0.23781224,0.406227734,0.406227734
20080512,0.886670092,0.371673491,0.371673491
20080513,-0.27737296,0.38444505,0.38444505
20080514,-0.092175708,0.328071541,0.328071541
20080515,1.029846162,0.466715117,0.466715117
20080516,-0.13308586,0.412607634,0.412607634
20080519,0.014003641,0.475859063,0.475859063
20080520,-0.443803342,0.534978357,0.534978357
20080521,-1.785698216,0.857650903,0.857650903
20080522,0.121868182,0.540411235,0.540411235
20080523,-0.859490322,0.647062704,0.647062704
20080527,0.650808574,0.485454439,0.485454439
20080528,0.150791685,0.607239109,0.607239109
20080529,0.648364351,0.592516346,0.592516346
20080530,-0.220947312,0.302038895,0.302038895
20080602,-0.717775117,0.487564391,0.487564391
20080603,-0.951907383,0.95562746,0.95562746
20080604,0.188528806,0.948973137,0.948973137
20080605,1.497109012,0.588512401,0.588512401
20080606,-2.305285124,1.218925239,1.218925239
20080609,-0.138944774,1.183724805,1.183724805
20080610,0.34575383,1.092615471,1.092615471
20080611,-1.482057509,1.084734282,1.084734282
20080612,-0.096643505,0.937233834,0.937233834
20080613,0.902151014,1.148084771,1.148084771
20080616,0.647203848,0.654616873,0.654616873
20080617,-1.159390738,0.620393514,0.620393514
20080618,-0.282507065,0.937523919,0.937523919
20080619,0.401666711,1.144768244,1.144768244
20080620,-0.960564055,0.952362348,0.952362348
20080623,-0.326165572,0.690646384,0.690646384
20080624,0.121988426,0.964859732,0.964859732
20080625,0.19717889,1.235620084,1.235620084
20080626,-1.847109975,1.239637423,1.239637423
20080627,-0.382678432,1.369396835,1.369396835
20080630,-0.089957961,0.92186553,0.92186553
20080701,1.451632066,2.012634213,2.012634213
20080702,-2.165979677,1.273710367,1.273710367
20080707,-1.342088836,2.117282904,2.117282904
20080708,1.823565953,2.138951392,2.138951392
20080709,-2.429269257,1.359929281,1.359929281
20080710,0.752545382,2.928015058,2.928015058
20080711,0.064510929,4.417661458,4.417661458
20080714,-2.015547109,2.148655508,2.148655508
20080715,-0.304239021,2.821617121,2.821617121
20080716,2.415046023,1.754265614,1.754265614
20080717,0.605386587,1.482828185,1.482828185
20080718,-0.182445614,0.9095225,0.9095225
20080721,-0.411849149,0.582390758,0.582390758
20080722,1.993579195,0.950370335,0.950370335
20080723,0.257701911,1.130778522,1.130778522
20080724,-2.317253748,0.866331844,0.866331844
20080725,-0.151015408,1.091881115,1.091881115
20080728,-1.561873037,0.741293178,0.741293178
20080729,1.830220918,0.736692893,0.736692893
20080730,1.111731485,1.159813232,1.159813232
20080731,-0.464147472,1.014888288,1.014888288
20080801,-0.813429954,1.326568973,1.326568973
20080804,-0.900440364,0.835947597,0.835947597
20080805,1.878616852,0.856136058,0.856136058
20080806,0.832268639,0.54445883,0.54445883
20080807,-0.863359888,0.875952742,0.875952742
20080808,2.380786062,0.911599229,0.911599229
20080811,0.90727979,0.650547065,0.650547065
20080812,-0.778274011,0.764939819,0.764939819
20080813,0.046587469,1.028830284,1.028830284
20080814,1.305684206,0.825857083,0.825857083
20080815,0.084618644,0.677046029,0.677046029
20080818,-1.708650328,0.827447338,0.827447338
20080819,-0.337984209,0.716164351,0.716164351
20080820,0.258712072,1.071166642,1.071166642
20080821,0.95386486,0.829796604,0.829796604
20080822,0.642989394,0.464741525,0.464741525
20080825,-1.352164101,0.678568094,0.678568094
20080826,0.282907851,0.710122795,0.710122795
20080827,0.703072969,0.559164478,0.559164478
20080828,0.847854624,0.482775218,0.482775218
20080829,-0.735268976,0.491383116,0.491383116
