20020102,1.183445765,3.738887023,3.205925197
20020103,-0.32137146,2.097193211,-0.32137146
20020104,-1.244268149,2.526264057,-1.459091003
20020107,0.924673436,3.825065419,0.542889498
20020108,2.74137027,3.163071224,2.089548299
20020109,-0.266737955,3.642615249,-0.745080616
20020110,1.116735881,4.0198621,1.009841162
20020111,1.10324208,1.63300962,1.208950335
20020114,-0.685114669,1.714486517,-1.208950335
20020115,0.212539931,2.123434406,-0.370861352
20020116,-1.072396336,2.143740784,-1.551248009
20020117,-0.65005646,3.466862878,-0.811912444
20020118,1.904819497,3.132175032,0.811912444
20020122,-1.857976944,2.506724956,-2.290176429
20020123,0.776918447,3.705592406,-0.220872536
20020124,1.870241531,2.262894045,1.427027509
20020125,0.979333181,2.477130778,0.651821971
20020128,0.929730514,2.051161076,-0.542889498
20020129,-2.815532378,5.934399477,-2.815532378
20020130,-0.913248356,12.05997857,-2.379715697
20020131,1.254292385,4.460301949,1.19693649
20020201,-1.492565022,2.739415949,-2.060748368
20020204,-5.206081304,8.017951464,-6.019093912
20020205,4.205200698,11.55460346,-0.061443934
20020206,-5.032508389,14.58457018,-4.848289731
20020207,0.313972,8.318897304,2.861880531
20020208,2.165256259,4.536650762,2.41572602
20020211,1.498155362,6.197661243,-1.231542659
20020212,0.188738653,2.690970712,-1.435282049
20020213,1.384540682,4.104634119,0.564087989
20020214,-1.961467504,5.867896971,-2.211780525
20020215,-5.129329439,6.929619542,-5.449329712
20020219,-3.935613194,4.898426979,-4.273565526
20020220,1.497645419,11.79523341,4.138521616
20020221,-2.124094932,5.095699869,-2.462504731
20020222,1.369884436,6.805865545,1.784536032
20020225,3.612872409,8.479060574,5.299253014
20020226,0.06555228,10.83350388,-1.560499807
20020227,1.959566295,9.668699264,1.30210173
20020228,0.387597384,5.808702767,0.322893403
20020301,0.630916919,5.443042999,2.483413204
20020304,1.066175041,5.587431602,0.81428574
20020305,0.750003516,5.219619397,0.18697419
20020306,0.617667189,6.17475895,1.114562621
20020307,-2.492340845,6.396018181,-2.430783441
20020308,-0.500626828,4.762277599,0.566217304
20020311,0.124610608,3.721637295,0.750003516
20020312,1.498155362,2.712401519,0.496895432
20020313,-2.640002472,4.449975781,-2.763995049
20020314,-0.959393352,2.29758212,-0.89571936
20020315,1.272281793,2.827917996,1.657144359
20020318,-0.063031833,4.631393815,0.252525387
20020319,-0.632913505,3.631010559,-0.695985094
20020320,-0.656170333,4.838464092,-3.620304866
20020321,4.546237408,5.234346785,3.620304866
20020322,0.443178946,4.896815191,0.506650862
20020325,-3.533936645,4.97998326,-3.470785395
20020326,-1.378426814,2.786037673,-1.051949214
20020327,1.371226186,2.205500176,1.898584033
20020328,1.605170901,3.289750429,1.799534422
20020401,0.317158528,1.932026089,0.571611591
20020402,-2.564243061,1.822684566,-2.500931885
20020403,-1.116596166,2.478111264,-1.702726141
20020404,-0.857242309,1.199630552,-0.264550419
20020405,-0.597809818,2.741905491,-0.597809818
20020408,1.473569865,1.614180388,0.199667288
20020409,0.40080214,4.025244925,-0.266311742
20020410,-3.528181414,8.325720927,-3.528181414
20020411,-6.773611626,10.37193849,-8.726253861
20020412,2.222313678,6.368351609,2.823367329
20020415,-0.87977107,1.339706447,-0.51413995
20020416,6.657449062,9.414254481,8.264496066
20020417,-3.252319171,6.065434384,-1.571607339
20020418,0.344234419,10.29685783,0.206398422
20020419,-2.40148762,6.040627802,-1.036278704
20020422,0,3.039541043,-4.618938247
20020423,-1.1502643,7.848617928,0.580132156
20020424,-2.158357167,1.920654177,-0.580132156
20020425,-0.222469502,4.068620374,-2.057383369
20020426,-2.607224031,4.377420356,-1.646743799
20020429,-2.724127782,3.627289809,-3.026471171
20020430,3.340116321,9.51370938,1.81157392
20020501,5.526267868,8.715321564,6.363092835
20020502,0.293255342,7.60516217,-2.100765412
20020503,2.631730832,3.483844498,1.453513962
20020506,0,2.490543751,-1.161116093
20020507,-1.327453121,2.101504485,-1.693084241
20020508,2.786889901,2.444339251,5.207250075
20020509,-0.580132156,4.398226944,-3.149866706
20020510,1.395542296,5.615751824,-0.291333054
20020513,-0.146950798,4.602076347,-0.805570083
20020514,-1.39349523,6.19199229,-0.442152526
20020515,0.817544502,3.535426003,-0.221811551
20020516,-2.677024106,3.692474449,-4.62028406
20020517,0.077549442,3.011622745,0
20020520,4.057196327,3.028612893,3.278982282
20020521,-1.209387378,3.415299213,-1.359537557
20020522,0.387447211,3.637399571,-1.687156584
20020523,1.302201473,1.540433112,1.611082027
20020524,-2.012451818,2.597375907,-2.699739747
20020528,-2.861880531,4.05001421,-3.096714298
20020529,-3.11245435,6.790924794,-3.11245435
20020530,0,2.390642336,-0.249896007
20020531,0.418235658,1.395720356,-0.083437635
20020603,2.005079705,3.232756115,0.914007194
20020604,1.567042376,3.472649356,1.069528912
20020605,-4.116498886,4.124853794,-4.690977282
20020606,0,4.716225811,-0.515908281
20020607,0.17559267,5.579773637,-1.739174271
20020610,-3.329142353,6.035549035,-4.210205321
20020611,-6.538275926,6.030259542,-5.355906536
20020612,-4.783732941,18.50991553,-3.536714384
20020613,3.755381997,10.07973498,3.052920503
20020614,1.783991813,24.27589613,-1.268928691
20020617,0.097228982,5.065814465,1.074753872
20020618,0.964327627,3.845937342,1.255448648
20020619,-1.680711832,6.319986274,-3.814643435
20020620,-5.261657101,16.6145058,-6.062462182
20020621,3.035293191,16.70301339,2.716990535
20020624,4.154900291,10.2596583,6.195787454
20020625,-5.480823649,10.09871807,-3.751673938
20020626,2.417353653,36.2280518,-3.168379486
20020627,-1.723306712,24.06356832,1.545625824
20020628,6.421959273,9.385767624,6.626249436
20020701,-4.779066384,5.86862703,-4.301738508
20020702,-4.652001563,8.830366093,-5.756985182
20020703,2.197890672,12.30265141,2.197890672
20020708,0.881926343,11.07728939,0.587085835
20020709,-2.369311226,3.493215336,-2.369311226
20020710,-5.037215416,8.813701957,-2.375648746
20020711,4.633255664,18.32195959,3.863033628
20020712,1.932427283,8.150495299,2.814353626
20020715,0.572520648,14.73642232,0.572520648
20020716,0.393314175,12.50281614,-3.092033765
20020717,0.383877631,8.996261907,2.423773522
20020718,-1.641755851,4.988444563,-1.641755851
20020719,-1.899107551,2.707013895,-3.56826756
20020722,-3.715597689,37.06408773,-4.120047178
20020723,-11.45665646,43.01579407,-9.478455561
20020724,8.992229498,54.00513485,4.741294318
20020725,-1.799823612,40.13110131,-2.908482418
20020726,3.242318671,8.666985331,3.128746824
20020729,5.601041214,6.516204024,6.803898801
20020730,4.29513872,7.643914796,2.637069646
20020731,0.49677201,3.620075105,0.996024171
20020801,-4.445176257,6.336904471,-4.148293308
20020802,0.208768343,21.35506712,-0.934101239
20020805,-10.0521239,16.36009723,-9.739786323
20020806,5.067163227,13.8511448,6.776606563
20020807,-0.956945102,10.57108465,0.53561992
20020808,4.985456023,15.85472933,5.305456296
20020809,3.982149419,7.803642759,1.208473922
20020812,3.766550289,5.41336671,2.861566737
20020813,-2.419273755,8.176640309,-2.711529199
20020814,1.290340484,11.38125637,1.340303013
20020815,4.855322542,11.61009919,3.963786176
20020816,-0.668898815,11.53327612,-1.143959091
20020819,3.970275703,5.778921193,3.393351026
20020820,0,3.60267539,3.550668846
20020821,5.744822691,9.448695524,8.566879455
20020822,0.730226369,4.136638645,1.547892412
20020823,0.986850114,7.651925285,-1.220023266
20020826,3.804586742,7.697261463,2.982889431
20020827,-5.112805975,10.1118343,-3.928425767
20020828,1.839516753,5.979242978,-0.289555528
20020829,4.308868697,13.82115692,2.131228207
20020830,-1.546632376,6.621569413,-1.141937368
20020903,-6.392504129,9.652925278,-8.380970641
20020904,3.037109788,10.89261167,4.278260472
20020905,2.936307672,10.56854415,0.426439879
20020906,3.172219245,8.600970242,3.512066641
20020909,1.627375215,5.402316023,1.791578864
20020910,2.566299617,5.376773671,1.918524072
20020912,-1.754430965,4.956656408,-1.912408881
20020913,2.076751953,6.666489275,1.754430965
20020916,-1.049666481,7.119350698,-2.643325707
20020917,-0.158227881,6.27020082,2.485097826
20020918,0.95542128,3.362147163,-0.079207925
20020919,-1.140077495,5.822628316,-3.302756899
20020920,0.807106883,7.066643705,1.866179919
20020923,0.328677371,4.45179442,-2.030114382
20020924,-1.666705249,6.457665142,-2.407754338
20020925,-0.668898815,8.682259213,0.167926152
20020926,5.464057785,5.986556384,5.547915232
20020927,2.499122405,5.904891871,-0.317965292
20020930,-2.633897116,13.81879054,-4.6444192
20021001,2.61026239,5.463234402,3.523510747
20021002,-0.660613468,6.64052559,-2.85850414
20021003,-5.300385863,21.03689047,-5.798725765
20021004,0,14.71355554,1.826932065
20021007,-2.787636953,9.61991598,-2.443402534
20021008,-4.513401403,21.2486955,-4.425101176
20021009,2.737311067,11.08001622,-0.834497193
20021010,5.16653182,15.53620422,5.259598369
20021011,4.879016417,8.958975766,5.583244679
20021014,1.520299552,6.527831696,-0.334728346
20021015,0.796816965,6.432637378,5.464057785
20021016,-3.226086222,7.920400732,-3.226086222
20021017,-1.273902578,3.297448038,2.26914112
20021018,1.596203084,4.81151823,1.194757342
20021021,0.400160598,2.517311437,-0.874757069
20021022,6.530042594,5.990676907,4.757232264
20021023,3.03053495,6.094811635,2.035501864
20021024,-3.007745524,3.941882176,-2.264247675
20021025,2.579809232,3.79898965,1.890415464
20021028,-0.889553679,5.24548775,0.597462569
20021029,-2.810667357,8.754894145,-3.408129926
20021030,1.373019281,5.258285393,1.680711832
20021031,-1.294270065,5.180594813,-1.142869582
20021101,4.236639637,4.667975165,3.390155168
20021104,1.085786997,5.240004069,2.847947132
20021105,3.489139978,2.742868952,2.839083518
20021106,-1.832327515,8.377790235,-1.622610556
20021107,-2.394020755,6.020625044,-3.179458566
20021108,1.524530434,5.80062995,1.890965436
20021111,-1.396568086,4.656139111,-2.701880311
20021112,1.749315745,3.51968811,2.413279822
20021113,-1.327453121,5.739420887,-2.709795977
20021114,1.251396529,2.085890353,1.473866031
20021115,1.237729671,3.411555139,1.09131676
20021118,0.148257996,10.7133161,-2.34271329
20021119,5.367879633,14.20069937,69.9423738
20021120,2.451192779,4.277736809,1.823537036
20021121,0.464867635,1.659821749,1.292657138
20021122,-0.178731057,1.496318412,-0.285816558
20021125,0,0.576656064,0.143010393
20021126,-0.501433715,1.677209536,-0.501433715
20021127,-0.178412179,1.481599123,0.53715438
20021202,-1.945930852,4.375500518,-0.178475864
20021203,0.071403073,0.710119176,0.107123738
20021204,1.003952498,2.2591796,0.035682427
20021205,-0.392787507,1.104104794,-0.285816558
20021206,1.620197458,1.85440557,0.178731057
20021209,-0.323102058,2.078618043,-0.680884193
20021210,-4.907612357,2.902661283,-4.298182257
20021211,3.1772159,2.843573488,3.1772159
20021212,-1.262415323,2.296928697,0.181653093
20021213,1.352112688,2.065425397,0
20021216,-0.255241706,2.799631776,-0.582455232
20021217,0.514328834,1.333881657,-0.365764855
20021218,-4.097407421,2.84178757,-3.695139554
20021219,-3.323864148,2.203702654,-4.471104264
20021220,4.580365757,3.323079672,5.530115674
20021223,2.63710732,1.239797735,2.599477969
20021226,-0.22371374,1.293336456,-0.743774347
20021227,0.187160826,1.208973155,-0.186811188
20021230,-3.735578654,1.393997839,-2.767949221
20021231,0.191460905,3.366487361,0.498562874
20030102,1.484257304,3.667474329,3.791033818
20030103,1.127079737,1.804280664,1.861027986
20030106,0.840494624,2.813600102,-0.652885888
20030107,-0.958709408,2.309909648,-1.799204032
20030108,1.397081547,3.389508326,1.471155625
20030109,-0.526747199,2.772233981,0.237031746
20030110,-0.110558331,3.312436769,-1.227683766
20030113,-2.116095012,1.108007335,0
20030114,0.146789017,1.193693778,0.551573379
20030115,-0.181851296,0.515291811,0.730730325
20030116,-3.632719682,2.464208268,-3.632719682
20030117,-1.336663017,2.470884837,-1.828622382
20030121,-2.775814303,2.316043446,-1.667028331
20030122,-0.748477002,3.795449521,-1.140173547
20030123,-3.828218657,34.69836288,-20.99841745
20030124,-1.6349138,6.370175243,-2.369311226
20030127,-1.942801393,6.311957031,-3.300629647
20030128,-2.906276161,6.328951113,-1.981295259
20030129,3.183292657,6.434431642,0.83901908
20030130,-3.934585133,6.793795187,-3.77804975
20030131,5.924524488,7.826130125,5.435260126
20030203,-3.363835915,4.107893929,-2.443584022
20030204,-2.502126806,5.90203865,-2.396919011
20030205,-2.049694196,6.042331924,-1.084021455
20030206,-1.778812884,5.440095497,-2.874714263
20030207,-4.546237408,5.953601158,-3.597304806
20030210,3.642975404,5.555019903,3.93325137
20030211,-1.394722748,3.177892313,-0.504344022
20030212,-1.860781065,2.371848097,-1.30055551
20030213,-0.684153182,3.193061374,-0.513553197
20030214,2.43845368,4.487816961,2.0946138
20030218,-1.398624197,3.206310154,-0.56179923
20030219,4.234891807,3.483154199,4.516185944
20030220,-4.029554018,14.08288546,-1.793039072
20030221,1.792065336,3.696261474,1.846874874
20030224,-2.216906146,2.971467777,-1.573127098
20030225,0.382200847,5.869091332,0.32751121
20030226,1.460669735,5.659466822,1.460669735
20030227,-1.441177866,4.086431518,-0.107469113
20030228,-0.161247012,3.346593088,-0.053777899
20030303,-0.809721023,2.235996683,-0.755943125
20030304,-2.669730882,2.455584137,-1.860009859
20030305,1.796944621,2.55942077,2.29267684
20030306,-3.122685934,3.056581693,-3.06873395
20030307,-0.398974596,3.213991985,-2.59315545
20030310,-4.020349175,3.04416544,-4.020349175
20030311,-5.941140868,4.190521929,-4.935512754
20030312,-0.124223618,7.196627719,0.4984434
20030313,-1.702168757,4.3563232,1.358045563
20030314,-2.022747481,5.332323872,-0.985836696
20030317,6.609011183,10.67493684,6.298933415
20030318,0.526470944,5.567660186,-0.349447065
20030319,-1.695451311,5.817476259,-1.055728281
20030320,0.779146884,6.551701415,-1.245937209
20030321,-0.297000515,4.237842648,0.357568915
20030324,-0.060078103,4.621535836,-1.016451203
20030325,1.668691879,3.266346844,1.668691879
20030326,2.323607668,5.657974523,0.353982671
20030327,-0.534601808,3.514968393,-1.125270979
20030328,-0.534601808,1.86664835,0
20030331,-2.377435961,3.735980636,-3.515513534
20030401,-1.754961834,4.675883799,1.043274268
20030402,-0.251889302,2.584709693,-3.226086222
20030403,-6.854654254,7.285332542,-5.97580365
20030404,0.664454272,4.435580894,1.065256412
20030407,-4.284015868,4.476326919,-1.669487857
20030408,1.398624197,2.660925907,1.80185055
20030409,-2.693765573,5.131706462,-3.157803529
20030410,-1.870508294,6.161205401,-2.41807982
20030411,-1.970507108,2.062829535,-1.621466614
20030414,-0.426439879,2.783870265,-0.213447253
20030415,-2.73595179,2.968744193,-2.451456576
20030416,-1.66851894,5.927830279,-0.21921821
20030417,3.947408797,5.486844399,3.874229137
20030421,-1.782578395,2.878249488,-2.205710197
20030422,0.800295286,5.000275396,-0.722024797
20030423,6.807001392,12.91297526,20.9720531
20030424,3.29901634,15.27158539,-2.257968775
20030425,-0.305343749,6.495152836,-1.758153805
20030428,3.428907348,3.45534486,3.367726557
20030429,1.643229463,2.989144024,1.584075365
20030430,-1.284314209,3.787848259,-0.935679341
20030501,-1.655862789,4.041502435,-1.479754731
20030502,0.298418604,3.269596348,0.05961252
20030505,-1.720600145,3.538997441,-0.418035843
20030506,-1.550418654,3.433151845,-0.419790721
20030507,-0.212346508,3.341730158,-1.057251956
20030508,1.425496714,2.493291794,-1.314400705
20030509,1.587334916,1.76499267,1.587334916
20030512,-0.966774902,3.17279025,-0.242571374
20030513,2.817087697,3.492802526,2.695580999
20030514,1.170973567,3.965486151,1.524956238
20030515,1.787306153,3.953646439,1.845496437
20030516,2.97357112,9.635192947,3.315841848
20030519,-1.473114458,4.616390768,-3.20162139
20030520,3.36166108,4.983349859,3.53274752
20030521,2.424361161,8.454685634,1.204833852
20030522,1.411532665,3.524840589,0.975088983
20030523,2.898753687,4.172892006,3.704127168
20030527,0.264760547,4.597286642,-1.782017806
20030528,-2.785396998,1.960300277,-2.679688743
20030529,2.253314221,9.033354288,2.361891865
20030530,2.338376227,2.920427983,3.236190549
20030602,-0.706716722,4.015141741,1.377221462
20030603,-2.035693707,3.789502682,-1.479996394
20030604,1.985303179,3.438053984,1.985303179
20030605,0.305810636,2.799124396,-0.962276354
20030606,-1.945785915,4.087385817,-1.590184829
20030609,-0.876972347,5.405893581,-0.207039411
20030610,-0.802177933,4.473419768,-0.285380918
20030611,5.72158043,5.498938104,6.317359941
20030612,2.5389234,15.63196452,4.948678558
20030613,-1.714327699,5.43841511,-3.399760854
20030616,-0.23781224,2.156182773,0.860837454
20030617,-2.12511086,5.347761775,-4.779066384
20030618,1.093994004,2.346485629,0.994043971
20030619,-1.326474866,2.96977895,0
20030620,-0.097847366,4.110927248,1.033219524
20030623,-3.231700572,1.873637947,-3.182764922
20030624,0.503019169,1.723233034,0.704937461
20030625,-1.870158119,3.692937781,-1.669656799
20030626,0.508131175,3.270731942,0.66107538
20030627,-2.096727284,3.470256501,-1.944790056
20030630,-1.957816269,3.765451063,-0.674101593
20030701,-0.623702646,2.776933414,-0.208333409
20030702,2.49694501,3.873628049,3.534298711
20030707,1.411313748,2.757981981,2.842831036
20030708,-0.557104505,1.768416334,-1.462088057
20030709,0.555416727,2.964275705,0.859676597
20030710,-3.395387893,2.639031618,-3.849590036
20030711,0.724640852,2.294200124,1.4545711
20030714,-0.920722617,2.058838343,0.36036075
20030715,-0.305810636,2.978019121,0.66581552
20030716,-1.698008381,1.411451643,-1.646974953
20030717,-0.522740344,1.755012523,-0.990881641
20030718,1.834913867,1.571446354,0.887039471
20030721,-1.14109122,4.580900696,-0.416450368
20030722,1.988339785,4.789820292,3.284030365
20030723,-2.074448282,3.879081147,-1.27001961
20030724,-4.201888275,8.306370771,2.424361161
20030725,0.687963401,2.040118861,1.878453652
20030728,3.813924225,9.519581708,8.267616919
20030729,-1.59857252,5.909592083,-2.095748686
20030730,-2.92703823,2.713566392,-2.376072649
20030731,-0.422436676,3.769265616,0.235460434
20030801,0.362976805,2.347946975,3.78448485
20030804,-0.688233962,2.511448419,-1.643872634
20030805,-2.369448829,2.047511092,-2.093586585
20030806,0.563911269,4.1290339,0.328561666
20030807,-1.503787736,1.843891759,-1.036278704
20030808,-1.142325606,1.426935783,-1.094988327
20030811,-0.190839753,2.179926813,0.239062987
20030812,0.142348778,1.685722359,0.713778905
20030813,-1.137453022,1.453756154,-0.522939152
20030814,0.331518182,1.927864576,0.807030252
20030815,-1.181209104,1.43983778,-0.521451762
20030818,-0.283420124,0.677337449,0.474159257
20030819,-0.562589388,1.000806469,0.613064877
20030820,-0.51655433,1.185594666,-0.141143284
20030821,-0.233808851,1.654754381,0.563381772
20030822,-0.321617553,1.500114729,1.717378018
20030825,-1.379966701,1.292181231,-0.646354974
20030826,2.156670556,1.637534014,-0.139049849
20030827,0.464684851,1.197974234,0.046371436
20030828,0.323400605,1.161882597,0.508671617
20030829,2.820933185,3.148715089,2.774797083
20030902,-0.267618358,2.673282844,0.447628321
20030903,-1.072396336,1.488448532,-0.582308476
20030904,1.516532187,1.514750768,1.471598463
20030905,1.154029674,3.75964497,0.309392512
20030908,-1.903976046,1.407311644,-1.28804801
20030909,-1.040027462,1.420868491,-1.667832214
20030910,-0.273099851,2.204239846,-0.273099851
20030911,0.227842432,1.533182093,0.136643155
20030912,-0.455581654,2.065039358,-0.319124957
20030915,1.132002127,1.735706618,1.405600108
20030916,-0.044853107,1.622193152,0.359550949
20030917,0.493606566,6.316819752,0.224064624
20030918,0.444840591,2.039998734,0.84689608
20030919,-1.061017911,1.057008575,-0.133244523
20030922,2.16487359,3.359183897,1.67478573
20030923,-1.291489783,2.202743922,-2.522815807
20030924,-2.156417792,1.459498921,-1.308387715
20030925,-1.491553076,1.214816141,-0.272851465
20030926,1.846483445,2.030934069,2.028467117
20030929,-1.705606877,2.012608514,-1.438227038
20030930,-2.113078163,2.298011226,-2.52133457
20031001,-1.44490978,9.620310456,-1.120459901
20031002,-1.242252,3.248685089,-2.375408601
20031003,-3.642063132,2.724233174,-2.828077311
20031006,-1.257878221,1.571254869,-0.371609495
20031007,1.388911216,1.323729294,0.76647674
20031008,-0.946929578,1.096893539,-1.638973862
20031009,1.169312987,1.191000033,1.219375567
20031010,-0.049468218,1.135569982,-0.024737168
20031013,-0.445655603,1.23112745,-0.297324302
20031014,-0.298210957,0.6785847,-0.298210957
20031015,-0.945045581,0.882437127,-0.399003023
20031016,0.841797494,1.564179227,1.340303013
20031017,-0.890654082,0.967516067,-0.792083349
20031020,3.538047726,2.713123293,4.280809249
20031021,-1.588911283,2.874686357,-4.97906645
20031022,-2.73711968,3.060640383,-2.637069646
20031023,-1.863407954,4.754793896,-1.658069073
20031024,0.752826642,5.635058632,4.395188753
20031027,-0.653761443,2.99370565,-0.904074465
20031028,0.301962987,2.560448573,0.402820283
20031029,-0.991916251,2.759257689,-4.31278335
20031030,-1.574835697,1.864307364,-0.842997616
20031031,-1.572317535,3.877153437,-1.519421474
20031103,0.371648954,2.20744603,1.360565206
20031104,-1.321023174,2.526171369,-0.371648954
20031105,-1.013071847,1.912135818,-0.747467442
20031106,0.106609818,2.012092067,0.587765518
20031107,0.211416569,1.659306322,0.901623716
20031110,-0.262260837,1.176426278,0.526594161
20031111,-1.457599986,2.053430264,0.157439025
20031112,1.721033352,1.316794943,1.405907041
20031113,-0.829880281,0.994782822,-0.726521099
20031114,-0.051880676,1.820770704,0.363920339
20031117,-0.572470988,1.96595418,-0.572470988
20031118,-0.365249558,1.009479048,-0.156698909
20031119,0.312989301,0.40716586,0.365249558
20031120,-0.15694484,0.580662774,-0.522194398
20031121,4.032186948,1.462303392,4.554381346
20031124,-1.205439006,2.176699622,-1.00553889
20031125,1.412025478,1.266875773,0.905438781
20031126,-1.006044703,1.364206085,-0.955982123
20031201,1.736585442,2.328952559,2.490168511
20031202,0.296589441,2.545491283,-0.344912882
20031203,-0.197824001,2.067630718,-0.296589441
20031204,-0.637725978,2.746441041,0.59230183
20031205,-0.790517951,1.803810061,-0.790517951
20031208,-0.399003023,0.687505401,-0.746829461
20031209,-0.802411527,1.383132156,-0.752448998
20031210,0.808085205,1.194831416,0.100654261
20031211,-1.769063068,2.61429748,-1.367456102
20031212,-2.343247021,1.896808993,-3.265384703
20031215,-0.1581028,4.083384877,-0.105429635
20031216,-0.052645434,1.307062484,0.1581028
20031217,-0.580017445,1.121538457,-0.422164215
20031218,1.256561036,0.812495187,1.626052087
20031219,-0.463559934,1.410830471,0.777407388
20031222,-0.153964619,1.469196875,0.514934197
20031223,0.916970256,0.828927861,1.275852979
20031229,0.603623563,0.385395737,0.906807221
20031230,0.350087879,0.717667771,0.450338514
20031231,1.340968691,0.974231218,1.191081079
20040102,0.52872029,1.856115664,2.869148911
20040105,0.139697345,1.369626706,2.975426108
20040106,-0.232937445,1.930539251,-0.232937445
20040107,-0.936775,1.35553221,-0.890144083
20040108,2.208001384,2.260579713,3.377605361
20040109,-0.898138866,2.377542509,-4.275744227
20040112,-0.142551699,2.159742146,-0.142551699
20040113,-0.616554004,1.640620988,-0.047562427
20040114,-0.46729057,0.667750681,1.557737423
20040115,-1.034329861,1.444840155,-0.893913268
20040116,-1.2757083,1.01537394,-0.616261728
20040120,2.05422723,3.111007342,2.859346426
20040121,-2.142606417,1.649340521,-1.86572576
20040122,-0.538030156,4.479816342,-4.084161179
20040123,-1.611313814,1.519211157,-3.442594884
20040126,2.258565265,1.774137202,2.258565265
20040127,-1.796455498,1.324454279,-1.449662978
20040128,-0.805238372,1.913049344,-0.3530899
20040129,-2.021291656,2.465356767,-1.015752766
20040130,-0.818837738,2.744022086,-0.66581552
20040202,-0.20481318,1.761761219,0.256607788
20040203,-2.094584878,1.87039104,-0.720167722
20040204,-1.143463602,1.208295098,-1.246769397
20040205,-0.628274318,1.329697292,-0.471575409
20040206,1.500674993,1.128595957,2.233279002
20040209,-0.358331584,0.773631589,0.153964619
20040210,1.929973566,1.871059671,1.929973566
20040211,0.150338289,1.49959341,0.45169462
20040212,0.24968802,0.537922145,0.399800632
20040213,-0.697909114,1.051319466,-0.299700524
20040217,-0.499501538,0.759004958,-0.100100108
20040218,0.349563402,0.532561829,0.449663511
20040219,-0.647251451,2.520130761,-0.199600865
20040220,-0.498754151,0.977778354,-0.099950033
20040223,-1.409892438,1.353631036,-1.409892438
20040224,2.486806658,2.550226147,1.159579416
20040225,1.192264496,2.367167231,1.492565022
20040226,0.547128945,1.534983555,-0.445435035
20040227,-0.894193738,0.87439721,-0.597016699
20040301,0.590262412,0.643955907,1.731430837
20040302,-0.84221454,1.421211408,-1.432476952
20040303,-0.049738872,1.09255545,0
20040304,-0.498754151,0.34844526,-0.498754151
20040305,-0.300450902,0.538995753,-0.300450902
20040308,-1.554305545,0.858738607,-0.755100492
20040309,-1.060883908,0.792349929,-0.506586696
20040310,-1.484542237,0.960346933,-1.53534234
20040311,-1.98026273,2.245995201,-2.031849009
20040312,-0.575164984,2.376679315,0.367744045
20040315,-0.791769774,1.696561894,-1.054306023
20040316,-0.157687286,0.515718423,0.739179712
20040317,0.98727744,1.020379206,1.721033352
20040318,1.129375454,1.646920612,1.284374193
20040319,0.356688276,1.759564546,0.356688276
20040322,-1.80185055,2.015711799,-2.107505399
20040323,0,1.265220729,0.466442929
20040324,0.154758865,1.416540134,0.309757604
20040325,1.015752766,1.055923582,1.990369355
20040326,1.359195352,0.777385782,1.055551394
20040329,-0.5531822,0.657187298,-0.853633102
20040330,0.403836995,1.427676527,0.10080646
20040331,-1.571641982,1.30303645,-1.420622573
20040401,0.259403518,1.17570376,-1.38926855
20040402,0.563959454,1.303086282,1.33815687
20040405,-0.81758248,0.969196977,-0.358515109
20040406,1.122460765,0.901492316,1.122460765
20040407,-0.306905612,1.51847936,-0.968654018
20040408,-0.905686098,0.730087758,-1.470804478
20040412,0.261986003,0.620025084,-0.651977795
20040413,-0.21119332,0.809103131,-0.999219463
20040414,0.478342661,0.974039303,-0.317628642
20040415,-1.173346795,0.653733779,-1.173346795
20040416,0.106439606,1.51539463,0.854706058
20040419,0.960007373,1.571840982,0.212539931
20040420,-2.961185405,1.314072889,-2.90812093
20040421,1.572274189,4.467726026,1.572274189
20040422,-1.483136222,4.984482763,-2.837069713
20040423,0.820798042,4.724526952,1.53764699
20040426,0.218818468,1.444641936,-0.272851465
20040427,-0.877679798,1.244407429,-0.823049914
20040428,-1.778812884,1.132602288,-1.778812884
20040429,-2.0946138,1.229083295,-1.982506165
20040430,-2.026118514,4.110083781,-2.197890672
20040503,-0.058496638,1.0824104,-0.058496638
20040504,-0.117027515,2.044008084,-0.058530877
20040505,1.220590568,1.372667182,1.337618083
20040506,-0.087145975,2.676271035,-0.608432994
20040507,-1.520497129,2.955024812,-1.375296
20040510,-1.56253179,3.127808992,-2.748082131
20040511,1.557850559,3.299270646,1.860239661
20040512,0.771746187,1.823769731,0.533650837
20040513,-0.89312889,1.497575945,-1.129955525
20040514,0.719427563,1.284798206,0.11954574
20040517,0.543643743,2.03367496,-0.83983697
20040518,-0.297885237,1.76973932,0.959239969
20040519,0.646870824,2.154261995,1.774144701
20040520,0.588929853,1.969414948,-0.176004739
20040521,-0.822083314,1.343461277,-0.411886431
20040524,-0.918661076,2.563225887,-0.97764073
20040525,-1.025650017,2.040389219,-1.832708649
20040526,0.604231446,1.500544054,0.664855879
20040527,0.542333357,0.863386917,0.240674003
20040528,-0.421306672,1.981590104,-0.361228569
20040601,-2.961351498,1.016285361,-3.748518748
20040602,0.68048515,2.978351713,1.553308646
20040603,-0.432499902,2.828559345,-0.432499902
20040604,0.733051542,2.071185601,1.718888238
20040607,1.439736927,0.951355086,2.167453904
20040608,1.486795155,1.295290304,0.889421813
20040609,-2.267400239,4.252235475,-2.208385779
20040610,-1.092907053,3.01790611,-1.153275301
20040614,-2.538050194,1.213187922,-2.660224919
20040615,0.806706205,1.450971065,1.43170824
20040616,-0.307597905,0.874477877,0.30854699
20040617,-0.493523519,0.897036627,-0.370370794
20040618,1.417589224,0.890383099,1.045841584
20040621,-1.417589224,0.88927777,-1.417589224
20040622,1.29272345,1.141713132,1.478770015
20040623,0.244349541,1.432874445,0.244349541
20040624,-2.802051233,4.798292031,-10.33964772
20040625,0.947233064,1.875719358,0.472494973
20040628,-1.783312005,2.18495535,-2.730545069
20040629,2.066189206,2.721539124,1.51101776
20040630,0.273224214,3.07797451,-0.06818957
20040701,-0.410678195,2.152501175,-0.547196988
20040702,-0.27624327,1.581082895,-0.826450985
20040706,-0.138312608,0.618539727,-0.069180217
20040707,0.894398807,1.495041891,1.032711416
20040708,-2.297351297,2.334494155,-2.777956411
20040709,0.838579338,1.468233277,1.190073548
20040712,3.136726965,3.07889228,5.746765234
20040713,-3.45090646,4.02832297,-2.730772415
20040714,0.873955142,2.462509461,0.873955142
20040715,-1.962837974,2.011083984,-2.096796467
20040716,0.677968699,2.51678931,1.155296574
20040719,-1.15608224,3.618294841,-1.223672645
20040720,-1.933761915,2.20678156,-1.933761915
20040721,-0.139762427,3.149085557,-0.279329791
20040722,-1.047861492,8.322818144,-0.420463128
20040723,-1.628354563,2.056218874,-1.628354563
20040726,2.272042657,11.67303468,4.739562984
20040727,1.542102299,3.678294423,2.288121358
20040728,-0.929004691,4.036623018,-0.199800266
20040729,-0.265957604,4.085375098,0.133244523
20040730,1.065966123,2.043448995,0.464962644
20040802,1.09471984,2.141982391,0.429823773
20040803,-0.528054032,0.723039071,-0.297373423
20040804,-1.07817756,1.079128627,-2.343595711
20040805,-3.729714068,3.010117339,-3.797487706
20040806,0.565772372,6.867886094,-0.211342101
20040809,-1.276613082,1.042700241,-1.206116076
20040810,0.569802111,1.493492451,0.498399038
20040811,-0.49804443,2.128345394,-0.427046912
20040812,-0.788252021,1.704189137,-0.859604147
20040813,-0.906624524,1.948040444,-1.266985274
20040816,2.927734995,1.846598964,3.472695471
20040817,0.910051783,1.488632937,0.98040001
20040818,1.741597486,3.098509221,0.901844475
20040819,-0.488998529,2.343383404,-1.390843005
20040820,0.769503622,1.702215075,0.488998529
20040823,0,1.374837328,0.832759844
20040824,-0.346140879,1.948178614,-0.346140879
20040825,2.05205559,1.403994036,2.398196469
20040826,0.947874395,0.899914381,0.47281412
20040827,0,0.912390293,-0.405132222
20040830,-0.614126802,0.315937397,-1.156868976
20040831,1.225338681,0.780337023,1.156868976
20040901,1.243922578,1.218770955,1.243922578
20040902,0.736528271,0.35269077,0.166917081
20040903,-0.67295005,0.857028329,-1.208068383
20040907,1.671720643,1.033944381,1.80667343
20040908,-0.468384931,0.694488001,-1.13372338
20040909,1.540037133,1.489138487,0.934586242
20040910,1.393057354,1.716330699,0.860078077
20040913,0.530153661,0.928857316,-0.329924417
20040914,0.460073109,0.8542274,0.789997525
20040915,0.130975788,1.240273976,0.196528068
20040916,1.557461722,0.899499566,1.622885342
20040917,0.767267191,1.199060068,1.088707519
20040920,-0.897441921,1.125327999,-1.088707519
20040921,-1.619730908,1.746334075,-1.426742749
20040922,-2.523374258,1.382242665,-2.91604492
20040923,0.873955142,0.804766126,0.469641923
20040924,-1.617285925,1.134720509,-1.48350664
20040927,-2.356311373,1.243412057,-3.174869831
20040928,2.5389234,3.939629073,0.698814863
20040929,-0.700282974,1.252362838,-0.909415152
20040930,0.559442019,1.734581634,0.770042307
20041001,0.139470037,1.401180259,0.069710703
20041004,3.189954901,1.903120455,4.229825623
20041005,-0.394218645,1.661108303,1.458911818
20041006,-0.26298503,1.545741905,0
20041007,-0.79365496,2.081325357,-0.859509424
20041008,-1.048502397,2.615514999,0.79365496
20041011,-0.262123348,1.311065327,0.394477829
20041012,0.643917228,2.709901476,2.206449018
20041013,-1.024992958,0.985843242,-0.321440328
20041014,-1.420295018,1.641250713,-0.970567308
20041015,0.583848561,2.141977132,0.518807908
20041018,1.412997176,1.162585306,1.412997176
20041019,-1.412997176,2.931199396,-1.412997176
20041020,0.641027836,1.065848537,1.221487383
20041021,-1.880933196,4.655420199,0.953902305
20041022,-0.31496089,1.351249691,0.315956029
20041025,1.879754597,2.103116522,1.627069687
20041026,1.050364924,1.42926524,0.988272404
20041027,1.766722773,2.393375406,1.766722773
20041028,1.800768949,2.3978711,1.498379846
20041029,2.008336845,2.228490584,1.710451609
20041101,1.222722657,2.122312443,1.047129987
20041102,0.577368809,1.574678887,0.519481688
20041103,-1.026234776,1.726739286,0.45950684
20041104,1.088524068,0.797170249,0.571430126
20041105,1.505496408,1.015329855,1.048613831
20041108,1.464814924,1.030388941,0.814268152
20041109,-0.731367536,1.082977133,-0.955331795
20041110,1.531076124,1.480934849,0.338219037
20041111,1.398624197,1.306401045,1.286011573
20041112,1.434903207,0.973748597,1.379332213
20041115,-0.494370686,0.938426965,-0.494370686
20041116,1.591254426,1.10322146,1.149752605
20041117,1.459091003,1.2325018,1.459091003
20041118,-0.161943355,1.973429138,-0.699868267
20041119,0.968270072,1.924881869,0.914230622
20041122,-1.400130573,0.945351238,-1.293121467
20041123,-0.598315628,1.223682224,-0.598315628
20041124,-0.4352564,1.579448331,0.054540498
20041129,0.219298334,1.052797001,0.329128108
20041130,0.383247116,2.704853528,0.218818468
20041201,1.517644305,2.043445853,1.572274189
20041202,-0.484262448,1.68938599,-0.26932416
20041203,0.216333237,1.13001307,-0.161943355
20041206,1.191780086,0.993077488,0.323624878
20041207,-0.699115512,1.85798076,-0.215633507
20041208,-0.647251451,0.735152503,-0.270197408
20041209,1.178374642,2.499182276,1.610340757
20041210,2.005344245,1.144659115,1.898791224
20041213,0.832038081,1.069296566,0.884271042
20041214,-1.5682496,1.04265626,-1.723730326
20041215,1.306524987,0.999502333,1.464461319
20041216,-0.572769074,0.820129743,-0.572769074
20041217,0.551110173,1.429254261,-0.235263473
20041220,-0.05215124,1.126603141,0.339647616
20041221,1.602515555,1.030066538,1.706790851
20041222,1.728563629,1.056538702,1.728563629
20041223,-0.508131175,0.949458388,-1.064109357
20041227,-0.357782135,1.498309591,-0.51072634
20041228,-0.823049914,0.892359774,-0.874266304
20041229,0.930720266,0.612980837,0.360918154
20041230,-0.311042241,0.535974242,-0.878785702
20041231,-0.940937418,0.563265353,-1.148837701
20050103,-1.479942445,1.557716626,-1.374955558
20050104,-2.639528407,2.683004799,-2.479911453
20050105,0.650761516,1.560109979,0.977737284
20050106,0.701000444,0.807529491,0.592833857
20050107,1.069528912,0.842167154,1.015779918
20050110,-0.747467442,1.649952417,-0.747467442
20050111,-0.268889648,3.096885307,-0.483482005
20050112,0.807541401,2.464011245,0.429877073
20050113,0.536769942,2.134732483,0.160728671
20050114,-0.107009106,1.546082797,0
20050118,0.373234238,1.331245188,0.587138062
20050119,-0.88294888,1.82930306,-0.989445163
20050120,-3.103979113,5.718721985,-2.862400683
20050121,0.720424285,6.977629936,0.165791693
20050124,2.18349286,3.52717515,2.238695732
20050125,-0.161681523,1.134187177,0.107933092
20050126,-0.216450301,1.596159209,-0.432433106
20050127,-0.66107538,7.187315474,5.992333716
20050128,0.711746777,5.002965553,0.711746777
20050131,3.71198502,2.794022912,-2.721605722
20050201,-0.469362009,0.879584301,-0.417319333
20050202,2.272825108,1.098732143,2.325085365
20050203,0.609757987,1.044485075,0.81383969
20050204,0.760845669,0.780115781,0.252972561
20050207,-0.20345887,0.585971703,-0.760845669
20050208,0.838313051,0.476951319,0.634439382
20050209,-0.762392511,0.644676118,-0.838313051
20050210,-1.183445765,1.07584518,-1.438873745
20050211,-0.051612904,1.625863088,0.258464863
20050214,0.103039679,1.197634289,0.257798544
20050215,-0.153413479,0.904743062,0.616018375
20050216,-0.615702304,1.45646212,-0.564538323
20050217,-0.154281337,1.154752803,0
20050218,0,0.755279882,-0.051480053
20050222,-0.780644089,2.643221393,-1.452307684
20050223,1.610842833,0.933321769,1.349268004
20050224,0.827305649,0.965892397,0.103039679
20050225,1.03146866,0.705370111,0.359805066
20050228,-0.051453564,0.897295415,-0.308325013
20050301,1.434450826,1.093781123,1.176785133
20050302,0.050903539,0.670589316,-0.05087764
20050303,0.456737663,0.845984724,0.507615303
20050304,0.302877566,0.553494579,0.454661051
20050307,-0.657730679,0.390616696,-0.708146611
20050308,-1.578042418,0.712786028,-1.071712222
20050309,-0.205973296,0.996458073,-0.462844745
20050310,0,0.846036038,0
20050311,-0.310238098,0.90942871,-0.464996963
20050314,0.723891475,0.398767953,0.516530074
20050315,-1.925638476,0.812991898,-1.977171587
20050316,-0.845224261,1.018870321,-0.950376741
20050317,0.265181805,1.272424377,0.159024682
20050318,-0.531916148,1.454958461,-0.69094083
20050321,-0.159957379,0.830982078,-0.053347561
20050322,-0.428037037,0.655662143,-0.481413072
20050323,0.267308366,1.623644413,0.428037037
20050324,-0.107009106,0.908315068,-0.267308366
20050328,0.212652924,1.329357271,0.799790987
20050329,-0.970358018,2.133729537,-1.984511359
20050330,1.021239728,1.665982646,1.291729479
20050331,-0.159957379,0.640115286,0.213675295
20050401,-0.534189304,1.258613087,-0.374231926
20050404,0.855620193,1.155052792,0.587451623
20050405,1.992724565,1.488996156,2.523793259
20050406,-0.312012734,0.828692725,-0.312012734
20050407,-0.156535383,0.79217863,-0.260756341
20050408,0.469606916,0.867067547,0.312826115
20050411,-0.208659439,0.74253858,-0.312826115
20050412,0.364488818,0.629167821,0.468872961
20050413,-0.312175071,0.56648842,-0.260213522
20050414,-1.048227627,1.561844194,-1.100351684
20050415,-2.407176941,2.094280022,-2.723799897
20050418,0.429185208,1.441085747,1.130563859
20050419,0.320684401,0.802617563,0.320684401
20050420,-1.291729479,1.6566773,-1.505404774
20050421,0.535333184,1.04786083,1.452028738
20050422,0.320684401,1.50451583,0.053376035
20050425,-0.318640737,1.175095522,0.319659303
20050426,-0.424629088,0.71533825,0
20050427,1.271203559,1.370243875,1.058210933
20050428,0.36793734,1.286737039,0.315291906
20050429,0,1.010098347,0.366588523
20050502,-1.044941587,0.767003532,-0.471575409
20050503,0.156535383,0.583376623,0.732604009
20050504,-0.209095737,1.158600152,-0.36563112
20050505,-0.524110214,1.140165456,-0.419507694
20050506,-0.894036983,0.719122755,-0.526871609
20050509,-0.158688211,1.138392344,-0.211528371
20050510,-0.688015416,0.868566684,-0.318133884
20050511,-0.425759025,0.743428085,-0.425759025
20050512,-0.641713432,0.901054454,-0.588394316
20050513,-1.073547616,1.620427015,-0.591876896
20050516,0.643779047,0.965197413,0.913248356
20050517,0.857454342,0.810882592,0.213675295
20050518,1.006631017,0.908296205,1.219850714
20050519,-0.052534806,0.525871209,0.315789736
20050520,-0.316122497,0.741351668,-0.421274978
20050523,0.262812241,0.434035816,0.526317004
20050524,0.316289141,0.182855939,-0.262812241
20050525,0.052784377,0.272382172,-0.263504764
20050526,0.52604014,0.3223754,0.57879667
20050527,-0.525211291,0.343022701,-0.36793734
20050531,-1.058210933,0.33683682,-1.005565499
20050601,0.320341972,0.593751439,-0.212992626
20050602,0.745080616,0.427309765,0.531633363
20050603,-0.106382989,0.412705265,-0.371846378
20050606,-0.106382989,0.274661795,0
20050607,0.794285351,0.682523095,0.90066834
20050608,0.421496936,0.448914555,0.315956029
20050609,-0.1581028,0.789550889,-0.315956029
20050610,0.843442006,0.959573228,0.473560475
20050613,1.152448585,0.787358522,0.784317746
20050614,0.28590013,0.497050958,0.337969904
20050615,-0.103573287,0.392065469,0.181511783
20050616,-0.311203571,0.662447773,-0.259403518
20050617,-0.77339906,0.570296006,0.362976805
20050620,0.362038151,0.331144822,0.258464863
20050621,-0.778214044,0.371491387,-0.881519839
20050622,-0.521105921,0.812199629,-0.312989301
20050623,-0.31496089,0.711990223,-0.628932891
20050624,-0.632913505,0.872039281,-0.632913505
20050627,0,0.588366832,-0.211864486
20050628,0.894978335,0.441491602,1.159738881
20050629,0.468628819,0.614506697,0.887039471
20050630,-0.731455717,0.890892521,-0.939464112
20050701,0.365059076,0.698249722,0.731455717
20050705,0.571578589,0.866291296,0.467411913
20050706,-0.842553694,0.598770336,-2.041421324
20050707,0.160042712,1.557496425,-0.796393909
20050708,0.741921792,0.442490714,0.954914418
20050711,0.419507694,0.645049499,0.893567049
20050712,1.202000362,0.692586863,0.729930248
20050713,0.312337578,0.4646863,-0.05196155
20050714,0.518135874,0.268432975,0.570097424
20050715,0.103359182,0.363546045,0.051666237
20050718,-0.520834511,0.473416681,-1.090636622
20050719,0.575767097,1.490085335,0.052205692
20050720,0.104493217,0.624272665,-0.052205692
20050721,-0.208333409,1.498126471,0.156535383
20050722,-0.415153684,0.56121869,0.260349015
20050725,0,0.776691242,0.259672958
20050726,0.463798822,0.606924247,0.877878088
20050727,0.511248557,0.430043696,0.819257014
20050728,1.260414972,0.586164822,1.769063068
20050729,-0.955501361,0.594536034,-0.855351127
20050801,-0.17630026,1.15329338,0.227129435
20050802,0.150413666,0.975814186,0.628221692
20050803,0.894638174,0.532283113,1.244726053
20050804,-0.099403587,0.370126087,-0.496032763
20050805,-0.099700906,0.694947571,-0.298805003
20050808,-0.800004267,0.372463118,-0.65049016
20050809,0.100050033,0.403924789,0.40080214
20050810,0.199401861,0.661812782,0.399202127
20050811,0.348172448,0.96305759,0.298359247
20050812,-0.90226176,1.812246366,-1.400022867
20050815,0.603927351,1.377185687,0.351847561
20050816,-0.505051579,1.155130772,-0.907264288
20050817,0.253614135,0.614249765,-0.050645734
20050818,-0.712108808,0.850938495,-0.762780205
20050819,0.762392511,0.359246721,0.813425939
20050822,-0.253357116,0.870149185,-0.202737018
20050823,0.429890661,0.856357442,0.531310548
20050824,-1.171987937,1.170649997,-1.551207201
20050825,-0.30769255,0.624150638,-0.205233525
20050826,-0.464277336,1.467152322,-0.669932936
20050829,1.495258588,0.753108595,1.028815659
20050830,0,1.467687471,-0.410256986
20050831,0.918842605,1.591837056,1.124181487
20050901,-0.203873669,0.838865719,-0.407332539
20050902,-0.612559343,0.816555019,-0.357782135
20050906,0.86492526,0.550030053,1.069528912
20050907,-0.610688921,0.580485948,-0.762780205
20050908,0.051137818,0.681704962,-0.153256735
20050909,0.661411722,0.36178067,0.814668457
20050912,-0.357234368,0.315123981,-0.814668457
20050913,0.051242635,0.337504807,-0.204708362
20050914,-1.077762549,0.528763625,-0.719797452
20050915,1.228894113,0.859135474,1.383573185
20050916,0.808902287,0.708774154,1.06303203
20050919,-0.30349037,0.562906867,-0.606062461
20050920,0.050568901,0.512881732,0.202429219
20050921,0.101471343,0.870297937,-0.303797702
20050922,-0.661411722,0.836675954,-0.661411722
20050923,0.050955415,0.698454406,0.203977633
20050926,0,0.685324498,0.152710643
20050927,-0.715018368,0.485491084,-0.765896008
20050928,0.662422804,1.02455581,0.918373802
20050929,-0.356870121,1.607714877,-0.560225555
20050930,1.269374749,0.816470047,1.21828918
20051003,0.480587747,0.538874076,-0.025230226
20051004,-0.555697313,0.639347617,-0.379219264
20051005,-1.493718218,1.567455713,-2.409755158
20051006,-0.990881641,1.418794291,-0.990881641
20051007,-1.104983619,1.230260668,-0.947874395
20051010,-0.37105794,1.687129299,-0.37105794
20051011,-0.907398807,1.17813582,-0.960519658
20051012,-0.755943125,0.852491676,-1.07817756
20051013,-0.217627942,4.136034595,-0.488998529
20051014,-0.272257179,1.319348015,-0.108991836
20051017,0.163621525,0.816082737,0.054510767
20051018,-0.547047316,0.903796932,-0.656098581
20051019,-1.610340757,3.644529795,1.362047752
20051020,-1.177743806,2.145354382,0.485830915
20051021,-0.419727794,1.929529488,2.394368175
20051024,1.709443336,0.969172415,2.338376227
20051025,1.025650017,1.484720579,0.665474685
20051026,-0.46024116,0.419044637,-0.46024116
20051027,0.46024116,0.428007199,0.46024116
20051028,0.865806274,0.732823306,0.610378294
20051031,0.303797702,0.744146145,0.303797702
20051101,-0.379699228,1.478004621,-0.329155886
20051102,0.556259336,0.636954737,0.58161752
20051103,-1.475478307,0.815890062,-1.62687879
20051104,0.408998525,0.714509738,0.46024116
20051107,-0.870238407,0.781205204,-0.768249617
20051108,0.973617735,0.577537264,0.819257014
20051109,0.101936808,1.147598491,0.101936808
20051110,1.116196267,0.569077198,0.963252061
20051111,0.454431481,0.358684623,0.151247823
20051114,0.050238635,0.426578808,0.301811094
20051115,0.050339795,0.564908341,-0.201106151
20051116,-0.050517809,0.5583885,-0.403429695
20051117,1.608074853,0.646739816,1.355102292
20051118,0.098570732,1.039006214,1.189310351
20051201,0.752627835,0.922516676,22.17632888
20051202,-0.913248356,0.7073344,-1.071226272
20051205,0.913248356,1.378734248,0.913248356
20051206,-1.005033585,1.563425493,-0.217627942
20051207,-0.11954574,1.167384442,-0.655740055
20051208,-0.72173529,1.245811369,-0.921296322
20051209,-0.40080214,0.822931305,0.201005093
20051212,-0.040201006,0.675350412,-0.120554566
20051213,1.247250126,1.036415946,0.561348707
20051214,-0.561348707,1.024432295,-0.561348707
20051215,-0.201247804,0.898094631,-0.201247804
20051216,-0.080128209,0.549801136,0.522404242
20051219,0.201734989,0.689204353,-0.562702449
20051220,0.081168836,0.479519345,-0.646989722
20051221,-0.203873669,0.870742717,-0.610378294
20051222,1.104079913,0.984511206,0.366673868
20051223,0.325203539,0.715546783,0.203128244
20051227,-0.728453241,0.633321516,-0.081201791
20051228,-0.526850256,0.50391615,-0.040625635
20051229,0.02030663,0.878358494,0.060932266
20051230,0.081732739,0.653552438,-0.590572941
20060103,0.894314904,2.539110144,0.935156236
20060104,0.988608879,0.996118312,0.786056652
20060105,0.120361098,0.819717739,0.140435373
20060106,0.44256761,1.268952475,-0.120361098
20060109,0.963862884,1.223363376,0.440617576
20060110,-0.321156438,0.511918974,-0.601324722
20060111,0.761069165,0.793722511,0.761069165
20060112,-0.63897981,0.556687252,-0.399840597
20060113,0,0.720305596,0.08009612
20060117,0.120894635,0.631362727,-0.602290518
20060118,0.484653614,0.583686313,-0.040281974
20060119,0.321802369,0.506274493,0.321802369
20060120,-0.565201343,0.601410177,-0.806455984
20060123,-0.895406878,0.905050626,-0.976411337
20060124,0.691481299,1.210572296,0.854880028
20060125,2.734388293,1.643383396,2.165281066
20060126,0.510706276,1.483295908,1.222171728
20060127,1.048349729,0.95081385,1.439433529
20060130,0.269075696,0.524762785,0.616097444
20060131,-0.461539281,1.89809881,-0.423158931
20060201,2.130978659,1.401524847,2.362014572
20060202,-0.901245304,1.29260691,-0.188430431
20060203,1.05027222,1.544392822,1.087986722
20060206,0.891536366,0.536374399,0.891536366
20060207,-0.703055625,1.624574026,-0.407634435
20060208,0.703055625,1.21083423,0.703055625
20060209,-0.624657552,0.908217786,0.03686636
20060210,1.723864438,1.82395747,1.3545878
20060213,0.217155351,0.957752212,0.580132156
20060214,2.287447841,2.017893427,2.287447841
20060215,0.74402469,1.389893373,0.105950919
20060216,-0.140449461,1.087716371,0.457827882
20060217,-0.774924625,1.026389287,-0.634475163
20060221,-0.31909263,0.984868692,-0.425230974
20060222,-0.388487156,0.967138277,0.354484597
20060223,-0.677485209,1.384284084,-1.103017766
20060224,-1.296848146,1.190126372,-1.332632724
20060227,0.886322163,1.447084464,0.668536233
20060228,-0.289750293,0.624929599,-0.704800966
20060301,1.741985326,0.841978104,1.850740095
20060302,0.674119991,0.914015149,0.691921504
20060303,-0.855010552,0.928117805,-1.173764143
20060306,-1.396568086,2.780645076,-3.383986707
20060307,-1.943259954,3.88643591,-1.943259954
20060308,0.149421021,0.954883353,1.088395056
20060309,0.59546138,0.873936047,0.59546138
20060310,0.922005425,0.928450301,1.070318393
20060313,-0.404635461,0.69438256,-0.404635461
20060314,0.661280881,0.314608705,0.661280881
20060315,0.293255342,0.537028553,0.036609922
20060316,-0.697122618,0.919416883,-0.587373201
20060317,-0.480503604,0.544858227,-0.627887566
20060320,-0.668898815,0.804151349,-0.631854918
20060321,-0.410985073,0.604365863,-0.410985073
20060322,0.745715611,0.637509152,0.783147765
20060323,0.259692225,0.120539675,0.259692225
20060324,0.954836487,0.328726327,1.361566572
20060327,-0.182848835,0.312657809,-0.146305805
20060328,-1.177349876,0.611181464,-1.104170217
20060329,0.773626993,0.829123201,0.847618858
20060330,-0.884309374,0.691264095,-0.847618858
20060331,0.036989089,0.860320742,0.073991864
20060403,-1.033600933,0.705909178,-0.333395382
20060404,0.387991249,0.569559339,0.610378294
20060405,-0.147547057,0.299328964,-0.09224242
20060406,-1.127831504,0.871076368,-2.390849779
20060407,-1.14026321,0.854609589,-1.102463172
20060410,-0.612793951,0.503006725,-0.498180758
20060411,-1.31023069,1.048956756,-0.96507215
20060412,-0.855038245,0.698407251,-0.622570104
20060413,0,0.449646975,-0.156250032
20060417,-0.666277205,0.732959956,-0.588121672
20060418,1.591957519,1.358876782,2.06273124
20060419,-0.966191091,1.990692404,-0.812226473
20060420,-1.565589707,1.068448297,-1.565589707
20060421,-0.786167571,0.943066512,-0.039455514
20060424,0.629180212,0.624312947,0.668635726
20060425,-0.54517269,2.491098176,0.391236806
20060426,1.502050192,1.379430365,2.124862638
20060427,1.258837909,1.280516885,0.83746207
20060428,-0.646512995,1.087755098,-0.646512995
20060501,-0.875362393,0.941261767,-0.190949075
20060502,-0.647744692,0.730707594,0
20060503,-0.613498857,0.750010483,-0.613498857
20060504,-0.308166654,0.99149408,-0.308166654
20060505,-0.652468252,0.790580052,0.192715419
20060508,0.729509858,0.450206907,0.652468252
20060509,0.610223099,0.441806118,0.610223099
20060510,-0.533537851,0.829671658,-0.495522264
20060511,-0.267840221,0.751746796,-0.267840221
20060512,-1.894508624,1.342627439,-1.856201786
20060515,0.388500877,1.208869195,0.661352342
20060516,-0.271265425,0.772427492,-0.077579523
20060517,-2.245514875,2.554071451,-2.634317853
20060518,-1.245246057,1.034560817,-1.444647917
20060519,1.153323581,2.19365238,2.198769372
20060522,-0.197902301,3.940678731,-0.197902301
20060523,0.835825761,2.569236515,-0.039627502
20060524,0.433498216,1.659221348,0.789581678
20060525,0.585367525,0.790806414,1.056141247
20060526,1.188436453,0.560091316,2.079397217
20060530,-2.333247939,1.340563841,-1.536128516
20060531,0.809097074,1.640072134,0.847789278
20060601,2.065801162,1.888321814,3.172471491
20060602,-0.261535737,1.567905841,-0.633975646
20060605,-0.187793482,0.970511208,-0.487531436
20060606,0.487531436,1.605574928,0.487531436
20060607,-0.824283423,1.211499657,-0.562747687
20060608,-0.22522532,3.324492458,0.11280317
20060609,0.150545757,1.144148761,-0.075187973
20060612,-0.14998128,0.988977644,0.225394536
20060613,1.341301778,1.818839627,1.378818192
20060614,0.738828629,0.769421883,0.553609091
20060615,1.802178565,0.601503405,1.986035943
20060616,0.216138413,0.309044705,0.270246088
20060619,0.107777988,0.436775247,0.215672262
20060620,-0.902044724,0.587158089,-0.937957814
20060621,-0.910587243,0.947290899,-0.946838829
20060622,-0.146466522,0.983547031,-0.146466522
20060623,0.88009369,1.348031619,0.365764855
20060626,0.036596524,0.933579937,-0.219298334
20060627,-0.036529681,0.604669288,0.146252311
20060628,0.6214606,0.492447137,0.255427981
20060629,0.434154083,0.81804652,0.943061034
20060630,0.035835872,0.31073773,0.755263435
20060705,-0.607253161,0.375952748,-0.071633241
20060706,0.180995525,0.663473033,-0.935931958
20060707,0.361141599,1.090829697,0.324968692
20060710,-1.52121731,0.788527332,-1.233240149
20060711,-0.549150199,0.609477918,-0.585653211
20060712,-0.513762598,0.844435117,-0.220507256
20060713,-2.2715555,1.655640863,-2.345166104
20060714,0.188288514,1.096950512,0.11293056
20060717,0.224550993,0.740296969,0.637542006
20060718,0.856137744,0.896937812,0.856137744
20060719,1.356077222,1.68464936,1.799864933
20060720,-0.584156462,0.931420096,-0.584156462
20060721,-0.073099418,1.011791578,0.146359338
20060724,0.831380173,1.19822309,1.559980846
20060725,1.811265121,5.875124027,4.194447446
20060726,2.471804526,1.670510164,1.779041105
20060727,0.642002543,1.308245688,0.675906595
20060728,1.070960705,1.662702489,1.171953812
20060731,0.417606888,1.151743177,-0.149912579
20060801,-1.450871778,1.217656507,-0.76974945
20060802,1.882175424,1.479281611,2.66859293
20060803,1.86188622,0.936737714,1.0737048
20060804,0.097040279,0.508645905,0.097040279
20060807,-0.162258676,0.775312646,-0.453662476
20060808,-0.422284207,1.057815692,-0.227605366
20060809,-2.191420483,1.045590844,-1.574835697
20060810,0.364782364,0.765804618,-0.099255591
20060811,-0.214964944,0.640190789,-0.016552181
20060814,-1.522200139,1.282865895,-0.714348083
20060815,-0.476543503,0.587294054,1.209725582
20060816,-0.52770571,0.322938306,-0.379569727
20060817,0.626134852,0.385170568,0.659198168
20060818,0.098473666,1.372824783,0.131319782
20060821,0.098151488,0.244045734,0.327546968
20060822,-0.049079756,0.63742707,-0.081786215
20060823,-0.327546968,0.755421418,-0.245760753
20060824,-0.425602214,0.399121056,0
20060825,1.083220833,0.427552694,0.490919003
20060828,1.005685686,0.479108772,1.136191414
20060829,0.90003822,0.456089571,0.867754119
20060830,-0.416200377,0.477514529,-0.25632824
20060831,-0.544960477,0.320912255,-0.192678287
20060901,0.858101563,0.748629449,1.562780968
20060905,-0.094503078,1.060295502,0.4105485
20060906,-0.347936457,0.409001639,-0.537210962
20060907,-0.922838689,1.082536286,-0.89115803
20060908,-0.063816211,1.298400492,0.159718929
20060911,0.634922768,0.946144391,0.858101563
20060912,0.94488892,0.795851326,0.94488892
20060913,-0.313283464,0.774135046,-0.094088136
20060914,1.028527066,0.43956566,1.185291481
20060915,-1.683331519,1.184284917,-1.373733748
20060918,-0.79277409,1.289708406,-1.265439221
20060919,-0.380952842,0.746219371,0.095465401
20060920,1.192358024,1.14908802,1.952817962
20060921,0.621699236,1.293310517,0.652885888
20060922,1.532362194,0.929070164,1.872656412
20060925,0.809235646,1.026423171,1.868086864
20060926,-0.717277433,1.102995019,-0.478756151
20060927,-2.035616393,2.273458029,-2.305927415
20060928,-0.64685271,1.644566241,-0.677551098
20060929,0.58524732,0.813612205,0.616144894
20061002,-0.956649789,1.044817333,-0.956649789
20061003,0.616334771,0.804898374,0.925932541
20061004,0.70476774,1.182916342,0.612559343
20061005,-1.584130036,1.346693984,-2.504381929
20061006,-0.313873453,1.712021579,-0.407843703
20061009,0.373715788,0.897525451,1.125363549
20061010,1.50795287,0.974636538,1.756323069
20061011,0.547779824,1.123408785,0.639368901
20061012,1.742309018,0.744513689,1.89393907
20061013,-0.059541532,1.978927825,0
20061016,-1.308584515,1.144339455,-1.666580124
20061017,0.576720372,0.982508763,0.045409824
20061018,-0.936704235,1.332439329,-0.30312239
20061019,1.401543741,1.034440904,2.488510965
20061020,1.34583658,1.708262956,1.877438541
20061023,0.578537917,3.007076762,0.752753989
20061024,0.288600489,1.515023891,0.086492726
20061025,-0.812540744,1.403720267,-1.101141233
20061026,0.116380578,2.035625666,0.203754982
20061027,-0.436999967,0.954950968,-0.407925974
20061030,-0.734757163,1.121782019,-1.027155032
20061031,0.17559267,1.437365269,0.881062968
20061101,-2.139275722,1.424933898,-1.294897434
20061102,0.205973296,0.903547596,0.767191724
20061103,-1.017632851,1.993565385,-0.856093789
20061106,1.616493685,0.931689255,1.67577051
20061107,0.029163021,0.745477267,-0.014578322
20061108,0.276947921,1.041292436,0.160244772
20061109,-2.627457419,1.853740061,-2.714831824
20061110,-1.442332696,2.23093179,-1.173475178
20061113,0.06049607,0.963033901,0.090757834
20061114,-0.725736478,1.449682776,-0.363526605
20061115,-0.950490062,2.111075315,-1.498269886
20061116,0,1.242385234,-0.185013929
20061117,2.379611978,1.852501188,2.348743016
20061120,0.452967708,1.525899823,0.060277277
20061121,-1.350449171,1.012539766,-1.395653722
20061122,-0.030623182,0.70459391,-0.244723279
20061127,0.536769942,1.41201273,0.061199512
20061128,0.64210586,1.517261093,0.366412624
20061129,1.080442683,2.049205837,2.081209186
20061130,1.217174,1.423675944,1.157454679
20061201,0.147167061,1.532488924,0.3240539
20061204,-0.437127317,1.791146267,0.703402666
20061205,1.481508579,1.038745026,1.276860064
20061206,0.259179411,1.017258471,0.259179411
20061207,-0.590227007,0.697590548,-0.403458761
20061208,1.440947122,0.69581638,0.919811027
20061211,0.856414027,0.634212949,0.655927063
20061212,1.526963077,1.05932884,1.285056164
20061213,-0.700773716,1.100910427,-0.23881447
20061214,0.252773621,1.079719851,0.280899061
20061215,-0.097991189,0.934181765,0.140154193
20061218,-0.75811117,1.50192245,-0.618153134
20061219,-1.010325207,1.10162695,-1.476460665
20061220,-0.485091549,1.108311021,0
20061221,0.627140026,2.262215953,0.655740055
20061222,-0.214117561,1.044292095,-0.569964495
20061226,0.142877578,0.36471779,0.085702048
20061227,0.594145191,0.910253333,1.220392612
20061228,0.31069083,0.509547005,0.028204767
20061229,-0.209863666,0.895567409,0.674538814
20070103,-1.504214541,1.332632875,-2.066013771
20070104,-0.981248854,2.348473035,-1.411110528
20070105,-1.316771037,1.433462501,-1.549059179
20070108,1.234675409,1.579131133,-0.383651053
20070109,-0.87977107,2.175832467,0.383651053
20070110,-0.337169564,1.620520162,0.294117859
20070111,1.078256112,0.884206766,1.312929144
20070112,0.346120911,1.533204805,0.664454272
20070116,-0.863314714,0.926135984,-0.375018469
20070117,-0.028981307,1.395157328,-0.289435803
20070118,1.134336235,2.617791599,1.496000282
20070119,-0.654154779,0.762471076,0.071362309
20070122,0.057012544,1.336239665,0.128323964
20070123,0.66643281,1.911127286,0.823049914
20070124,2.333668018,2.243989549,4.07089299
20070125,-1.642249858,3.321369823,-0.027140725
20070126,0.137457066,2.621416173,-1.201543674
20070129,0.274348595,1.542281601,0.274348595
20070130,0.947874395,1.260744753,1.630470902
20070131,1.471598463,1.113330308,1.471598463
20070201,-0.132397742,1.138732706,0.238758569
20070202,0.949123919,0.637654109,0.975617495
20070205,0.318049566,0.601986227,-0.843219752
20070206,-0.558437829,0.593822333,-0.770358439
20070207,-0.777588045,1.160510676,-0.937716181
20070208,0.913739225,1.564644547,0.617203086
20070209,-1.612938193,1.353113885,-1.292425098
20070212,-0.135189962,0.824341101,0.162469573
20070213,0.796601796,0.7374032,0.593473552
20070214,-0.429300364,0.978197868,0.026892564
20070215,-0.187793482,0.788147202,0.134354447
20070216,0.857454342,0.766707899,0.642400496
20070220,-0.573832228,0.62803012,-0.320684401
20070221,-0.348572548,0.535980582,-0.348572548
20070222,-0.282961854,1.477278147,-0.471159248
20070223,0.054068669,0.574377411,-0.148538276
20070226,1.206610698,0.861730362,1.395621149
20070227,-3.637751813,7.82802531,-3.664407817
20070228,0.791380853,3.17599257,1.699602315
20070301,1.509980646,5.789782185,-0.244931406
20070302,-1.024529145,2.052284867,-0.779597739
20070305,-1.252625982,3.479526214,-1.983008888
20070306,0.30602333,1.637517475,0.836824967
20070307,-0.98301592,1.488743582,-1.596001958
20070308,1.463508104,1.507295486,2.920524633
20070309,-0.382200847,0.879504353,0.219058138
20070312,1.934401688,2.051633464,1.358347427
20070313,1.215409965,1.892072814,0.511372397
20070314,-0.09397866,3.330333302,-0.067136626
20070315,-0.229776407,1.387450927,-0.741493118
20070316,-0.350924911,1.538757509,0.081157856
20070319,1.097000968,0.683810616,1.609476803
20070320,1.114069878,1.053467249,0.874293554
20070321,2.871510267,1.655380262,2.475051442
20070322,0.846918959,1.765122912,0.692399227
20070323,-0.218438892,0.682396239,-0.666669136
20070326,0.84345548,1.327634676,1.074728871
20070327,0.853019368,1.103820227,0.381049616
20070328,-1.148557802,1.320010181,-1.237339595
20070329,-0.318735528,1.263977323,0.512099442
20070330,0.30483956,1.337433258,0.687200465
20070402,-0.126662462,2.018700742,0.063391444
20070403,0.025185745,0.422534842,0.656899785
20070404,-1.06303203,0.627411785,-1.037852627
20070405,1.4362904,0.657967568,-0.076365029
20070409,-0.355330323,0.769037105,0.152671785
20070410,0.584425498,0.447222922,0.355330323
20070411,-1.098491056,0.83603291,-1.377572805
20070412,-0.49051344,0.851563856,-0.747715228
20070413,0.671316748,0.677891654,0.56774346
20070416,0.076462346,0.472388846,0.998600028
20070417,-0.051033428,0.512157472,-0.178503171
20070418,-0.358790749,0.664981875,-0.58876402
20070419,0.919546709,0.589941353,0.970881413
20070420,0.515173597,0.768782246,1.426341632
20070423,-0.313656866,0.572477292,-0.263537832
20070424,-1.987029876,2.022930503,-1.71095993
20070425,-0.801684004,0.873874757,0.051118212
20070426,-0.588462745,0.759705701,-0.422508791
20070427,-0.503454236,1.08806768,-0.863351797
20070430,-0.18057531,0.807503506,0.245589214
20070501,-0.334147593,0.550447636,0.28361499
20070502,-0.695968784,0.399284034,-0.464516964
20070503,0.515465059,0.198324523,0.618877684
20070504,1.530642128,0.70018195,1.530642128
20070507,0.075786286,0.455422353,0.252844635
20070508,-0.025442056,0.354630359,-0.760459939
20070509,0.737447716,0.782276952,0.43163708
20070510,-1.302201473,0.666686468,-1.428960268
20070511,1.27001961,0.467378026,1.808275427
20070514,1.003772543,0.497391552,1.079463224
20070515,0.533665554,1.330336433,0.857734142
20070516,1.813775213,0.77596521,1.900382085
20070517,0.729930248,0.93565068,0.1941277
20070518,-0.533852275,0.659439584,-0.364299128
20070521,-0.443023122,0.953626151,-1.371898048
20070522,-0.148257996,1.029260946,-0.246974687
20070523,-0.148441393,0.815543257,-0.123716458
20070524,0.185563238,1.088619219,0.160801568
20070525,0.725755077,1.151511611,0.836927962
20070529,-0.688640203,0.76196588,-0.67638455
20070530,1.622853418,1.203852456,1.177638732
20070531,0.704827319,0.672964879,0.704827319
20070601,-2.233843268,0.993269792,-1.919491662
20070604,1.032457549,1.315917486,0.946011109
20070605,-0.406780222,1.757186618,-1.00775094
20070606,0.186000426,1.027111056,-0.296882949
20070607,-1.566546229,1.945244407,-1.938893686
20070608,1.375881617,2.289736373,1.665974524
20070611,-0.112156532,1.030676738,-0.373366955
20070612,-1.850730984,1.969011957,-2.576550714
20070613,1.410958152,1.566822814,2.251834555
20070614,0.953744766,0.875110363,1.465318656
20070615,-1.084555861,1.183164464,-0.519096457
20070618,-0.995033085,0.719399138,-0.87119406
20070619,0.423149356,1.109014663,0.64789661
20070620,-2.227598054,1.699943707,-1.880461579
20070621,0.417589977,1.482471752,0.214904324
20070622,-1.710752816,2.588388532,-1.950970392
20070625,-0.255427981,2.70775675,0.692932325
20070626,-0.050903539,2.019774688,0.459301649
20070627,2.352454505,2.482746569,1.816397063
20070629,1.359904396,1.842744825,1.751869621
20070702,0.599162967,1.783234086,0.936268993
20070705,-0.717459149,0.909540281,-1.285333568
20070706,-0.257779557,0.766171585,-0.710352038
20070709,-1.056910416,0.947915974,-0.517561229
20070710,-1.58274878,1.729877511,-2.451348359
20070711,1.010109599,1.857658643,0.781943699
20070712,1.340968691,1.272332617,1.842222873
20070713,0.049517208,1.583169463,-0.345935606
20070716,-0.174064448,1.370075014,-0.546042558
20070717,-0.575433162,0.750893373,-0.812149151
20070718,-0.478048464,3.207923513,-0.51569198
20070719,-0.803822464,1.219210317,0
20070720,-1.524419764,1.757123617,-1.499202263
20070723,0.954061969,1.880590007,2.428040371
20070724,1.39330943,3.881875707,-0.676948806
20070725,0.544555801,4.311748222,1.893901611
20070726,-0.545500981,6.446130772,-0.718447287
20070727,-1.190339495,4.633862382,-2.441294012
20070730,1.240993513,3.06770093,1.21551256
20070731,-1.94622597,3.242338527,-1.394015731
20070801,1.820629107,6.962009045,2.532737915
20070802,0.890654082,2.889999061,1.027427494
20070803,-2.71249678,4.197827615,-2.848056601
20070806,1.752235069,3.591580079,2.106396836
20070807,1.205357868,3.730464222,0.445655603
20070808,-1.040128248,4.054261253,-0.768757661
20070809,-1.76995771,5.71474807,-2.444370157
20070810,0.309198906,8.699223072,-0.845400193
20070813,0.409941645,3.257304265,0.61554439
20070814,-2.041678362,4.545925677,-2.092829258
20070815,-0.341611159,8.35074244,-0.812692899
20070816,1.52532966,14.26635273,-0.013162224
20070817,0.87449117,9.211774414,2.765153133
20070820,-1.107259929,3.22153331,-1.107259929
20070821,1.178846478,3.360294767,0.529409203
20070822,1.697317504,1.915476882,2.505376798
20070823,0.37476621,0.955308287,0.72581973
20070824,0.671727865,1.314982089,0.571927457
20070827,-0.049900201,1.090952262,-0.646768424
20070828,-2.692568047,1.222329739,-3.117728122
20070829,2.773753214,2.064898202,3.466507749
20070830,-0.30128067,1.87787334,-1.100286169
20070831,-0.975007724,2.239125028,0.087967332
20070904,0.972454989,1.684893604,1.235893641
20070905,-0.702814138,1.430236209,-1.500028126
20070906,-0.777433383,1.286210446,0.050365148
20070907,-1.282068843,1.772754253,-2.472408338
20070910,-0.642428009,1.84241837,0.103172565
20070911,1.875371739,1.4203204,2.645791574
20070912,0.779976278,1.3607803,0.17559267
20070913,1.321088415,1.049060853,2.144754622
20070914,-0.234872473,1.809796296,-0.899408515
20070917,-0.44854299,1.002395913,-0.895083052
20070918,1.295914464,1.436199084,1.819019406
20070919,2.050420636,1.292002125,2.087201118
20070920,0.680721563,1.120774562,0.896652549
20070921,0.306062629,0.9512732,1.253712459
20070924,-0.354233456,1.040762242,-0.636719519
20070925,0.58913803,0.751172562,0.683723045
20070926,0.105121776,0.338853548,0.632394659
20070927,-0.420266787,0.703765564,-0.210354174
20070928,-1.033843795,1.238850809,-0.940298418
20071001,-0.566440032,0.643431431,-0.21279119
20071002,0.094361885,0.297608176,0.377982968
20071003,-0.87959678,0.754865281,-1.257579748
20071004,0.071505187,0.463696525,0.214669134
20071005,0.309045771,0.402122514,0.380499865
20071008,-0.238379136,0.558448008,-0.547424906
20071009,-0.02380669,0.58669423,0.238379136
20071010,-0.501973087,0.524912058,-0.644932368
20071011,-0.884855708,1.489825909,-0.23992334
20071012,1.045636903,0.919015693,1.596602485
20071015,-0.520218719,1.161480361,-0.2840911
20071016,-1.046631819,2.374941622,-0.857148105
20071017,-0.594461387,1.932516978,0.262686718
20071018,-0.08370703,1.69389016,-0.322484603
20071019,-0.867893587,1.912171296,-1.191421518
20071022,0.803608367,1.893834396,-0.169635325
20071023,1.509191419,2.843132367,1.993102356
20071024,-0.144334882,4.631370838,-1.244035183
20071025,-1.69454551,2.497367671,-1.406083772
20071026,1.029376331,2.15577491,1.309744651
20071029,0.167765168,1.071569244,0.624551634
20071030,-0.445649638,0.708481135,-0.817508761
20071031,0.528847386,1.480916281,0.697705224
20071101,-2.828077311,3.000889071,-3.092151406
20071102,-0.616144894,3.574948557,0.024724935
20071105,-0.436001936,1.417949737,-0.993796999
20071106,-0.07489702,1.156318118,-0.024971907
20071107,-2.32955626,1.568528029,-3.636764417
20071108,1.446055014,4.392390442,1.911172132
20071109,0.383877631,3.373588057,-0.522260916
20071112,-1.158761517,2.495431986,-1.388911216
20071113,2.564243061,2.301394679,3.273969248
20071114,-1.466153665,2.491234781,-1.579013417
20071115,0.228803964,2.719767972,0.279720462
20071116,-0.202326827,3.655579053,0.30425987
20071119,-4.251547503,4.125247419,-4.505033063
20071120,0.686199578,2.468475859,0.686199578
20071121,-0.784630663,3.207235676,-1.51056271
20071126,-4.292736288,2.178978057,-3.73622233
20071127,0.572911129,3.120372362,1.397091619
20071128,0.426894992,0.907135824,2.152935685
20071129,1.323120652,2.261632728,1.269858334
20071130,-1.19512984,2.764753954,0.576672633
20071203,-0.429492428,2.778682673,0.1958353
20071204,-1.740312159,2.098002097,-1.194004869
20071205,1.863815601,1.823672288,1.493542763
20071206,1.243861593,1.004578487,0.983444779
20071207,-1.046859318,1.363523847,-0.892458876
20071210,-0.737039399,1.200526164,-1.66375751
20071211,-1.059813099,5.702804087,4.064232184
20071212,0.820269979,4.43381744,5.430751924
20071213,0.299240154,2.14342984,0.515248878
20071214,-0.992263708,2.447062465,-1.736029132
20071217,-0.73801073,3.021862447,-1.507104431
20071218,-0.858584938,1.70627941,0.221975674
20071219,-1.76380178,2.450181179,-1.714540695
20071220,-0.173546591,1.51248782,0.997514506
20071221,1.947481218,1.264125747,2.885991441
20071226,2.539058554,0.8925826,1.862073377
20071227,-0.320913094,1.263162998,-0.664454272
20071228,0.10601332,1.676777499,1.112832604
20071231,-1.530032238,1.376939609,-2.286358226
20080102,-1.090259134,3.680165473,-1.114352617
20080103,0.825247402,2.005441109,0.776514457
20080104,-0.682263855,3.450915718,-1.142591742
20080107,0.411473411,3.40062553,1.215081778
20080108,-5.798364901,15.62108428,-5.895029964
20080109,-0.204970607,10.78141645,-0.10253782
20080110,1.921904127,7.378279246,1.046061331
20080111,-1.880607917,3.260298175,-3.119211507
20080114,0.090962257,1.739052608,0.795466149
20080115,-0.07977663,2.470628382,-2.379030515
20080116,0.092537517,4.511034229,0.662868661
20080117,-1.62259179,5.653199807,-1.464154999
20080118,-2.757853964,12.32023239,-3.187846564
20080122,5.024895363,21.32206763,-0.291121021
20080123,4.858576969,21.45631286,1.856872003
20080124,-1.144145312,13.14405447,-2.931625875
20080125,-2.16209461,8.073037723,-1.128998726
20080128,2.815516987,5.364226992,3.212118074
20080129,2.647567398,4.293750929,4.066805194
20080130,-0.561423744,7.268591199,-1.569389838
20080131,2.62961221,7.512898262,1.225701463
20080201,-0.858374369,6.171518131,1.367722531
20080204,-0.678499471,2.907852435,-0.235386535
20080205,-2.418822574,4.533979489,-3.816340375
20080206,-1.756461523,2.3349582,-0.984152284
20080207,1.689413477,4.936581577,1.661937176
20080208,-1.17600152,3.572070452,-1.799394242
20080211,1.999245008,2.367341844,1.447519471
20080212,1.530847674,2.322283475,1.720472545
20080213,2.344113094,2.368131918,2.915505254
20080214,-2.442809731,2.010062343,-2.145555878
20080215,0.330710004,1.47231342,0.132152788
20080219,-6.087071509,4.737172788,-5.455157874
20080220,-0.68081671,10.04343518,-4.128700267
20080221,-1.381714555,4.810418906,0.290275966
20080222,1.147788784,3.383660761,1.581628944
20080225,2.033775567,3.250682804,1.317952897
20080226,0.931815298,1.934992276,0.182853979
20080227,-0.652022154,1.794937226,-1.187460942
20080228,3.814712797,5.349737046,2.18026781
20080229,-1.591168675,2.264145237,-2.879521462
20080303,0.513993136,3.409009081,0.556945388
20080304,0.344432028,4.165047436,-0.599916097
20080305,1.446628547,4.248841655,1.732751775
20080306,-0.852520082,5.091446504,-1.332408089
20080307,0.457535828,5.125037549,0.028534741
20080310,-0.602843795,4.368728982,-0.917174672
20080311,0.597099601,3.29955919,3.910442475
20080312,-2.194204444,2.711460798,-2.042028998
20080313,1.348207464,5.002129756,0.239926726
20080314,-1.730294197,9.568790049,-1.476880011
20080317,2.969255318,4.496559731,2.654023648
20080318,1.858484756,3.700326482,2.85655237
20080319,-2.68435729,3.664310418,-2.494988912
20080320,2.093815801,4.352093553,2.467906989
20080324,2.935109308,2.382169537,2.962191231
20080325,0.197693639,2.599527225,-0.144727346
20080326,-0.13243281,2.408409457,-0.647251451
20080327,-0.951884501,3.337891051,-0.238821926
20080328,-0.740744128,2.433681725,0.053120851
20080331,1.288304922,1.90091309,1.632904336
20080401,1.684572761,2.750443592,3.162623784
20080402,-2.120401323,2.093152738,-1.99393109
20080403,0.90148711,2.054940562,0.69471526
20080404,-0.673054573,1.172675745,-1.290340484
20080407,0.308285408,1.552355014,1.251871547
20080408,0.957688179,1.991618024,-0.424137902
20080409,-1.326244898,1.766128561,-1.610006213
20080410,0.026167735,2.742106579,0.05234232
20080411,-1.66326767,2.66834803,-2.530439048
20080414,-0.415801015,2.696308929,-0.174578705
20080415,-0.480128956,1.855684056,0.536194314
20080416,0.986937859,1.847271096,0.732604009
20080417,-0.039917504,1.854049748,-0.279088493
20080418,-1.376047116,1.557885809,-0.106524644
20080421,0.963604887,1.687881834,0.026641801
20080422,-0.026388706,4.586948304,0.928019387
20080423,1.503984407,2.009416596,1.64903619
20080424,-0.258464863,2.081787864,0.311042241
20080425,-0.219680905,2.401130177,0.025876569
20080428,-1.116749692,1.727948148,-0.935800954
20080429,1.067301554,1.336841496,0.858151151
20080430,-0.219624144,2.873122184,0.103519678
20080501,1.842788484,1.414547484,3.357385529
20080502,0.149551374,1.185636653,0.424311132
20080505,-0.213420456,1.29326341,-0.913248356
20080506,0.101061151,1.532551075,-0.466083857
20080507,-0.808889305,1.842172903,-2.079554432
20080508,-0.102880668,2.392103702,0.193187001
20080509,0.415801015,1.195427288,-0.774997421
20080512,0.795794214,0.926415232,1.416271903
20080513,-0.203562411,1.478607625,0.382800008
20080514,0.202326827,1.536983773,0.811775133
20080515,0.540711786,1.908229398,0.730022122
20080516,0.764366857,0.921177709,0.462934827
20080519,1.0658175,1.54120938,1.252884962
20080520,-2.23262754,1.595069458,-2.850905756
20080521,-1.174981589,2.190029004,-1.276504441
20080522,0.742926435,1.840477739,0.66581552
20080523,-1.186498314,1.862220795,-1.646974953
20080527,0.709543066,1.969504147,0.916904467
20080528,1.158732007,1.813927078,1.530837396
20080529,2.200654668,1.759194399,1.769291401
20080530,-0.700177904,1.42791172,-0.874459039
20080602,-1.086280733,1.557777419,-1.211830028
20080603,-1.433349341,2.381539745,-1.48416235
20080604,-0.492547982,2.212351416,-0.802385565
20080605,1.868256514,2.60269697,2.464190394
20080606,-2.608282141,3.557431099,-3.142159092
20080609,-1.609321106,4.701230319,-1.635488842
20080610,1.501550024,2.62124923,-0.962059799
20080611,-1.768501777,3.240984715,-2.97065038
20080612,-0.274423882,2.494492183,0.661706302
20080613,0.505500086,2.888006655,0.821022674
20080616,1.029073189,2.284877916,-1.51039532
20080617,-1.612489761,1.625198772,-1.280997745
20080618,-0.169827383,2.388813932,-1.070734377
20080619,0.313345934,3.055677057,-0.397389112
20080620,-1.997049345,2.973874163,-2.025494801
20080623,0.029057097,2.781537177,-0.101633403
20080624,0.555475774,2.058465704,-0.349243661
20080625,-1.181059386,2.905723387,0.610378294
20080626,-1.480192803,3.282004527,-2.880857663
20080627,-1.722357126,3.351208593,-2.170721351
20080630,2.76098099,2.816822127,2.379272
20080701,-0.299760416,2.973934008,-0.866841476
20080702,-1.509690509,1.921490438,-1.329726453
20080707,0.030623182,4.8293169,0.245248437
20080708,0.975022959,3.313725291,0.975022959
20080709,-2.734005337,3.74977517,-2.673380903
20080710,0.397250331,2.569337944,2.095608276
20080711,0.615291897,5.347856789,-0.565794001
20080714,-1.684830787,3.225805897,-0.723358291
20080715,0.785303235,5.439669558,-1.274694704
20080716,0.12535257,3.980186416,-0.093911417
20080717,0.346948779,3.654127574,-0.533837035
20080718,0.358786751,2.213016851,1.095987172
20080721,-0.813012608,2.471752982,-0.813012608
20080722,0.094354465,2.266949228,-0.125667626
20080723,1.062709257,7.776659808,4.00546458
20080724,-2.57163708,2.767615509,-4.446549101
20080725,-1.862133655,2.651481917,-0.88804897
20080728,-1.909134186,1.925644219,-2.51626179
20080729,-0.195376161,2.215423677,0.228422354
20080730,0.032346758,2.663856401,0.779224722
20080801,-3.7423722,3.101222672,-1.630293689
20080804,-1.251663245,3.305473799,-0.825223366
20080805,2.015672925,3.90724255,2.939467023
20080806,-0.902940672,2.335343502,-0.645788489
20080807,-1.700776892,2.592380778,-1.814219899
20080808,1.856428497,2.088569306,2.202193228
20080811,2.675318792,1.964400568,2.643045111
20080812,-0.315407926,2.99637746,-0.519890891
20080813,-0.763605365,2.962764919,-1.095857866
20080814,0.418477997,3.404357214,-0.576555088
20080815,1.479622889,3.851234822,1.688207
20080818,-0.886923774,3.814658658,-0.729120364
20080819,-1.290340484,2.457266699,-2.024816083
20080820,-0.649352931,2.87519097,-0.325203539
20080821,1.11221297,1.295228426,0.130208352
20080822,0.772204609,1.552225415,1.48533567
20080825,-1.300831351,1.700242162,-2.10534092
20080826,0.228870461,2.793426825,0.228870461
20080827,1.615544022,1.721527237,1.876470459
20080828,1.849872472,2.212887257,3.12377505
20080829,-1.303556634,2.459588833,-0.560749133
