20020102,-0.635710335,2.581862487,-0.558400706
20020103,1.834913867,1.827509058,2.625064387
20020104,-0.288250219,3.565573806,-0.273099851
20020107,-0.212669076,3.120081749,-0.091199277
20020108,-1.591951575,1.44368166,-1.455183831
20020109,-0.275819973,2.471292385,0.55393279
20020110,-1.555912155,2.628371174,-1.173033979
20020111,-1.786455277,1.828556487,-0.951571021
20020114,-1.038762836,1.66487421,-2.459465501
20020115,-1.750449881,4.706197352,-1.766515428
20020116,-3.250161723,3.643590532,-3.037830079
20020117,3.371105734,8.031120508,6.55598265
20020118,0.488151509,2.581084055,0.488151509
20020122,0.978040863,2.440141091,1.66683507
20020123,-1.23840592,2.98596053,-0.822156186
20020124,2.153929425,3.451948275,2.309571479
20020125,0.574106427,1.592901759,1.02968808
20020128,2.119166007,1.365439388,1.998575097
20020129,-2.792685036,2.699278008,-2.527237306
20020130,-0.393224947,9.201702673,-0.060596881
20020131,3.358552221,4.248523676,4.068256974
20020201,1.396007416,1.943874336,1.788079362
20020204,-2.723760578,2.833127851,-4.337395937
20020205,0.535875054,7.075644795,0.535875054
20020206,0.073773519,1.070175908,0.651082501
20020207,-0.709957131,2.090961734,-0.636237997
20020208,1.375863112,3.761996135,1.01898541
20020211,0.580553155,1.53336401,1.51650617
20020212,-0.742956291,1.410991317,-1.032811566
20020213,2.388821517,2.826897591,2.183903413
20020214,-0.788817285,0.894657986,-0.645858004
20020215,-1.005033585,0.821903926,-0.2162163
20020219,-1.902329929,1.405390673,-1.585372453
20020220,2.575746506,2.125066438,2.590406038
20020221,-1.279580395,1.612408294,-1.279580395
20020222,0.648650923,2.54488862,0.706512924
20020225,0.75752524,0.949270062,0.901100283
20020226,1.19174211,2.198248192,2.141228447
20020227,1.310815595,2.845431502,1.658642033
20020228,-1.213292779,2.765241027,-0.054847115
20020301,2.253081192,3.118778954,2.170754075
20020304,4.28627621,4.61985816,3.882832952
20020305,-3.979304856,4.621736474,-4.704884613
20020306,1.464194336,1.140644985,1.464194336
20020307,-0.866383293,3.051587925,-0.387467917
20020308,-0.106298176,2.673195621,0.69370609
20020311,0.503245665,1.621453298,0.63610074
20020312,-0.332779009,1.512024405,-0.929004691
20020313,-1.497828318,1.459897228,-1.497828318
20020314,0.740494801,1.346397941,0.896021086
20020315,-0.402685108,1.504202699,-0.26863683
20020318,-0.541639781,1.713381516,-0.945953
20020319,-0.053995682,0.993096085,0.555143258
20020320,-1.15372844,1.198222153,-1.099732759
20020321,-0.054809538,1.535068499,-0.396690213
20020322,0,1.704368371,-0.34324191
20020325,-1.877989465,1.056910744,-1.343045456
20020326,0.597929891,2.517172748,0.542157441
20020327,2.652529595,1.387003301,2.193972549
20020328,0.459026052,2.627792135,0.689331648
20020401,0.108049713,1.729176236,-0.215749814
20020402,0.323799527,1.428731703,0.215749814
20020403,-1.6349138,2.080103101,-1.958713328
20020404,0.696676542,1.095537481,0.902508519
20020405,-1.240727621,1.685305965,-0.7789585
20020408,2.047853134,1.382601335,1.511363781
20020409,-1.430055014,1.59112154,-1.497645419
20020410,2.224560895,2.560818444,2.839947452
20020411,-0.443042948,1.658885206,-0.910801903
20020412,-2.308317018,2.814333985,-2.06641393
20020415,-1.40711385,1.011935343,-1.132765255
20020416,0.233084359,1.64159719,1.434507358
20020417,-4.139489628,7.168726415,-4.509936646
20020418,-3.862046446,13.28280146,-3.647377312
20020419,1.343870648,4.119318669,2.378617501
20020422,1.02372749,2.923898585,1.139736784
20020423,-0.809019148,2.774256329,-1.110721841
20020424,-0.814905557,2.286705976,-0.727911206
20020425,1.514518537,3.755686092,1.089889449
20020426,-1.178281142,2.799509689,-1.236109682
20020429,-1.010923561,3.043997914,-0.631194756
20020430,2.101401448,3.535127167,3.33074519
20020501,1.598663793,5.80868303,0.582263947
20020502,-0.057529126,2.087781747,-1.584276339
20020503,-0.186527065,2.055296529,0.172488184
20020506,-3.288568172,2.528230466,-3.40352723
20020507,0.736380353,4.158315615,1.255092149
20020508,1.577093619,1.750852347,3.106064067
20020509,-0.287150233,1.715771561,-1.072588045
20020510,-1.399431336,1.855000699,-1.040622196
20020513,0.490126396,1.673423863,1.026243017
20020514,0.155356291,1.150273571,1.880397286
20020515,-0.212539931,1.341384665,-0.509338962
20020516,-0.740744128,1.107917999,-0.797497818
20020517,0.284900478,1.011759443,0.513406718
20020520,-1.033155983,2.024048284,-1.389408586
20020521,-2.568522541,2.058200054,-1.89289286
20020522,0.175927329,2.049694048,0.352164707
20020523,0.274983891,2.934592864,1.338591208
20020524,-0.303929607,0.725563527,-0.289477695
20020528,-1.077471111,0.965731979,-0.990539781
20020529,0.293255342,1.463089805,-0.014640217
20020530,0.44020614,2.181557543,0
20020531,0.436999967,2.637724133,0.729397836
20020603,-4.079171397,3.284824378,-4.079171397
20020604,-0.52770571,3.547435656,0.151285959
20020605,3.157454912,3.784570504,3.534671504
20020606,-0.806160467,1.84146348,-0.8499465
20020607,1.548132652,2.216453557,0.586942257
20020610,0.420931023,2.537246898,1.004448361
20020611,-1.228783079,2.720530782,-0.420931023
20020612,1.805755097,2.889519886,1.587334916
20020613,-1.298719553,1.875054335,-1.441986053
20020614,0.631287423,6.550559144,-0.758131638
20020617,1.800280909,2.159488253,1.697784378
20020618,0.993600226,1.283134863,0.416398046
20020619,0.501613377,2.7784424,0.228996808
20020620,-1.512452309,1.73585228,-1.512452309
20020621,-2.684725004,5.557492185,-4.073128746
20020624,2.898753687,6.578346694,0.52770571
20020625,-0.618449818,2.859974324,-0.618449818
20020626,-0.645262648,10.25692399,-1.847803968
20020627,2.317758831,4.746259701,2.886422471
20020628,2.08340869,3.401808396,1.663240005
20020701,-2.253994968,2.337129488,-2.475152449
20020702,-1.933530587,3.703649686,-1.812830512
20020703,-0.890806075,4.486076517,-0.354200725
20020708,-1.865671371,2.730748797,-1.865671371
20020709,-1.497544481,2.797165148,-1.526973558
20020710,-4.942092686,4.740973863,-4.257260472
20020711,0.319800592,9.324693939,0.085699822
20020712,-1.396210617,8.41346654,-1.419576013
20020715,-1.08350327,9.994212952,-1.399959231
20020716,-0.226061779,8.173783976,-0.901196959
20020717,1.473465976,9.6996441,4.874397586
20020718,-0.928080907,5.5109105,-0.928080907
20020719,-4.474096441,6.564996361,-4.318816907
20020722,-3.050094632,25.92897272,-2.855573579
20020723,0.425323723,11.52815611,2.253407222
20020724,6.197375954,18.53517873,5.772052231
20020725,1.492450196,10.51212382,0.889712879
20020726,-0.727165755,8.165756191,0.441905481
20020729,5.494799546,5.279416811,6.297408533
20020730,1.348016156,6.563056705,1.283751096
20020731,-1.002155846,5.193735509,-2.064865104
20020801,-1.880384826,5.336485024,-2.240745577
20020802,-3.440877969,7.518375592,-3.382037131
20020805,-3.81559933,6.562712134,-3.800379788
20020806,1.558553267,2.414124058,3.205003631
20020807,2.268897569,5.006138475,3.016365011
20020808,1.933842861,5.396530385,2.363759764
20020809,1.372885591,3.214141691,0.029014943
20020812,0.792141446,2.840785837,-0.727911206
20020813,-7.991962318,14.64546434,-9.079089228
20020814,-1.2966146,11.8707179,-1.93867138
20020815,1.20581549,12.63356734,0.715217613
20020816,-2.036598595,7.794471481,-0.813144828
20020819,3.115216583,3.373847053,3.229455682
20020820,-0.907288357,2.722413126,-1.128877558
20020821,-2.613473475,4.553311998,-2.198601331
20020822,0.967749488,5.685600972,1.814108707
20020823,-2.562777978,2.96731694,-2.964869392
20020826,-0.963622675,6.552713372,-0.963622675
20020827,-0.668346891,5.061438723,0.822981494
20020828,-1.52316946,2.590812648,-1.846566234
20020829,0.511510067,5.727148887,-0.829880281
20020830,0.980731567,3.302785863,1.065729447
20020903,-3.877259626,4.103237736,-4.773065498
20020904,2.728395895,5.123990299,2.268462305
20020905,-1.066536904,5.51533936,-1.863353869
20020906,2.171376022,4.317565571,3.063848479
20020909,1.122842692,5.059204799,0.764205129
20020910,3.069506846,7.417095391,3.474707468
20020912,-1.623412276,1.757175741,-1.784313357
20020913,-2.385121582,4.24708261,-5.206885563
20020916,3.404584141,3.069805398,2.972618027
20020917,-3.303985408,4.02838286,-2.886448267
20020918,-0.173460581,2.188273995,-0.778214044
20020919,0.683673449,3.691644421,-0.626961301
20020920,0.447274098,6.466641675,1.766279684
20020923,0.541438752,2.884118843,-1.469724735
20020924,-2.002370436,5.640599972,-2.719094071
20020925,1.556111477,4.691741874,3.118920766
20020926,3.670136685,4.877134996,3.912729076
20020927,-4.216243001,3.542280067,-5.627556749
20020930,-0.300433203,6.798077552,-0.282785625
20021001,3.584118983,4.439116557,4.465181951
20021002,-4.603504957,7.501305293,-4.908641658
20021003,-2.5159682,7.528748523,-1.631006673
20021004,-6.49195461,10.77708112,-5.306382972
20021007,-1.581823106,6.84029345,-2.021048485
20021008,-1.204131853,13.59141452,-0.487282906
20021009,-2.547014251,10.83898236,-3.884563696
20021010,5.766651811,10.38436816,5.685367515
20021011,2.04408185,8.976010919,5.142761659
20021014,-1.131842494,5.266328705,-2.3422002
20021015,-1.358606529,5.70693563,2.950988596
20021016,-1.110616787,6.457121454,-1.047225342
20021017,4.27262672,9.956833199,9.411109896
20021018,1.39259545,7.300706111,1.209124462
20021021,5.195554607,5.974291391,4.601101073
20021022,-1.2966146,4.56423385,-3.68336274
20021023,1.22121521,10.04842265,0.796169613
20021024,-3.634993738,7.231740343,-2.093289844
20021025,2.319986424,6.311654871,2.303458865
20021028,-3.181639307,5.821770753,-3.133201428
20021029,1.563174569,6.492593278,2.045263442
20021030,1.494844198,3.417219589,2.307856806
20021031,-1.512985565,6.610756427,-1.640699503
20021101,2.499318669,4.658198585,1.176958366
20021104,-1.478211769,3.514607983,0.096123045
20021105,0.947126259,2.566833048,1.903308843
20021106,1.731445997,5.627459021,3.367633648
20021107,-2.49655506,2.943668498,-2.999106944
20021108,-2.259628543,4.207559563,-1.379114809
20021111,-1.585076877,3.134384094,-3.200982767
20021112,1.163931666,3.306620378,1.939287519
20021113,0.241760131,6.571126421,-0.160849319
20021114,-0.636944829,5.720030064,0.769727983
20021115,0.699859704,4.026831946,0.779700028
20021118,-2.491345716,3.96782461,-2.00118741
20021119,0.500768351,3.939488409,0.355125474
20021120,2.07178725,2.837793661,2.136220242
20021121,1.544432243,2.600837158,2.876218476
20021122,-2.327490635,2.073592646,-2.404148362
20021125,1.853202612,4.187882505,1.727534986
20021126,-1.574835697,3.82258924,-2.832518605
20021127,1.10324208,1.974064439,1.261846396
20021202,-1.039870722,3.667614405,1.002793919
20021203,-1.276166257,4.480806014,-2.615471991
20021204,1.780176912,5.187602322,2.250537036
20021205,-1.457279675,2.948197996,-2.576217181
20021206,2.78250357,4.204449212,1.03846463
20021209,-1.166720983,3.635121014,-2.368424304
20021210,-0.01646226,3.59804601,0.395909458
20021211,1.945009395,3.215553548,0.852464179
20021212,1.133615379,2.273267125,1.361888753
20021213,-2.701760732,1.953232455,-3.024341657
20021216,3.595158425,3.155332001,3.345885342
20021217,-0.194836886,1.803231273,-1.243656504
20021218,0.651468102,4.638313336,0.113700979
20021219,0.618995298,3.712242212,-0.032472804
20021220,0.01610695,2.601657175,0.824780288
20021223,0.488600321,2.834327342,-0.873509275
20021226,0.325892418,2.547334555,-0.048792389
20021227,-1.948746307,2.903925213,-0.800330936
20021230,0.391773273,1.396421527,0.653810763
20021231,0.339613814,2.896246458,0.908212535
20030102,1.671348097,3.350634962,2.250873222
20030103,1.17124787,2.008300776,1.659399379
20030106,-0.076988225,3.114116258,0.788684209
20030107,-0.891118224,3.444825504,-1.928520111
20030108,-0.174064448,1.507833454,-0.851605841
20030109,2.211583675,2.627676567,2.780125952
20030110,0.171326263,2.522937245,-1.021838896
20030113,-0.528608196,1.681781797,-0.171326263
20030114,0.249104909,2.400196308,0.249104909
20030115,0.390472968,0.882824916,-0.249104909
20030116,1.399049584,2.754778971,3.175844106
20030117,-0.394717379,1.343000191,-0.727496388
20030121,-2.597154102,2.459697363,-1.147415633
20030122,-1.717450489,1.768872926,-2.319350601
20030123,0.818347808,2.007855885,2.380879598
20030124,-1.166874383,2.501803666,-1.75293405
20030127,-0.158730192,3.786085476,-1.497860089
20030128,1.530360387,4.485358215,1.450900708
20030129,0.250273868,5.401317175,0.218955358
20030130,-1.087566871,4.909004006,-1.431855161
20030131,1.633271857,3.252584709,0.757818594
20030203,1.13328854,2.184985452,1.869795826
20030204,0.279113222,1.728813904,-0.309214841
20030205,-1.284549119,2.117908695,-0.590155463
20030206,-0.577540043,2.971000463,-0.499688735
20030207,-1.651899804,2.810836899,-0.376411988
20030210,0.470220302,3.648813039,0.485932456
20030211,-2.180525642,2.321139103,-2.133624992
20030212,-3.02757499,2.759272164,-3.395663747
20030213,-1.498779097,4.661940699,-1.515306656
20030214,2.9025568,3.627086206,3.737983547
20030218,-0.708765854,2.394594364,-0.016164229
20030219,0.758251596,1.34430725,0.580272421
20030220,-2.759915435,2.282447908,-2.390940925
20030221,-0.08133388,3.056416739,1.145675379
20030224,-3.2167722,3.037902725,-2.972968747
20030225,1.011813017,3.757503984,-0.083857447
20030226,-3.113290481,2.287039542,-2.945645849
20030227,0.805005632,2.336962766,1.28768197
20030228,-0.73148238,2.106136792,-0.085331518
20030303,-1.513356483,1.679097718,-1.479215138
20030304,-0.960286733,1.576878105,-1.237920089
20030305,0.299638895,2.108173287,-0.316289141
20030306,-0.443066742,2.407409309,-0.919384128
20030307,3.387133061,3.19801885,1.323354116
20030310,-0.499020818,1.838590364,-1.91122434
20030311,-3.065999794,3.939523505,-3.065999794
20030312,0.740744128,3.340338793,-0.147492652
20030313,3.890711884,3.0299344,5.718916367
20030314,1.050259408,4.901282443,2.537661441
20030317,5.685937222,7.633109094,3.513525339
20030318,0.40600949,4.287037203,1.190199099
20030319,-0.080677697,2.967260773,0.404367716
20030320,-0.488600321,3.882882234,-1.136375865
20030321,2.230928692,2.876412687,4.251199424
20030324,-1.563413261,2.218541278,-3.746353469
20030325,-0.437495634,1.632764751,0.032483353
20030326,-0.228087424,2.336809877,-0.439418072
20030327,-0.465039868,1.860568713,-2.043241291
20030328,-0.762392511,2.183756298,-2.136869396
20030331,0.312012734,1.81483661,-1.749915987
20030401,0.936575599,3.320017637,2.089474887
20030402,-0.181983672,1.653967582,2.328608441
20030403,-3.015303817,2.535843458,-2.668167342
20030404,0.250313022,2.69911426,2.020270732
20030407,-1.268515953,2.383773321,1.816730396
20030408,0.24660925,1.618638569,-0.327869146
20030409,0,2.711401231,0.573067471
20030410,0.278118789,1.78905215,-0.065327456
20030411,-0.919191407,2.628137186,-0.040851343
20030414,2.543264963,2.02102736,2.158444412
20030415,1.550418654,1.589254247,1.869805702
20030416,-1.529422834,2.051667104,-2.238366331
20030417,-3.66293402,4.830398347,-3.67898925
20030421,0.724640852,2.107796611,1.487876679
20030422,0.996007907,2.659859329,0.996007907
20030423,-0.146854885,1.601319245,-0.504928184
20030424,-0.262639678,1.641378401,-0.65531034
20030425,-0.906773998,1.400237354,-0.758954311
20030428,0.918039234,1.491552131,1.479560115
20030429,0.615985089,1.89048597,0.974350027
20030430,-0.226464024,2.063680926,-0.21030502
20030501,-0.275415322,1.344415109,-0.178296506
20030502,3.02932051,2.589331412,2.720603066
20030505,-1.580114274,2.219015121,-1.880533505
20030506,1.165868033,2.296989087,1.310550961
20030507,1.160308655,2.45071936,0.475210779
20030508,-0.142529124,2.476346915,-0.284855391
20030509,1.32143392,1.6882971,2.581293103
20030512,2.825647508,2.012893104,3.057039821
20030513,0.611440276,2.416309846,0.746160752
20030514,-0.72426597,2.659890457,0.222766855
20030515,-0.088469484,1.342034339,0.562131658
20030516,-0.517867548,1.595562219,-0.562131658
20030519,-0.748506489,1.444302198,-1.283983002
20030520,-1.557923062,3.250473975,-1.437784889
20030521,1.055943701,2.431967974,0.137101095
20030522,1.120205477,2.55484611,1.120205477
20030523,-0.272273652,1.836581409,-0.619103525
20030527,2.850726584,2.101650699,2.896157038
20030528,-0.321778835,1.144165191,0.440464667
20030529,-2.099072231,3.369403218,-2.657322543
20030530,1.62485111,2.562301213,2.642671601
20030602,0.817630545,2.146933092,1.649327176
20030603,-0.301919574,1.360131702,0.093636338
20030604,1.224358111,1.946037466,0.57430165
20030605,0.954491184,1.569906929,0.968806552
20030606,0.042244597,3.137318789,0.706417179
20030609,-1.888468139,1.72583074,-2.55235927
20030610,-0.451722959,1.563486634,2.058391714
20030611,2.505350245,1.977579255,2.88662586
20030612,-0.83567854,1.783643077,-0.082508256
20030613,-1.103459472,0.888616316,-0.814977921
20030616,1.397474448,1.300746116,1.923136193
20030617,-0.640634645,1.841523065,-0.504672694
20030618,1.156719039,2.125545687,-0.1231443
20030619,-1.791915624,2.241285759,-1.573097156
20030620,-0.110283992,1.677022196,0.831029713
20030623,-1.10917248,1.643471023,-2.33039221
20030624,0.351741481,1.713193613,0.521017865
20030625,-0.578648146,2.924607233,-0.775470929
20030626,-0.340812599,2.719849147,-0.496631031
20030627,0.226757467,1.89349643,0.482475748
20030630,0.381976838,1.881452754,0.254489039
20030701,1.498261242,2.676867442,0.647433648
20030702,0.125409339,1.067189314,0.740795896
20030707,-0.013795958,1.806136087,1.445272517
20030708,1.961316159,1.988441398,1.919916862
20030709,-1.44870649,2.097971311,-1.699409606
20030710,0.377227133,1.74206184,-1.28855264
20030711,1.842989862,1.164440463,2.302121103
20030714,-1.381407456,1.019828069,-1.054876553
20030715,-1.367519067,1.756604992,-0.982638867
20030716,-0.152259701,1.327371006,0.402526742
20030717,-0.460206551,2.291304163,2.083694305
20030718,-0.107411396,0.356442082,0.985495657
20030721,-0.702800568,0.792390957,-0.958365977
20030722,2.591302999,2.295246932,2.821608595
20030723,0.922272677,2.154165086,0.539155754
20030724,-1.905323581,2.203176859,-1.839771301
20030725,1.706935696,2.061236405,1.023332739
20030728,1.711694194,2.141113338,1.274404688
20030729,0.091270624,1.903754179,0.169568944
20030730,-0.798172376,1.343940434,-0.798172376
20030731,-1.556554313,2.351054082,-1.189388939
20030801,0,0.895546084,0.013293453
20030804,0.231061334,1.340900197,0.7877966
20030805,-1.335133317,2.432942757,-1.897211174
20030806,-1.15060491,2.493433549,-1.285103922
20030807,-0.546076442,1.615384933,-0.546076442
20030808,0.506815687,0.610462132,0.191466142
20030811,-0.477849227,1.087917992,-0.164091381
20030812,1.868960143,1.14839613,1.978384309
20030813,0.523877886,1.138408271,0.147482765
20030814,1.712166054,1.705311124,1.792519614
20030815,-0.235294226,0.301536205,0.551182498
20030818,-0.272391374,0.280433727,0.756196563
20030819,1.497436312,1.478972616,2.222170945
20030820,-0.999880142,0.879903324,-1.40721268
20030821,2.241275531,1.598142134,2.279917897
20030822,-1.89399601,0.709357536,-1.216282573
20030825,-0.486494366,1.064142715,-0.677881984
20030826,0.511640922,1.43167765,0.588613344
20030827,0.880613182,0.63819138,0.407436265
20030828,1.475715751,1.256580052,1.475715751
20030829,0.550138922,0.596825702,0.412320194
20030902,-0.149868893,1.607469292,-0.237188801
20030903,-0.062715587,1.337270928,-0.388204107
20030904,-0.175923644,0.820390939,-0.238678588
20030905,-1.930709026,1.552678605,-1.955866259
20030908,0.81344838,0.621386598,2.087837999
20030909,-1.011386624,0.750777075,-1.155936189
20030910,-0.908573657,1.287613503,-1.16302672
20030911,-0.05111168,1.276941711,0.576813751
20030912,0.191412041,1.412645786,0.25529756
20030915,-0.152983202,0.806873557,-0.076520856
20030916,1.76995771,0.777339096,1.795471168
20030917,-0.176478049,0.874726078,-0.678991669
20030918,0.226843197,0.530212051,0.226843197
20030919,-0.98040001,0.877433438,-0.340458055
20030922,0,0.917201386,-0.849881439
20030923,1.027341143,1.378712228,0.950878797
20030924,-1.080404535,1.313338241,-1.269858334
20030925,-0.038350911,0.978961646,-0.051131281
20030926,-0.217711554,1.671488508,-0.268868992
20030929,0.913016741,1.108561095,1.55199655
20030930,-2.186648085,2.491490723,-2.388821517
20031001,2.319054697,1.749292051,3.155879664
20031002,1.160844341,1.528193898,0.935110611
20031003,0.195886449,1.334044274,1.453764669
20031006,-0.502482827,0.873952866,-0.453571112
20031007,0.94612735,1.38978654,0.465801283
20031008,0.734127854,1.469827965,0.317460584
20031009,-1.072234837,1.666878177,0.644026772
20031010,-0.576020995,1.331795843,-0.406590966
20031013,0.892970818,0.508471184,1.226860945
20031014,0.583369712,0.783593354,1.19418663
20031015,-0.798336084,1.19726643,-0.774597211
20031016,0.749869609,2.301321481,0.881377788
20031017,-0.701506949,1.223068766,-0.618534148
20031020,-0.367538501,0.901753424,0.452381724
20031021,-0.415801015,0.767332279,-0.225935051
20031022,-0.565483069,0.914117321,-1.342302033
20031023,0.024125452,2.221964538,0.036190362
20031024,0.808353319,1.968162717,0.373202143
20031027,0.574232945,0.770190409,0.730323509
20031028,0.166646866,0.750083007,0.297778792
20031029,0.484835101,1.032633225,0.817298005
20031030,1.079315968,1.18094991,1.091111898
20031031,-1.184834085,0.86077048,-1.126508041
20031103,0.526470944,1.304067628,1.126508041
20031104,0.488998529,0.765672303,0.465658583
20031105,0.40568007,0.942234926,0.40568007
20031106,1.244112349,1.249922214,1.035682445
20031107,-0.918490958,1.024270368,-0.746915279
20031110,-1.545015341,0.986754497,-1.487361837
20031111,-0.2109211,0.620947702,-0.199214925
20031112,1.331484282,0.786949466,1.09660455
20031113,1.011813017,0.815355144,0.266496884
20031114,-0.534449977,1.260873369,-0.673403218
20031117,-0.610044126,1.512585415,-1.006916364
20031118,-2.327343231,1.157400552,-2.068793316
20031119,0.579431848,1.356766329,-0.192400252
20031120,0.330419934,1.097091781,0.3424558
20031121,0.453786305,0.621553537,0.675456108
20031124,0.684853308,0.692047116,1.243281659
20031125,0.716343854,0.947770181,0.563249553
20031126,0.849286706,0.816281619,1.001289073
20031201,0.896660795,1.314587728,1.754836073
20031202,0.503375963,0.8805957,0.285698154
20031203,-0.39988628,1.1203724,-0.320036849
20031204,0.74137779,0.758604258,0.74137779
20031205,-0.261795153,0.447542481,-0.295891874
20031208,1.078636629,1.060881693,0.918946849
20031209,-0.586313552,0.957323217,-0.135608564
20031210,-0.124385158,0.65426625,-0.056557889
20031211,1.251778398,1.187068884,0.957160621
20031212,1.839562806,1.770691936,2.643228255
20031215,-0.847923332,1.094969759,-0.021831678
20031216,2.072165661,1.819815806,2.181276419
20031217,-0.40711434,1.05852231,-0.503293882
20031218,0.534474816,1.150536291,0.695375896
20031219,-0.668189366,1.603167923,0.181072638
20031222,1.058210933,1.182850905,1.090130921
20031223,-1.276301455,1.548044637,-0.021054848
20031229,0.630254187,0.484888295,0.883472301
20031230,-0.88440248,0.388339588,-0.989169383
20031231,0.052778805,0.568628187,0.211282563
20040102,-0.518053704,1.95789039,-0.444210143
20040105,0.073734664,0.432708619,0.66557744
20040106,-0.263782796,0.692295194,-0.33751746
20040107,0.411414684,1.10058875,0.358574525
20040108,0.052728712,0.553960229,-0.147492652
20040109,-1.084655466,0.905917282,-1.401445593
20040112,-0.79246506,1.097047521,-0.557522619
20040113,0.160642605,1.231087957,0.471951965
20040114,2.013667745,1.229082857,2.494052976
20040115,-0.220022091,1.817656878,-0.491761389
20040116,1.301940275,1.583270485,2.147942501
20040120,-2.01121769,2.309992154,-2.505198318
20040121,1.22791069,2.229205828,0.911621549
20040122,-1.243420231,1.934431519,-0.795899059
20040123,-1.202799899,1.507970084,-0.950778343
20040126,0.981900936,1.364896695,1.024350263
20040127,1.206413793,1.100428263,0.75361462
20040128,-0.816501972,0.808610107,-0.795649089
20040129,-0.220114339,2.166994487,0.168031966
20040130,0.724831158,0.781491386,0.25151973
20040202,0.636180901,1.701718304,0.67803942
20040203,0.218624833,1.151876177,-0.031193138
20040204,-1.6214295,1.574304952,-2.048713773
20040205,0.488686833,0.673141932,0.159092148
20040206,0.318640737,2.202298192,-0.06360649
20040209,0.603208348,0.894689467,0.50772269
20040210,1.252713892,1.284243728,0.850979554
20040211,0.71323986,1.927986355,0.094107813
20040212,-0.628866971,0.796947648,-0.597517371
20040213,-0.431966114,1.430500478,-0.421452526
20040217,-0.020951184,1.242009716,0.778295893
20040218,1.396454035,1.236300445,1.971018165
20040219,-0.410889125,0.526206693,-0.205655599
20040220,-0.926409096,0.846983056,-0.464277336
20040223,-2.962090311,2.830649632,-3.044854645
20040224,-2.229134459,3.64550389,-2.122581439
20040225,1.253080956,1.387873272,0.564666502
20040226,-1.68757107,3.243543123,-2.688776517
20040227,2.106727027,1.375027019,2.417700178
20040301,0.980934296,1.011101795,0.10851873
20040302,-1.101332718,0.757889791,-2.082267014
20040303,1.05527222,1.55812683,0.221239028
20040304,0.366402453,0.537582073,-0.29878847
20040305,0.289435803,0.875592838,-0.299683892
20040308,0.1327287,1.004707558,0.565317695
20040309,-1.152976337,1.265396002,-1.840645417
20040310,-1.311681195,1.547417001,-1.955496601
20040311,-0.941922192,3.143493346,-1.748842996
20040312,1.696814532,1.526763951,2.058352042
20040315,-1.243656504,2.341609177,0.604783038
20040316,-0.802763088,3.403577495,0.215921443
20040317,0.394033721,1.079885124,1.027735061
20040318,-0.318326781,1.818840337,-1.33471046
20040319,-2.724083492,2.865458044,-2.724083492
20040322,-1.189578836,3.188356974,-1.248102861
20040323,-1.200862088,1.224338087,0.035538708
20040324,-0.533650837,1.410077392,-0.39162217
20040325,1.148764245,0.890718912,2.001243952
20040326,0.977092803,1.051135525,0.685292188
20040329,-0.823240779,1.336822789,-0.580452059
20040330,-0.174774294,1.359001595,-0.163132173
20040331,0.674499592,1.739532983,0.616173547
20040401,0.277392688,1.131384603,0.416378117
20040402,0.675098393,1.35512086,1.20462651
20040405,1.116196267,1.154894837,1.696105789
20040406,0.694213963,0.760841193,0.480958368
20040407,0.779080179,1.19650703,0.645091771
20040408,-1.294337446,0.786233877,-0.433309939
20040412,-0.781253974,0.341467366,-0.625490702
20040413,-1.631541114,1.017590037,-1.240151182
20040414,0.739690428,1.232635858,0.056705417
20040415,-0.362565546,1.578220731,-0.113443007
20040416,0.554582373,1.057664018,0.565932467
20040419,-0.260431557,0.713854386,-0.45248946
20040420,-0.991856732,1.4332205,-1.048562149
20040421,-0.176108058,3.573114667,-2.529430595
20040422,2.969428501,2.333934573,3.168994218
20040423,0.960730758,1.779996639,1.199516476
20040426,0.279877037,0.964717106,0.616766743
20040427,0.479296465,0.978320119,0.535177997
20040428,-0.816239786,1.121472613,-0.960901248
20040429,-2.00074879,2.454475005,-2.248051074
20040430,-0.899763828,1.691201645,-0.911246862
20040503,0.403575065,0.913766171,0.692843418
20040504,-0.24278872,1.684400545,-0.58861039
20040505,0.302220386,0.815185747,-0.266589552
20040506,0.046636354,0.882776465,-0.430358326
20040507,-0.345625838,1.788360191,-0.684233203
20040510,-1.003233065,2.079718786,-2.249152757
20040511,0.048094266,0.947551652,-0.144144169
20040512,1.89867785,1.882226733,1.609764684
20040513,-0.656914874,1.674986506,-1.297714503
20040514,-0.347909894,1.075196873,-0.28801172
20040517,-0.254869972,1.631766778,-1.111793929
20040518,0.170378525,0.427071755,-0.060779191
20040519,-0.365186042,0.952573728,-0.292255444
20040520,-0.549955557,1.427862386,-0.488998529
20040521,-0.036771466,1.267821391,-0.036771466
20040524,1.057310694,1.184660119,1.399986345
20040525,1.595427591,0.984029841,1.571246718
20040526,-1.390576232,0.611814045,-1.426284141
20040527,1.315808458,0.739690388,1.568988411
20040528,0.746316323,0.495419931,0.686880957
20040601,0.461675872,0.797570087,-0.070838256
20040602,0.610330533,0.677478103,0.928708256
20040603,0.17625291,0.570685421,-0.328176572
20040604,0.461732607,0.650841375,0.661111081
20040607,1.062242987,0.466211813,1.533461753
20040608,0.982865055,0.525328079,0.982865055
20040609,-0.170599985,0.384598489,-0.091022876
20040610,0.340329313,0.413625887,0.510929298
20040614,-0.090919429,0.279497808,-0.397163643
20040615,0.888694752,0.838521265,1.512102835
20040616,-0.561609923,0.332195185,-0.572810012
20040617,0.168909448,0.491718289,0.112574593
20040618,0.849356917,1.051279429,1.096575831
20040621,-1.143382034,0.605260764,-1.299301433
20040622,-0.37485135,0.904167376,-0.940143981
20040623,2.718174142,0.697617164,1.838017577
20040624,0.478656226,0.600930708,0.612644634
20040625,-0.424202467,0.819438672,-0.735625252
20040628,-0.369603378,0.760432557,-0.302504292
20040629,1.602527061,1.006466761,1.624966195
20040630,0.624762267,0.822911311,1.03240895
20040701,-1.009001761,0.671979092,-0.877968765
20040702,-1.165449675,0.830755395,-1.275739749
20040706,-1.079632619,0.7125765,-1.26960865
20040707,0.583455361,0.90724742,0.096064201
20040708,-0.203550901,0.764666231,-0.209199183
20040709,1.44629462,2.071399377,1.683730426
20040712,0.512136501,0.929203278,0.233476119
20040713,0.121809439,0.508762706,0.343661998
20040714,0.066867271,1.30818251,-0.666224983
20040715,0.927466072,0.473798311,1.361016859
20040716,-0.767968667,0.787792019,-0.209032476
20040719,-1.205033652,1.20456378,-0.985011561
20040720,0.742509091,1.116463376,0.731386239
20040721,0.856698836,2.551344628,2.22740948
20040722,0.173010424,2.033262075,-0.05400443
20040723,-0.249201061,1.309776636,-0.411389559
20040726,-0.909826988,1.219223701,0.885630586
20040727,1.384473658,1.168193775,1.652930195
20040728,0.921275113,1.191109322,0.33787383
20040729,-0.835144132,1.243953621,-0.708735182
20040730,-0.693891228,0.900597085,-0.906431159
20040802,0.790433511,0.674837275,0.683252364
20040803,0.224659094,0.796187134,-0.437170819
20040804,0.600344856,0.823321685,-0.021374372
20040805,-1.948535345,1.074811777,-2.248257256
20040806,-0.742262312,1.268286614,-1.708877923
20040809,-0.501254182,0.909599941,-0.423446142
20040810,1.488861249,0.82651079,1.990115432
20040811,1.192639554,1.713010457,0.643790755
20040812,-0.362697545,0.789059532,-1.225666471
20040813,-0.449932172,1.141405213,0.110047331
20040816,1.950696628,1.401212423,1.8956881
20040817,-0.896673215,0.764966595,-0.551919587
20040818,1.44199387,0.812112927,0.81059617
20040819,-0.11861758,0.69273927,-0.237094626
20040820,1.691088481,1.017657446,1.33438919
20040823,-1.048586539,0.501400557,-1.021973099
20040824,-0.106780576,0.765504021,0.675352302
20040825,0.223582739,0.931791533,0.458349681
20040826,-0.426667314,0.609558662,-0.511782757
20040827,-0.096220673,0.412736797,-0.064157402
20040830,0.150101883,0.923256715,-0.160573818
20040831,0.416778589,0.725025323,0.459623491
20040901,-0.021299255,1.040052139,0.127890884
20040902,1.955421095,0.708835662,2.008660728
20040903,-1.410846733,0.619359466,-1.562326299
20040907,-0.031583935,0.836999583,0.69738237
20040908,-0.158186165,0.315328648,-0.231920829
20040909,-0.973655697,0.559493532,-0.762796367
20040910,0.047683383,0.704234324,0.387422536
20040913,-0.305891278,0.587750821,0.280341883
20040914,-0.095202842,0.534243298,-0.179751568
20040915,-0.233322834,0.334525783,-0.328616398
20040916,0.422744236,0.454166713,0.677251266
20040917,0.03134305,0.485641153,0.955137148
20040920,-0.367358062,0.877229999,-0.660275941
20040921,-0.031501024,0.502914714,0.126103422
20040922,-1.53547783,0.833324002,-1.598509663
20040923,-1.010435341,0.819551198,-1.234782425
20040924,-0.335697971,0.398092497,-0.400541807
20040927,-0.795948159,0.676880886,-0.915338199
20040928,0.869759777,1.225625681,1.121222218
20040929,0.578145606,0.709305553,0.459001265
20040930,0.913739225,0.961978752,0.692601625
20041001,1.164650539,0.795911821,1.64503577
20041004,-0.66361438,1.07576995,-0.40080214
20041005,-0.425668409,0.310461249,-0.902389477
20041006,-0.06400683,0.708892671,-0.06400683
20041007,-1.022889134,0.483530239,-1.407792849
20041008,0.086589463,0.526801981,0.032462263
20041011,-0.550727595,0.466622107,-0.086589463
20041012,0.390540744,0.779430607,0.010827784
20041013,-2.542833575,1.529567636,-2.067568045
20041014,0.198631714,0.922156764,0.264930059
20041015,1.019913431,1.761131798,1.030936966
20041018,-1.509421045,1.431954692,-1.727880989
20041019,0.088898772,1.944283814,-0.055521627
20041020,-0.244607638,4.607479598,-0.222395288
20041021,1.040177576,2.771032129,1.1180722
20041022,-0.076918854,0.974684909,0.14300646
20041025,0.952544565,1.207500101,0.8755665
20041026,0.858094659,1.187572044,0.749067173
20041027,0.593473552,1.143126864,0.528559561
20041028,-0.681194179,0.950952623,-0.842701616
20041029,0.540541857,1.468191793,0.627300348
20041101,1.853680434,1.671360721,2.122859601
20041102,-1.231176664,1.34805362,-1.167865487
20041103,0.516906051,2.141136996,1.484021299
20041104,0.911717083,1.220251372,0.859093812
20041105,1.201091267,1.109624811,1.34703104
20041108,-0.061715698,0.603291744,0.030872138
20041109,0.071990541,0.645579764,0.082279137
20041110,-0.163649418,0.69614428,0.430858278
20041111,-0.70476774,0.469791859,-0.133162632
20041112,0.312652416,0.422925946,0.148516146
20041115,0.051085569,0.546715126,0.199381472
20041116,-0.624522122,0.478098907,-0.542839455
20041117,-0.481978065,0.543695273,-0.092473677
20041118,-0.06139992,0.547870726,0.420578145
20041119,-0.400185235,0.482418374,-0.441139469
20041122,-0.174690483,0.327660867,-0.030849915
20041123,-0.030859436,0.40037783,-0.030859436
20041124,-0.123215952,0.586063954,0.133655497
20041129,-0.051427103,0.861358054,0.072042405
20041130,0.503365386,0.599106829,0.400431769
20041201,2.539722684,1.823499575,2.529475208
20041202,0.030267871,1.056755903,-0.963766119
20041203,-0.279010961,1.053904582,-0.713728322
20041206,-0.437815697,0.698496128,-0.432735816
20041207,-1.356092284,1.545842641,-1.356092284
20041208,1.560446405,1.497730873,1.529411387
20041209,1.305224175,2.062318911,1.325594923
20041210,0.844305984,1.479038923,1.615350709
20041213,1.173263361,0.752356228,1.745313446
20041214,0.126281041,0.542160422,0.126281041
20041215,-0.243724225,0.399369662,-0.545119621
20041216,0.088282903,0.580776158,-0.450010542
20041217,1.903339649,2.223377371,1.913144051
20041220,-0.691379747,0.911715376,-0.173293583
20041221,0.106070113,0.666011338,-0.019273393
20041222,1.62121638,0.741344768,1.273658587
20041223,0.208511117,0.292399418,0.50306214
20041227,-1.236932992,0.722581063,-1.113925928
20041228,-0.248044394,0.530382583,0.229511433
20041229,-0.556569904,0.454405898,-0.738222997
20041230,-0.384061922,0.352413343,0.028864194
20041231,0,0.394155764,-0.482161011
20050103,-0.203656182,1.337422396,-0.42623333
20050104,-1.093333812,0.849499706,-1.103042078
20050105,-1.003846635,1.392078888,-0.768552408
20050106,0.287285353,1.174597711,-0.009891686
20050107,-1.222254,1.45919278,-1.064104318
20050110,-0.020032051,1.255020864,-0.190142664
20050111,0.923145227,0.863904431,0.290072722
20050112,1.661923699,1.762483539,1.791683662
20050113,-1.293398097,0.942676279,-1.283587924
20050114,0.396825918,1.317364094,0.36700929
20050118,1.70590342,1.564367711,1.259363358
20050119,-0.985229644,1.280482119,-1.259363358
20050120,-1.077209698,1.823504991,-1.275425819
20050121,-0.727203484,2.139651391,0.300390734
20050124,-1.183683195,1.07915385,-0.924072465
20050125,0.231190735,1.314275637,0.503272325
20050126,1.047129987,0.647553239,1.197619105
20050127,1.812082072,1.021506113,1.364654032
20050128,-0.166527932,1.843231495,-0.181208268
20050131,-1.401799855,1.039913554,-1.391996414
20050201,-0.369206626,0.339276541,-0.558270815
20050202,0.150685648,1.440401254,-0.410719335
20050203,0.869440344,0.864498437,0.879477985
20050204,1.476078115,0.829413607,1.17712423
20050207,-1.259749834,0.637852455,-1.496040187
20050208,1.344307026,0.959526602,0.91415581
20050209,-0.248447333,0.644004268,-0.595239853
20050210,2.146174125,1.423403099,2.136223381
20050211,-0.736199644,1.066060339,-1.146116283
20050214,0.405519571,0.547581895,-0.187367542
20050215,1.421104918,0.728035714,1.421104918
20050216,0.594340913,0.446402511,0.175012198
20050217,-1.303492754,1.066021776,-1.536910483
20050218,-0.582976801,0.668295222,-0.454815892
20050222,-1.76853484,1.124771628,-2.275217162
20050223,0.36086647,0.833669166,1.309314706
20050224,0.160032041,1.240849812,0.120000014
20050225,0.664981856,0.960325092,1.024120311
20050228,-0.598804184,1.091570187,-1.184152351
20050301,0.299940237,0.88096936,0.269905697
20050302,0.624184046,0.986739468,-0.530505223
20050303,-0.170229851,1.165731915,0.140407204
20050304,0.079428122,1.309282273,0.977368905
20050307,0.355275218,1.481108354,0.741586431
20050308,0.66824148,0.936327231,0.579540937
20050309,-1.736086215,1.148328532,-1.579499767
20050310,0.542273944,0.762172505,1.186957556
20050311,-0.373611682,0.906338028,-0.177147965
20050314,1.482595964,1.237243547,1.393904162
20050315,-0.628182534,1.179857347,-0.574770214
20050316,-0.775159648,1.15428014,-0.819133949
20050317,0.44020614,1.027924015,0.911905128
20050318,0.367079238,2.053449922,1.222366792
20050321,-0.144334882,1.322832949,0.134900772
20050322,-0.996766369,1.131273732,-0.996766369
20050323,-0.927605148,1.019772949,-0.859548172
20050324,-0.283743647,0.781034628,0.117647072
20050328,-0.382409644,0.72370377,-0.264900817
20050329,-0.550965581,1.534884591,-0.423333145
20050330,1.390679547,1.422000854,1.430135061
20050331,-0.666930679,0.857420369,-1.173952046
20050401,-1.23136068,1.657823189,-0.720955175
20050404,-0.509517062,1.193046593,-1.04619098
20050405,0.100250635,0.893212924,-0.04007213
20050406,0.299401421,0.643040779,0.549589192
20050407,0.987467291,0.78833928,1.405128996
20050408,-0.829552456,0.766309492,-0.918026288
20050411,-0.35559105,0.759723709,0.217929754
20050412,1.480484996,1.561385002,0.994445255
20050413,-1.053729776,1.434945159,-1.043933057
20050414,-1.137055937,1.506944203,-1.315415081
20050415,-1.98628338,1.885786095,-2.016381199
20050418,0.367609931,1.995932122,0.418773913
20050419,-0.253871677,0.729489972,0.244324666
20050420,-1.93443165,4.146332155,0.724365551
20050421,2.357003151,1.584158134,3.296401715
20050422,-0.882878013,1.713420179,-0.877994604
20050425,-0.019556077,1.094379963,0.755831819
20050426,-0.649161324,1.860001778,-0.90373896
20050427,0.586974828,1.649878225,0.320189431
20050428,-0.787680427,1.610640048,-1.751340871
20050429,0.969440771,1.685739078,1.667697972
20050502,-0.304683513,1.287027358,0.009843973
20050503,0.009896581,1.272780961,-0.532966125
20050504,0.727204463,1.248423102,1.063106774
20050505,0.322628231,0.952808295,0.312836309
20050506,-0.479195088,0.915488609,-0.430402699
20050509,0.936592212,0.814577594,0.946394692
20050510,-0.850154141,0.926301486,-1.054285439
20050511,2.032056699,1.568341557,1.943695788
20050512,-2.18253971,0.940783562,-1.875024573
20050513,-1.220607732,1.985142472,-0.985520936
20050516,1.361498087,1.262125424,1.786462901
20050517,1.979689008,1.253892116,1.726425674
20050518,1.055795226,1.111171166,1.055795226
20050519,-0.399202127,0.555496611,-0.654993086
20050520,-0.29916683,0.781251035,0.128488846
20050523,2.247496923,1.137595923,2.261763276
20050524,-0.107393842,0.939883814,-0.480041935
20050525,0.215386139,0.456416886,-0.1168634
20050526,0.111565649,0.530988519,0.671268603
20050527,0.269104231,0.358021251,0.269104231
20050531,-0.756482711,0.560862928,-1.155758974
20050601,0.54099563,0.773812684,0.775089093
20050602,-0.177313284,0.405534669,-0.41014226
20050603,-0.328870393,0.379089049,-0.759461716
20050606,0.750120723,0.561682055,0.750120723
20050607,0.028033453,0.782681538,-0.018684604
20050608,-0.956496415,0.438382879,-0.844441122
20050609,0.151028913,0.861069721,-0.103700221
20050610,-0.664139064,0.82068126,-0.919132827
20050613,0.990295657,1.842503204,-68.84935799
20050614,-0.527208903,1.338869756,0.378286814
20050615,-0.968025021,1.474998097,-1.024676897
20050616,0.687550455,0.581473993,0.209583767
20050617,-0.357109674,1.39939331,1.079045018
20050620,1.11311403,0.952251063,0.357109674
20050621,-0.377003274,0.808889078,-0.658825912
20050622,0.018869705,0.728992972,0.09438415
20050623,-1.120087648,1.086787809,-1.176707447
20050624,-0.516797016,1.148972328,-0.516797016
20050627,-0.338671764,1.187401665,-1.012593637
20050628,2.309483312,1.062856543,2.7060981
20050629,-0.871712929,1.198105512,-0.871712929
20050630,-1.909964494,2.234916489,-2.310460881
20050701,-0.019457146,1.123373189,0.097342556
20050705,0.601418051,1.265477633,0.601418051
20050706,-1.97832326,1.565298725,-2.249483605
20050707,1.229930204,1.787593569,0.335736466
20050708,1.386605558,1.367253375,1.642586794
20050711,-0.231481585,1.187177114,0.425779625
20050712,-1.108852914,1.093024064,-1.282816425
20050713,0.136279589,1.000640908,0.546236239
20050714,0.11632417,1.875079936,0.40772797
20050715,-0.367185648,1.220255154,0.077474341
20050718,-0.62075854,0.871775797,-0.504659456
20050719,-0.057820181,1.558473214,0.929698736
20050720,1.221774143,1.970611599,0.019277108
20050721,-0.712706474,1.983311231,-0.289547543
20050722,-0.991936559,1.301129104,-1.10799073
20050725,-1.708771814,1.178032007,-1.338075848
20050726,-0.336867454,0.501276891,-0.198294731
20050727,1.067625799,1.185089474,0.928585157
20050728,-0.252746319,0.832419265,1.017422198
20050729,-1.255657071,0.751199105,-1.411511378
20050801,-0.934679172,0.405237963,-1.191672493
20050802,0,0.610017967,0.398804118
20050803,-0.418786134,0.302071151,-0.418786134
20050804,-1.023591476,0.571252888,-0.943687357
20050805,-0.545511,1.045176389,-0.424543244
20050808,-0.867553106,0.463290112,-0.020261372
20050809,0.301962987,1.087996405,0.807269773
20050810,-0.359353551,1.185942753,0.501254182
20050811,2.511413137,2.425604704,3.169244673
20050812,-0.346821157,1.1431452,0.386772867
20050815,0.58083416,0.789738853,-0.019303156
20050816,-0.600369771,0.905290538,-0.619676654
20050817,0.446732801,1.104602989,0.232828976
20050818,0.194363521,1.336876802,-0.193986482
20050819,0.019321805,0.573311688,0.503584252
20050822,-0.038543072,0.964359915,0.231570926
20050823,-0.618718138,1.131497882,-0.618718138
20050824,-1.544356762,1.109312783,-1.563753522
20050825,-0.295945762,0.603024222,-0.295945762
20050826,-0.337469303,0.797009739,-0.634293504
20050829,1.057155552,0.86548763,0.218492489
20050830,-0.240192269,0.915923083,-0.997017232
20050831,0.540920882,1.261554057,0.3001503
20050901,0.62118224,1.383273549,0.019978024
20050902,1.092472878,0.769957549,1.112446911
20050906,0.195963222,1.113375309,0.904627605
20050907,0.567016868,0.736626522,0.410277024
20050908,-0.255227389,0.382951963,-0.822244257
20050909,1.017024217,0.526107166,1.017024217
20050912,-0.058348733,0.754155058,0.019457146
20050913,0.155400187,0.78683034,0.233190933
20050914,-0.976761038,0.550358291,-1.132161224
20050915,-0.727418916,1.248850142,-0.51171141
20050916,0.429185208,1.027083183,1.352298903
20050919,-0.919681661,0.753380321,-0.978098564
20050920,0.274779368,0.942068371,0.294435388
20050921,0.079098284,1.281394635,-0.846378441
20050922,0.314774999,0.77000793,0.630543961
20050923,1.637144341,1.021915079,1.59785161
20050926,-0.385356932,0.691590415,0.135226525
20050927,0.404663815,0.687952858,0.385356932
20050928,0.096348403,0.570117966,-0.153964619
20050929,-0.232513184,1.087515423,-0.715186193
20050930,0.638608847,0.709642435,0.560984158
20051003,0.174131804,1.137989627,-0.212416803
20051004,-2.457414765,1.473361771,-2.515425016
20051005,-0.796816965,1.363262284,-0.886062843
20051006,-0.879477985,2.917841531,-0.380723834
20051007,0.299550898,1.158806427,0.680274732
20051010,-0.199800266,1.79238882,-0.299550898
20051011,0.040112315,1.309036913,-0.260338587
20051012,0.570087057,2.066130241,0.529974742
20051013,0.626400258,1.658772605,0.616426688
20051014,1.719128097,1.346567257,2.321926503
20051017,-0.468476359,1.609997117,-1.012272611
20051018,-1.685377456,6.428241605,-2.175718735
20051019,3.633192925,2.54015683,3.613194924
20051020,-0.308285408,1.998458389,-0.057875954
20051021,-1.712770558,3.599628469,-1.712770558
20051024,1.023151435,1.663218989,1.238858941
20051025,-0.447689312,1.900416527,-0.612633802
20051026,-0.058840837,1.737781718,-0.567349658
20051027,-0.987174848,1.42535621,-1.124604927
20051028,1.628604622,1.096541432,1.92578166
20051031,-0.233872646,0.606462847,-0.253337366
20051101,-0.392696362,0.675292695,-0.822888656
20051102,-0.157140083,0.562017384,0.078662738
20051103,0.505542589,0.954043411,1.347281924
20051104,-0.676004506,0.670654995,0.077549442
20051107,-0.174064448,0.65408543,0.116211518
20051108,-0.222900708,0.496720113,-0.242259918
20051109,1.941062192,0.888019037,1.931359577
20051110,0.265101462,1.081236969,0.645041129
20051111,0.846108272,0.928127557,0.997279881
20051114,0.542108067,0.517483643,0.429706406
20051115,-0.261731314,0.443851736,-0.410985073
20051116,0.093519131,0.557797996,0.130951286
20051117,0.037209303,0.617821462,0.503497567
20051118,-1.732086094,2.639679151,-0.456770778
20051121,0.204632199,1.756140337,0.549733506
20051122,1.128492228,0.693137293,1.016926578
20051123,-0.036724202,0.571174308,0.16542601
20051128,-0.827895447,0.468606277,-0.442397035
20051129,-0.47864598,0.63917553,0.110782877
20051130,-0.647850484,0.807838675,-0.629398598
20051201,0.092208397,0.503923426,0.740058882
20051202,0.748793564,0.677848382,1.300265549
20051205,-0.839880782,0.699692471,-0.76712705
20051206,0.437477912,1.262586634,0.803510532
20051207,0.164338574,0.900481345,-0.309682368
20051208,0.598967214,0.826173393,0.817666044
20051209,-0.108225119,0.672951776,0.271076338
20051212,-0.717234561,0.504854754,0.288340441
20051213,1.324522675,1.463208776,1.198476021
20051214,1.375925746,1.051712248,1.482554511
20051215,0.086843253,1.516671829,0.906877509
20051216,-0.258153486,0.998521361,0.74375505
20051219,-1.09633048,0.585832818,-1.528072796
20051220,0.31408157,1.001889231,0.436491308
20051221,-0.382675715,0.537055507,-0.034849277
20051222,0.537216438,0.511789021,0.833048899
20051223,-0.989333766,0.836632358,-0.920225263
20051227,-1.312929144,0.743406452,-1.016839056
20051228,0.105671021,0.538388055,0.105671021
20051229,-0.724448791,0.797823696,-0.742052875
20051230,-0.196446174,0.363940497,-0.801215005
20060103,0.115079905,2.004127085,1.022640187
20060104,-1.07975206,1.307455731,-0.576728452
20060105,-0.605738535,1.000088876,-0.410165533
20060106,-0.532860941,0.917912771,0.338953139
20060109,0.812725322,0.625611809,1.203767412
20060110,0.688622832,1.11704719,0
20060111,-1.197619105,0.937334554,-1.426633562
20060112,-0.485481489,1.081403985,-0.977542424
20060113,0.1439108,0.900119577,0.270002864
20060117,0.268216522,1.529088862,0.662906665
20060118,-0.804653425,1.413838741,-0.53715438
20060119,0.48400202,1.323376174,0.394195099
20060120,-1.74794972,2.20582007,-1.640711104
20060123,-0.858060947,2.566995181,-0.858060947
20060124,1.31838717,2.099130076,3.530626073
20060125,0.969597724,0.84405355,0.881062968
20060126,0.086964089,1.805159471,0.908144558
20060127,1.647257563,2.323099043,2.132863789
20060130,-0.256563897,1.026375924,-0.631670901
20060131,0.635904867,1.42083113,-0.034258308
20060201,-0.206682816,0.503752672,-0.635904867
20060202,-0.7675429,1.378661488,-0.423308481
20060203,-1.009230769,2.797469988,-1.000573885
20060206,-0.366844677,0.629976887,-0.069979009
20060207,-0.455501839,0.902464951,-0.333070691
20060208,-0.140969186,1.131152862,-0.422312787
20060209,0.017619593,1.464431957,0.088129027
20060210,0.40319101,1.212902709,0.702250077
20060213,0.401642031,0.740178589,0.384145749
20060214,1.333930563,1.418960752,1.264195553
20060215,0.361913364,1.45107454,0.034411563
20060216,0.103216937,0.363712602,0.051595151
20060217,-0.636670825,0.629737252,-0.396244812
20060221,0.990783643,0.739580537,1.541654377
20060222,-0.186804843,0.573704939,0
20060223,-0.527885432,0.499519654,-0.442930877
20060224,0.938173192,0.887509996,0.561847056
20060227,-0.152970201,0.44401171,-0.186931824
20060228,-0.34129726,1.339395628,-0.494501818
20060301,0.409417153,0.783552697,0.409417153
20060302,-0.445435035,0.723622044,-0.854852188
20060303,-0.103644853,1.134985613,-0.654610434
20060306,-0.328691586,0.643041627,-0.259583083
20060307,0.155992752,0.783962149,0.051970551
20060308,-0.155561348,0.767313722,0.121159686
20060309,-0.226224755,0.717761363,-0.711746777
20060310,1.304933698,1.220561984,0.780915031
20060313,0.086244076,0.646720387,0.258955691
20060314,0.378267301,0.398160192,0.464437061
20060315,-0.224157349,0.555502541,-0.585199605
20060316,0.689301368,0.977614213,0.516530074
20060317,0.22129552,0.638917308,0.991122262
20060320,0.051137818,0.585851104,-0.22129552
20060321,0.077025123,1.154274336,-0.401281222
20060322,1.002642438,1.006396368,1.182137336
20060323,-0.813701726,0.803240715,-0.66163614
20060324,0.304105658,0.986030106,0.898082796
20060327,0.118253245,0.842042664,-0.08438107
20060328,-1.750703336,1.703083657,-1.548308259
20060329,-0.870386927,1.074853771,0.034287674
20060330,-0.326825783,1.355409872,-0.515553642
20060331,0.069025024,0.695279592,-0.120679266
20060403,0.068846819,1.158351964,0.258420335
20060404,0.327445359,1.182726089,0
20060405,0.378592777,1.2019576,0.171909962
20060406,0.413081482,0.795529521,0
20060407,-1.310363577,1.437091175,-1.035920866
20060410,-0.363542338,0.741165637,0.069396255
20060411,-1.108620396,0.996600348,-0.434518803
20060412,-0.139082081,0.884386381,0.121855703
20060413,-0.20982697,1.506148152,-0.610768847
20060417,0.995033085,0.918856342,0.767222595
20060418,1.971774126,2.745273783,2.283949197
20060419,2.433445352,3.78134592,6.427320581
20060420,1.443162302,1.487593086,2.204466534
20060421,-1.130305446,1.608009983,0.015572686
20060424,1.246316179,1.008598225,0.574491138
20060425,-0.605544898,1.226879053,-0.590063824
20060426,0,0.923446062,-0.077899825
20060427,-0.437022703,1.687076274,-0.359122878
20060428,-2.254371502,1.180736441,-1.910835874
20060501,-0.270205998,1.134472648,0.175229037
20060502,0.55270571,1.535148601,1.060723948
20060503,-0.723046218,0.979226944,-0.17337856
20060504,-0.062784494,0.534814072,0.472144409
20060505,0.990413543,0.909475209,1.943620229
20060508,-0.169374126,0.662610519,-0.077023804
20060509,0.09233611,0.618208287,0.184757558
20060510,1.325531711,1.076414529,1.617368183
20060511,-0.272975602,0.46656358,-0.333535785
20060512,-0.889576418,0.785384933,-1.437773314
20060515,-0.277520992,1.514676203,-0.215916185
20060516,0.069100544,0.530687406,0.577302146
20060517,-1.726460177,2.088737021,-2.180324567
20060518,-1.39441334,1.755609214,-1.692944475
20060519,-0.493513698,3.079244033,-0.015957871
20060522,0.350263055,3.362349767,0.414079267
20060523,-0.749067173,1.575888983,-0.653753425
20060524,-0.882193547,3.47276633,-0.706376352
20060525,0.064092295,1.125573798,0.578314865
20060526,-0.095739596,0.765682208,0.335812261
20060530,-0.303732949,1.736789747,-0.287769983
20060531,-0.207419301,1.0480596,0.23986579
20060601,0.594885752,0.991129821,0.97747828
20060602,-0.316957476,1.78662056,-0.356506616
20060605,-1.742260557,1.165706804,-2.491089038
20060606,-2.044926139,1.875038565,-2.3545996
20060607,-1.539128439,1.933566112,-0.100016678
20060608,0.215964865,3.710193674,0.499086047
20060609,-0.316113731,1.306546587,-0.41573187
20060612,-0.951354918,1.445414677,-0.635241187
20060613,0.219058138,3.452821075,-0.369624077
20060614,0.504626807,2.035371062,0.31930117
20060615,2.11199336,2.975558897,1.944067208
20060616,1.337485278,2.766099956,1.551178135
20060619,-1.337921736,1.691487919,-1.370331394
20060620,-0.37658661,1.338490078,0.131319782
20060621,1.244285864,2.001023077,0.816864532
20060622,1.055290254,1.560536808,0.745667258
20060623,1.339918344,2.169548401,0.708081491
20060626,0.096432023,0.922444639,-0.176550884
20060627,-1.21409828,0.869478148,-1.374870019
20060628,0.081532821,1.508808895,-0.0814664
20060629,2.932197572,2.438753245,3.176397937
20060630,0.157878151,1.187259071,0.094696977
20060705,-0.31303829,0.967718601,-0.31303829
20060706,-0.375411046,1.467257968,0.031347963
20060707,-1.008994844,1.677148352,-1.103068228
20060710,-0.681622676,0.768337073,-0.38101332
20060711,1.324522675,1.178635151,1.531085075
20060712,-1.428707872,1.380337505,-0.94429408
20060713,-2.951296798,2.024695441,-2.903869717
20060714,-4.238979188,4.532186768,-4.222701822
20060717,-1.778128572,3.313866809,-1.57456616
20060718,-1.03050156,3.887366132,1.57456616
20060719,2.742174312,3.834807143,3.520256722
20060720,-2.716135557,2.115860429,-1.170761167
20060721,-0.498754151,3.046690226,-0.482169028
20060724,2.089063553,2.080447631,2.355375295
20060725,1.428827685,2.123476129,0.971982381
20060726,-0.533334598,2.01793148,-0.517214665
20060727,-0.985229644,1.319943086,-0.162179731
20060728,0.435941596,1.131966838,0.74385854
20060731,0.516046944,0.711762358,0.160978786
20060801,-0.872098551,0.685598798,-0.839933867
20060802,0.257358997,0.803102255,0.968530573
20060803,0.85576561,1.529291768,0.85576561
20060804,-1.065108233,1.69375619,-0.343026143
20060807,0.572429612,1.20639671,0.795929067
20060808,-2.00118741,1.826009401,-1.96948164
20060809,-3.295029783,1.809080642,-2.521830055
20060810,0.680896096,2.256456456,0.198807223
20060811,0.049896051,1.054893791,-0.46449984
20060814,-0.675733927,1.126569191,0.547219672
20060815,-0.147456404,1.252988808,0.856254202
20060816,1.474785663,0.845020582,1.900178975
20060817,0.339284597,0.724538444,-0.257732101
20060818,-0.983323793,1.271629935,-0.436434864
20060821,-0.016266775,0.877491237,-0.422078549
20060822,-0.785344351,1.239102133,-0.964453737
20060823,0.164717547,1.009713888,-0.197303583
20060824,0.049240871,0.857280197,0.295809583
20060825,0.264113722,1.459169832,-0.46052713
20060828,1.738888959,1.22360346,1.35900577
20060829,1.489664853,1.059613146,1.18019315
20060830,0.515631178,0.614552183,0
20060831,0.896866998,0.80367683,0.800388457
20060901,0.411849149,0.54709423,0.857284184
20060905,1.565373098,1.071006102,0.755909111
20060906,-0.488459176,0.43683931,-0.676901443
20060907,-0.222788125,1.05472768,-0.856604223
20060908,1.000087707,0.856040094,0.856604223
20060911,-0.649198702,0.686441226,-0.570253407
20060912,0.714458862,0.829976698,0.412175599
20060913,1.387159696,0.567786397,1.054380686
20060914,-0.963748671,0.955483093,-1.403033971
20060915,1.121332416,1.05263765,2.4773923
20060918,-0.451327511,0.583340886,-0.714954864
20060919,0.593658985,1.135388933,0.14028527
20060920,-0.421776771,0.574642897,-0.499688735
20060921,-1.608613775,1.120193749,-1.546015964
20060922,-0.336404002,0.322558043,-0.926376214
20060925,0.81749731,1.6898712,1.48917743
20060926,-0.34536926,1.229250474,0.528204941
20060927,-0.804103663,0.876439525,-0.662672037
20060928,0.346511608,1.076508505,0.678396544
20060929,0.031595577,1.089345458,-0.457017579
20061002,0.816587452,1.024389956,0.990184908
20061003,1.821203733,1.003363916,1.382331556
20061004,0.754604335,0.877984888,0.538421422
20061005,0.777976619,0.657740174,0.961912906
20061006,-0.586780118,0.740300853,-0.594378036
20061009,-0.428593952,0.886021822,-0.352193917
20061010,-0.26007817,0.564301727,0.137962772
20061011,0.321076646,0.996592872,0.351709209
20061012,0.665157403,0.375234241,1.304234441
20061013,0.52770571,0.9229386,0.19568005
20061016,0.524935589,0.70317035,0.524935589
20061017,-2.791580746,2.41405837,-2.269386348
20061018,0.458646271,1.315742098,0.320831381
20061019,-0.399202127,0.738539596,-0.857848398
20061020,-0.720254435,1.2852669,0.030764498
20061023,-0.076928998,0.711153028,-0.076928998
20061024,0.802225839,0.616415691,0.169165746
20061025,-0.091939939,0.59533161,0.230220346
20061026,-0.076669482,0.832610298,-0.061340287
20061027,-0.092350322,1.084676219,-0.384231626
20061030,0.535537964,0.618845873,0.904428638
20061031,-0.159653358,0.761628519,0.281915688
20061101,-2.239502576,1.468199729,-2.26233102
20061102,0.733404239,0.778753192,0.116672514
20061103,-1.334594607,0.945092985,-0.483130372
20061106,1.002707977,0.677275993,1.765298242
20061107,0.336443199,0.786292689,0.535783907
20061108,0.076295113,1.085865697,0.091561123
20061109,-0.690769498,0.68671957,-0.981001123
20061110,0.539583518,0.814496882,0.184672259
20061113,0.245173276,0.922316849,0.460194093
20061114,0.458155963,1.068652048,0.442850231
20061115,0.443053204,0.650636742,-0.045721254
20061116,1.250864023,0.76897437,1.767818192
20061117,-1.076614954,0.816781537,-1.076614954
20061120,-0.091074688,0.413217558,-0.310830014
20061121,0.136871742,0.240311874,-0.075958986
20061122,0.106455793,0.264109861,-0.015198723
20061127,-1.620335053,0.594710634,-1.680968676
20061128,-0.224536504,0.577535959,-0.595078846
20061129,0.324901655,0.709778133,0.363650832
20061130,-0.540834201,0.812456188,-0.309406187
20061201,-0.810983858,1.36970175,-1.059199934
20061204,1.053293505,0.675491026,1.615443642
20061205,-0.216149536,0.851287885,-0.30864222
20061206,0.246685293,0.607678246,0.370256517
20061207,-0.692683444,0.49878991,-0.308451818
20061208,-0.185356865,0.909992547,-0.092721379
20061211,0.616905103,0.421695394,0.555043053
20061212,-0.584527122,0.65596762,-0.338826753
20061213,-1.453334176,0.509262722,-0.945523591
20061214,-1.217573517,1.119356641,-3.43796235
20061215,0.048049973,0.494187289,0.658689826
20061218,-0.25669836,0.267842243,-0.320770123
20061219,0.497393725,0.785714916,0.368797019
20061220,0.826450985,1.336358294,1.114128984
20061221,-0.666563331,0.833855378,-0.60327219
20061222,-0.07986583,0.494352705,-0.350933523
20061226,1.192857087,0.583940373,1.064938937
20061227,-0.916278133,0.627495661,-0.380168365
20061228,-0.492259827,0.737141852,-0.301994984
20061229,-0.55888369,0.395146667,-0.590725754
20070103,0.334901836,1.635531877,0.574805989
20070104,0.430382429,1.088508666,0.095480593
20070105,0.111758613,0.92085824,-0.318623816
20070108,1.209435493,1.782901672,0.873784255
20070109,-0.821212508,1.109372918,-1.217440937
20070110,0.768618676,1.13882799,0.375564787
20070111,1.168680389,1.210847588,1.58256191
20070112,1.454627979,1.079791914,1.108606873
20070116,-0.456392206,0.881103589,0.139653991
20070117,0.432566718,0.769163442,0.58750942
20070118,0.06938823,0.561245559,0.007707426
20070119,-0.168595335,0.584530705,0.484374145
20070122,-1.255733112,1.291401913,-1.686171901
20070123,2.022421246,3.021468481,3.570439775
20070124,1.158168921,1.111749725,0.660167439
20070125,-1.156429498,0.755010185,-1.006997312
20070126,-0.00756401,0.915834902,-0.151171609
20070129,-0.060855015,0.689198521,-0.591762595
20070130,1.415473113,0.955296961,1.764884787
20070131,1.765493524,1.02081222,1.66077364
20070201,0.878482956,0.767309513,0.878482956
20070202,-1.04544579,0.474826682,-0.827025609
20070205,-0.324101639,1.482335491,-0.390265949
20070206,0.527899166,0.948482194,0.888764159
20070207,0.116873644,0.874064828,0.168048847
20070208,-0.732174892,0.929164541,-0.659198168
20070209,-0.751163411,0.758526151,-0.58962435
20070212,-0.7723193,0.536030928,-0.846267392
20070213,0.134138182,0.434584395,0.104314144
20070214,1.522684457,0.817390462,1.507789097
20070215,0.508906951,0.533709032,1.152372172
20070216,-0.986086877,0.427194277,-0.479756681
20070220,-1.00738132,0.978736404,-0.687287929
20070221,-0.619562389,0.754220703,-0.839907686
20070222,-0.014815912,1.234216756,-0.133264253
20070223,0.549248022,0.572165552,0.088862565
20070226,-0.859137265,0.95524126,-0.489724211
20070227,-1.138532223,3.575509469,-2.592067966
20070228,-0.152253379,3.413365547,0.198276584
20070301,0.677968699,2.942405762,-0.780118679
20070302,-0.526969601,1.003489393,-1.189478765
20070305,-0.267085783,1.468541154,-1.227392964
20070306,0.500196432,0.82072104,0.892723235
20070307,0.241668408,0.796288025,0.124659151
20070308,-0.116121554,0.5516591,0.520328903
20070309,-0.734075854,0.591223986,-0.124011797
20070312,1.232681248,0.741419254,1.279203696
20070313,-1.066718007,0.764430075,-1.481051447
20070314,0.448882419,1.824199081,0.635217877
20070315,-0.449508623,0.713295217,-0.588601452
20070316,0.21695344,0.990109633,0.356672472
20070319,-0.544166892,0.697155614,0.709551026
20070320,0.046001688,0.390880985,0.260956476
20070321,1.14026321,0.917639899,1.400540475
20070322,-0.196716414,0.801848174,-0.196716414
20070323,1.099988489,0.520005167,1.069690049
20070326,-1.347124099,1.104916547,-0.556016159
20070327,-0.075568658,0.420500207,-0.332075777
20070328,-0.937256832,0.973985474,-1.262854364
20070329,-0.949907556,0.539764321,-0.537346806
20070330,0.192537315,0.817142319,0.038477818
20070402,-0.385356932,0.632387274,-0.362277345
20070403,0.030623182,0.480479644,0.876456752
20070404,-0.522515404,0.496953915,-0.645064439
20070405,0.200509052,0.232901974,0
20070409,0.123001246,0.312629496,0.276965864
20070410,-0.795770414,0.332745843,-0.957240596
20070411,-0.474690592,0.530676361,-0.560051246
20070412,1.125569811,0.645382602,1.047536252
20070413,0.477695646,0.62512724,0.423647851
20070416,0.411053331,0.49741948,1.176753856
20070417,0.484849435,0.828889843,0.51523072
20070418,-0.522584243,1.540714691,0.962702983
20070419,1.047129987,1.359157806,0.597016699
20070420,-0.620294412,0.649973389,0.445435035
20070423,0.369249367,0.33607584,0.487697708
20070424,-0.426753646,0.289859001,-0.029489826
20070425,0.147145406,0.482758419,0.294507649
20070426,-0.309986225,0.470078351,-0.545522916
20070427,0.466097836,0.422894019,0.147732336
20070430,-1.037661253,0.666230581,-0.934378322
20070501,0.473724054,0.802673185,0.890081533
20070502,0.955538325,0.601771006,0.940768367
20070503,-0.484618028,0.587857982,-0.616379997
20070504,-0.47701261,0.697615623,0.058866816
20070507,1.18767107,0.354155537,1.547476136
20070508,-0.481576998,0.513462986,-0.975333447
20070509,0.759571283,0.682293703,0.525241943
20070510,-0.81967672,0.55259822,-0.994451015
20070511,0.432314284,0.653360003,0.505773481
20070514,-0.124391777,0.528185579,-0.139015936
20070515,0.058377118,0.923722474,0.365417347
20070516,0,0.77113838,-0.029184299
20070517,1.087203577,0.568390224,1.218465902
20070518,-0.504869446,0.433853876,-0.303227436
20070521,-0.145032658,0.328904119,-0.362188009
20070522,0.072290902,0.630624618,0.420016549
20070523,-0.448918283,0.60924566,-0.420016549
20070524,-1.301978606,1.045019481,-0.881962056
20070525,0.570218666,0.626488683,0.431019406
20070529,0.326430234,0.564996573,0.653929526
20070530,1.260977648,0.658485917,0.563300399
20070531,0.896994695,0.449624678,1.600262753
20070601,-0.254129743,0.924901738,0.268950548
20070604,0.609455504,0.732367757,0.042399831
20070605,0.389174381,0.631922555,0.042381861
20070606,-0.513553197,0.800007848,-1.250726935
20070607,-1.384704081,1.209927954,-1.542150617
20070608,1.766906557,1.01755936,1.9845345
20070611,0.135486882,0.626985961,-0.092595897
20070612,-0.408236914,0.844851997,-0.707980216
20070613,1.152463492,0.894486197,1.453431114
20070614,0.358335181,0.499705182,0.845194495
20070615,0.278164296,0.498561537,0.991005389
20070618,-0.331629432,0.522147993,0.346620798
20070619,-0.58325398,0.797117122,-0.624785094
20070620,-0.36126203,0.849063356,0.055694794
20070621,0.48011782,1.183747449,0.264127491
20070622,-0.605450891,0.995710112,-0.556871827
20070625,0.133291261,1.619419478,-0.433718763
20070626,-1.113236326,1.176139192,-1.057166798
20070627,1.677868055,0.987890385,1.337200585
20070628,-0.295047632,0.967801895,-0.631182403
20070629,-0.281611,1.487340316,-0.211282563
20070702,1.320472311,0.488736417,2.093002313
20070705,-0.359762392,0.506572327,-0.497788639
20070706,0.469225261,0.479526859,0.676938414
20070709,0.587119628,0.439460705,-0.041313779
20070710,0.24321613,1.085338363,-0.774340152
20070711,1.241224045,0.63176926,1.268982546
20070712,1.278407184,0.675015817,1.415374744
20070713,1.106094736,0.724939122,1.342302033
20070716,1.457579479,0.875623413,2.254396443
20070717,-0.972454989,0.982336569,0.05213085
20070718,-0.343144061,1.802702555,-1.456814268
20070719,1.35577621,1.150183409,2.080273879
20070720,-1.567020835,1.183796808,-1.631783482
20070723,-0.432305645,0.85778401,0.249753663
20070724,-1.631444103,1.59010359,-1.841721484
20070725,0.106496283,1.441968387,0.5068705
20070726,-0.308125369,3.798112389,-0.841744565
20070727,-1.958331204,2.084656096,-1.636830592
20070730,0.530721801,2.470569415,0.489796898
20070731,-1.19876112,1.769061923,-0.968299417
20070801,2.86918859,3.212073384,2.209210943
20070802,0.214075543,1.726052485,0.294472171
20070803,-1.505404774,1.875221704,-1.318463873
20070806,0.831772974,2.30698691,1.358552067
20070807,-0.538250643,2.304674167,-0.98681699
20070808,-0.390546588,1.931815156,-0.0067465
20070809,-1.867167741,4.338375336,-2.299893231
20070810,1.612160304,6.525119018,1.009727987
20070813,1.142869582,1.999319701,1.033460381
20070814,-1.881189609,1.857460535,-1.70547827
20070815,-1.324982098,2.015987229,-1.483357066
20070816,0.578240099,6.152566522,-0.686710007
20070817,1.762701922,4.950887792,3.753717918
20070820,1.558578255,2.197923315,1.151411569
20070821,-2.392928955,1.220837873,-2.446501581
20070822,1.047272408,1.604087349,1.403388385
20070823,-0.761597588,1.16881995,-0.89698889
20070824,1.347209219,1.400520255,1.497267224
20070827,-0.568721912,0.914952393,-0.966256378
20070828,-1.658161766,0.754364855,-2.155048743
20070829,2.81208811,1.412624999,3.033848423
20070830,0.393407548,1.592824619,-0.580494374
20070831,0.093953433,1.131500237,0.916448463
20070904,-0.348432408,1.004469695,-0.067100586
20070905,-0.529856548,1.434664393,-1.460472207
20070906,1.754725852,1.303814,2.17612252
20070907,-0.250313022,0.921359645,-1.625942834
20070910,0.114343379,1.389422416,0.762512551
20070911,-0.227561841,2.245605225,0.32214793
20070912,0.147147375,1.55771007,0.254299809
20070913,-0.399095914,1.304021972,0.280317877
20070914,1.136526043,0.975370299,1.429352021
20070917,-0.204424879,0.814625413,-0.467582926
20070918,2.502561719,1.775460406,3.048957206
20070919,0.782670789,1.031335542,1.012908803
20070920,0.356008005,0.831312074,-0.120501045
20070921,-0.02519209,1.018577179,0.74603621
20070924,-0.986226226,0.671462592,-0.860329193
20070925,1.810146867,0.745478987,1.63209773
20070926,0.281048182,0.83073721,0.218524733
20070927,0.372347458,0.714985606,0.683699599
20070928,0.236362615,0.886920837,-0.297766969
20071001,1.819349506,1.039067254,1.980750001
20071002,-1.801961368,0.775200156,-1.868983457
20071003,-0.949769699,0.960390694,-1.160989259
20071004,0.256066093,0.623721297,0.650815814
20071005,0.222937917,0.442664819,0.832354641
20071008,-0.632874235,0.507380261,-0.620503356
20071009,1.034481304,0.740435512,0.997128381
20071010,-1.254845704,0.977707184,-0.934904497
20071011,-2.123752524,1.608167599,-1.47890902
20071012,1.334480851,1.10571933,1.429133011
20071015,-0.822127202,1.30769415,-0.486618965
20071016,-0.300789799,1.493880855,-0.350833589
20071017,-4.286370443,10.21953543,-3.773067282
20071018,0.830203238,2.227951586,0.895354064
20071019,-1.567225495,2.629201912,-1.87774457
20071022,0.23781224,3.075459548,-0.250411992
20071023,-0.498165687,2.538818378,0.40824446
20071024,0.879674812,2.134724155,0.537389064
20071025,-1.403946172,2.078115206,-1.077681609
20071026,-1.10724126,2.137348689,-0.311001078
20071029,0.066054563,1.018661526,0.363841238
20071030,0.396563639,1.364766588,0.105596631
20071031,0.812586385,1.440077047,1.062932388
20071101,-1.76572792,1.670189071,-2.578314304
20071102,0.942213858,2.6157345,1.396577863
20071105,1.242416193,1.851325646,0.55321532
20071106,0.470527597,1.170406919,0.732891646
20071107,-2.285813808,1.982744731,-3.044979757
20071108,0.013385985,1.80931322,0.429242778
20071109,-0.948516596,1.461369133,-1.700904937
20071112,0.386978995,1.420447331,0.461831845
20071113,1.673063184,1.186492099,2.078798119
20071114,-0.745278935,1.25099788,-0.639149979
20071115,-1.117029312,1.456000131,-1.304220168
20071116,-0.188349309,1.693052915,0.499494795
20071119,-0.616554004,1.237863435,-0.93351148
20071120,0.959661349,2.149052603,1.041183092
20071121,-1.630378213,1.820281655,-2.230778033
20071126,-1.230868932,1.75852521,-1.081239576
20071127,1.606350903,1.952725182,1.881189609
20071128,1.305648663,1.108155861,2.513717047
20071129,-0.139178867,1.20189855,-0.720307096
20071130,-2.024280274,1.472416186,-0.75894113
20071203,0.146911546,1.034393224,0.146911546
20071204,-0.193675554,0.996915145,-0.180330655
20071205,1.11221297,0.921561752,2.710443216
20071206,1.484952072,0.742919293,1.510973409
20071207,-0.511575486,0.874500216,-0.038459074
20071210,0.725794235,0.894554268,1.058615842
20071211,-3.459484701,1.720750178,-3.092232975
20071212,-1.235901719,2.629718674,0.489509185
20071213,1.152489286,1.936711384,1.132954856
20071214,-0.390778145,1.432736398,-1.361094316
20071217,-2.046681331,1.200639365,-2.190350134
20071218,0.131839175,1.421679761,1.246204647
20071219,-0.487067375,1.765256334,-0.158227881
20071220,0.642751606,1.208842118,0.919486315
20071221,1.486872049,1.281375799,1.865339059
20071226,-0.064304549,0.78484784,-0.577257712
20071227,-1.60736766,0.661390277,-1.158101773
20071228,-0.616784945,1.026155766,-0.078119918
20071231,-0.085025676,0.821065455,-0.470005435
20080102,-1.61639673,1.655463531,-1.636028311
20080103,1.545095116,0.934991352,1.498526243
20080104,-1.411226919,1.637821745,-1.81829202
20080107,-0.693428569,2.005879963,-0.273945315
20080108,-4.187804048,1.676988491,-4.348511194
20080109,0.292092843,4.177563297,0.626961301
20080110,1.883557604,4.526404387,0.484933406
20080111,-0.53489065,1.816206045,-0.78399125
20080114,0.30504738,1.38713089,0.617993148
20080115,-0.586921752,2.079561748,-1.225812814
20080116,-0.37993432,2.259077656,-0.590386871
20080117,-4.346633277,4.339129145,-4.247993095
20080118,-0.680200099,7.040105398,0.220410052
20080122,1.93278921,13.30132944,-1.092100583
20080123,6.881175035,22.46703921,5.190150826
20080124,1.443667494,4.248077824,2.201565859
20080125,-0.726677634,3.267391425,0.151483882
20080128,1.290604824,2.34052273,1.400630966
20080129,-1.182641392,1.481088078,-0.769627501
20080130,0.288838658,3.204959882,-0.438537088
20080131,1.901145564,3.4868703,0.643441196
20080201,1.085050656,1.912807063,1.15325883
20080204,-0.189010452,1.234641499,-0.175521546
20080205,-1.214798234,2.319191599,-2.17206818
20080206,-0.694061642,1.748894853,-0.859922081
20080207,0.336582605,2.800618679,-0.509724247
20080208,0.56940156,2.817671958,-0.133095183
20080211,0.603637686,2.041447806,0.168090809
20080212,1.257704368,1.642661612,1.885540403
20080213,0.573458699,1.015770452,0.875159421
20080214,-1.408377692,0.965506598,-1.136453663
20080215,-1.210618,1.364037076,-1.652241682
20080219,-0.256668311,1.425615111,0.773981481
20080220,0.808366771,1.798081575,0.076375633
20080221,-1.719240054,1.028732542,-1.552804509
20080222,1.813159853,2.015473003,1.982197786
20080225,1.523603696,2.410419858,1.454471305
20080226,0,1.604530467,-0.109036402
20080227,-0.205549918,0.891515403,-0.588116309
20080228,-0.332042364,0.831444339,-1.020276326
20080229,-1.589679674,1.055266173,-2.298951822
20080303,-0.517465579,2.034300205,-1.615359262
20080304,-0.072595284,1.391359341,-0.781253974
20080305,1.225152251,1.753434347,1.377541527
20080306,-1.040321476,1.68063322,-1.377541527
20080307,-1.265094837,2.094285744,-1.906216077
20080310,-1.58519844,1.927863072,-1.807503089
20080311,0.941183418,1.822499474,2.940951596
20080312,-0.839635495,1.388642326,-0.18313011
20080313,1.471913533,3.276500126,0.358620065
20080314,-1.487588345,5.866185327,-1.050206105
20080317,0.861818113,3.31951414,-0.199534486
20080318,1.458614928,2.751709023,3.145737759
20080319,-1.71511014,2.257927053,-1.385903516
20080320,-0.014485406,2.00301543,0.348280718
20080324,1.504434134,1.115475891,1.851506066
20080325,-0.15670635,1.451446317,-0.256300866
20080326,-0.501973087,0.975174933,-0.844732634
20080327,-0.704278872,1.474019903,-0.316820542
20080328,-1.706476696,1.193284888,-1.116843866
20080331,-0.377523318,0.991568913,0.262199713
20080401,2.399149779,1.303424271,3.642479371
20080402,-0.685748961,1.357981613,-0.112280714
20080403,-0.042328043,1.142678652,-0.492715856
20080404,0.925413222,1.017857258,1.108705484
20080407,-0.229669169,1.031295541,0.153406348
20080408,0.531469782,1.059873193,-0.097594989
20080409,-1.40891827,0.997618566,-1.20686281
20080410,1.297762944,1.14383465,1.276583234
20080411,-1.426557716,1.609827471,-3.028390476
20080414,0.609299043,0.893494693,0.523054967
20080415,0.537902068,1.330771255,1.235811182
20080416,1.472862529,1.864119463,2.323333303
20080417,-0.724717332,3.04077875,-2.365694219
20080418,0.401023838,1.546551151,2.310506579
20080421,0.194471516,0.894415002,-0.553558015
20080422,-0.27952499,1.001801011,-0.850120094
20080423,0.153192705,1.641914066,0.572187731
20080424,0.981280765,1.883688868,1.175914498
20080425,-0.480605113,1.108053273,-0.082553665
20080428,0.370497851,1.44224336,0.494302805
20080429,0.1642486,0.785322326,0.150550908
20080430,-0.913750303,1.278697121,-0.927427387
20080501,2.613816106,0.991426077,2.689706965
20080502,0.186741417,1.332295549,0.829658178
20080505,-0.321586771,0.775769245,-0.708796013
20080506,0.806130927,1.022322121,0.294827338
20080507,-1.90469038,1.103173707,-2.253216202
20080508,0.855228182,1.014674295,1.244533048
20080509,-0.041048095,0.941368227,-1.23769006
20080512,1.636609195,0.550402666,1.991800825
20080513,-0.06002201,0.939803399,0.54853305
20080514,-0.053269411,0.52471684,0.159978704
20080515,-0.657852946,0.717131239,-1.111792311
20080516,-0.579633624,0.726136531,-0.364348288
20080519,0.668627757,0.722354425,0.418213088
20080520,-0.935536618,1.075440086,-1.178157036
20080521,-2.115899505,1.60582234,-1.918573547
20080522,-0.30602333,1.004758296,-0.326854493
20080523,-1.818939706,0.783276406,-2.503921765
20080527,0.837894556,1.008728352,1.002033755
20080528,-1.033637521,1.107793863,-0.638435878
20080529,0.357117728,1.470942071,-0.185198429
20080530,0.948679681,1.203280302,1.176567545
20080602,-0.042417816,0.659152789,-0.352933239
20080603,-1.846905744,1.272415604,-1.381296437
20080604,-0.417777745,1.21360973,-0.676212921
20080605,0.717466128,1.168996712,0.96258196
20080606,-3.175803499,4.380326467,-4.384103585
20080609,0.400208049,2.704352385,0.981128727
20080610,-0.327673811,1.120966384,-0.846770268
20080611,-0.418786134,0.938056779,-0.463552232
20080612,0.982972329,1.421967728,1.878233456
20080613,0.226302246,1.360749879,0.856802869
20080616,0.859249443,1.314586714,0.567150506
20080617,-1.162296973,0.710626608,-0.771530139
20080618,0.308574192,1.687670197,-0.395344244
20080619,1.212313102,1.492541043,1.05079776
20080620,0.964778716,1.014967716,-0.20345887
20080623,-0.290233842,1.062672129,0.101781179
20080624,-0.395170657,1.242395283,-0.905115668
20080625,-2.792685036,1.87136701,-3.218874233
20080626,-3.994914116,3.210925351,-4.999488774
20080627,-2.616850986,3.066506122,-2.760243029
20080630,1.116510519,2.053879435,0.969102417
20080701,-0.411015786,4.128488486,-1.625919229
20080702,-1.86472067,1.950373489,-1.543983523
20080707,-0.928252445,2.949299979,-0.715434161
20080708,1.929110012,3.622939543,1.920856803
20080709,-1.38157419,2.173288731,-1.074403954
20080710,1.368276215,3.167484365,1.752153845
20080711,-1.277240222,4.198074124,-2.441925015
20080714,-0.212713817,2.594991384,0.607904608
20080715,-1.342524515,6.266147433,-1.851598609
20080716,2.837658249,5.32645307,1.966193039
20080717,0.386847678,5.925062592,5.769455572
20080718,-0.917366303,3.773112799,-1.133816604
20080721,-0.062470719,1.501602924,-0.015621339
20080722,2.026835068,2.181955013,1.979956404
20080723,0.167415,2.106448977,0.717286555
20080724,-2.582772312,2.071873869,-2.385278894
20080725,0.970358018,1.785254123,1.591381595
20080728,-1.209879812,1.723076667,-1.794047499
20080729,2.331971938,1.637407583,2.207049998
20080730,0.773375604,1.835578554,1.04776602
20080801,-0.408292024,2.519134676,-4.085346531
20080804,0.676050055,1.877892064,0.423962321
20080805,2.239302897,3.63862695,2.567813165
20080806,1.698297072,1.771769767,1.560755979
20080807,-1.722530628,2.255932348,-2.681861172
20080808,3.517682827,2.004205113,3.161838094
20080811,0.687390633,1.412413617,0.477684145
20080812,-0.494494152,1.951173357,-0.867489736
20080813,-0.143640168,2.189274407,-0.723657613
20080814,0.820423927,1.788852291,0
20080815,0.675931976,1.888767895,1.068563106
20080818,-1.25294114,2.096830313,-1.462741906
20080819,-0.644272822,1.34136095,-1.299613124
20080820,-0.200509052,2.599122286,-0.323699705
20080821,-0.031167212,2.077684564,-0.946256964
20080822,1.651413676,1.656603903,2.736527409
20080825,-0.895974137,1.739269249,-1.435796775
20080826,0.169635325,1.510143816,-0.153964619
20080827,0.469972744,0.773856493,0.230858125
20080828,1.877420775,1.635287155,2.459887167
20080829,-1.152400926,1.209525882,-1.663680235
