20020102,1.372733702,2.43,1.981915294
20020103,2.85762681,1.75,3.331610181
20020104,0.574315867,0.97,1.171927207
20020107,-0.891536366,0.64,-0.77312309
20020108,-0.441767787,0.88,-1.120684132
20020109,-0.571896984,1.84,-1.766364065
20020110,1.695128918,1.12,1.140541895
20020111,0.767680538,1.88,0.62582217
20020114,1.2000144,1.38,1.220137149
20020115,-0.029944603,2.74,-0.428351504
20020116,-1.508324221,2.97,-1.478379618
20020117,0.86667881,1.23,0.967944641
20020118,-0.934586242,0.93,-1.700101664
20020122,-1.172249928,1.61,-1.335682038
20020123,2.155034656,2.42,1.864999234
20020124,-2.32592558,1.4,-2.529177682
20020125,-0.562911942,2.84,-0.39645331
20020128,1.169603976,0.92,0.687574331
20020129,-3.422187627,2.4,-2.821833894
20020130,-1.42151866,4.02,-1.549751206
20020131,0,2.37,0.432901109
20020201,0.537924912,2.26,0.645858004
20020204,-2.810995893,2.03,-2.169282461
20020205,-0.774768679,3.56,-1.324522675
20020206,-3.274538924,5.06,-3.252319171
20020207,3.073662565,5.44,2.359456096
20020208,2.481960829,2.41,1.513157487
20020211,0.33021494,1.47,0.484689206
20020212,-0.440238439,1.92,-0.3743261
20020213,0.110558331,1.48,-0.176639481
20020214,0.506441686,1.59,0.61687792
20020215,0.153593009,3.73,0.175554138
20020219,0.306883187,3.07,0.175246485
20020220,1.949801804,2.62,1.993565481
20020221,-3.427643453,3.07,-4.745014842
20020222,1.671348097,3.52,1.783770819
20020225,2.033821726,3.23,3.132733884
20020226,0.425985735,2.25,0.768085705
20020227,0.276096597,5.08,0.212314305
20020228,-0.72217816,3.28,-0.510313674
20020301,2.840625416,2.64,3.456927441
20020304,-1.429928001,2.12,-1.347589586
20020305,-1.070426844,2.44,-1.091301492
20020306,1.087649291,1.53,1.424704593
20020307,-0.586266336,3.27,-0.940544085
20020308,-2.770025929,5.39,-2.079429902
20020311,1.424540772,1.16,0.800815769
20020312,0.952892335,1.38,0.920982533
20020313,0.713838849,1.14,0.734911444
20020314,-0.167259081,0.63,-0.020922691
20020315,-1.310198632,1.06,-0.041858519
20020318,0.294613008,1.55,-0.377517227
20020319,0.293994332,1.8,0.209907718
20020320,0.646441621,0.75,0.87683234
20020321,-1.717911248,1.24,-2.259805029
20020322,-2.679503435,2.2,-2.966936432
20020325,0.109589052,1.35,-0.021903406
20020326,0.917838611,2,0.698540278
20020327,-0.109589052,1.07,-0.80812933
20020328,-0.021884232,1.93,0.197173905
20020401,0.961966316,0.66,0.589199741
20020402,0.550965581,1.13,-1.005912702
20020403,0.132042273,1.1,-0.065955812
20020404,0.640956996,0.94,-0.176095137
20020405,-0.419380374,0.51,-0.397351516
20020408,-1.079632619,0.88,-2.214112588
20020409,-2.06240655,1.46,-3.474409058
20020410,2.657579858,3.8,2.634163396
20020411,-1.732569742,6.69,-4.859634031
20020412,1.90708998,2.58,1.379004259
20020415,-1.60617141,2,-2.317074878
20020416,3.954193932,1.95,5.203009393
20020417,-1.021364496,2.35,-1.68887762
20020418,-0.517770044,4.09,-1.126243721
20020419,-1.304108583,2.2,-1.139072591
20020422,-3.052168991,2.33,-4.615640406
20020423,1.632176849,7.66,0.349301752
20020424,1.280490286,3.35,1.777385718
20020425,1.808455934,5.43,1.022404232
20020426,-0.726395446,2.37,-0.339641277
20020429,-4.051566889,5.16,-4.905751461
20020430,2.372051665,5.71,2.32099218
20020501,3.130605378,8.43,3.503972333
20020502,-0.553085455,3.71,-0.144578338
20020503,-2.578411716,6.09,-3.110327863
20020506,-1.246898948,3.1,-0.874459039
20020507,-1.855619944,2.78,-0.856860081
20020508,3.796364196,4.59,4.527674983
20020509,-2.119349901,2.91,-2.920811386
20020510,-2.829786916,6.03,-1.961833544
20020513,3.682924321,2.91,3.885918555
20020514,1.5778477,2.14,2.960861373
20020515,0.094854169,2.19,0.07113219
20020516,2.930866296,1.91,4.132435706
20020517,-1.449134042,2.89,-1.85934428
20020520,-1.641302964,1.67,-2.012705434
20020521,2.327052943,3.08,1.73428298
20020522,0.856982662,3.96,0.740744128
20020523,2.474920088,4.33,1.873484086
20020524,-1.573399235,2.49,-1.528140126
20020528,1.103739102,1.42,2.563952134
20020529,-1.492565022,0.79,-1.694381437
20020530,1.785352984,3.23,0.431966114
20020531,-1.727158651,2.69,-2.364393397
20020603,-1.925394064,5.78,-2.041605582
20020604,1.64701181,5.33,0.142146435
20020605,-0.236966936,3.94,-0.213295495
20020606,-3.157269115,4.34,-3.157269115
20020607,2.415046023,5.91,1.579044105
20020610,0.383877631,5.84,0.648650923
20020611,-3.110066015,7.12,-3.014326419
20020612,2.451281576,5.05,2.894522883
20020613,-1.492565022,3.7,-1.157476149
20020614,3.198304585,7.09,0.169635325
20020617,1.613132368,5.58,1.370708006
20020618,2.171663915,2.44,1.16349407
20020619,-5.367708574,4.19,-6.221198819
20020620,0.376364765,7.19,0.313538853
20020621,1.950549462,13.9,1.120669181
20020624,1.013950385,8.46,-1.82436648
20020625,-3.20475035,5.01,-2.450977937
20020626,5.144294305,20,0
20020627,2.450154804,10.8,1.437027552
20020628,1.127638807,7.43,-0.025480953
20020701,-3.594738781,8.79,-2.555307442
20020702,-2.864917424,9.05,-2.891064633
20020703,1.363475207,8.62,1.336560928
20020708,-0.928559677,6.17,-0.774397262
20020709,-3.85068671,7.61,-3.695326761
20020710,-3.325463146,9.12,-3.030121274
20020711,5.260045656,15.8,3.780191761
20020712,-6.425487343,13.3,-6.079143584
20020715,1.851369049,16.7,-1.054892177
20020716,1.971649836,20.8,-0.172117082
20020717,-1.543890315,15.5,1.481930796
20020718,-3.605293134,9.79,-3.746835975
20020719,-3.21866865,17.2,-5.897400246
20020722,-5.949077641,34.9,-11.7199094
20020723,-4.301738508,39.5,-4.477023391
20020724,7.098322658,36.7,2.603183872
20020725,-1.191995331,29.2,-1.800552784
20020726,2.962134763,28,4.476768839
20020729,1.359662797,8.8,5.344525107
20020730,0,12,-1.192857087
20020731,6.58545106,25.2,9.379387929
20020801,-5.582844955,11.2,-4.977699387
20020802,-0.156372198,7.35,1.895791374
20020805,-4.009010055,16,-6.064418382
20020806,-1.862375078,14.6,-0.935523028
20020807,-1.378404746,22.2,-0.842748962
20020808,-0.468541687,11.9,0.909863059
20020809,0.971369219,16.9,0.635347397
20020812,1.639106775,8.93,0.465581154
20020813,-2.680227438,12.3,-2.31592831
20020814,4.76595818,15.7,4.935593505
20020815,-2.757676777,19.1,-1.760723673
20020816,3.865215443,12,4.029554018
20020819,4.834223583,11,5.621009703
20020820,-0.81581877,9.71,-5.337053052
20020821,1.772710082,8.67,2.181451415
20020822,1.041038183,8,1.195050227
20020823,-2.096119291,4.63,-3.72366942
20020826,2.437620696,3.91,2.374369587
20020827,-1.837771704,11.9,-1.806902742
20020828,-0.483482005,6.3,-2.740770663
20020829,2.093632245,7.08,-0.19404922
20020830,4.927430845,6.82,0.323206487
20020903,-2.986298073,6.53,-5.403136805
20020904,1.989612082,4.78,1.989612082
20020905,-0.271554817,12.9,-1.785460939
20020906,-0.668898815,7.79,1.283367834
20020909,1.929973566,8.06,0.067091583
20020910,1.751242508,4,2.353049741
20020912,-4.628561088,9.5,-2.356796982
20020913,-0.820349145,8.88,-2.215796095
20020916,2.481354864,4.6,2.151321561
20020917,-3.127773908,7.62,-1.559992637
20020918,-1.152655607,8.13,-1.119906303
20020919,-1.081456975,7.36,-2.549618147
20020920,0.74475632,7.04,0.74475632
20020923,2.212856251,8.44,0.168492036
20020924,-1.384105141,5.96,-3.424992304
20020925,1.029168604,5.65,2.069039326
20020926,0.778477446,10.7,1.221182069
20020927,-3.568059502,9.41,-5.474175755
20020930,0.512446217,10.7,-2.487959588
20021001,7.117073079,12.4,7.590576058
20021002,2.062614707,9.9,2.737153521
20021003,5.64413109,15.9,7.697323633
20021004,1.68526408,10.9,2.141538636
20021007,-1.526747213,5.88,-3.060381241
20021008,-1.896661322,10.1,-0.369914109
20021009,0.467654788,13.6,-0.712849757
20021010,2.773675497,7.45,2.306020709
20021011,5.68568002,10.8,6.47284727
20021014,-1.287019052,3.7,-1.030936966
20021015,-0.652762358,7.3,1.087900795
20021016,-1.463230812,6.18,-1.49170867
20021017,0.757685679,4.41,3.325587121
20021018,-0.427655677,4.93,-2.176149178
20021021,2.238370829,3.95,1.952247601
20021022,6.145277921,11.6,5.611493819
20021023,1.484767447,8.18,-2.984493589
20021024,-0.729437248,4.91,0.652885888
20021025,0.687287929,7.86,-1.03571381
20021028,1.635205984,4.54,2.995771189
20021029,-2.668262326,10,-2.694854535
20021030,4.058218375,5.4,4.303751168
20021031,-2.631730832,7.79,-1.901800584
20021101,3.823801375,9.72,3.020584206
20021104,-0.964474481,6.12,1.438504127
20021105,0.63171404,4.52,1.241937139
20021106,-1.448012091,8.14,-1.574036052
20021107,-2.298354756,3.6,-2.631560242
20021108,1.342302033,6.63,1.460451046
20021111,-2.110896321,4.09,-2.955880224
20021112,0.706162213,3.84,2.293497128
20021113,-0.635258886,7.93,-1.867738103
20021114,0.130975788,3.55,1.423699238
20021115,2.733537916,5.24,2.864342382
20021118,-2.861718022,4.8,-1.874493196
20021119,-1.412526755,6.51,-1.620103374
20021120,3.783882589,5.93,2.830990254
20021121,3.966383371,4.1,3.966383371
20021122,0.349388925,2.54,-1.213336663
20021125,1.797413895,3.76,2.071079944
20021126,-2.678731596,4.04,-2.971986938
20021127,3.696418868,4.04,4.497624957
20021202,-2.160948433,11,-1.637012965
20021203,-2.500743212,6.02,-2.258318851
20021204,-0.823255242,2.74,-0.897761641
20021205,-2.755831079,7.86,-2.305942792
20021206,4.816831227,5.61,2.980018494
20021209,-3.233538064,2.97,-4.712447084
20021210,0.104384143,4.13,0
20021211,2.091579515,3.32,0.805303742
20021212,-0.129954534,5.79,-0.518807908
20021213,2.459569302,6.74,0.622247276
20021216,1.744891912,3.36,3.05444972
20021217,-1.570049977,2.89,-1.79592534
20021218,0.204029655,5.45,0.178503171
20021219,-0.025776518,4.49,-1.178896278
20021220,1.106372865,2.53,3.046694141
20021223,-0.375799014,3.98,-0.375799014
20021226,0.10095912,2.07,0.835977003
20021227,-1.301204735,4.32,-1.781670952
20021230,-0.153767329,5.61,0.128320305
20021231,-0.539916468,6.12,-0.514272154
20030102,2.547105295,2.67,3.470899393
20030103,1.294516459,2.75,0.670060827
20030106,6.758377041,6.6,8.62071952
20030107,0.344629864,2.66,-1.07221285
20030108,-2.531780798,4.34,-6.270534006
20030109,-0.714200795,4.34,-1.203797856
20030110,1.20332362,2.74,-0.818964746
20030113,1.038328241,2.37,1.312062392
20030114,1.665072749,3.12,1.27078934
20030115,-2.359991534,3.75,-2.408570597
20030116,-1.830313098,3.52,-1.706012275
20030117,-1.160554612,3.26,-2.485077287
20030121,-2.458165269,3.72,-3.108785651
20030122,-0.619864537,3.72,-1.022063765
20030123,-3.045920748,8.39,-3.018890068
20030124,-3.456856776,6.02,-2.596815408
20030127,-0.25456102,6.25,0.967565887
20030128,2.244133447,7.29,2.074065379
20030129,2.555619919,6.52,4.342609051
20030130,-2.235324578,3.71,-1.31000403
20030131,2.838010387,6.01,2.864917424
20030203,0.960672064,3.95,1.195751185
20030204,-0.490893635,4.06,-0.232828976
20030205,-0.726332635,4.89,-0.519346792
20030206,-0.786373646,3.8,-1.073168263
20030207,-2.308713396,3.81,-1.99342149
20030210,-0.586824837,8.93,0.34838572
20030211,-1.320595934,4.82,-1.400884979
20030212,-2.006388591,3.76,-2.305261249
20030213,2.087758502,8.28,0.774340152
20030214,2.415641955,9.5,2.690745292
20030218,1.196981973,3.94,1.411286904
20030219,-2.107616517,3.65,-3.224352398
20030220,-4.562886678,14.2,-5.385485229
20030221,1.12836176,4.49,2.700945991
20030224,0.509338962,5.4,-0.619022798
20030225,1.6426311,6.29,0.478671898
20030226,-1.193535055,3.93,-1.756916827
20030227,-0.372333238,5.28,-0.372333238
20030228,-1.975160819,5.06,-0.748851426
20030303,-1.314680267,4.23,0.490267745
20030304,-1.155748201,2.12,-1.012008059
20030305,0.057954218,2.98,0.319164641
20030306,-2.483130834,3.9,-3.268360985
20030307,4.338750811,7.31,2.190732965
20030310,-2.859487528,4.01,-4.185962394
20030311,-1.165299908,4.56,-1.012744577
20030312,2.665209238,7.15,3.157517925
20030313,1.684128074,5.08,3.72531712
20030314,0.486201444,8.18,0.917174672
20030317,3.092883783,9.31,2.08929113
20030318,-0.84611088,5.15,0.292948525
20030319,1.076020866,5.88,1.506906236
20030320,-0.798352485,5.42,-0.716059242
20030321,2.565974678,5.92,3.583445301
20030324,-2.531780798,5.94,-4.416089579
20030325,0.691087754,4.23,1.163770408
20030326,0.6945437,4.68,-0.497101272
20030327,1.190655074,4.12,0.579711768
20030328,-0.441623682,2.95,-0.496689763
20030331,-0.367387724,6.03,-2.322757287
20030401,2.044602802,4.74,2.101211918
20030402,1.721861211,2.49,3.861273583
20030403,-2.002535715,2.57,-3.805841209
20030404,-0.833338156,1.68,-0.667225161
20030407,-3.06858107,2.52,-1.546060311
20030408,-1.010838932,1.94,-2.437396648
20030409,-2.406219378,6.91,-2.290176429
20030410,0.531131375,2.52,0.916488307
20030411,-1.925942226,3.91,-0.117785644
20030414,0.986372952,2.28,2.041482389
20030415,-0.490975716,2.98,-0.289101098
20030416,-2.576775175,2.81,-3.56601804
20030417,1.515066856,3.85,0.76216464
20030421,-1.615350709,2.12,-1.273520845
20030422,2.201159661,4.56,2.472203344
20030423,5.184869568,7.5,5.800797604
20030424,1.166355905,3.63,0.553711271
20030425,-0.732300336,3.44,-0.456590209
20030428,1.852409274,2.84,2.722280137
20030429,-1.104090925,2.86,-0.324412288
20030430,0.995033085,3.47,1.184401463
20030501,0.834347459,4.59,-0.160685626
20030502,1.851904777,4.65,2.22643705
20030505,-1.783147712,3.58,-2.414230532
20030506,1.144695049,4.36,1.439640966
20030507,0.373632674,2.41,-0.637283092
20030508,-1.44870649,2.2,-3.303847743
20030509,1.660579876,2.22,1.962985604
20030512,0.965931846,2,1.100830019
20030513,-0.614400223,2.08,-0.347733398
20030514,-1.379698193,2.98,0.294314594
20030515,-2.08062987,1.94,-0.88555523
20030516,-1.086967224,2.69,-1.356872921
20030519,-1.1666799,3.08,-2.237971563
20030520,-0.751360151,3.62,0.027936863
20030521,0.11191943,4.61,-0.11179431
20030522,1.729953857,3.19,1.08469983
20030523,2.010256322,2.07,1.455469878
20030527,2.323800865,2.34,2.050800422
20030528,-0.535189931,2.23,-0.455093812
20030529,-1.12874082,4,-0.727080085
20030530,1.335133317,3.49,1.874218181
20030602,0.913248356,2.9,2.099814684
20030603,0.504561521,2.19,0.634347392
20030604,1.402189959,2.49,1.929895669
20030605,0.202020271,2.66,0.353803755
20030606,-1.766384559,4.08,-0.912322598
20030609,-0.589216512,3.69,-0.920722617
20030610,1.554765612,1.9,1.580456042
20030611,0.755671102,2.36,0.780958749
20030612,-0.82759093,3.31,-0.351936009
20030613,-1.455629777,1.84,-1.254371848
20030616,0.983738542,1.55,1.581210605
20030617,0.275654854,1.65,0.300752106
20030618,0.84852019,2.01,0.698257201
20030619,-0.720410519,1.91,-0.323584601
20030620,1.985602678,1.76,2.681257657
20030623,-1.100928551,1.18,-1.343942036
20030624,0.616752911,1.22,0.024597221
20030625,-2.528642411,3.4,-2.062441101
20030626,0.725275156,1.84,0.750378709
20030627,-0.778018732,2.14,-1.102491748
20030630,-0.885073422,2.08,-0.809516184
20030701,1.172585446,1.83,0.228339564
20030702,1.604848887,1,1.857949503
20030707,0.500626828,1.22,0.500626828
20030708,-0.379027617,2.32,-1.382800161
20030709,-0.846918959,1.31,-1.788042528
20030710,-0.835077922,1.2,-1.663240005
20030711,0.465477954,0.99,1.560094044
20030714,-3.303052568,2.71,-3.251466288
20030715,-2.403319944,2.23,-1.395621149
20030716,-2.130646019,1.85,-2.130646019
20030717,-0.501254182,3.73,-1.110505582
20030718,-0.194309568,2.21,0.473472546
20030721,-3.447642953,3.19,-3.419861316
20030722,1.268873643,3.52,2.582802858
20030723,-1.687803779,3.18,-1.240500824
20030724,-1.487867219,4.03,-1.601406828
20030725,-0.285306898,2.34,0.889660051
20030728,1.874967478,3.88,3.011343343
20030729,-2.429269257,4.73,-1.931480618
20030730,-0.424388811,3.1,-0.311394448
20030731,-2.381064869,2.56,-1.169270416
20030801,-1.787306153,1.7,-1.386504014
20030804,1.00897717,2.31,4.214746822
20030805,-2.399550556,2.36,-2.427440669
20030806,1.70609648,2.44,2.983615629
20030807,-1.682125449,1.85,-1.932021456
20030808,-2.120220765,1.22,-1.051594173
20030811,-0.113571846,1.87,0.569802111
20030812,1.395890896,1.45,2.441541231
20030813,-2.194227735,2.84,-1.283499763
20030814,-1.002235561,2.02,0.364401244
20030815,0.139762427,1.62,0.167738368
20030818,-0.667225161,0.89,0.139567364
20030819,-1.138110827,1.75,-0.083717041
20030820,0.280112228,0.82,-0.195612749
20030821,0.027735404,3.06,0.863394864
20030822,-2.581512603,2.96,-2.470647847
20030825,-0.601462503,1.17,-1.057303749
20030826,0.716232828,2.13,0.630013539
20030827,1.030641817,1.15,0.228115297
20030828,1.270306426,1.11,1.526315668
20030829,-0.28288562,0.64,-0.986618292
20030902,1.528475836,2.19,0.846267392
20030903,1.138743037,1.28,1.698968592
20030904,0.988204583,1.57,1.098610335
20030905,-1.423121993,1.02,-0.905480189
20030908,-1.662088124,1.13,-1.331873184
20030909,-0.764984606,1.16,-1.803882059
20030910,1.692565088,1.51,1.664119632
20030911,-1.600483412,1.33,-1.181780777
20030912,1.04417486,1.38,0.817481649
20030915,-1.079249328,1.31,-1.6987951
20030916,0.847941768,1.04,1.445808318
20030917,-0.140548161,0.52,0.056274622
20030918,0.559442019,1.05,0.84034108
20030919,-0.537864,0.56,-1.744557469
20030922,-0.97617772,0.99,-1.631170807
20030923,-0.63129625,2.27,-4.424195402
20030924,-0.397736489,0.9,-1.641873307
20030925,0.306748707,1.69,0.091925853
20030926,-0.030679552,1.84,-0.183936287
20030929,0.706282684,0.94,0.275777714
20030930,-0.215484153,2.71,-0.706282684
20031001,1.221016391,1.74,1.559426189
20031002,1.089929046,1.36,0.755633035
20031003,0.148478127,1.22,1.464680197
20031006,-0.029677994,1.17,-0.029677994
20031007,0.539084863,0.94,-0.62528118
20031008,-1.489162909,1.14,-2.479715808
20031009,-0.738919618,1.54,-0.922799535
20031010,0.650862363,0.62,0.030897575
20031013,-1.185291481,1.53,-1.556693951
20031014,-0.190355387,3.04,-1.199509332
20031015,1.187885178,2.68,2.167510645
20031016,1.753881475,2.85,0.093182178
20031017,-0.622860936,1.8,-0.622860936
20031020,1.200938221,1.49,2.040887163
20031021,-1.786311742,3.36,-1.511208405
20031022,1.051664502,2.09,0.989494777
20031023,2.811061967,1.64,2.10085364
20031024,0.48367688,1.41,-0.090429546
20031027,-0.120409406,1.87,0.120554566
20031028,-0.271452436,1.67,-0.271452436
20031029,-0.516482995,0.68,-0.849262005
20031030,-0.030483158,2.84,-0.091421612
20031031,1.80185055,1.36,2.409755158
20031103,-1.494796144,1.4,-1.197619105
20031104,-0.726615368,1.28,-0.877331297
20031105,0.824558039,2.22,-0.091199277
20031106,0.246229734,2.1,-1.07018297
20031107,-1.634073665,1.15,-1.112839923
20031110,0.943914165,1.43,0.912824471
20031111,0.246989937,1.49,-0.107866564
20031112,0.617858005,1.12,0.12326658
20031113,-0.966191091,0.71,-1.677057939
20031114,2.045948612,0.96,2.045948612
20031117,0.244723279,3.4,0.428659566
20031118,-1.346409568,1.44,-0.828352643
20031119,-0.680274732,0.92,-0.711086626
20031120,-0.188323973,1.51,-1.248845453
20031121,0.435866194,1.25,1.124660402
20031124,0.308166654,1.19,0.958424402
20031125,1.066270574,0.89,1.526747213
20031126,-1.215820448,1.24,-0.913248356
20031201,0.244573647,1,-0.152555331
20031202,-0.551134279,0.74,-0.551134279
20031203,-0.80321717,0.84,-1.018370165
20031204,3.366290924,1.35,3.024516473
20031205,0.119904091,1.78,0.450383587
20031208,-1.174535412,0.77,-1.114637237
20031209,-1.219527309,0.61,-1.249825749
20031210,2.274548399,1.51,2.274548399
20031211,0.60241146,1.33,-0.150037538
20031212,0.569802111,1.3,0.419539123
20031215,-0.536354087,2.11,0.089672701
20031216,0.177147965,1.7,1.276549916
20031217,0.704434965,0.86,0.851818926
20031218,0.583092031,1.6,0.612336073
20031219,-0.874896219,1.99,-0.758684701
20031222,-0.05858231,1.12,-0.029295445
20031223,0.0878606,1.18,0.0878606
20031229,1.172690073,0.62,1.172690073
20031230,1.64245156,0.74,1.962544951
20031231,0.456882577,0.49,0.313882409
20040102,0.468984019,1.11,0.468984019
20040105,1.897378349,1.06,2.561550931
20040106,1.56017945,1.24,1.753469584
20040107,0.301328813,1.64,-0.708642922
20040108,0.811912444,1.11,1.466222303
20040109,-2.493621465,2.63,-2.898753687
20040112,2.370563046,2.66,1.841976477
20040113,-0.898331889,2.03,-0.382096535
20040114,0.353117303,0.73,0.844116653
20040115,-0.189624871,1.06,0
20040116,-0.189368378,0.97,0.135483018
20040120,0.539084863,1.11,0.728453241
20040121,-0.431267515,1.55,-0.485045413
20040122,1.31563181,1.85,1.26159236
20040123,0.266382683,0.93,0.266382683
20040126,0.69094083,0.92,0.45122837
20040127,-2.005682958,1,-1.979203413
20040128,-1.324164734,2.86,-0.704800966
20040129,0.486618965,2.94,0.866744321
20040130,-1.053921389,2.32,-0.730819331
20040202,1.940238715,3.02,1.777106541
20040203,-1.439640966,1.35,-0.61571604
20040204,-0.190398534,2.15,-1.378959258
20040205,0.898821249,1.42,0.407553886
20040206,1.410001668,1.97,0.702515724
20040209,0.216567491,0.61,-0.431732997
20040210,0.773440314,0.86,1.769008876
20040211,1.583146522,0.91,1.47682009
20040212,-0.132890385,1.08,-1.583146522
20040213,0.132855075,1.89,0.159447283
20040217,-0.520834511,1.44,1.685137296
20040218,-1.715664646,1.17,-0.418629601
20040219,-2.014380331,2,-2.093068859
20040220,-1.095535339,2.23,-0.348666036
20040223,-0.646379843,0.72,-0.565810482
20040224,1.694507053,2.22,2.876363409
20040225,-0.394374114,0.91,-0.341880675
20040226,0.943897936,0.85,0.943897936
20040227,0.13032714,1.04,0.182505591
20040301,0.961420943,0.58,0.726709661
20040302,2.231147815,5.04,1.946284227
20040303,-1.275202182,1.35,-1.199146912
20040304,0.511640922,0.45,0.588613344
20040305,-0.102485277,0.49,-0.460358869
20040308,0.331759906,0.59,0.613342071
20040309,-0.254777208,1.03,-0.127469743
20040310,-2.122232858,1.33,-2.505619909
20040311,-1.034354799,2.82,-1.901298361
20040312,1.299925454,2.02,1.139840041
20040315,-0.534046663,2.28,-1.567305293
20040316,-1.147138096,2.46,-0.214419809
20040317,0.295104171,1.17,0.160857944
20040318,1.237240097,1.25,0.214075543
20040319,0.829880281,1.17,0.266951573
20040322,-1.411532665,1.79,-2.510592113
20040323,-0.910727973,2.37,-1.404014805
20040324,0.47307727,2.71,-0.138715517
20040325,0.758886015,1.09,0.980738574
20040326,-0.360260886,1.2,-0.980738574
20040329,0.997238181,1.02,0.71922855
20040330,0.441623682,0.93,0.082656018
20040331,0.027393508,1.73,0.549301024
20040401,-1.023991702,1.94,1.116721397
20040402,-0.053705694,0.94,0.836147825
20040405,0.718948643,0.93,1.227991939
20040406,1.243913585,0.84,-0.199190027
20040407,-1.06667678,2.63,-0.840958036
20040408,-0.801072375,1.52,0
20040412,0.23971246,0.5,0.774473093
20040413,-1.970769509,1.66,-1.096707528
20040414,-0.188349309,2.07,-0.13457141
20040415,-0.080938896,1.5,-0.215691645
20040416,-1.617285925,1.43,-0.677050657
20040419,1.109468829,0.69,0.973506877
20040420,-0.628974974,1.07,0.228479368
20040421,1.053413301,1.53,1.200975204
20040422,0.90378074,1.73,0.25170577
20040423,1.488201795,0.89,0.317041217
20040426,-0.502314341,0.84,-0.475939555
20040427,-1.271203559,3.24,-0.558140984
20040428,-0.212427058,1.12,0.266169973
20040429,-0.290659473,0.81,0.450869349
20040430,-0.264550419,0.72,-0.105904167
20040503,-0.687469656,0.62,-0.159066842
20040504,0.23781224,1.05,0.529241775
20040505,0.450272248,0.69,-0.132048085
20040506,-0.319149207,0.84,-0.795971303
20040507,-1.349912507,1.86,-2.018096204
20040510,-0.958255108,3.49,-1.203186514
20040511,0,0.86,-0.551725537
20040512,0.802772477,2.1,0.331400469
20040513,0.358967664,2.18,0.027567195
20040514,0.690133864,2.07,0.192757873
20040517,-0.334821741,2.3,-1.58051259
20040518,0.138600161,1,0.890378726
20040519,-0.883007945,2.19,-0.055417014
20040520,-0.473604451,0.76,-0.751151118
20040521,0,0.96,-0.02792906
20040524,-1.541726403,2.89,-1.123607327
20040525,0.593977139,1.4,0.169348051
20040526,-2.298951822,1.11,-3.034873627
20040527,1.090711157,0.85,1.814827283
20040528,-1.835966659,1.17,-1.408676449
20040601,0.777765695,1.29,0.893506449
20040602,0.770881762,1.1,0.885593561
20040603,0.028649191,1.05,-0.71357517
20040604,0,1.06,0.143122967
20040607,0.963999527,0.86,1.363657495
20040608,0.962362366,0.59,0.169157074
20040609,1.181116093,4.87,0.757685679
20040610,0.692044284,1.39,1.332982803
20040614,-0.719626687,1.12,-0.692044284
20040615,-0.858849995,1.73,-0.16680571
20040616,-0.474265082,0.86,-0.502093105
20040617,1.094133513,0.77,0.22346378
20040618,0.973717528,0.76,0.778214044
20040621,-0.809043331,0.97,-1.169603976
20040622,-0.619894913,1.56,-0.900400005
20040623,0.225861191,0.86,0.225861191
20040624,0.056322164,0.73,0.169061748
20040625,0.923988094,0.81,1.008411907
20040628,0.278551712,1.78,0.194904698
20040629,-0.138677043,0.35,0.222284059
20040630,-0.110466733,1.06,0.443091282
20040701,-1.40711385,1.48,-0.554171548
20040702,-0.635624636,1.28,0.222037282
20040706,0.083206218,0.68,0
20040707,0.584065073,0.38,-0.027727714
20040708,-1.733339455,1.21,-1.677891713
20040709,-0.310077768,0.57,-0.112866829
20040712,0.392487187,1.32,0.899387738
20040713,-0.394589013,1.01,-0.927624361
20040714,0.398520311,1.17,-0.594818352
20040715,-0.772204609,0.61,-1.056699823
20040716,-1.577093619,1.51,-0.662540231
20040719,-1.038670619,1.38,-0.347423627
20040720,0.954730238,1.23,0.722442096
20040721,-1.914766941,1.8,-1.713414939
20040722,1.191701358,2.4,1.367294028
20040723,0.056753691,5.24,1.832287161
20040726,2.489755162,1.58,3.758271115
20040727,0.929004691,1.76,3.358273948
20040728,1.330049598,1.22,1.962129659
20040729,-0.257267958,0.53,0.568330127
20040730,-0.930479704,0.95,-0.801762991
20040802,0.103439368,1.38,0.466322089
20040803,0.295193694,1.53,0.836501886
20040804,0.332438613,1.77,0.396496011
20040805,-0.335874234,0.94,-1.362313833
20040806,-0.260756341,1.54,-0.883811316
20040809,-0.234344594,1.27,0.156535383
20040810,1.705027097,1.36,1.757151153
20040811,1.187071186,1.6,0.930595026
20040812,-0.894574656,1.27,-1.161393949
20040813,-0.460358869,1.1,0.15392512
20040816,0.639470142,1.59,0.536879725
20040817,-0.102722146,0.96,-0.767856345
20040818,0.846918959,0.84,0.53811789
20040819,0.216989044,0.87,0.216989044
20040820,0.608058625,0.54,0.951723445
20040823,-0.681906923,1.1,-0.328906052
20040824,-1.063570421,0.83,-0.457201711
20040825,0.409207732,1.16,-0.254907097
20040826,-0.153649198,0.58,-0.409207732
20040827,0.411100271,0.43,-0.051268907
20040830,0.719242762,0.65,0.179326294
20040831,0.53660535,0.56,0.434172563
20040901,0.839379213,1.72,0.609757987
20040902,0.627748452,0.61,1.183445765
20040903,0.24975038,0.78,0.349825444
20040907,0.123839025,1.06,0.770285831
20040908,0.844305984,0.95,0.098960919
20040909,-0.569238018,0.79,-0.371609495
20040910,0.124054103,0.87,0.099230968
20040913,0.246913706,0.67,0.544017168
20040914,0.122654253,0.57,0.590117277
20040915,-1.342302033,0.92,-2.055799955
20040916,1.05079776,0.67,0.549040561
20040917,0.370325074,0.25,0.990597501
20040920,-0.471406406,0.66,-0.915961349
20040921,1.140602497,0.52,0.866663837
20040922,0.869030919,0.6,-0.271571578
20040923,-0.546721044,0.7,-0.794245923
20040924,0.348172448,0.52,0.373088357
20040927,-0.675255786,0.58,-1.073266261
20040928,0.188217635,0.94,0.087790813
20040929,0.176167153,1.12,-0.288745414
20040930,-0.531041835,1.01,-0.833232949
20041001,0.626961301,0.6,1.409892438
20041004,1.626452808,0.89,2.249507783
20041005,1.100390123,0.86,0.512008921
20041006,1.28658165,1.6,0.823448586
20041007,-0.364476166,0.67,-0.920772195
20041008,0.024536867,0.74,-0.782017671
20041011,-0.269179167,0.43,0.122594106
20041012,1.415002872,0.96,1.145097176
20041013,-1.090259134,1.13,-0.558728527
20041014,-0.781826606,1.09,-0.684431907
20041015,0.171421617,1.28,0.244978075
20041018,0.073556458,0.72,-0.171421617
20041019,-1.220655067,1.3,-1.220655067
20041020,0.225140808,1.23,-0.709620158
20041021,-0.788637748,2.38,-0.588937233
20041022,-2.082350509,1.54,-2.069783748
20041025,0.283395784,2.14,-0.256937449
20041026,0.746944877,2.07,0.256937449
20041027,1.103282519,1.98,0.562949286
20041028,-0.304878285,1.63,0.280290666
20041029,-0.482173247,1.75,0.025442056
20041101,1.536360657,1.84,1.765048344
20041102,-1.020036211,1.69,-0.050000001
20041103,-0.369231189,2.29,1.39063577
20041104,1.003311977,1.04,1.274214741
20041105,0.513385799,2.17,-0.146198856
20041108,-0.121580562,0.84,0.21921821
20041109,0.194080604,0.93,0.388538614
20041110,-0.629237313,0.78,-0.16979992
20041111,0.6260555,0.94,1.134592738
20041112,1.479387515,0.64,1.335260659
20041115,-0.571838585,1.06,-0.880224548
20041116,-0.813790992,1.04,-0.575127394
20041117,-1.272984645,1.23,-0.578454252
20041118,0.096339121,0.92,0.410083797
20041119,-0.847976008,1.06,-1.064869695
20041122,-0.511012184,0.7,-0.267998699
20041123,0.097680105,0.96,-0.048804296
20041124,-0.024452867,0.9,-0.195455718
20041129,0.072824375,1.67,0.535281083
20041130,-0.048496606,1.61,0.048520137
20041201,-0.072106721,1.07,0.869360704
20041202,0.742429467,1.06,0.766470818
20041203,0.047607713,1.31,0.262123348
20041206,-0.345258989,0.74,-0.226338771
20041207,-1.31880583,1.12,-1.187705162
20041208,-0.084679132,0.94,-0.277962594
20041209,0.243013485,1.65,-0.27873738
20041210,-0.366972889,1.17,-0.975617495
20041213,0.36315256,0.71,1.411559091
20041214,0.366077285,1.54,-0.800683642
20041215,-1.19732646,1.06,-0.905426472
20041216,-0.763644553,0.7,-0.591717703
20041217,1.628057667,3.28,1.057690342
20041220,-1.146493836,0.99,-0.269508922
20041221,0.267607507,0.93,0.976570261
20041222,-0.995758076,1.03,-0.462681941
20041223,-0.024506801,0.6,-0.415801015
20041227,-0.392927814,0.47,-0.392927814
20041228,0.440745082,0.46,0.711048723
20041229,0.171631769,0.4,-0.269113312
20041230,-0.391581509,0.21,-0.098039224
20041231,-0.540940586,0.3,-0.540940586
20050103,-0.787405643,0.82,-0.19743343
20050104,-1.510864653,1.42,-1.018010033
20050105,-0.274554022,1.11,-0.149850178
20050106,-0.126342405,1.54,-1.156372866
20050107,-0.959361057,1.39,-0.329239249
20050110,-0.993512184,1.36,-0.917437628
20050111,-1.081648454,1.3,-1.132864845
20050112,0.629592846,0.69,-0.988818882
20050113,-1.396370702,1.7,-3.350486222
20050114,-0.216919825,1.14,-0.379301457
20050118,2.227981032,1.86,2.227981032
20050119,-1.596138309,1.08,-2.690503962
20050120,0.358769531,3.07,-1.014124081
20050121,-0.818558459,1.53,0.549451932
20050124,0.92719508,1.71,0.92719508
20050125,-2.658783449,2.75,-2.306527293
20050126,0.068469705,1.32,1.447801918
20050127,-1.025934411,2.08,-1.781692045
20050128,-1.062055819,2.12,-0.811533767
20050131,-0.588319388,1.7,0
20050201,0.027874565,1.82,0.811533767
20050202,-0.887908164,1.33,0
20050203,-0.222593303,1.29,0.05572583
20050204,2.112271647,1,2.584691589
20050207,-0.787940498,1.21,-0.489796898
20050208,-0.954335805,0.89,-0.437398182
20050209,-1.240539686,0.91,-1.240539686
20050210,-0.16634326,1.5,-0.027743099
20050211,0.137835997,1.13,0.718830853
20050214,-0.358670546,2.88,-0.33112613
20050215,-0.72827529,0.94,0.207082286
20050216,-0.66335235,0.6,-0.539308505
20050217,-1.031655602,0.89,-1.059391006
20050218,-1.099067002,1.17,-1.099067002
20050222,0.084973805,1.15,0.084973805
20050223,0.394700259,1.51,0.620944699
20050224,-0.140745977,0.98,-0.112612625
20050225,2.035480843,1.98,2.035480843
20050228,-0.968061771,1.82,-0.692427638
20050301,-0.302655342,1.17,0.85789927
20050302,0.605062352,0.96,0.49477836
20050303,-0.137343793,1.63,-0.247083173
20050304,-0.76712705,0.59,-0.054990378
20050307,-0.546449447,1.06,0.384299128
20050308,-0.826450985,0.53,-0.963531198
20050309,0.30483604,0.65,-0.027666344
20050310,0.08297608,0.48,0.08297608
20050311,-0.497375991,0.87,-0.193718063
20050314,-0.414651596,0.61,0
20050315,-1.142232784,0.97,-1.142232784
20050316,-0.480023511,1.14,-1.013807613
20050317,-0.340039999,0.9,-0.283446902
20050318,-0.227466689,1.29,-0.284252608
20050321,-0.342857479,1.13,-0.542316157
20050322,-1.467863454,1.51,-1.296287776
20050323,0.776647079,1.59,1.181740226
20050324,-0.344432028,1.33,-0.344432028
20050328,-0.288018632,0.9,-0.316774923
20050329,1.182421851,3.23,0.603883934
20050330,1.279335146,0.97,1.47982211
20050331,-0.028188866,1.46,0.197544865
20050401,-1.186789855,1.03,-0.820952948
20050404,0.931026615,1.29,1.214875798
20050405,0.279877037,0.89,0.476258079
20050406,-1.064734071,0.91,-0.78563816
20050407,-0.225542808,0.3,-0.19737776
20050408,-1.24682828,0.77,-1.021285473
20050411,-1.053990672,0.9,-0.428633318
20050412,1.144177242,1.17,0.684934185
20050413,-1.083866857,0.93,-0.828221213
20050414,0.157740048,1.23,0.071669178
20050415,-1.366896373,1.54,-2.158096645
20050418,-0.877968765,1.88,-0.381399905
20050419,0.498754151,1.68,0.439947916
20050420,-0.796346931,1.91,-1.177523173
20050421,0.614126802,1.06,1.557251977
20050422,-0.614126802,1.51,-0.614126802
20050425,-0.876429799,0.89,-0.029338419
20050426,0.191274979,1.17,-0.190909816
20050427,2.182113571,1.64,3.452852937
20050428,-0.114025098,2.01,-0.426925367
20050429,1.662244217,2.36,2.060764528
20050502,-3.070231294,3.28,-2.346397399
20050503,-0.861579138,1.32,-0.832979109
20050504,-0.143988506,0.75,0.086492726
20050505,-0.682894045,1.01,-1.1740116
20050506,0.028981307,0.65,0.624956616
20050509,-0.101324464,0.68,0.043456219
20050510,-0.145624025,0.56,-0.624684242
20050511,0,0.75,0.261970751
20050512,-0.537674768,0.88,-0.247398802
20050513,-1.166193975,1.17,-0.628519207
20050516,0.698286224,0.41,1.137204266
20050517,0.260907526,0.61,0.144864577
20050518,0.605800208,0.81,0.66368733
20050519,0.057077627,0.72,0.802066746
20050520,0.398520311,0.6,0.427046912
20050523,0.226564809,0.53,0.425230974
20050524,-0.580779308,0.72,-0.439436528
20050525,0.481382779,0.62,0.580779308
20050526,-0.760674185,0.35,-0.113058237
20050527,0.197824001,0.32,0.169539459
20050531,-0.112962452,0.26,-0.0847338
20050601,-0.395145871,0.78,-0.084805659
20050602,-0.510349846,0.41,-0.510349846
20050603,-0.056915198,0.48,-0.142227303
20050606,-0.213781881,0.18,-0.242251633
20050607,-0.284900478,0.57,0.014266353
20050608,-0.738639722,0.49,0.057045067
20050609,-0.715412981,0.56,-0.715412981
20050610,0.086120287,0.53,0.086120287
20050613,0.258286842,0.46,0.114711799
20050614,0.343151609,0.33,0.400458201
20050615,0.37052914,0.45,0.341978105
20050616,-0.69865544,0.39,-0.584922133
20050617,-0.426682485,1.09,0.385577057
20050620,0.370740479,0.41,0.142429877
20050621,-0.028542886,0.36,-0.285062907
20050622,-0.484124539,0.42,0
20050623,-0.80321717,0.29,-0.888894742
20050624,-0.346921423,0.37,-0.548737839
20050627,-0.377304177,0.61,-0.406268696
20050628,0.868312257,0.21,0.897386251
20050629,-0.172612241,0.38,0.08641798
20050630,-1.064298842,0.5,-0.43283865
20050701,0.173510743,0.64,0.086717739
20050705,0.835138043,0.28,0.748420304
20050706,-0.348129159,0.69,-1.327964088
20050707,0.145836397,0.97,-0.291036294
20050708,0.465658583,0.41,0.378182269
20050711,0.49656886,0.37,-0.349040494
20050712,-0.174774294,0.21,-0.058292045
20050713,0.813485021,0.47,0.755158976
20050714,-0.028715004,0.52,0.74949904
20050715,-0.63236773,0.44,-0.402878243
20050718,-0.550965581,0.58,-0.839732747
20050719,-0.464442054,0.42,-0.058173358
20050720,0.290782409,0.6,0.20345887
20050721,-0.903137967,0.77,-0.787061343
20050722,-0.350774987,0.33,-0.058548011
20050725,-0.877198607,0.56,-0.293255342
20050726,-0.087809167,0.71,0.293255342
20050727,0.584796988,0.66,0.438276816
20050728,1.014648508,0.54,1.072940553
20050729,-0.75625724,0.45,-1.218819499
20050801,-0.763138426,0.64,-0.90923049
20050802,-0.265213062,0.53,-0.147427419
20050803,1.191102972,0.56,0.925184659
20050804,-0.857105883,0.72,-1.517077479
20050805,-1.014934085,0.62,-1.07431651
20050808,-0.571860099,0.16,-0.601867601
20050809,0.451332194,0.32,0.541843589
20050810,-1.58519844,0.94,-0.421179925
20050811,0,0.25,-0.211257058
20050812,0.151354653,0.63,-0.120918999
20050815,-0.151400483,0.89,-0.181653093
20050816,0.333384155,0.71,0.151400483
20050817,0.121102043,0.63,0
20050818,-0.091199277,0.45,-0.515699611
20050819,0.181433373,0.27,0.66687122
20050822,0.090456813,0.71,0.241400238
20050823,0.271125336,0.74,0.180668522
20050824,-1.332142013,0.63,-1.302062301
20050825,-0.351118596,0.75,-0.351118596
20050826,-0.862074304,0.66,-1.091730686
20050829,0.68048515,0.44,0.30873751
20050830,0.37140247,0.88,-0.216016131
20050831,1.292325678,1.06,1.044877361
20050901,-0.030632563,1.97,-0.214231145
20050902,-0.91968766,0.55,-0.522194398
20050906,1.069855841,1.03,1.285207409
20050907,-0.274851295,0.61,-0.57935823
20050908,-0.276795502,0.97,-0.705849179
20050909,0.85995616,0.71,0.705849179
20050912,-0.306560632,0.35,-0.398345862
20050913,-0.153727932,0.3,-0.215152995
20050914,0.061519534,0.4,0.061519534
20050915,-0.43130073,0.63,-0.40055515
20050916,1.16387225,0.47,1.37975514
20050919,-0.490046922,0.51,-0.82556653
20050920,-0.740972825,0.67,-0.925361322
20050921,-0.965288517,0.83,-0.965288517
20050922,0.125274053,1.02,-0.031294007
20050923,0.906397829,0.94,0.592917949
20050926,-1.242252,0.64,-0.436545751
20050927,-0.656970922,0.78,-0.438459832
20050928,1.116983379,1.4,1.711571267
20050929,0.801731091,1.23,0.461752398
20050930,0.18376728,0.62,0.367872886
20051003,-0.6460567,0.8,-0.860484719
20051004,-1.233441478,0.79,-0.526072697
20051005,-1.391546806,1.57,-2.608980291
20051006,-0.991849437,2.49,-0.960007373
20051007,-2.069262323,1.54,-1.588106623
20051010,-1.246735309,1.77,-1.050912792
20051011,-0.963302583,1.21,-1.095446639
20051012,-0.601807233,1.47,-0.468384931
20051013,0.369810474,1.45,-0.067091583
20051014,-0.367340537,0.52,0.301558278
20051017,-1.585995788,1.04,-1.652930195
20051018,-0.136193416,0.73,-0.170212807
20051019,-0.034007822,0.44,0.170212807
20051020,-0.852520082,1.41,-0.682596507
20051021,0.406918161,1.69,1.191503458
20051024,0.65005646,1.66,1.827530115
20051025,1.291622527,2.23,0.975456193
20051026,0.985229644,2.15,0.688640203
20051027,-1.483898196,2.93,0.554018038
20051028,1.42973047,1.61,2.977649155
20051031,-1.418463499,2.03,-0.632913505
20051101,-1.457105286,1.96,-0.50923089
20051102,0.254534022,0.86,0.413947415
20051103,-2.624990669,2.07,-2.054646918
20051104,-0.387722618,1.98,0.194426503
20051107,-1.332702969,1.29,-1.074054263
20051108,0.375725346,0.84,0.342997478
20051109,1.043034228,0.92,0.569060962
20051110,0.579525125,0.65,1.000169654
20051111,0.799364768,0.59,0.799364768
20051114,-0.604231446,0.59,-0.159362584
20051115,-1.161303374,0.81,-1.705043719
20051116,0.515797404,1.16,0.904398929
20051117,2.395132856,1.52,1.879335452
20051118,-1.438873745,2.38,0.15765414
20051121,-0.376884868,1.36,0.125944601
20051122,0.219883864,0.88,0.282796732
20051123,-0.062794351,0.71,-0.094176745
20051128,0.528690393,0.92,0.809721023
20051129,-0.310559256,0.61,-0.279546695
20051130,-0.933132743,0.8,-0.467654788
20051201,-0.186509224,0.35,0.436545751
20051202,-0.688578621,0.46,-0.937799933
20051205,-0.878850603,1.38,-0.377596421
20051206,-0.188857469,0.97,0.063031833
20051207,-1.122630179,0.67,-0.93377271
20051208,-0.797834135,0.79,-0.750143171
20051209,-0.289063956,0.53,-0.385233221
20051212,-1.132514936,0.95,-1.164684793
20051213,0.293494422,0.7,-0.065104169
20051214,-0.228945317,0.4,-0.555103466
20051215,0.196270917,0.29,0.196270917
20051216,-0.425462923,0.64,-0.360124796
20051219,0.246002584,0.47,0.1147259
20051220,0.360715262,0.42,0.081866562
20051221,0.065338127,0.43,0.228870461
20051222,0.228273375,0.5,0.260926436
20051223,-0.686389359,0.37,-0.686389359
20051227,-0.262553482,0.38,-0.196979709
20051228,-0.62634126,0.32,-0.62634126
20051229,0.314491693,0.4,0.049590876
20051230,-0.132934549,0.37,-0.613346307
20060103,0.494968838,0.99,1.025650017
20060104,2.295977977,1.1,2.919441851
20060105,1.144322722,2.3,1.144322722
20060106,-0.892863074,0.94,-1.336322781
20060109,0.28630527,0.65,0.829350846
20060110,-0.599276356,0.42,0.412110268
20060111,0.626961301,0.51,1.226237657
20060112,0.155884677,0.66,0.312012734
20060113,-0.310270184,1.14,0.248911143
20060117,-1.419806151,1.55,-2.231043049
20060118,-0.640207052,0.8,-1.054154467
20060119,-0.444727544,2.58,0.863314714
20060120,-1.826095913,1.06,-1.539972685
20060123,-0.161160389,1.23,0.226061779
20060124,-0.93443567,1.11,-0.355469755
20060125,1.425278351,1.32,1.780748106
20060126,-0.031560676,1.9,0.744557895
20060127,0.875279111,1.34,1.410460618
20060130,-1.091203345,0.69,-0.718416334
20060131,-0.754957974,1.18,-0.723614924
20060201,0.346620798,1.62,0.378191437
20060202,-0.820970825,1.41,-0.789519339
20060203,0.762634774,1.01,0.158403328
20060206,-0.458317673,0.34,-0.079170299
20060207,-0.364472315,0.7,-0.222010875
20060208,2.704968278,1.16,3.44834853
20060209,0.122549035,1.24,0.183879917
20060210,1.304828102,0.73,1.549476542
20060213,-0.091005618,0.7,-0.665459201
20060214,1.866399752,0.96,1.744929953
20060215,1.564145804,1.58,1.832202554
20060216,0.551765593,0.72,1.106592539
20060217,0.432588995,0.45,0.635106061
20060221,-1.402263671,1.1,-1.172312434
20060222,-1.547250251,1.86,-1.039008396
20060223,-0.294551023,1.15,-0.265134932
20060224,-0.766287275,0.91,-0.29542119
20060227,0.205670706,1.36,0.795642918
20060228,-1.297188001,1.37,-1.091939431
20060301,0.822324751,0.79,1.443536629
20060302,-0.645352782,0.98,-0.616108741
20060303,-0.831111937,0.95,-1.273525283
20060306,0.059329578,3.23,0.505426972
20060307,-0.714076227,1.24,-0.684424633
20060308,-0.209111353,0.96,-0.149409859
20060309,0.089378823,0.78,0.417786343
20060310,0.46948443,0.87,1.712471727
20060313,-0.145539249,1.17,0.496423855
20060314,0.861382069,0.84,0.189159751
20060315,0.612336073,0.61,0.01453594
20060316,0.115874868,1.2,0.406150834
20060317,-0.840219343,0.8,-0.493398186
20060320,-0.37917502,3.16,-0.43738224
20060321,0.233440433,1.14,0.262658841
20060322,1.097642447,0.93,1.446784495
20060323,-0.48815603,0.88,-0.201294101
20060324,0.717466128,0.8,0.659879026
20060327,-0.071525645,0.81,-0.085824637
20060328,-1.007637718,0.95,-1.093536077
20060329,1.277926789,1.11,1.393600602
20060330,-1.080935797,0.75,-1.552870888
20060331,-1.368488382,1.25,-1.151364464
20060403,0.524171264,1.08,0.933768092
20060404,0.05780347,0.55,0.52143803
20060405,-0.130482077,0.7,-0.419834131
20060406,-0.945633524,0.72,-2.304012696
20060407,-0.059189111,1.77,0.296472201
20060410,-0.862458878,0.69,-0.892066576
20060411,-2.265615711,1.21,-2.265615711
20060412,0.242424361,0.86,0.942686014
20060413,0.121876919,0.69,-0.607166407
20060417,-0.874037612,0.63,-1.148469862
20060418,1.763499639,1.37,2.17846988
20060419,-1.273130261,1.23,-1.212871145
20060420,-0.337268448,1.5,-0.673403218
20060421,-0.307125549,0.67,-0.153680682
20060424,-0.58633095,0.3,-0.617095448
20060425,-0.030773965,0.91,0.555556984
20060426,1.093571044,1.56,1.86009327
20060427,0.965316697,1.98,0.632436982
20060428,-0.872842261,2.21,-0.692878205
20060501,-1.33254546,1.75,-0.850035477
20060502,-1.322911409,0.9,-0.41243471
20060503,0.030623182,0.98,-0.015308075
20060504,-0.15241582,0.54,0.366748577
20060505,0.22742789,1.08,0.714343033
20060508,-0.121469799,0.88,-0.318544069
20060509,-0.212927837,0.32,-0.212927837
20060510,-1.10668206,0.86,-1.503326364
20060511,-1.013812005,0.73,-1.416476325
20060512,-0.141565104,1.1,-0.408420298
20060515,-0.316857046,1.33,-0.806009895
20060516,0.157703865,0.65,0.695764983
20060517,-1.768819231,2.6,-2.90987757
20060518,-1.273902578,1.32,-1.306354306
20060519,1.139149829,2.04,1.565589707
20060522,-0.113700979,2.52,-0.437850371
20060523,-0.161838521,1.1,0.340715832
20060524,-0.615785449,1.94,-0.356969388
20060525,1.22819902,1.02,1.195683982
20060526,0.605001049,0.78,1.181556138
20060530,-1.253431162,0.68,-1.858432211
20060531,0.836824967,0.83,0.90148711
20060601,1.388034903,0.97,2.281467777
20060602,-0.093911417,1.09,0.031323415
20060605,-0.63171404,0.89,-1.165551075
20060606,-0.063051704,1.78,0.474159257
20060607,-0.219814816,0.83,0.314861721
20060608,-0.974084686,2.73,-0.441084521
20060609,-0.031730922,0.75,-0.506490478
20060612,-1.143595691,0.83,-0.668685822
20060613,0.412895616,1.81,0.795549144
20060614,0.602506976,1.23,0.253244833
20060615,0.968303677,1.36,1.692830393
20060616,1.315299426,0.93,1.097468315
20060619,-1.020574808,1.06,-1.097468315
20060620,2.005311682,1.74,1.756323069
20060621,-0.060882802,1.31,0.304971264
20060622,-0.396281573,0.87,-0.304971264
20060623,0.396765361,1.09,0.274515957
20060626,-0.121876919,0.74,-0.091421612
20060627,-0.859428249,0.65,-1.103628614
20060628,0.214625255,0.5,0.645262648
20060629,1.48285362,1.04,1.941219586
20060630,0.749067173,0.46,0.628838724
20060705,-0.150037538,0.74,-0.867100664
20060706,0.66849231,0.84,-0.844395849
20060707,-1.275450026,1.58,-0.912692676
20060710,0.212604484,0.49,0.730819331
20060711,-0.944409152,0.95,-0.883747943
20060712,-1.688969981,1.1,-1.169964084
20060713,-1.748951513,1.1,-1.717986967
20060714,-0.599087398,1.14,-0.378788332
20060717,-0.39497642,0.88,-0.110750743
20060718,0.094981802,1.58,0.047479624
20060719,1.984595177,1.84,2.237439812
20060720,-0.062034741,1.06,-0.263382289
20060721,-1.462605815,2.59,-1.029168604
20060724,1.8883087,1.31,2.201298001
20060725,1.499186714,1.75,0.976510659
20060726,1.9347641,1.94,1.417180359
20060727,-0.314583437,2.07,-0.224803392
20060728,0.416048148,0.95,1.178326707
20060731,0.059206633,0.82,0.207376759
20060801,-1.580471246,13.1,-1.55088107
20060802,-0.029837386,1.55,0.718781172
20060803,0.553852175,0.96,-0.044772779
20060804,0.02963402,1.24,0.758424336
20060807,-1.399457111,0.76,-1.192264496
20060808,0.23887739,1.21,0.538278812
20060809,-0.177252631,1,0.861178299
20060810,0.236057944,1.48,0.324723533
20060811,0.29420439,0.61,0.323672491
20060814,-0.675579012,1.12,-0.323672491
20060815,1.214619454,1.14,1.302997719
20060816,-0.539399223,0.42,-0.495772377
20060817,0.087680847,1.41,0.073062033
20060818,0.261818331,0.64,0.553533824
20060821,0.639351204,0.36,0.290107543
20060822,0.623597119,0.85,0.188119584
20060823,-0.377523318,0.84,-0.623597119
20060824,0.173260222,0.27,0.840219343
20060825,0.288350834,0.38,0.201758247
20060828,1.035384573,0.52,0.631460192
20060829,0.741166449,0.58,0.741166449
20060830,0.538321175,0.28,0.509916119
20060831,-0.538779128,0.39,-0.623584787
20060901,0.450578064,0.41,1.187125304
20060905,-0.028141269,1.07,-0.168728949
20060906,0.452233671,0.76,-0.197210939
20060907,0.170068068,0.73,-0.423909071
20060908,-0.366558989,0.53,0.25456102
20060911,0.366558989,0.5,0.366558989
20060912,0.672083179,0.48,0.840812128
20060913,0,0.25,-0.251502159
20060914,0.557259731,0.59,0.697061236
20060915,-0.821674423,0.6,-0.655100259
20060918,0.195722137,0.5,0.125777391
20060919,0.027789357,0.43,0.529322868
20060920,1.455469878,0.41,1.89905253
20060921,0.789012391,0.52,0.597990366
20060922,0.323799527,1.16,0.594435687
20060925,0.427579486,0.55,1.018502506
20060926,1.192540965,0.8,1.219204077
20060927,-3.000492972,1.97,-3.185067843
20060928,0.393460924,0.72,0.42065331
20060929,0.350735554,0.32,0.553643977
20061002,-0.080677697,0.42,0.107671612
20061003,0.642572492,0.6,0.80386285
20061004,0.930239266,1.6,0.876848982
20061005,-1.345553132,0.73,-2.382658558
20061006,0.0543626,0.79,-0.298467187
20061009,1.898529991,1.78,-0.299360681
20061010,-0.464418264,0.92,-0.464418264
20061011,-0.027311211,1.25,0.246137141
20061012,0.40644955,0.59,1.005579883
20061013,-0.134861787,0.68,0.189112578
20061016,-0.053995682,0.93,-0.053995682
20061017,-0.558774878,0.86,-1.209007459
20061018,-0.626619677,1.63,0.01366587
20061019,0.755331349,0.52,1.680256333
20061020,1.104101672,0.98,1.559927639
20061023,0.52770571,0.46,0.540934098
20061024,0.422052855,0.94,-0.026319253
20061025,0.5236985,0.69,0.786579829
20061026,1.194819409,0.82,1.142572804
20061027,0.257798544,1.18,0.28361499
20061030,-3.110955358,6.2,-3.085212019
20061031,-0.995300752,2.31,-1.795091738
20061101,-0.727471887,0.85,-0.027037989
20061102,-0.486093315,1.01,-0.108225119
20061103,-0.814115758,0.94,-0.651821971
20061106,0.027052618,0.74,0.733001789
20061107,-0.568106492,0.92,-0.297982071
20061108,-0.027126,1.41,0
20061109,-1.837430002,1.58,-2.000340708
20061110,-1.755164154,1.54,-1.533986292
20061113,1.259638769,0.82,1.034540193
20061114,0.883251671,1.03,1.216492746
20061115,-0.442356265,1.03,-0.827819297
20061116,-0.305598238,0.7,-0.41649373
20061117,0.250034857,0.56,0.277855138
20061120,-0.374047336,1.5,-3.817797176
20061121,0.45675215,0.86,1.20345292
20061122,-1.655288936,0.91,-1.030641817
20061127,-1.478502074,0.78,-1.478502074
20061128,0.993579185,0.99,0.437127317
20061129,0.114711799,0.86,1.443443075
20061130,0.143204951,1.12,0.143204951
20061201,-1.462391653,1.48,-0.920075496
20061204,0.086145016,0.55,0.633460224
20061205,-1.150098934,0.58,-0.749067173
20061206,1.13580403,0.93,1.13580403
20061207,-0.057306592,0.71,-0.243326535
20061208,0.88231681,0.84,1.139938249
20061211,0.505903271,0.49,1.071036168
20061212,0.434326427,1.36,0.265976219
20061213,0.307048392,0.49,0.321027563
20061214,0.569722933,0.56,0.569722933
20061215,0.743088599,0.31,1.06127383
20061218,-0.123026466,0.44,0.232797092
20061219,0.300505622,0.37,0.286826667
20061220,-0.6564575,0.63,-0.601917002
20061221,0.13640706,0.63,0.6564575
20061222,-0.300341523,0.36,-0.300341523
20061226,0.709609965,0.36,0.545406315
20061227,0.837955978,0.26,1.028147585
20061228,0.75350195,0.37,0.402955549
20061229,-0.402199228,0.81,-0.214707544
20070103,-0.396040122,2.22,1.546285141
20070104,0.026298488,1.01,0.606621931
20070105,-1.831018383,1.78,-1.831018383
20070108,-0.325291694,0.78,-1.375240766
20070109,0.067654424,1.07,0.365878855
20070110,-0.597016699,0.63,-0.610543922
20070111,0.920667213,1.53,0.975088983
20070112,0.21453481,0.94,0.618032331
20070116,-0.69742772,0.97,-0.483352176
20070117,-0.40568007,0.89,-0.675222012
20070118,0.936712322,1.1,1.719548011
20070119,-0.882240718,1.48,-0.802357875
20070122,0.457051474,1.06,0.107353741
20070123,0.347361739,0.86,0.561724093
20070124,1.096806502,1.07,1.469543888
20070125,-1.455244626,1.69,-1.389554549
20070126,0.849713025,2.32,0.796393909
20070129,0.553579903,1.64,0.580017445
20070130,0.663244515,0.81,1.396616057
20070131,0.311769543,1.06,-0.064829824
20070201,-2.006059196,1.07,-1.436994028
20070202,-0.27492326,0.5,0.367744045
20070205,0.183992692,0.38,-0.157439025
20070206,0.078812562,0.66,0
20070207,0.131354281,0.7,0.026257057
20070208,-0.499409633,0.76,-0.368227665
20070209,-0.792606527,1.16,-0.660940939
20070212,-0.398459818,1.22,-0.345423487
20070213,1.243237809,1,1.243237809
20070214,1.433996676,0.83,1.5390939
20070215,-0.337882063,0.35,-0.571133432
20070216,0.169083737,0.5,0.169083737
20070220,-0.806980821,1.15,-0.560371571
20070221,0.668285262,0.83,0.065321055
20070222,0.039054873,0.67,0.338983375
20070223,-0.052042676,0.69,0.013014902
20070226,-0.117134132,0.7,-0.065091456
20070227,-4.209319385,3.73,-4.692317517
20070228,1.671648524,3.21,2.066663681
20070301,0.175521546,4.57,-0.899757631
20070302,-1.307208157,2.24,-1.59089629
20070305,-0.511086132,2.41,-1.03328053
20070306,-0.150654004,1.2,1.03328053
20070307,-1.792835179,0.61,-2.287477573
20070308,1.172831657,0.96,2.205206897
20070309,-0.628675024,1.37,0.054854637
20070312,0.823501772,1.1,0.301163814
20070313,-0.799452914,2.46,-1.23780978
20070314,0.124095156,2.27,0.428088757
20070315,0.759200279,1.48,0.206483658
20070316,0.055081246,1.76,-0.110071558
20070319,0.656277991,0.94,1.013568463
20070320,1.005579883,0.95,0.787298759
20070321,2.011600619,1.53,1.822129727
20070322,0.845224261,1.02,0.951381383
20070323,0.131216395,0.66,0.288903681
20070326,-0.964276675,0.76,-1.213735217
20070327,0.026528717,0.74,0.079607275
20070328,-0.910314184,1.03,-1.388911216
20070329,-0.186195027,0.93,1.016867205
20070330,1.033806424,0.85,0.953902305
20070402,-0.31670652,0.98,-0.237623874
20070403,0.052479665,0.37,0.763664014
20070404,-0.367454482,0.57,-0.236375685
20070405,0.845671002,0.44,-0.078916221
20070409,-0.039471088,0.45,-0.01315876
20070410,-0.698428088,0.4,-0.488095422
20070411,-1.156697069,0.81,-1.117032891
20070412,-0.107066391,0.78,-0.133815088
20070413,0.214304931,0.4,0.080310538
20070416,0.982091503,0.53,1.302690228
20070417,-0.770153853,0.62,-0.928758169
20070418,0.160513678,0.54,-0.266951573
20070419,0.641713432,0.7,0.293607578
20070420,-0.131734968,0.65,1.086823156
20070423,-1.086247268,0.56,-1.033532454
20070424,-0.039880359,0.52,0.172998912
20070425,-0.556366517,0.61,0.093029444
20070426,0.501651217,0.53,0.872905953
20070427,0.132152788,1.06,-0.290122846
20070430,-0.183174197,1.48,0.841667252
20070501,0.051948053,0.99,0.860612953
20070502,2.040887163,1.67,2.791117043
20070503,3.290340111,1.83,3.693566463
20070504,-0.905426472,0.71,-1.002821171
20070507,0.590117277,0.57,0.270038215
20070508,0.123016377,0.51,-0.294623341
20070509,1.19732646,0.87,1.221911586
20070510,-0.489237766,0.85,-0.951807064
20070511,1.265531614,0.38,1.388065632
20070514,0.7718321,0.52,0.65083995
20070515,1.898040372,0.89,2.209903405
20070516,0.445539487,0.49,0.445539487
20070517,-1.180372534,0.49,-1.485000772
20070518,0.14107691,0.34,1.062960286
20070521,0.094073384,0.29,-0.047003526
20070522,0,0.27,0.14094435
20070523,-0.093720719,0.4,0.140745977
20070524,-0.550836435,0.55,-0.269937374
20070525,-0.152824341,0.33,-0.105826337
20070529,1.187302971,0.47,1.656787401
20070530,2.052891838,0.81,1.356186744
20070531,-0.686973162,0.48,-0.641321483
20070601,-1.225023987,1.04,-1.202048685
20070604,0.23326346,0.42,-0.186219793
20070605,-0.303419535,0.38,-0.326721411
20070606,0.361748454,0.52,0.338370313
20070607,-0.91218034,1.13,-0.853956175
20070608,1.168237585,1,1.144738584
20070611,1.191798891,0.52,0.970881413
20070612,-0.312953023,0.68,-0.924434593
20070613,-0.627398363,0.89,-0.395487313
20070614,0.557104505,0.28,0.696866932
20070615,-1.317176756,0.76,-0.487296474
20070618,-0.783858942,0.51,-0.981775067
20070619,1.214117179,0.61,1.214117179
20070620,-1.192020659,0.86,-1.308124236
20070621,-0.211690071,1.6,-0.141176494
20070622,-1.463701981,1.51,-1.805703612
20070625,-0.312688168,2.04,-0.480654614
20070626,-1.463765323,1.99,-1.163085561
20070627,0.46494639,1.08,-0.170752572
20070628,0.280607761,1.28,0.195122013
20070629,0.01214993,1.3,0.279822556
20070702,0.361228569,0.72,1.075474084
20070705,0.095306178,0.8,-0.285374748
20070706,0.361576867,0.72,-1.029332847
20070709,0.848120714,0.68,1.136443836
20070710,-3.005275137,1.36,-3.769457961
20070711,1.195257899,1.43,0.83641324
20070712,1.480789286,0.77,1.652126985
20070713,0.492050198,1.22,0.636524097
20070716,1.128627075,1.88,2.377825403
20070717,-1.012130566,1.06,-1.175930766
20070718,-0.510963027,1.79,-0.712253723
20070719,0.51029601,0.91,0.641256205
20070720,-0.023649048,1.03,0.09465216
20070723,0.40995665,1.28,1.163965878
20070724,1.166329993,1.28,0.803310682
20070725,-0.184928393,2.46,0.231642448
20070726,-0.526163155,5.95,-1.327607714
20070727,-0.403944948,6.02,-1.535765565
20070730,-0.144682929,2.9,-1.342302033
20070731,0.093852658,3.13,2.854618191
20070801,1.830207874,4.16,1.501337481
20070802,-0.717014752,2.81,-0.474730238
20070803,-1.035193891,3.47,-0.733884126
20070806,0.68172891,2.96,1.520015342
20070807,-0.023231502,3.51,-0.87902486
20070808,-0.243295028,4.12,0.150908381
20070809,-1.548402781,6.02,-2.65647967
20070810,-1.587716778,6.69,-1.766554381
20070813,0.867266337,2.16,1.085263274
20070814,-1.957766457,3.08,-1.742120033
20070815,-1.252933723,4.23,-1.277344805
20070816,0.79385185,7.14,0.049431538
20070817,-1.265531614,6.67,0.885614644
20070820,0.720613805,2.9,0.622598605
20070821,1.924882384,1.97,1.485803742
20070822,-0.40568007,1.23,0.28735652
20070823,0.463706913,1.26,0.785999045
20070824,1.060955372,0.9,1.155809541
20070827,0.37611704,1.14,-0.046915319
20070828,-2.260655463,1.02,-2.542610537
20070829,1.094467266,1.06,1.694349089
20070830,-0.214669134,1.22,-0.903262619
20070831,-1.188791936,1.63,-0.167284063
20070904,1.772258106,1.54,2.094627199
20070905,-0.879178765,1.17,-1.879599043
20070906,0.343459803,1.03,0.926482456
20070907,-0.77164598,2.04,-2.344605008
20070910,-0.712606434,1.51,-0.145348863
20070911,0.98310347,0.84,1.587334916
20070912,0.191022026,0.71,0.023857808
20070913,0.990107098,0.63,1.679519076
20070914,0.04702563,1.09,-0.211342101
20070917,0.223279956,0.98,0.129206572
20070918,1.371636057,1.4,1.664667973
20070919,0.629833173,0.62,1.125026216
20070920,0.343210496,0.56,-0.045672529
20070921,0.361174208,1.17,1.361182541
20070924,-0.316885734,1.12,-0.610240339
20070925,0.476677784,1.1,0.113288785
20070926,0.225326819,0.79,0.609551498
20070927,0.66221691,0.81,0.594672159
20070928,-0.517611148,0.45,-0.84255961
20071001,2.158277124,0.72,2.473663733
20071002,0.253821248,0.49,-0.143179715
20071003,0.154918699,0.74,-0.320141577
20071004,0.308710278,0.26,0.441306983
20071005,-0.220896931,0.75,-0.441306983
20071008,-0.266607578,0.5,-0.598870593
20071009,1.411891974,0.54,1.545284612
20071010,0.450278066,0.48,-0.04382121
20071011,-0.174939909,1.38,0.131406064
20071012,-0.591134726,0.71,-0.328839494
20071015,-1.885383562,1.39,-1.951281422
20071016,0.871611284,1.6,0.625002035
20071017,0.088476007,1.95,0.643231673
20071018,-0.466201311,1.14,-0.643231673
20071019,-1.234445033,2.37,-1.479515892
20071022,1.248172337,1.71,0.135409635
20071023,0.941499893,1.48,1.076726418
20071024,-0.269966418,2.45,-0.964024953
20071025,0.692198812,1.43,1.231404791
20071026,0.484262448,2.21,1.326279388
20071029,0.501363448,0.84,0.983292092
20071030,-0.85611323,1.58,-1.379332213
20071031,0.467519199,1.32,1.607382483
20071101,-2.675079377,2.17,-3.229820561
20071102,-1.098788945,1.93,-0.629356989
20071105,-0.42086168,1.72,-1.099597318
20071106,-0.456205171,1.34,-0.285372033
20071107,-0.832759844,1.96,-1.590078437
20071108,-0.978572581,4.58,-0.792914602
20071109,1.248102861,3.71,0.04681648
20071112,0.32779238,2.24,0.1169454
20071113,1.270665127,1.53,1.806859441
20071114,-0.52746367,2.16,-0.160827146
20071115,-0.925504061,2,-1.086590277
20071116,0.805064728,2.43,1.453815845
20071119,-1.199276366,2.22,-1.268028518
20071120,0.557233854,2.03,0.208598986
20071121,-2.273762326,1.85,-2.889220344
20071126,-3.035243158,1.47,-3.411183451
20071127,0.483443049,3.2,0.628932891
20071128,1.532733624,2.27,2.229600556
20071129,0.447849894,2.25,0.270827366
20071130,0.533025596,1.55,1.736944058
20071203,-0.543511023,2.41,-0.335706746
20071204,1.633158783,2.61,1.633158783
20071205,1.038149698,1.61,1.60691474
20071206,0.202771276,1.14,-0.247274488
20071207,1.488420236,1.37,2.049525961
20071210,-0.176172695,0.45,0.044091711
20071211,-2.357760463,2.25,-2.093617673
20071212,-0.133422301,4.09,1.141334981
20071213,1.115584974,2.54,0.288856995
20071214,-0.897068137,1.6,-1.520261786
20071217,-2.226138975,2.6,-2.972326722
20071218,0.802296567,2.1,1.634286575
20071219,-1.161876609,1.98,-0.365965642
20071220,0.022807618,1.63,0.480055785
20071221,0.372776484,1.61,1.122524401
20071226,0.867732667,0.5,0.778387117
20071227,-1.29726713,1.01,-1.607895292
20071228,-0.201387403,1.45,0.50525005
20071231,-1.546188147,1.15,-2.2768158
20080102,-1.025295544,2.67,-1.059673588
20080103,0.438243119,1.68,0.623342662
20080104,-1.005738801,3.44,-2.116604194
20080107,1.170417208,2.98,2.001463133
20080108,-3.88512664,13.4,-4.115807249
20080109,1.516976234,5.89,2.043797376
20080110,3.133293494,6.72,2.164133325
20080111,-1.680123525,5.41,-2.199425368
20080114,0.888063794,1.5,1.134846926
20080115,-0.968244664,2.36,-1.973748284
20080116,0.759016927,4.04,0.426237917
20080117,-3.601829919,5.24,-3.41297245
20080118,-4.892415609,11,-4.526338324
20080122,1.624320096,21.2,-3.197153402
20080123,4.168107525,16.8,0.605663471
20080124,0.222936293,8.61,0.209808627
20080125,-0.105792128,8.11,-1.00053494
20080128,1.720301787,6.2,0.843219752
20080129,0.232768759,2.97,1.56212497
20080130,-0.365249558,5.56,-1.169300058
20080131,1.98026273,6.68,1.298382301
20080201,-1.1545991,5.26,-0.025803122
20080204,-0.761441377,2.47,-0.40080214
20080205,-3.268482768,3.19,-4.572452216
20080206,-1.327752875,2.38,-0.571196983
20080207,1.033741523,5.24,0.787940498
20080208,-1.147867208,3.11,-1.55464743
20080211,1.314727236,2.7,1.011905257
20080212,1.003554284,2.81,2.166829948
20080213,1.933184551,1.91,2.87402499
20080214,-2.032908164,2.13,-1.748706965
20080215,-0.06601096,1.38,-0.31645596
20080219,-7.631050495,4.21,-6.972893584
20080220,3.316814497,9.91,-0.170068068
20080221,-1.655713423,3.66,0.254993763
20080222,2.091251452,2.49,2.514801428
20080225,0.867355888,3.36,0.646361323
20080226,1.531339741,2.3,1.022852423
20080227,-0.438597194,2.89,-1.228684399
20080228,3.530261244,5.47,2.147113329
20080229,-1.190571709,2.89,-2.36713542
20080303,-0.027536831,2.28,-0.027536831
20080304,-0.572507324,3.3,-1.680245043
20080305,0.027797081,3.67,0.767249352
20080306,-1.26744409,3.74,-1.964699738
20080307,0.028551035,4.14,-0.711139393
20080310,-1.612938193,3.51,-1.698615765
20080311,0.284252608,3.98,2.267931279
20080312,-2.314058406,2.9,-1.804431029
20080313,1.658702367,4.87,0.144404357
20080314,-2.932590341,8.54,-2.572489124
20080317,3.325302705,8.05,2.283471582
20080318,0.028405056,3.46,1.892258295
20080319,-0.369476049,4.29,-0.25593644
20080320,2.679921869,3.47,2.793752274
20080324,1.198597842,2.05,2.231593736
20080325,-0.351589274,2.96,-0.054171182
20080326,-0.649218386,3.64,-2.274382185
20080327,-1.244313027,2.58,-0.388781384
20080328,-0.51435437,2.13,-0.181020728
20080331,1.159913584,1.48,1.507740022
20080401,1.52144934,3.02,3.58674014
20080402,0.210914921,1.48,0.581089855
20080403,0.553288198,1.93,0.236748762
20080404,-1.171472396,1.67,-1.909872375
20080407,-0.400588064,1.62,0.080310538
20080408,-0.271961005,1.78,-1.754667775
20080409,-2.142350543,1.72,-1.9247226
20080410,-0.223027692,2.55,-0.528880843
20080411,0.168681513,1.78,-0.643989346
20080414,-1.237361119,1.53,-0.733017097
20080415,-1.11733006,1.53,-0.524861124
20080416,1.517309244,2.12,1.985561253
20080417,-0.139295189,1.48,0.027882337
20080418,-0.99393419,1.67,0.47281412
20080421,0.558037162,1.42,-0.277855138
20080422,-0.125742245,2.51,-0.48811198
20080423,1.371497566,1.88,1.594930141
20080424,-0.658438593,2.62,-0.027521673
20080425,1.277712095,2.34,1.881446091
20080428,0.356036507,3.09,2.573303781
20080429,0.550965581,1.47,0.616759386
20080430,0.10419381,1.66,0.495890355
20080501,1.858432211,2.11,2.481325479
20080502,-0.554576667,1.58,0.468740961
20080505,-1.353269727,1.58,-1.682425613
20080506,0.257665693,1.77,-0.102880668
20080507,-0.443228466,2.13,-1.529914451
20080508,-0.351952394,1.98,0.052246605
20080509,0.396878415,2.18,-1.102952358
20080512,0.262812241,1.09,0.605504022
20080513,-0.275139381,1.62,0.026243275
20080514,1.450051301,1.42,2.051753574
20080515,0.334405456,2.64,0.102774932
20080516,-0.385951849,1.58,-0.385951849
20080519,1.080813403,1.41,0.719242762
20080520,-2.322348336,1.99,-3.093164075
20080521,-1.834913867,1.77,-1.650290314
20080522,0.669974367,1.69,0.481928644
20080523,-0.511372397,1.42,-1.020143075
20080527,0.995033085,1.7,0.833002264
20080528,0.917864774,2.13,1.038209778
20080529,1.963560484,2.24,1.459112315
20080530,0.3126631,1.66,0.325711968
20080602,-1.050981823,1.72,-1.520343832
20080603,-1.672235384,2.67,-1.329453242
20080604,-0.834572081,3.35,-0.995300752
20080605,4.986235067,5.79,5.188787293
20080606,-1.197619105,3.37,-2.022366048
20080609,-0.734525863,2.84,-0.525211291
20080610,-0.451767975,2.65,-1.151949183
20080611,-1.651587562,2.36,-2.467263676
20080612,-0.67999718,2.87,0.027296302
20080613,1.633736466,2.9,1.879068468
20080616,-0.743293167,3.03,-3.114838691
20080617,-1.08109161,1.21,-0.860280039
20080618,1.145743985,2.19,0.30610849
20080619,1.434903207,2.8,1.40711385
20080620,-3.116557186,4.16,-3.116557186
20080623,1.1476683,2.39,1.542591239
20080624,-0.731161862,3.53,-1.401368225
20080625,0.535137173,2.5,0.478671898
20080626,-2.64421211,2.96,-3.618039579
20080627,0.379285648,3.15,0.01456134
20080630,2.913733215,2.87,2.884608415
20080701,1.760408892,4.97,0.522047041
20080702,-0.168397458,1.77,0.196822783
20080707,-1.653393417,4.94,-1.012097478
20080708,1.079555939,4.05,0
20080709,-1.916260552,4.09,-2.170893594
20080710,1.239387532,3.23,0.80529627
20080711,0.803909009,5.24,0.171722996
20080714,-1.168937045,2.37,-0.286369039
20080715,1.465754076,4.36,0.514875279
20080716,2.342964317,4.13,1.021865264
20080717,0.424028904,3.92,0.112898685
20080718,-0.11280317,2.43,-0.028212724
20080721,-1.018396355,2.88,-0.764767925
20080722,-1.003592653,2.27,-1.345375953
20080723,2.828242809,3.88,3.288278122
20080724,-2.395492874,2.33,-2.256158868
20080725,-2.50120844,4.03,-2.045886082
20080728,-1.213212099,6.71,-2.237361504
20080729,0.661621174,2.14,1.5655319
20080730,0.40852114,2.99,0.642713285
20080801,-1.69050951,2.26,-0.93622685
20080804,-1.00059693,2.97,-0.619197025
20080805,1.105948409,2.57,2.165093349
20080806,-0.814431494,1.74,-0.901299894
20080807,-1.105961284,2.01,-1.530341814
20080808,2.282135321,2.28,2.48951208
20080811,1.730963754,2.04,1.962110924
20080812,-0.828457816,1.84,-1.126732308
20080813,-1.28679575,2.89,-1.444694298
20080814,2.066730526,2.57,1.013473276
20080815,0.616887402,2.89,0.717672091
20080818,-0.830593347,2.67,-0.544960477
20080819,-1.176569604,1.97,-1.594467756
20080820,0.509054986,2.83,0.713404787
20080821,1.398216778,1.81,0.30419376
20080822,1.369884436,1.74,2.032997721
20080825,-1.639616769,1.85,-2.293678534
20080826,-0.437509813,2.17,-0.786144681
20080827,1.305122934,1.47,1.43657698
20080828,1.822373896,1.95,2.095735695
20080829,-0.624647119,1.94,-0.935513556
