20020102,0.691446143,1.677885673,0.639421517
20020103,0,1.157724688,-0.172413836
20020104,-0.069396255,2.132628956,-0.571084013
20020107,-0.174216072,2.055572839,-0.469688608
20020108,0.173190206,1.72343075,0.764290675
20020109,-1.250126326,2.282645562,-2.363762335
20020110,0.970453139,1.999491552,0.899556291
20020111,-1.458062815,1.239072333,-1.986233057
20020114,0,0.917423741,-0.053748994
20020115,1.953533977,1.749170459,1.881823684
20020116,-1.666705249,2.69273738,-1.649119739
20020117,1.545735671,1.175101649,1.402597339
20020118,-0.478597032,1.131072978,-0.778764998
20020122,1.563346066,2.027431307,3.044854645
20020123,2.402416337,1.902499217,3.055227451
20020124,-0.301154653,1.560351759,-0.234309731
20020125,-1.510679667,1.741423092,-2.048315371
20020128,-0.153439635,1.333659519,0.23915283
20020129,-1.931188788,2.177452254,-1.13247607
20020130,3.251073488,4.621838629,2.991894077
20020131,0.618886311,1.959190721,0.434492662
20020201,-0.756624038,1.539517696,-1.207865717
20020204,-1.402879426,1.860063044,-0.847462699
20020205,-0.475382899,4.236317206,0.017019828
20020206,0.35711287,2.337539425,0.254950423
20020207,-1.276070059,3.000850323,-0.86949657
20020208,1.242463434,1.972419303,1.225338681
20020211,1.203022028,0.703992714,1.826917484
20020212,0.400200634,1.044636562,-0.199501313
20020213,-0.415455521,1.025096818,-0.066588982
20020214,0.215178433,1.110105938,0.713518335
20020215,-0.81334999,1.268828985,-0.796816965
20020219,-0.202224538,2.250350326,-1.207258123
20020220,1.105538898,1.688124343,1.257245628
20020221,-0.767694024,2.584935211,-0.567993508
20020222,0.267872251,3.130811402,0.200836888
20020225,0.744728308,1.331752752,1.394676433
20020226,2.08340869,2.300794419,2.330424048
20020227,-0.608878664,0.986931459,0.225261559
20020228,-1.090453397,3.646740463,-0.32195778
20020301,0.960007373,1.565773499,1.24981598
20020304,-0.095359193,2.152252217,0.143209508
20020305,-2.354195906,2.860310576,-3.264672605
20020306,-0.098457507,1.961743222,0.065692234
20020307,0.32467561,2.194516434,1.288656606
20020308,0.57729474,1.874052167,1.352242112
20020311,-0.414805955,0.862439146,0.015988488
20020312,0.515631178,0.57604662,-0.528974544
20020313,0.371777685,1.398813791,-0.386473911
20020314,0.50718621,0.620264378,0.458771781
20020315,1.629911864,0.688895797,2.294206596
20020318,-0.580530382,1.225832874,-0.251453849
20020319,-0.377477642,1.583970539,-0.141721148
20020320,0.396354066,0.563779263,-0.4105485
20020321,-1.182500196,1.158273267,-1.578854263
20020322,-0.209221932,1.144397947,-0.22529781
20020325,-0.84429792,0.801478538,-1.199366079
20020326,1.343823347,1.301450713,1.376428499
20020327,-0.016117334,1.147414072,-0.225406632
20020328,-1.151581942,0.98247787,-1.199949537
20020401,-1.284100026,2.775022369,-2.845989566
20020402,-1.047483813,1.499683646,-1.181847286
20020403,-1.424235672,2.240838343,-0.544960477
20020404,0.644179207,2.216966557,1.053177732
20020405,-0.135157986,1.57657312,-0.050705655
20020408,1.179457649,1.922160918,0.925542997
20020409,-0.099883478,1.172500841,0.567898637
20020410,0.596423239,1.662416922,0.829329683
20020411,-0.861075034,3.343802404,-0.679541854
20020412,0.738616407,3.140460506,1.682097708
20020415,-1.818231908,2.559334216,-1.981898066
20020416,0.066423118,1.575042018,0.482570202
20020417,-2.18724806,3.601566838,-1.673959409
20020418,-0.479370889,9.14104615,-1.650960824
20020419,0.203873669,2.079197342,1.109321044
20020422,-2.23070334,2.03892188,-2.213732615
20020423,0.60319011,1.153733552,0.984208929
20020424,-0.797645984,2.548684921,-1.314443
20020425,0.351494211,3.299892227,-0.768965691
20020426,-2.601226024,3.36456023,-2.163588564
20020429,0.499644152,2.615725504,0.714543948
20020430,-0.536194314,3.130015319,-0.678695229
20020501,1.694200131,2.973884106,1.335133317
20020502,-0.247000831,2.648184931,0.106044549
20020503,-2.166796205,3.206656957,-2.449831951
20020506,-2.993470457,2.216289599,-2.325899191
20020507,0.729663945,1.897713369,1.926841887
20020508,0.248579673,1.910658107,2.459508232
20020509,-1.19307272,4.421697463,-2.51404873
20020510,-2.715763233,2.895794574,-2.26216543
20020513,2.204350829,1.882625027,2.353049741
20020514,-0.087145975,2.43861229,4.111264995
20020515,-1.520875395,3.090947901,-1.016482639
20020516,1.052550482,1.487847236,2.590773435
20020517,-0.188695484,3.083486066,-0.034334764
20020520,-1.284814248,1.751939686,-0.412939334
20020521,-2.18253971,2.402964362,-2.355102307
20020522,-0.088222326,2.12952909,0
20020523,-0.354610301,2.013075799,-0.619745233
20020524,-1.78385037,1.50034931,-1.323101726
20020528,-1.198489014,2.563044738,-1.486881427
20020529,-0.547946576,1.775707738,-0.256082086
20020530,-0.240584922,1.981898842,-1.160554612
20020531,-1.467916266,2.243995065,0.240584922
20020603,-1.825344031,3.305072006,-1.67757895
20020604,1.553901902,4.184881755,1.177253623
20020605,0.018196706,2.631759902,2.077471534
20020606,-1.595339602,3.844950339,-1.577146206
20020607,0.961012756,4.719571167,0.497834531
20020610,2.243252433,2.466647326,3.576970933
20020611,-0.830173451,2.784627238,0.05322452
20020612,2.497292093,4.099910008,2.798363781
20020613,-2.400886372,2.580975182,-2.798363781
20020614,0.864279125,4.93885322,0.988359616
20020617,2.079797669,3.177666807,2.360401151
20020618,0.427826442,2.029677622,0.44497763
20020619,-1.249148789,2.693770116,-2.2100347
20020620,-1.457828576,4.101757969,-1.335696484
20020621,-0.1803427,4.698652773,-2.001496406
20020624,1.155873443,9.641863273,0.522100385
20020625,-2.769270308,5.593638801,-0.883764432
20020626,2.509678909,12.63521676,0.865806274
20020627,3.157507213,8.234999464,3.372792549
20020628,-3.480940467,4.86845887,-4.510707835
20020701,-1.457220686,4.08352671,-1.00411615
20020702,-2.023646519,8.619099607,-2.188920636
20020703,3.2305532,6.035291605,3.193036786
20020708,-1.020325687,4.367061196,-0.752826642
20020709,-1.959424082,2.542022544,-1.815590903
20020710,-1.824767248,6.794528463,-1.513781907
20020711,0.554018038,10.01847619,0.999453072
20020712,-1.814999772,12.09987516,-2.498731531
20020715,1.327033692,11.78515039,0.264001662
20020716,-4.321720525,10.73363132,-5.935424265
20020717,-4.765219804,16.18085984,-3.850154735
20020718,-2.066663681,6.400030479,-1.548796133
20020719,-3.317125149,8.322775235,-3.761053581
20020722,-3.834758093,26.35184335,-2.550875807
20020723,-0.222469502,28.77549377,0.872391172
20020724,7.875693612,21.10979892,6.530381842
20020725,-1.457105286,22.53723473,-1.938126814
20020726,2.479639548,16.23173895,2.458365215
20020729,2.661909831,7.860348742,2.682663178
20020730,0.346197271,8.796622603,-0.608027816
20020731,-0.223373024,10.60380883,0
20020801,-3.848628903,8.716947968,-4.235634173
20020802,-2.911164485,10.96444852,-2.382342523
20020805,-1.112455578,7.086658951,-0.982218963
20020806,1.702168757,7.457151443,3.893383448
20020807,1.015658021,7.052894545,2.273536242
20020808,1.639717,9.500850143,1.433275969
20020809,1.428595725,5.532459112,0.324741507
20020812,0.537969433,6.360697208,-1.819905049
20020813,2.200171772,9.949292093,0.514563243
20020814,6.30176083,7.293784146,7.607102636
20020815,3.081164302,7.852435632,4.00911339
20020816,-0.879431727,3.187730993,-1.723783292
20020819,3.138896381,4.12219107,1.68722022
20020820,-0.70488142,3.427621198,-1.78955057
20020821,0.295858204,5.460209734,0.815725695
20020822,0.480326067,3.182955964,0.184467863
20020823,-0.97306157,1.556189999,-2.010492142
20020826,0.694382071,4.171596599,0.543836315
20020827,-0.751883241,3.432968893,-0.882883541
20020828,1.017532804,2.066145064,0.63946052
20020829,1.039019454,2.616378678,-0.244017015
20020830,0.487531436,3.01206935,0.46873621
20020903,-1.890993221,3.95878462,-3.03859306
20020904,0.863811879,4.279476602,0.883092704
20020905,-0.147167061,5.192003439,-2.702474504
20020906,2.204209987,3.371596708,3.520981024
20020909,1.208245773,3.335204878,1.018492395
20020910,2.139118998,2.757260298,2.812396275
20020912,-1.918658093,2.858252723,-1.641521657
20020913,2.362680827,5.576786419,2.268598592
20020916,0.384580641,2.94835698,0.586619464
20020917,-2.940854519,3.365648267,-0.789067311
20020918,1.388268479,4.199147317,0.22083189
20020919,-0.278940209,3.812073236,-1.295115235
20020920,1.735001071,3.130272407,1.753621311
20020923,-1.955684745,4.447267456,-3.709306055
20020924,-0.77369825,6.936343875,-2.22743464
20020925,-0.248875404,6.385146141,1.292580936
20020926,2.278603432,4.190537165,2.909158688
20020927,-3.867250664,4.168466994,-4.727390597
20020930,-2.190822223,9.297917681,-4.022844307
20021001,4.87514802,6.047212332,4.936092664
20021002,-0.688888379,7.163359933,-0.66954789
20021003,-0.975617495,6.888816778,-0.693666989
20021004,-0.328725037,12.00715208,1.227726617
20021007,-2.643325707,7.650520534,-2.411172381
20021008,2.996840993,8.291262676,4.082199452
20021009,-1.951281422,8.78836722,-3.390155168
20021010,3.046918747,10.28192658,1.757857764
20021011,2.597059773,6.414358915,4.134073701
20021014,0.592704087,5.680167452,0.592704087
20021015,0.982589415,2.257492748,3.804806764
20021016,0.831495282,3.625221154,0.902581121
20021017,-3.850382484,4.177820618,-2.642067283
20021018,2.318371424,3.911089947,1.810572002
20021021,0.480812964,4.510065764,0
20021022,0.357270834,3.848908533,-0.373765675
20021023,2.151379043,3.865226158,2.187036023
20021024,-2.56939766,3.249517212,-1.476300977
20021025,1.812951177,3.459710656,1.493745374
20021028,-2.396590474,2.928655107,-2.222313678
20021029,1.19356543,7.204357654,0.710861355
20021030,-1.473323151,3.273743114,-4.657904577
20021031,-0.205434753,5.733933422,-0.763575737
20021101,1.793853003,5.107443689,1.980629299
20021104,-2.430320895,3.986553078,-2.430320895
20021105,1.66979761,2.214026974,2.044680898
20021106,-0.147112936,4.599971731,-0.018400957
20021107,-0.92166551,2.881242534,-0.627655743
20021108,0.018516804,3.806278688,0.018516804
20021111,-1.013522189,1.70975888,-1.868863961
20021112,0.372439909,2.626760121,1.479289217
20021113,2.003559347,4.851206536,2.115021368
20021114,0.922165472,2.421414855,1.103983704
20021115,-0.144066295,2.387129638,-0.126069355
20021118,-2.938687132,2.235136841,-3.372135526
20021119,-0.28288562,2.269448052,-1.313339703
20021120,2.494544837,2.975955018,2.683224139
20021121,-0.73801073,2.318456713,-0.719626687
20021122,-0.37140247,2.553751333,-0.464037956
20021125,0.745576613,2.762647158,0.185873659
20021126,-0.262516558,1.374280717,-1.101682322
20021127,2.492053282,2.317671036,2.941660634
20021202,-2.904015322,3.776451828,0.258159834
20021203,-0.370370794,1.733148668,-0.739374902
20021204,0.941748258,3.848623533,0.941748258
20021205,-1.812625542,2.578574477,-2.569016935
20021206,0.491680264,3.248718525,-0.037721615
20021209,-1.416833963,1.761326775,-2.193279489
20021210,1.131255473,2.29046252,1.131255473
20021211,0.289156828,2.083617337,-0.95786173
20021212,-1.737495447,2.824209993,-1.161678117
20021213,-1.189846379,1.455404197,-1.580090777
20021216,2.693371239,1.501569187,2.703262925
20021217,-1.365874893,1.655946806,-2.00337343
20021218,-0.791299876,1.633967253,-1.086430439
20021219,0.099690966,3.499353135,-0.338207823
20021220,0.55270571,1.685489833,1.227981365
20021223,-1.857638557,1.712629255,-2.390552085
20021226,0.929675249,2.929182646,0.0201187
20021227,-0.831226276,2.297549204,-1.193983627
20021230,2.946400128,3.180678341,3.027800214
20021231,-0.178023981,1.795415784,-0.23729495
20030102,1.858244179,2.359953868,2.135033601
20030103,-2.311670655,1.970995745,-3.089884699
20030106,-0.019922303,1.744170653,0.319297817
20030107,0.317460584,1.683845441,0.576141457
20030108,-0.856834972,2.248603188,-1.015439288
20030109,2.125043412,1.85675117,3.673922669
20030110,-0.154858722,2.444403587,-0.425285775
20030113,-0.719357627,2.398390029,-0.719357627
20030114,0.800707334,1.605361331,0.311708805
20030115,-2.151461823,1.406797807,-1.627646483
20030116,-1.518317642,1.64321449,-0.495492045
20030117,-0.678239185,0.76214484,-0.737863553
20030121,-2.139766742,1.60549909,-1.919832634
20030122,-1.876537176,3.807683836,-1.999036171
20030123,0.703645287,2.802886378,0.932359391
20030124,-2.256677461,3.660316401,-2.442455201
20030127,0,5.439781524,-0.572217308
20030128,2.055872702,2.447815051,2.331793497
20030129,0.793820755,3.527614833,-0.207857069
20030130,-1.770695154,3.275774252,-1.003772543
20030131,1.284093005,4.983784941,0.482231776
20030203,0.542798827,1.961270259,0.459099304
20030204,-0.633581845,1.500254343,-1.743192309
20030205,-1.85534079,2.522745068,-1.011453925
20030206,-1.189731475,3.10108431,0.139015154
20030207,-1.463285573,1.196553312,0.042735043
20030210,0.532766311,3.178764142,0.511401072
20030211,0.190698225,1.078536535,0.40301253
20030212,0.8190742,1.827309822,1.199383131
20030213,-0.168031966,2.441767336,-0.503251219
20030214,2.916744152,2.891953987,3.063787557
20030218,0.040675209,2.233056187,0.264685078
20030219,-0.613248038,1.401969034,-0.837166707
20030220,-1.591435881,1.69535468,-1.591435881
20030221,1.067552738,2.489796613,2.000685481
20030224,-2.20062856,1.846506542,-2.753512123
20030225,2.828894769,3.525550384,1.582706924
20030226,-0.977850297,2.298759405,-1.184675603
20030227,0.16635479,2.786667586,0.625262562
20030228,-0.33181283,1.951118152,0.020774904
20030303,-1.638870827,1.146177278,-0.687860972
20030304,-2.190483539,0.962758219,-1.793864712
20030305,2.046700835,2.107040794,1.940170517
20030306,0.676392348,4.192246837,-0.859994813
20030307,2.464060645,3.565545942,1.256034934
20030310,-1.306932599,2.174119505,-1.974854097
20030311,-1.125635757,2.356807761,-0.659927887
20030312,1.421171443,3.064069059,1.399810768
20030313,2.121662612,1.619613699,4.247185432
20030314,-1.10720809,4.028851674,-0.282999987
20030317,4.869395945,5.656403506,5.071620483
20030318,0.192123018,3.191748926,0.249831974
20030319,1.596385099,2.538724014,1.788139712
20030320,0.832077418,3.183225417,0.113058237
20030321,2.350436694,2.189503974,2.913818466
20030324,-1.828687023,1.592503527,-3.935973873
20030325,1.565036186,2.310560845,1.679126329
20030326,0.168681513,2.310939871,-0.09358915
20030327,1.051060727,1.742700536,0.299177486
20030328,0.188394931,1.892124649,-0.806078036
20030331,0.076893506,1.964792636,-2.072908682
20030401,0.631158259,2.840166756,0.78476812
20030402,0.686650188,0.906722832,3.041916855
20030403,-0.258875884,1.624203809,-0.111028879
20030404,0.275355842,1.665672242,0.994849767
20030407,-1.642372683,1.838020273,-0.367309871
20030408,0.459264149,1.500529284,0.385639997
20030409,-1.663316854,2.365508233,-1.663316854
20030410,1.570471076,1.527207309,1.644986728
20030411,-2.166284525,1.748914018,-2.939199672
20030414,2.239735281,2.049804578,2.25861211
20030415,1.788695252,1.657585373,2.00993428
20030416,-1.275062812,1.278123218,-1.329346718
20030417,1.857638557,1.469712991,1.582282716
20030421,-0.290539518,1.831687737,-0.778918892
20030422,2.733944152,1.804599884,1.802175284
20030423,0.179051077,0.934929297,-0.16087232
20030424,-0.624125765,1.232927739,-1.432392402
20030425,-0.833036328,1.630941296,-0.208910562
20030428,2.217705601,1.422025304,1.962789221
20030429,0.798230402,2.201341318,0.922974248
20030430,0.035574529,1.711083022,-0.655856291
20030501,-0.561573879,1.462723242,-0.526012001
20030502,1.796993548,1.697402436,0.383637889
20030505,-0.520413916,1.175471074,-1.020325687
20030506,0.609867361,1.043898896,0.609867361
20030507,-1.065472833,1.356244555,-1.513542407
20030508,0.473761819,1.443938566,-0.127168697
20030509,0.503688779,0.647976491,1.300361469
20030512,2.070393425,0.851838829,1.566704647
20030513,-0.718135941,1.250327998,-1.98026273
20030514,-3.274210265,1.418712848,-2.591858902
20030515,-1.072297204,1.541881656,-0.519096457
20030516,-1.406492947,1.581709046,-1.592539512
20030519,-0.057104789,1.153842652,-0.815402261
20030520,0.645776223,1.529213599,0.569585743
20030521,-0.360497497,1.310003165,-0.398369113
20030522,0.644551995,1.503450484,0.58751235
20030523,-1.432005377,0.740759321,-1.753762067
20030527,0.937895668,1.268256303,0.937895668
20030528,1.122071082,1.291728421,1.578258909
20030529,-1.017341103,1.823732231,-0.970469764
20030530,-0.680918084,0.98450953,-0.22748825
20030602,-0.967657679,0.936096819,-0.456534938
20030603,0.246515722,1.050567599,0.665085587
20030604,1.120459901,1.296809904,1.969121289
20030605,1.641648968,2.026332672,1.49297769
20030606,-2.657050493,2.273152866,-1.49297769
20030609,-0.278422454,1.051451433,-0.092893643
20030610,0.641321483,0.801395615,1.750390153
20030611,0.779483689,0.701813712,1.144114905
20030612,-0.994493324,1.30989091,-0.634002667
20030613,-1.816063852,1.61324476,-1.852414271
20030616,1.385619252,0.776314252,2.215193555
20030617,-0.489441746,0.94233317,-0.362779284
20030618,0.708514182,1.018442334,0.380883747
20030619,-1.38511418,1.12269709,-1.367012995
20030620,-0.899006147,1.084529614,-0.422989136
20030623,-0.57519409,0.923331481,-0.962970404
20030624,1.233106634,1.531265384,1.715750972
20030625,-0.972752463,1.102207311,-0.826526884
20030626,0.998713683,0.995758713,0.221075993
20030627,-1.199829807,0.780043002,-0.90582004
20030630,-0.259595918,1.075170619,0.018568378
20030701,1.576295967,1.992733003,0.905652618
20030702,1.392805368,0.925758279,2.399678863
20030707,1.694200131,0.985141219,2.851955465
20030708,0.088300226,1.040667641,0.176678491
20030709,-1.564198263,1.09187862,-1.475975937
20030710,0.215982805,1.499612797,-0.35893793
20030711,1.693294179,1.642806991,1.711271707
20030714,-1.105565354,1.383678621,0.158940431
20030715,0.419581035,2.016692321,1.140463278
20030716,-0.842258006,1.427488789,-0.99939466
20030717,-1.172929744,1.747311767,-1.437596859
20030718,0.741921792,1.403852994,1.560868865
20030721,-1.560038729,1.046969545,-1.507254352
20030722,1.417207068,1.251162408,1.560038729
20030723,-0.758314188,1.027000403,-0.635258886
20030724,-1.676216136,1.395041138,-1.570059014
20030725,1.199548893,1.646378613,1.037576392
20030728,0,1.724362848,0
20030729,-1.200193538,2.858280191,-1.253598079
20030730,0,1.432124057,0.4674586
20030731,-0.4811557,2.990482195,0.411707375
20030801,-0.847080851,1.153553823,-1.312614369
20030804,1.079729763,1.585756811,1.115922307
20030805,-0.180668522,1.234781496,-1.025465494
20030806,0.900906994,1.254231768,0.810450181
20030807,0.193134991,1.574101912,2.23492807
20030808,0.764689162,0.80315555,1.306980354
20030811,-0.363479414,1.076396544,-0.155938696
20030812,1.232681248,0.871229542,1.8894413
20030813,-0.73801073,0.88072229,-1.232681248
20030814,-0.619623325,1.083289206,-0.224196007
20030815,0.051666237,0.464640075,0.275862244
20030818,0.749322307,0.520787306,1.469860679
20030819,-0.271324569,0.736205173,-0.084868035
20030820,0.562997307,0.589320807,-0.186963597
20030821,0.796681898,0.915054564,0.76265093
20030822,-1.765151058,0.988821107,-1.411228045
20030825,1.140729148,0.760896837,1.140729148
20030826,0.067670448,0.920413835,0.101522851
20030827,-0.236566518,0.251154994,-0.0338295
20030828,0.168634104,0.492867349,0.405200622
20030829,0.253699925,0.526063545,-0.253057917
20030902,1.615109133,0.922904882,1.208879732
20030903,0.033355571,0.870518382,0.083409797
20030904,0.183195988,0.544119124,0.216540436
20030905,-0.406918161,0.552318692,-2.084809874
20030908,0.085360654,0.754095424,-0.442704622
20030909,-1.892253318,0.505931072,-2.66313508
20030910,-0.474392526,0.879313918,-0.491919474
20030911,0.663294455,0.943166332,1.225291017
20030912,0.209022894,1.197093985,-0.017398869
20030915,0.485774723,0.645514709,0.537962252
20030916,0.807495153,0.550481435,1.135789184
20030917,-0.811258441,0.617320563,-1.274341337
20030918,1.413329282,0.609353265,1.257228305
20030919,-0.582992049,0.485009856,-0.48035776
20030922,-1.115382773,0.552676541,-1.892253318
20030923,0.626415829,0.553579934,1.028690093
20030924,-1.124792175,0.826862797,-1.873468084
20030925,0.581448207,0.873693918,0.599120735
20030926,0.176211499,1.034889128,-0.211044749
20030929,-0.017462674,1.022765254,0.806597394
20030930,-1.15649363,1.678734265,-2.439576528
20031001,1.856981472,0.579066498,2.107205016
20031002,0.439175058,0.811384939,-0.035050824
20031003,-0.796955015,1.118850623,0.768294333
20031006,0.640639365,0.512701173,0.779697271
20031007,1.853175889,1.175482001,1.507394078
20031008,-0.902364172,0.907287354,-0.596813094
20031009,-0.423334812,0.906257464,0.783649666
20031010,-0.85164882,0.448555889,-0.800753917
20031013,0.886017042,0.848861191,0.83468673
20031014,0.778345723,0.690806298,0.642545329
20031015,-0.050817313,0.852313902,-0.523871076
20031016,0.337439159,0.732350087,0.591267877
20031017,-1.300364519,0.724888524,-0.913711941
20031020,0.067773639,0.632549607,0.356325142
20031021,0.101902183,0.952813536,-0.220432476
20031022,-0.837540149,1.060725725,-1.1095104
20031023,0.941384787,1.100418578,0.75239753
20031024,-0.154758865,1.689226791,-1.010196075
20031027,-0.827305649,0.392583023,-0.569507105
20031028,1.319302953,0.516477089,1.664845799
20031029,0.494080569,1.003445491,0.153074271
20031030,-0.424629088,1.004246536,-0.153074271
20031031,-0.30529196,0.544330787,0.204047002
20031103,0.424484889,0.730145974,0.254474647
20031104,-0.204220629,0.245754969,-0.543664268
20031105,-0.516352266,0.635370649,-1.285915705
20031106,1.184258241,0.897639194,1.13247607
20031107,-0.546169646,0.985767397,-0.307587392
20031110,-0.446582673,0.691465601,-0.583592456
20031111,0.43010819,0.573047232,0.275056044
20031112,-0.550586387,0.46104006,-0.499097499
20031113,-0.896866998,1.313792224,-4.33700967
20031114,-1.031403335,1.487294382,-0.941353802
20031117,0.913248356,1.363849653,0.03637025
20031118,-0.583410953,0.798224771,-0.565230787
20031119,1.07478947,0.775160681,0.910090009
20031120,-0.163324599,0.66557604,-0.235827774
20031121,-0.690786241,0.697234722,-0.436840884
20031124,1.690079782,0.831095267,2.290245265
20031125,-0.017858737,0.6313025,-0.178444016
20031126,-0.626736764,0.940371805,-0.573170117
20031201,-2.033106878,0.852425493,-2.015135812
20031202,-2.478464701,0.711576561,-2.845909539
20031203,-0.586511945,1.05552649,-0.5676458
20031204,0.075443233,1.402936961,0.643089033
20031205,0.941626543,1.584096072,0.582763187
20031208,-0.149700627,0.556059587,0.093676822
20031209,-1.639535454,1.167401679,-1.45244466
20031210,0.20811662,1.196040167,0.530605755
20031211,-0.603889361,0.794260762,-0.151314574
20031212,-1.024482495,0.931440137,-0.740955228
20031215,-3.429571802,2.161828316,-3.315220732
20031216,0.761796828,1.99901296,1.292614943
20031217,1.20109929,1.837544057,1.045305685
20031218,-0.379507097,1.220964588,1.281946189
20031219,-0.609177593,0.994399087,-0.438221145
20031222,1.80699163,1.867173258,1.290095677
20031223,-0.246049145,0.789834368,-0.529201764
20031229,0.246468984,0.573540818,0.512578246
20031230,-0.642117409,0.840831268,-0.056823564
20031231,-0.13228765,0.526193705,0.189286447
20040102,-2.026008899,0.929711204,-1.141130679
20040105,-1.296243846,0.928158558,-0.30651365
20040106,1.798439386,0.924871863,2.238757892
20040107,0.243423021,1.201373301,0.318441779
20040108,-1.86225121,1.973351557,-0.506235261
20040109,-1.459326571,1.716484539,-1.553355727
20040112,-0.114133549,1.142648767,0.304994518
20040113,0.684803894,0.949915339,0.39889881
20040114,0.661190659,0.604498878,0.680146208
20040115,0.618732639,1.15755878,0.731641947
20040116,-0.298674853,0.965163581,-0.018693336
20040120,-0.753583069,0.737393101,-1.1469525
20040121,1.034329861,0.671423603,1.072144193
20040122,-0.562431179,0.908679483,-0.487622872
20040123,1.466383584,1.124144619,2.010117932
20040126,0.716717209,1.136229849,0.624542809
20040127,-0.128522922,1.018036174,-0.330154372
20040128,-2.116284661,1.301089542,-2.097914127
20040129,2.076455769,1.65795151,2.22643705
20040130,-0.740058882,1.788358291,-1.199829807
20040202,0.881710341,1.25451702,1.529560825
20040203,0.565230787,0.917686676,0.583517338
20040204,0.779483689,1.35816324,0.688533251
20040205,0.677485209,1.00666614,1.61207145
20040206,1.893464703,0.879342597,2.283605294
20040209,0.472152665,0.66432164,-0.452568222
20040210,0.680096788,0.80159954,0.383075516
20040211,-0.210084111,1.062704506,-0.837701234
20040212,0.404325065,1.013275829,-0.105207795
20040213,-1.65322091,1.112356225,-1.075943002
20040217,0.069686414,0.626029599,1.810083687
20040218,-0.661908008,1.237369466,-0.348918707
20040219,0.635904867,0.685020818,1.989857159
20040220,1.26958963,0.868407133,1.833356392
20040223,1.021014812,0.935444641,1.004192539
20040224,-0.016681959,0.812289807,-0.183348664
20040225,0.234035546,0.578705172,-0.083451561
20040226,-0.184982816,0.983602903,-0.804698391
20040227,0.470272953,1.242028587,0.453439353
20040301,1.199414679,0.595179855,1.182657242
20040302,-1.400489712,1.140768585,-1.38393205
20040303,1.551712122,0.829486663,1.400489712
20040304,0.42721064,1.152595692,0.972081137
20040305,-0.875532148,1.543221935,-1.187544881
20040308,0.663902853,0.78511327,0.298210957
20040309,0.083022006,1.165849864,-0.331400469
20040310,-1.987936085,1.496567398,-2.487105175
20040311,-0.878482956,2.047846073,-1.664274495
20040312,0.875617235,1.473263084,1.203797856
20040315,-0.310559256,1.829946855,-1.082763865
20040316,-0.44773624,2.218094945,0.120887676
20040317,0.773266161,1.137017179,0.825030462
20040318,1.332441989,1.743870874,0.869200189
20040319,-0.391589842,0.981005203,-0.527436357
20040322,-0.34364295,2.152530033,-0.891027142
20040323,0.171791831,1.094734841,0.275008767
20040324,0.46213176,2.041041013,0.513611812
20040325,0.857076081,1.048630365,2.028467117
20040326,-0.470115036,0.475751472,-0.570567079
20040329,0.784841634,0.613469069,1.171169485
20040330,0.13346682,0.487891208,-0.233139156
20040331,-0.167280066,0.700938523,-0.417676658
20040401,-0.376133116,1.281718157,-2.286104132
20040402,-0.73148238,1.076735493,0.324925468
20040405,0.136518793,0.805678315,0.119443748
20040406,0.64637068,0.400244754,0.578134581
20040407,-1.199671629,0.823577657,-1.675539284
20040408,-2.267275355,2.332039551,-2.284518221
20040412,0.928772119,0.858887944,1.122621858
20040413,-1.580366517,1.15584386,-1.458340877
20040414,1.702841111,1.125428379,1.667436614
20040415,0.572967971,1.407237568,0.538149029
20040416,0.394410183,0.994772439,1.153296198
20040419,0.601634819,0.767195507,-0.137009783
20040420,-0.531323557,1.453019644,-0.274584006
20040421,1.257878221,2.293855031,0.360237117
20040422,0.650241853,1.122730985,0.393062114
20040423,1.245856203,0.779418904,0.56127369
20040426,-1.060564166,1.097542992,-1.383336892
20040427,0.787945152,1.202757399,0.787945152
20040428,-0.430404383,1.273977517,-1.115221304
20040429,-0.916723535,2.353641249,-0.709898228
20040430,-1.324291875,2.103736068,-0.942744412
20040503,-0.748407631,1.502732141,-0.765949952
20040504,-1.065729447,2.280409291,-1.021550078
20040505,-0.089485465,1.003256441,-0.268216522
20040506,-2.247285585,1.361101375,-2.336851198
20040507,-0.996869987,1.59045653,-1.217053562
20040510,2.51228029,3.062415985,2.419472859
20040511,-1.129132375,1.975814747,-1.129132375
20040512,1.777091742,2.365639428,0.857122052
20040513,0.181455321,3.64951054,0.163294965
20040514,-0.453104536,2.460721941,-0.199618976
20040517,0.164548899,2.868840479,-0.564715956
20040518,0.362647723,1.150545925,0.927363679
20040519,-1.467018975,1.633627147,-0.799568134
20040520,0.127702289,0.952456738,0.072952766
20040521,0.181653093,1.563160531,0.454752944
20040524,-0.526078311,1.287374141,-0.218023342
20040525,1.286366139,1.495692227,1.031403335
20040526,0.072437526,0.702422558,-0.559618754
20040527,0.807541401,1.362275376,1.277110622
20040528,-0.375906645,0.505063551,-0.340166831
20040601,-0.090212004,0.919864199,-0.64771727
20040602,1.645833215,1.00150047,1.718009328
20040603,0.975617495,1.389567493,0.513230044
20040604,-0.880287375,1.170120196,-0.176678491
20040607,1.383438578,0.82919256,1.665974524
20040608,0.713604978,1.088399716,0.277874441
20040609,-0.820750263,0.784721506,-1.098624704
20040610,-0.45375296,0.630565636,0.245184011
20040614,-0.60145237,0.63735404,-1.426959825
20040615,-0.316734384,0.728689016,0.671974235
20040616,-0.983658071,0.695889668,-1.054179936
20040617,-0.268216522,0.847636351,-0.526810451
20040618,-0.484871202,0.958910239,-0.538600943
20040621,-0.472127262,1.000596225,-1.104183542
20040622,-0.258398077,0.919433233,-1.522266901
20040623,-0.111961198,1.310739044,-1.021649083
20040624,-0.76815366,0.772253393,-0.730819331
20040625,-1.053829851,0.898890995,-0.584741834
20040628,0.076292203,1.250789351,-0.778657433
20040629,-0.326515223,0.741511868,-0.900130563
20040630,1.306211068,1.378390759,1.536803023
20040701,-2.633237434,1.289492379,-2.038250554
20040702,-0.153964619,0.713149842,0.385951849
20040706,0.596671966,1.13208745,0.365279653
20040707,0.32545257,0.900306888,0.402183823
20040708,0.115096886,1.773838285,-0.306278953
20040709,-0.808162952,1.064961705,-0.769826743
20040712,0.942949352,1.101830738,0.865639723
20040713,1.472920628,0.712670478,1.51122013
20040714,-0.114068453,1.266051772,-0.824063389
20040715,-0.950939079,0.889299409,-0.457579445
20040716,-0.170761829,1.405042534,0.628633368
20040719,0.379075511,1.211549195,0.379075511
20040720,1.00029144,1.146781722,0.735089541
20040721,-0.394329682,1.060555775,-0.18796998
20040722,0.246142319,1.675891011,-0.509290924
20040723,0.490289498,1.657165207,0.52810383
20040726,-0.75614727,1.767730279,-0.86907783
20040727,1.740150562,1.067141927,2.270053392
20040728,0.074211506,1.977991332,0.018547714
20040729,-1.059587941,1.508820007,-0.763291428
20040730,-0.639340275,0.966492999,-0.938797732
20040802,0.301318495,0.992890953,0.320181082
20040803,-0.264450475,0.967494188,-0.584631557
20040804,1.324773349,1.280338725,0.603433851
20040805,-1.856754127,1.090225704,-2.214603647
20040806,-0.969563539,1.116499739,-1.364383253
20040809,0.331481243,1.212188674,0.097380473
20040810,0.732321639,1.042524845,1.372665342
20040811,-0.617881865,1.285004337,-0.867809901
20040812,0.133041928,2.687803232,1.956333969
20040813,0.752166013,1.132689415,1.37699054
20040816,1.484257304,0.599812618,1.708808296
20040817,0.769234562,0.79005481,0.934843212
20040818,-0.439722218,1.059539404,-0.640617181
20040819,1.045401543,1.017696857,0.640617181
20040820,-0.383597146,0.587039023,-0.31064438
20040823,0.372301249,1.060430055,-1.512106996
20040824,-0.148395501,0.55925033,0.092859139
20040825,0.240674003,0.594258093,0.389069504
20040826,-0.16680571,0.716404568,-0.314844227
20040827,-0.446928118,0.617156916,-0.614012535
20040830,-0.618153134,0.857750431,-0.674159857
20040831,-1.001047173,1.297021498,-1.019838867
20040901,0.361526414,1.432309449,-0.05696383
20040902,0.094295151,1.210332065,0.756862648
20040903,0.037551634,1.425590935,0.413845587
20040907,0.065706108,0.922028767,0.028154474
20040908,0.05653444,0.766570632,-0.385465621
20040909,-0.984483529,0.815462739,-0.984483529
20040910,1.755590158,0.906384033,1.660415505
20040913,-0.448598883,0.669870645,-0.112338525
20040914,-0.618153134,0.822620569,-0.300187843
20040915,-0.716038484,0.911854255,-0.640907001
20040916,0.009469249,0.627194304,-0.141931234
20040917,-0.531916148,1.552865339,-0.57927136
20040920,0.153344864,0.64304989,-0.553912218
20040921,-0.686501552,0.607860774,0.095721267
20040922,-0.675091772,0.610051009,-1.135391779
20040923,0.515317487,1.292158075,1.650709267
20040924,0.113679436,0.583188366,0.531613175
20040927,-1.248597379,0.874279551,-0.531613175
20040928,0.132688864,0.920511331,0.493734387
20040929,0.757579381,1.850274173,0.397013472
20040930,1.068012609,1.033962564,0.348448815
20041001,-0.693991344,1.194253815,-0.103466124
20041004,-0.430349621,0.725947931,0.375728415
20041005,0.3939598,1.245057303,0.149896974
20041006,1.043034228,0.628931195,1.043034228
20041007,-0.79978107,0.896982204,-0.781253974
20041008,-1.054028204,0.733169488,-1.315808458
20041011,-0.122716776,0.79708092,0.160703348
20041012,0.758728981,0.555116304,-0.028340655
20041013,-0.92882859,1.609824709,-0.77777116
20041014,-0.954752336,1.054644637,-0.745487539
20041015,0.152410012,1.21404049,0.783568271
20041018,0.986538071,0.891351272,0.834128059
20041019,-0.51054285,0.890191857,-0.41619432
20041020,-0.77806636,1.163191211,-0.494109709
20041021,-0.621922303,0.916323796,-0.75537004
20041022,-0.671207813,0.341370077,-0.240234584
20041025,0.268096675,0.707594365,0.613851918
20041026,0.970419565,0.757531141,0.989541852
20041027,2.278174401,0.963385399,1.708480494
20041028,0.575514445,1.046721358,0.556897671
20041029,0.111420624,1.412080273,-0.259499682
20041101,-0.222799944,0.69061466,-0.148588437
20041102,0.184842936,1.03292484,0.648450628
20041103,-0.567507244,1.580705518,0.589211795
20041104,3.545957612,1.359529513,3.233371167
20041105,-0.070821533,1.119925323,0.354861976
20041108,0.088503413,1.08367613,0.106213499
20041109,-0.654695783,0.815849524,-0.336730491
20041110,-0.551161498,0.916641492,-0.426970939
20041111,0.35373224,0.706306982,0.975790587
20041112,0.564574541,0.502225042,0.352485384
20041115,1.396183238,0.917762295,1.501687029
20041116,0.316957476,0.720528172,-1.431338802
20041117,-0.990807822,1.805467246,-1.131553799
20041118,-0.76751827,1.425776163,-0.76751827
20041119,-0.918015627,0.711607343,-0.918015627
20041122,0.395755149,1.292885491,0.72072384
20041123,0.342065326,1.127309749,-0.107777988
20041124,-0.807541401,0.628730877,-0.25193463
20041129,-1.122556222,0.915473023,-4.001640201
20041130,-1.798421371,1.358999626,-2.043311764
20041201,0.512967782,0.68702064,1.325786027
20041202,0.852197185,1.711220069,0.491494373
20041203,0.037792895,0.98888869,-0.188750528
20041206,-0.720518855,0.66798373,-0.720518855
20041207,0,0.798856135,-0.076146967
20041208,0.439225379,0.457383645,-0.057148301
20041209,1.277302658,0.624126278,0.58896342
20041210,0.284765261,1.043850502,-0.075800648
20041213,-0.301716239,0.640731948,0.378429969
20041214,1.315808458,0.925393571,1.126772485
20041215,-0.714423042,1.162870894,-1.032388334
20041216,-0.208550649,0.375306257,-0.586622933
20041217,-0.918139579,0.636816291,-1.241303058
20041220,-0.972454989,0.747816227,0.287825201
20041221,0.744349271,0.398903447,0.763508195
20041222,1.196254653,0.856513356,0.738849624
20041223,-0.587623717,0.657033425,-0.71983641
20041227,-0.434495819,0.581064317,0.417378713
20041228,0.669466458,0.375544488,0.726247002
20041229,0.421803128,0.24660681,0.468780157
20041230,-1.125082185,0.29096037,-0.798238732
20041231,-0.604802448,0.407743543,-0.529401879
20050103,-0.653292104,1.452463993,1.224697361
20050104,-0.990569729,1.3622575,-0.300075244
20050105,-0.393295759,0.760377779,0.093870278
20050106,0.892531027,1.02901008,1.360565206
20050107,-0.055519572,1.005769937,0
20050110,-0.148809551,0.651437357,-0.556897671
20050111,0.140088746,0.454634124,-0.27028303
20050112,0.910194823,0.781037879,0.938189038
20050113,-0.909856801,0.713848117,-0.87288139
20050114,0.594907871,0.63515025,0.632207386
20050118,1.646813052,0.541387434,0.995950689
20050119,-0.98103517,0.772259694,-1.348750238
20050120,-0.727818833,0.90184483,-0.69062337
20050121,-0.620594375,0.490954887,-0.714288751
20050124,0.075414785,0.808132929,0.094277371
20050125,0.187828755,0.396096826,0.43253476
20050126,-0.131295152,0.511364833,-0.018767008
20050127,0.037686075,0.345574914,-0.376081677
20050128,-0.873367997,0.498059888,-1.213055057
20050131,-0.266768451,0.719604895,-0.057224608
20050201,0.456969569,0.543988328,0.43788742
20050202,0.832549747,0.587004747,0.813550982
20050203,0.695295482,0.226557764,0.619894913
20050204,0.168397458,0.317483221,0.168397458
20050207,-0.373134761,0.262369247,0.018693336
20050208,-0.018763486,0.39617755,-0.393295759
20050209,-0.5691535,0.750005035,-1.379332213
20050210,-0.362838171,0.549892499,-0.553278145
20050211,0.076731253,0.877146036,-0.229841128
20050214,-0.248875404,0.384361639,0.038343559
20050215,0.170988927,0.560980931,0.972825984
20050216,-0.265806118,0.445676253,-0.151975713
20050217,-0.39784082,0.763047542,0.151975713
20050218,-0.037878788,0.424511549,0.208590196
20050222,-1.147240116,0.433021505,-1.507806025
20050223,-0.771757641,0.783836454,-0.714081969
20050224,-0.503681809,0.971205035,-0.271528483
20050225,0.17494416,0.65699746,0
20050228,-0.36746971,0.882932206,0.23278381
20050301,0.115295939,0.378674683,0.887351501
20050302,-0.153846184,0.794335432,-0.211477537
20050303,0.132487954,0.650592936,1.736187844
20050304,-0.188111417,0.589406987,0.452916419
20050307,-0.585514941,0.802202555,-0.60434556
20050308,-0.333254296,0.469519023,-0.693820205
20050309,0.133498637,0.376109775,0.085800091
20050310,-0.516105513,0.314170311,-0.554229799
20050311,-1.213536996,0.564950695,-1.117760722
20050314,-0.892343458,0.652990256,-0.544113274
20050315,-0.974666585,0.583377592,-0.527499514
20050316,0.801960288,1.065495521,0.546983196
20050317,1.579385681,1.672446526,1.929444381
20050318,-0.844210693,1.036259769,-0.825103021
20050321,-0.681665898,0.55559202,-1.416536735
20050322,-0.50940549,0.399735203,-0.50940549
20050323,-0.541739813,0.590583008,-0.561384249
20050324,-0.717977021,0.748692066,0.059241708
20050328,0.57081151,0.602877909,0.580681716
20050329,-0.13761921,0.558380094,-0.235802821
20050330,-0.098280106,0.577218914,0.039339104
20050331,-1.309023055,0.722280971,-1.505873513
20050401,-2.600690874,2.64676157,-2.281774917
20050404,0.22273979,1.374439939,0.975617495
20050405,0.201612972,0.828139311,0.423857734
20050406,-0.784949185,0.81596198,-0.322776153
20050407,-0.733051542,1.41886259,-1.137992366
20050408,-0.677134012,0.383010945,-0.738464894
20050411,-0.082389294,0.625357355,-0.082389294
20050412,0.90872166,1.303354227,0.226407424
20050413,-0.34925562,0.855766564,-0.102848924
20050414,-0.892399821,1.066147766,-1.28419329
20050415,-0.543479599,1.697432468,-0.543479599
20050418,-0.083524749,0.771223697,0.334798388
20050419,-0.419727794,1.027055396,-0.670721441
20050420,-0.084423813,1.255442605,-0.400379842
20050421,-0.250888695,0.811271737,0.861983683
20050422,-1.186454596,0.895813846,-1.795380362
20050425,-0.042507971,0.536612443,0.255427981
20050426,-0.063850167,0.261323681,-0.148920355
20050427,1.340017924,0.909740231,0.763524388
20050428,0.063782292,0.880748241,-0.593347789
20050429,-0.042426814,1.644328436,0.16988749
20050502,0.69262529,0.713358539,1.43250817
20050503,1.729750328,1.525454169,1.226499108
20050504,0,0.674495396,0
20050505,0.453983446,2.790023871,0.350624264
20050506,0.061393637,0.630485701,0.636225851
20050509,0.652264848,0.751854106,0.69317301
20050510,-0.573067471,0.564175555,-1.021042156
20050511,-0.328744903,0.939000351,-0.267187498
20050512,1.757961189,2.565836869,-1.995493361
20050513,-0.571248777,0.82351884,-1.055307388
20050516,0.233125039,0.619953208,0.233125039
20050517,-0.233818791,0.414772802,-0.530617821
20050518,1.077209698,0.728957087,1.289794812
20050519,-0.671284249,0.82645823,-0.189254604
20050520,-0.507615303,0.311945587,-0.739413953
20050523,1.113573856,0.621661965,1.473400681
20050524,-0.23068061,0.359458019,-0.481726767
20050525,-0.464037956,0.559904408,-0.695251931
20050526,-0.316622956,0.271536699,0
20050527,0.042328043,0.158615636,-0.084602374
20050531,-0.591842776,0.459280841,-0.190617446
20050601,1.387159696,1.194289113,1.55661536
20050602,0.791176311,0.810970853,0.644962186
20050603,-1.571535748,0.664178955,-1.820705312
20050606,0.883100777,0.637756301,0.883100777
20050607,-0.355165943,0.547312393,0.02093145
20050608,-0.670580887,0.448835663,-0.461507008
20050609,0.545303365,0.915758041,0.524275082
20050610,0.355017602,0.582165608,0.334099288
20050613,0.602348898,1.334205352,0.664868437
20050614,2.609198159,1.361146088,2.878043322
20050615,-0.260286462,0.905957547,0.361518771
20050616,-0.706716722,0.696468018,-1.068235493
20050617,-1.641540559,0.947949685,-0.834270786
20050620,0.677272984,0.486750093,-0.102218142
20050621,-0.922610337,0.591386945,-0.697868185
20050622,0.225617981,0.630083695,0.534101516
20050623,-1.903637042,0.976107907,-1.944620649
20050624,-0.861078512,0.816046933,-0.965582649
20050627,0.337197369,0.544849263,0.252791371
20050628,1.436178291,0.709067824,1.793209018
20050629,-0.102933617,1.080859785,0.330101393
20050630,-0.497719816,1.056732132,-0.931201763
20050701,0.103573287,0.496120311,0.414938355
20050705,0.826534289,0.668952849,3.078420643
20050706,-1.02688912,1.004817689,-0.806293423
20050707,0.933448336,1.902732605,0.202183652
20050708,1.27056262,0.934106207,0.784633338
20050711,0,0.702773767,-0.100250635
20050712,0.842194671,0.663551203,0.460323038
20050713,0.339762493,0.651466222,0.079840324
20050714,0.376872409,1.129291236,0.775120645
20050715,-0.278385545,0.350280662,-0.575798275
20050718,-0.399361553,0.5230272,-0.479042832
20050719,-0.420968849,0.732239245,-0.400962847
20050720,0.904074465,0.839525717,0.440970849
20050721,-0.505102599,1.230442458,-1.268005316
20050722,0.10097951,0.594334124,0.343747179
20050725,-0.24252235,0.695712967,-0.24252235
20050726,-0.161290358,0.324935846,0.28288562
20050727,0.543862757,0.444143488,0.442924018
20050728,-0.320834444,0.651157391,0.020086371
20050729,-0.666198083,0.654701907,-0.847120838
20050801,-0.141171749,0.29988823,0.363930851
20050802,0.241400238,0.560898256,0.443013209
20050803,0.262123348,0.323822428,-0.221261279
20050804,-0.828538639,0.538627863,-0.768146085
20050805,0.406504625,0.944277655,0.040576182
20050808,-0.689518043,0.417370512,-0.325071396
20050809,-0.506330196,0.396916069,0.223600053
20050810,-0.998683527,0.991514581,-0.876930265
20050811,-0.163298669,1.006816388,0.265930401
20050812,-0.246103488,0.661545658,-0.512033889
20050815,0.673678163,0.689363115,0.91978165
20050816,-0.87977107,1.191153433,-3.351575597
20050817,-0.423639693,0.671889316,-0.887579791
20050818,0.25439912,0.760379798,0.25439912
20050819,-1.745839531,0.59347091,-1.428748048
20050822,-0.117766728,0.951533386,0.2466886
20050823,-0.194028303,0.393844671,-0.720317042
20050824,-1.460516425,1.125393306,-1.741445837
20050825,-1.207346463,0.712548718,-0.572562674
20050826,0.813101942,1.077294675,0.901402168
20050829,0.482986669,1.246242157,-0.065681447
20050830,-0.353357258,0.957054398,-1.012555426
20050831,-0.731305198,0.89327448,-0.532388125
20050901,0.111172885,0.558540629,0.088928418
20050902,-1.337812595,0.759626629,-1.005033585
20050906,1.811803869,1.129684345,2.482947328
20050907,0.087241009,0.956867571,0.436968141
20050908,0.349497953,1.203304264,-0.021803118
20050909,0.130747458,0.646240195,0.130747458
20050912,0.392927814,0.66238657,-0.043563494
20050913,-1.147408881,0.826361398,-1.847018206
20050914,-1.135237568,0.596834943,-0.869279964
20050915,-0.853745918,0.917020697,-0.786609292
20050916,-0.589838371,1.028712869,-0.838341831
20050919,-0.068127628,0.484877101,0.159145197
20050920,-1.970281377,0.845556555,-1.834072502
20050921,-1.286717951,1.215616879,-1.750540675
20050922,1.728207422,2.686636364,1.681104265
20050923,-0.208068506,1.731207254,0.046296297
20050926,-1.519366244,1.311139402,-0.231696118
20050927,-0.590245334,0.61274774,-0.081220635
20050928,0.232018666,1.364701602,0.173963512
20050929,0.575839435,1.057934011,0.899763828
20050930,0.756103957,0.619242791,0.618204602
20051003,-0.841583496,1.068078047,-0.068500973
20051004,0.137017605,0.834872213,0.091324207
20051005,-1.051678646,1.069898352,-0.709953743
20051006,-0.204754934,1.879261174,0.915128784
20051007,0.113520276,0.857863895,0.363719428
20051010,-0.201680741,0.940272466,1.15060491
20051011,0.044444445,0.730089676,0.959935935
20051012,-0.288921192,0.868213611,-0.177896422
20051013,-0.200646595,1.060139919,-0.267439428
20051014,-0.310352721,0.887617884,0.511965503
20051017,-0.066276375,0.409364533,0.465168631
20051018,-0.110680698,0.822478725,-0.221239028
20051019,1.909418265,1.209728462,1.865111663
20051020,-1.155074409,2.52922142,-0.829517963
20051021,-0.436396067,1.002113339,0.240832081
20051024,0.260021815,1.077949655,1.044168721
20051025,-1.269997363,0.986063103,-1.812474553
20051026,0.837747404,1.615554646,0.373914435
20051027,-1.530132969,1.225884024,-1.771917899
20051028,1.105227873,1.622273084,1.640107686
20051031,2.580304815,2.249541045,3.912347657
20051101,-0.254993763,0.8180488,-0.646839645
20051102,1.654683489,0.933628021,1.121348892
20051103,-1.257878221,1.306125699,-0.273886192
20051104,0.547024297,0.872484201,0.547024297
20051107,0.25010434,0.511050213,0.794152554
20051108,-0.419287826,0.746116278,-0.920123597
20051109,1.358290656,1.255724944,1.211123595
20051110,1.624046384,1.144756282,1.769229444
20051111,-0.295391098,0.952003312,-0.050991791
20051114,-0.101471343,0.986319163,0.47829939
20051115,-0.327399515,1.912824333,-0.938399379
20051116,0.22524838,1.183614064,0.204750276
20051117,0.427307599,0.668805697,0.733649103
20051118,-0.664855879,1.085191471,0.445705762
20051121,0.100877644,0.546532929,0.242277526
20051122,1.505296863,0.925141275,1.22258262
20051123,0.574429627,0.53753569,0.852925928
20051128,-0.717420375,1.344729788,-0.975229144
20051129,-1.979062977,1.5405364,-1.959064977
20051130,-1.105436026,1.137455448,-0.922043209
20051201,-1.138375121,2.199122617,-1.117792636
20051202,0.313119972,1.263093526,-0.12497398
20051205,-1.243299126,1.004460367,-1.723818174
20051206,0.189294409,1.00139464,0.907657946
20051207,-0.083717041,1.203180156,0.356581395
20051208,-0.314235097,0.750146932,-0.209599741
20051209,0.992953024,0.779650828,0.86698198
20051212,0.763126319,0.749845634,1.230053237
20051213,1.979454489,1.767017398,1.670780512
20051214,0.323624878,1.163283999,0.060599941
20051215,-0.243309122,1.178621104,-0.526423568
20051216,-0.566344556,0.746805447,0.081168836
20051219,-0.387557854,0.705200446,-0.753337575
20051220,-0.369534397,0.715256454,-0.635573641
20051221,-0.369155464,0.680444128,0.102785496
20051222,0,0.581354457,-0.041101521
20051223,0.248395905,0.387152271,-0.57720218
20051227,-1.435580672,0.91406718,-1.352918961
20051228,0.020900826,0.711937387,0.272052067
20051229,-0.671706976,0.405163752,-0.776254816
20051230,-0.724486442,0.725933846,-1.528043314
20060103,-0.818793629,1.915167111,-1.161553176
20060104,0.129673673,0.715629899,0.172935625
20060105,-0.719976929,1.288189264,-1.37003339
20060106,0.393185303,1.646135338,0.436968141
20060109,0.109445124,0.826535429,-0.349421627
20060110,0.766287275,0.702632275,0.305810636
20060111,1.079690903,1.24205994,1.536660472
20060112,-1.086967224,0.630919775,-1.75500117
20060113,-0.559795107,0.58315785,-0.712917744
20060117,-1.062897518,1.056983643,-1.117948441
20060118,0.934170495,1.163532588,0.55500198
20060119,1.319280348,0.856195613,1.341416486
20060120,-1.434428214,1.080692477,-1.740707167
20060123,0.420494146,3.095844095,0.642519104
20060124,0.306883187,0.64982171,0.901402168
20060125,0.54555509,1.037482997,0.567439323
20060126,0.302506713,1.026785207,0.866744321
20060127,-0.392071946,1.373981736,-1.150061499
20060130,0.06463428,0.989040811,1.322512501
20060131,-0.713131061,0.770031226,-0.691595581
20060201,0.23858595,1.026980879,0.108377598
20060202,-0.043205877,1.426193099,0.259628013
20060203,-1.082155174,0.940894688,-1.710747252
20060206,-0.773228198,0.668236996,-0.894193738
20060207,-0.579453371,0.984676702,-0.779253637
20060208,1.35302053,1.426633192,1.442386041
20060209,0.504442346,1.047585029,0.702527588
20060210,0.32840752,1.027803743,0.087469938
20060213,0.109902198,0.558696264,-0.50400019
20060214,2.242392858,1.308720554,2.022467544
20060215,1.33049173,1.333706797,0.985440708
20060216,-0.51358983,0.904275354,-0.641576196
20060217,-1.143116082,0.925560922,-1.100216038
20060221,0.043744533,1.681145136,-0.805841233
20060222,-0.962597676,0.527441502,-0.526201609
20060223,0.416712962,0.676880769,0.438693399
20060224,-0.548547728,0.439945047,-0.526663495
20060227,0.339410191,0.352698885,0.646967551
20060228,-0.50599602,0.630769494,-0.889285105
20060301,-0.3754836,0.496675846,-0.331382166
20060302,0.11102477,0.986211514,-0.288088842
20060303,0.997901617,0.855220754,0.575350116
20060306,-0.794355457,0.403455054,-0.397966477
20060307,0.154781678,0.379696646,0.265486882
20060308,0.132655337,0.616494131,0
20060309,0.088456441,0.214935477,-0.044198896
20060310,-0.286501573,0.47880106,0.154610743
20060313,-0.187606963,0.230097565,-0.099365175
20060314,0.793480028,0.332713316,0.627651678
20060315,-0.3743261,0.402686633,-0.484155875
20060316,1.762255982,0.698461555,2.268363345
20060317,0.171526629,0.887455472,0.666310901
20060320,1.519337097,1.517631287,2.266325951
20060321,-0.186896535,0.994965785,0.751098878
20060322,0.291788452,0.695195457,-0.12479203
20060323,0.723666965,0.921415329,1.014606488
20060324,-1.094260945,0.734914245,-0.765177966
20060327,-0.499272932,0.46929972,-0.457761931
20060328,-0.41797344,1.006319634,-0.41797344
20060329,0.500835771,0.734655672,0.605493029
20060330,-0.856939093,0.86555992,-0.836125272
20060331,-0.864163877,0.673400735,-0.843175316
20060403,-1.020633993,1.251785849,-0.957148645
20060404,-0.429277328,0.519143961,-0.643226918
20060405,0.577974423,0.651935191,0.771377298
20060406,-0.385935299,1.063356626,-0.642400496
20060407,-1.08109161,1.265106832,-1.188560723
20060410,-0.501472761,0.717463288,-0.544960477
20060411,-0.219539056,0.751608218,-0.547946576
20060412,0.283564374,0.476039652,0.89706323
20060413,-0.501691531,0.63789731,-0.392842059
20060417,0.262123348,0.982086084,0.240253474
20060418,0.518807908,0.802839808,1.171125942
20060419,0.323310983,1.140409468,0.193861127
20060420,0.064676083,0.691789887,-0.150748386
20060421,-1.644346873,0.597695114,-1.214238683
20060424,-0.131607828,0.707421593,-0.612693383
20060425,-0.065724616,0.724808746,0.153525636
20060426,0.501472761,0.460142479,0.76411244
20060427,-0.262467342,0.900108385,-0.698387823
20060428,-1.147408881,0.543094536,-1.32277061
20060501,0.043544525,1.339978471,1.934126226
20060502,0.08669268,0.367611755,0.477742494
20060503,0.817033141,0.553640703,1.163054248
20060504,-1.242784369,1.201134358,-0.687583285
20060505,1.406373063,0.534251437,1.879593993
20060508,0.886830136,0.991551986,0.653803869
20060509,0.376727109,0.637515046,0.628669296
20060510,0.125680787,0.677221061,-0.2091176
20060511,-0.569802111,0.652062004,-1.094517346
20060512,-1.513726804,1.218156525,-1.492565022
20060515,2.584785576,1.884788423,1.851707691
20060516,0.375313201,0.957116464,1.319805478
20060517,-1.545822205,1.765661054,-2.507770234
20060518,0.467588525,1.409889,0.638164259
20060519,-0.358915196,1.070651174,0.254129743
20060522,0.48713429,1.884227176,0.105697082
20060523,-0.126129931,0.763182242,0.442711801
20060524,1.046472505,1.192928733,1.025435374
20060525,1.486637704,0.939661311,2.954060956
20060526,0.100755676,0.456840449,0.363196525
20060530,-0.598248303,0.841993996,-2.694590463
20060531,0.113595303,1.156267592,0.237664798
20060601,0.248395905,1.007771065,-0.1549347
20060602,-0.7501598,0.876381651,-1.16449642
20060605,-1.179209284,1.330646295,-1.262908808
20060606,-0.699525905,2.000847048,-0.424538952
20060607,-0.074384999,1.244897324,0.053166039
20060608,0.42381924,2.147013169,0.540685123
20060609,-0.042426814,1.110044744,-0.338911572
20060612,-0.276390098,0.755462254,-0.34006409
20060613,0.887955094,1.464972351,1.143111516
20060614,0.399202127,0.99459931,0.378151711
20060615,1.827672889,1.460738478,1.869601611
20060616,-0.474766089,1.460217865,-0.536526256
20060619,-0.372208866,1.542343443,-0.124223618
20060620,0.351712372,0.539183178,0.310270184
20060621,1.234583582,0.780546051,0.986444497
20060622,-0.473300606,0.864025558,-0.862605472
20060623,-0.90376141,1.087624544,-1.172273397
20060626,-0.031196381,0.761098896,0.333368368
20060627,-0.680096788,0.864780072,-0.940445803
20060628,0.565150641,0.579963386,0.596641745
20060629,1.218897438,1.487676741,1.635477919
20060630,-1.114792718,0.846730335,-1.094260945
20060705,-0.488375533,0.664550359,-1.248033121
20060706,-0.277985852,1.098653406,-0.597781456
20060707,-1.038071605,1.253851109,-1.510276819
20060710,-0.18379377,0.978845635,0.444662085
20060711,0.260529891,0.7997737,-0.184132194
20060712,-2.320594502,1.206234489,-2.125641554
20060713,-0.609276397,2.003042931,-2.171808187
20060714,-1.95386057,1.634898893,-2.52133457
20060717,-0.498580661,2.010004515,-0.150996021
20060718,0.907933137,2.467007451,0.313352546
20060719,2.058156345,2.191063788,2.358978046
20060720,-0.135379082,1.098861386,0.248671994
20060721,-1.813697415,2.162879477,-1.318200906
20060724,0.9268745,1.159671936,1.65630559
20060725,1.079875511,1.888618982,0.560979817
20060726,-1.816167967,0.815449011,-2.354648066
20060727,-0.971269705,1.197351291,-0.240839614
20060728,1.564125733,1.374743007,2.079502239
20060731,-1.094860674,0.95441563,0.112397449
20060801,-0.63334299,0.886968246,-0.993460417
20060802,0.135348543,1.139318577,0.655888363
20060803,0.786079286,1.707155156,0.763533914
20060804,-0.644375077,1.096441801,0.357302747
20060807,0.514369914,0.982185153,-0.066897092
20060808,-0.783966385,0.974326978,-0.806275364
20060809,-1.939181397,1.146657756,-1.244500732
20060810,2.104630044,1.554838268,2.195663277
20060811,-0.446429313,0.882602117,-0.435292835
20060814,0.400623727,1.219676968,0.713333386
20060815,-0.649425639,1.492906625,-1.139295245
20060816,-0.269723697,0.847910828,-0.179896608
20060817,0.291708947,0.927686105,0.449136169
20060818,-0.560602432,0.551773184,-0.359147412
20060821,-0.339482051,0.466844516,-0.812829041
20060822,-0.294551023,0.50603781,-0.090723526
20060823,-0.819490131,0.580769777,-0.728766605
20060824,-0.433345415,0.778469146,0
20060825,0.662935335,0.96115604,0.31948909
20060828,0.519012786,0.666413615,1.222841325
20060829,-0.40395028,0.861379292,0.089988757
20060830,-0.067241962,1.362566555,0.29190545
20060831,-0.513222146,0.564139239,0.223964259
20060901,0.973028464,1.090276879,1.641927279
20060905,-0.284806853,0.77830854,0.30762494
20060906,-0.439754447,0.677729659,-0.439754447
20060907,0.28593443,1.140602631,0.329996999
20060908,2.207881894,0.916033913,2.558682517
20060911,1.698554637,1.439316492,1.677143653
20060912,0.835950532,1.298701442,1.151242438
20060913,0.12492194,1.669129293,0.020809489
20060914,1.143107116,1.047067865,0.68429505
20060915,-0.846500358,1.863817814,-0.331194672
20060918,0.166458632,1.524692743,-0.269905697
20060919,0.496278934,1.392287699,0.786916465
20060920,0.225294514,0.690607195,0.82169731
20060921,-0.842499589,1.731476526,-0.862959947
20060922,-0.041416443,1.246137903,-0.372131916
20060925,0.84284598,1.398421994,1.173698226
20060926,0.733051542,1.526515032,0.896684223
20060927,0.872659013,0.986144334,0.404940825
20060928,0.564062736,1.012239461,0.584266798
20060929,-0.505715652,0.756386293,-0.94863967
20061002,0.2892564,1.456492833,-1.718185038
20061003,2.022334268,1.708754937,2.001700821
20061004,2.493996803,2.014186118,0.161648853
20061005,-1.862327434,2.195912473,-2.287214265
20061006,-0.082747212,1.420581403,-0.186085033
20061009,0.041493777,0.880103585,-0.227908521
20061010,-0.765970001,0.70543171,-0.186857731
20061011,0.664040622,1.191042331,0.476833079
20061012,-0.361477285,0.683712243,-0.05171968
20061013,0.351494211,0.56549025,0.258331324
20061016,-0.020701791,0.371592737,-0.310077768
20061017,0.311106753,0.805503055,-0.020706077
20061018,-0.206697056,0.74152355,0.082798597
20061019,0.144434153,0.752146024,0.351131209
20061020,1.34531177,0.949561697,1.818417661
20061023,3.756776867,11.36525588,3.716274638
20061024,-0.019495078,2.287555643,0.058508047
20061025,-0.803059844,1.714506601,-0.861567891
20061026,1.89255478,1.249570355,1.735105426
20061027,-1.582837149,1.243454761,-1.89255478
20061030,0.729782278,1.452872864,-2.513095959
20061031,-0.708146611,1.255239703,-0.526530176
20061101,-1.058641809,1.635597699,-0.795030179
20061102,1.312929144,1.298786003,-1.152750517
20061103,-1.596527885,1.884616599,-1.596527885
20061106,-0.567168835,1.440685403,-0.136834925
20061107,-0.094403951,0.872844628,0.367976024
20061108,-0.867822147,0.964357033,-1.277938921
20061109,-1.30608858,0.610312908,-1.369884436
20061110,0.301854477,0.775430854,0.107700603
20061113,-0.485359309,1.735811778,-0.442311525
20061114,-0.43946916,2.079346502,3.055867275
20061115,-0.626961301,0.787474718,0.041937514
20061116,-0.156437431,0.594587476,0.428848521
20061117,-0.524935589,0.337893774,-0.849017206
20061120,0.566811636,0.818294424,0.566811636
20061121,0.062794351,0.607764892,0.041858519
20061122,0.438276816,0.61857124,0.48011782
20061127,-1.596967826,1.241217448,-2.772957859
20061128,0.192905429,0.841696863,0.235823885
20061129,0,1.236030286,0.406026843
20061130,-0.885439323,1.104678548,-1.69914831
20061201,-0.239416808,1.227506847,-0.45657216
20061204,0.584860326,0.565727967,0.889473269
20061205,0.582086369,0.78252482,0.474036656
20061206,0.129004533,0.745735958,0.042983022
20061207,-0.815630192,0.505240484,-0.301269864
20061208,0.064773834,0.584432311,-0.15097598
20061211,-0.606850584,0.484188682,-0.714830294
20061212,-0.698387823,0.783370253,-0.741875539
20061213,0.021784119,0.589409346,0.546031716
20061214,1.102594675,0.543609,1.298438497
20061215,-0.343716772,0.565225195,-0.086040014
20061218,-0.236839383,0.662953149,-0.172302433
20061219,0.043402778,0.492907459,-0.648791203
20061220,-0.272109011,0.174460606,-0.467570036
20061221,-0.479931113,0.493595585,-0.31657687
20061222,-0.197563449,0.784739251,-0.482245564
20061226,1.44170256,0.650345381,1.309776419
20061227,0.173422979,0.429693696,0.13003903
20061228,0.370330453,0.540160784,-0.390625497
20061229,-0.064956157,0.713437014,0.390625497
20070103,1.055976022,5.591202241,3.050252472
20070104,0.27245118,2.088081344,0.377438066
20070105,-0.568004052,1.039052791,-0.79849132
20070108,-0.148809551,0.94809388,-0.836824967
20070109,-0.231945281,0.907963076,0.773513791
20070110,0.1481325,1.085896172,-0.169026028
20070111,0.589599518,0.662322675,0.716395816
20070112,0.753141635,0.755975453,0.73214426
20070116,0.685432115,0.766898289,0.685432115
20070117,-0.145122862,0.621997033,-0.227955751
20070118,0.4142508,1.124618144,0.372748413
20070119,-0.485212329,0.681497368,-0.134443373
20070122,-0.436999967,0.953890004,-0.758327012
20070123,-0.313250752,0.739055922,-0.292397869
20070124,1.219905545,0.844637932,1.762251472
20070125,-0.909285042,0.652769245,-1.012091671
20070126,-0.814966375,1.311949547,-1.064394897
20070129,0.168067266,0.692412415,-0.041972718
20070130,-0.936306877,0.725729121,-0.705674633
20070131,0.841932988,1.105128063,0.852502137
20070201,0.56669267,1.387517091,0.146612237
20070202,0.772285199,1.037791337,0.657107971
20070205,0.144374574,0.738890182,0.879786247
20070206,0.102976016,0.637284326,0.12358395
20070207,0.329897206,0.443784676,0
20070208,-0.062053989,0.643932196,-0.515943772
20070209,-1.037353701,0.761551377,-0.789368453
20070212,-0.949456765,0.450267789,-0.533223073
20070213,0.334169066,0.464690023,0.554075956
20070214,-0.27120075,0.518080043,-0.187832675
20070215,1.122206291,0.530086614,1.08041774
20070216,0.309565824,0.431356518,0.288898261
20070220,0.878775378,1.159972416,3.562408677
20070221,-0.020002,0.848048574,-0.598326476
20070222,-0.481445263,0.711315887,-0.52146127
20070223,0.060514374,1.056265941,-0.281917223
20070226,0.80321717,0.613275432,0.823380493
20070227,-2.035900938,3.242909921,-2.798803654
20070228,-0.165477336,2.132424568,-0.649989392
20070301,0.125444298,2.196822853,-0.925499249
20070302,-0.125470531,1.235730418,-0.146366989
20070305,-0.325887279,1.765144815,-0.64025409
20070306,0.375548115,0.979818602,1.12037191
20070307,-0.354130148,0.782297673,-0.208463699
20070308,0.167259081,1.280628486,-0.10439504
20070309,-1.299536209,0.739671472,-0.98667747
20070312,-0.337980888,0.4201378,-0.295795694
20070313,-1.695865479,1.273104222,-2.290094732
20070314,-0.805841233,2.146218193,-1.000878677
20070315,0.501363448,0.942596451,0.566944388
20070316,0.325203539,3.423735442,0.455581654
20070319,0.257732101,0.746238809,0.904983552
20070320,1.706526055,0.706701683,1.405773949
20070321,1.032348787,1.095817782,0.905364643
20070322,0.48011782,0.623892848,0.647657127
20070323,-0.187636874,0.58890165,-0.208463699
20070326,0.104525984,0.818334482,-0.125287133
20070327,-0.252578539,0.596750581,-0.860355742
20070328,-1.088707519,1.043437346,-1.829059923
20070329,-0.650981436,0.808107245,0.235823885
20070330,0.138614939,1.035635356,0.48064178
20070402,0.794201241,0.610633617,1.01771259
20070403,1.192607503,0.520312257,1.413858186
20070404,0.104112451,0.460757615,-0.062415481
20070405,0.790682438,0.326210526,0.415369237
20070409,0.372131916,0.787243685,0.43428876
20070410,-0.706276305,0.352647789,-1.016289987
20070411,-1.470614739,0.770175218,-1.512316157
20070412,0.063525677,0.76383021,-0.021166261
20070413,0.444022296,0.485224452,0.338123737
20070416,1.024791986,0.517478106,1.382800161
20070417,-0.310977757,0.5089469,0.207857069
20070418,0,0.63711753,-0.416147084
20070419,1.312655581,0.720254157,0.727124841
20070420,1.876227646,0.676355896,2.967334713
20070423,-1.370232045,0.772796587,-1.702341242
20070424,0.123380645,0.709150624,-0.543117593
20070425,-0.102406563,0.875479156,0.28729755
20070426,-0.061582677,0.837059478,-0.205128277
20070427,-0.350986218,0.579988451,-0.721280819
20070430,-0.977037187,0.811301125,-0.997721849
20070501,0.851953205,1.525396745,0.956348245
20070502,-0.09321113,0.648642161,-0.15530365
20070503,-0.350986218,0.887832264,0.196677254
20070504,-0.372362863,0.515367654,-0.207039411
20070507,0.350407449,0.480903267,0.722770312
20070508,-0.549366502,0.54566542,-1.023740909
20070509,-0.27080529,0.49694477,-0.343589281
20070510,0.377438066,1.307618777,-0.334308711
20070511,-0.07318731,0.744887701,0.052309464
20070514,0.492173359,0.925332375,0.125431186
20070515,-0.669738795,1.742120906,-0.513170734
20070516,-0.654908858,0.739524997,-0.928276708
20070517,0.084961772,0.513562594,-0.169707296
20070518,0.116383656,0.26918597,0.392011945
20070521,-1.023681364,0.567401524,-1.352019317
20070522,0.043001506,0.537253464,-0.279059964
20070523,-0.827116805,0.710580026,-0.355316659
20070524,0.537231334,1.521354916,0.655810553
20070525,0.234641746,0.543731676,0.58763992
20070529,-0.255156422,0.848478448,0.074543425
20070530,1.002461205,0.776797014,0.31884393
20070531,0.579834,0.587250641,0.939965732
20070601,3.514180574,4.012126005,4.027943172
20070604,1.792974837,2.118706257,3.35581971
20070605,-1.20068365,1.403533536,-1.396148919
20070606,0.772357538,1.356293854,0.37553162
20070607,-1.318436997,1.551995526,-1.912027976
20070608,0.360144447,0.935638245,0.681365362
20070611,-0.200601873,0.826350759,-0.540704231
20070612,-1.259667205,1.070444986,-1.803310948
20070613,0.85193213,0.930224712,1.219279482
20070614,-0.506022737,0.626929939,-0.465635015
20070615,-0.425144886,0.557340866,0.020290149
20070618,-0.345563917,0.522363224,-0.365854067
20070619,-0.17386862,0.544732459,-0.541066095
20070620,-1.024389208,1.322264546,-0.585187235
20070621,-0.679784264,1.324520005,-0.371364157
20070622,-0.477823699,0.523696876,-0.746891439
20070625,-0.292092843,0.770301841,-0.333750831
20070626,0.229765114,1.12261907,0.146153069
20070627,1.328923212,0.601853905,1.140972859
20070628,-0.258973574,0.563583258,-0.568859164
20070629,-0.414852285,0.582388697,-0.19726944
20070702,0.082764333,0.501626935,0.497616619
20070705,-0.497513464,0.393670648,-0.724715875
20070706,0.642689058,0.539217107,0.55952897
20070709,0.185701075,0.552165316,0.247678145
20070710,-1.431207506,0.859412905,-2.06192872
20070711,0.336276063,0.947079897,0.294179662
20070712,-0.285947907,1.733534474,2.548040492
20070713,0.858198974,0.717737813,0.530397
20070716,0.040883075,0.431007091,-0.448614129
20070717,-0.823388761,0.709673766,-1.130420012
20070718,-0.622408648,1.891526593,-0.684436977
20070719,1.424319672,0.974538801,1.528323841
20070720,-0.953375097,1.38247029,-1.590778303
20070723,-0.560109337,0.596778774,0.104069111
20070724,0.218829869,1.561974521,-0.072837004
20070725,-1.163286903,1.592088129,-0.364982938
20070726,-1.334906993,2.227364268,-2.068893721
20070727,-1.705384018,1.932277354,-2.047264693
20070730,0.260247382,1.721104932,0.521173818
20070731,-1.018096089,2.592298214,-0.521173818
20070801,0.73801073,2.403980407,0.672672603
20070802,1.226217365,1.970924404,1.139674737
20070803,-2.581208265,1.514820147,-2.730988971
20070806,2.432581471,2.364325323,3.264096108
20070807,0.724640852,4.047164591,0.148762114
20070808,2.257620968,3.375898949,2.702584093
20070809,-2.620422571,3.032240686,-3.931166396
20070810,0.282210108,6.645426248,-0.831134365
20070813,-0.346095954,1.561227614,0.043346338
20070814,-0.728434817,2.679015703,-5.294830975
20070815,-1.299690502,3.952969725,-1.333966423
20070816,1.313382935,7.053828057,1.139580678
20070817,-2.182400779,3.725959941,-0.401399702
20070820,-0.412749955,1.505530378,0.022980582
20070821,0.527826814,1.089719351,0.389864042
20070822,0.091386801,0.768041445,0.228623785
20070823,-1.288262583,1.027565727,-1.379649384
20070824,1.392027079,1.400384957,1.322542421
20070827,0.057133064,0.855900249,0.011424002
20070828,-0.505051579,1.40326323,-0.733779949
20070829,1.458549102,1.534128499,1.711393737
20070830,0.161831038,1.055102128,-2.080312763
20070831,0.149296611,1.293377685,0.644717868
20070904,-0.55312425,0.62929932,-0.690928589
20070905,-1.822054611,1.10892271,-1.98396051
20070906,-1.692794045,1.830885646,0.798313702
20070907,-0.211989244,1.355067426,-0.821890267
20070910,-0.98917434,1.646433062,-0.377982968
20070911,1.170425346,1.012905619,1.689784398
20070912,-0.140449461,1.243069739,-0.653749702
20070913,0.325733187,1.002706009,0.83975301
20070914,1.276860064,1.159980667,0.694447235
20070917,0.231053707,0.947735764,-0.046146747
20070918,2.137902668,2.712993305,2.529472902
20070919,0.403045776,1.530040555,0.695147995
20070920,-0.876705627,1.354636821,-1.033252679
20070921,-1.303975311,1.249301326,-0.226039879
20070924,-0.352013081,1.521925115,-0.533213584
20070925,-0.138888911,1.510317777,-1.802057374
20070926,0.184971151,1.442199252,0.277585189
20070927,0.194943012,1.195308088,0.816706673
20070928,0.114586927,0.974082242,0.034362293
20071001,1.564125733,1.471688124,1.815755741
20071002,1.120334371,1.458236174,0.940235268
20071003,0.979526977,2.115897643,0.577651017
20071004,-0.288536434,0.806446496,-0.332852854
20071005,0.176483611,1.387592985,0.841085082
20071008,0.198917073,0.481240532,-0.176483611
20071009,-0.132508853,1.88548437,-0.088358742
20071010,1.080614772,1.549606482,0.748572408
20071011,-1.440397706,3.164433395,2.768941771
20071012,0.191387618,0.801852984,0.425804348
20071015,-1.197619105,1.288766431,-1.261374287
20071016,-0.87962776,1.721572199,-1.386504014
20071017,-0.325697823,3.491840355,0.304944693
20071018,0.239991388,1.249532513,-0.195929093
20071019,-1.544261882,2.185769715,-2.002928188
20071022,0.887317268,2.116796283,0.664748736
20071023,-2.911087786,6.017512844,-2.844855307
20071024,-0.034174404,3.370412789,-0.284430478
20071025,-0.29616151,3.865205827,-0.125406161
20071026,0.134589522,2.018431624,1.763953471
20071029,0.601673124,1.058697927,0.892663816
20071030,1.531831485,1.472828609,0.840712916
20071031,-1.288209392,3.481252931,-0.596620928
20071101,-1.646591843,1.561636278,-2.5818024
20071102,0.135777346,3.715286011,0.566959224
20071105,0.181900914,3.102578187,-0.453309933
20071106,0.237140871,1.590973454,0.701757266
20071107,-0.159217593,2.978180591,-0.906419077
20071108,-1.388437008,6.98907482,-0.685247085
20071109,-0.964731141,3.942123822,-1.897326698
20071112,1.892073057,3.460316305,2.171989265
20071113,2.207789164,4.518651461,5.069311432
20071114,0.4208715,2.292403324,0.876107491
20071115,-0.140639391,3.689077342,-0.529073199
20071116,-0.172376686,2.85445451,0.399762836
20071119,-1.462110062,2.893654339,-1.916017682
20071120,0.153913839,5.440460466,0.054942038
20071121,-1.120677471,2.842204194,-1.561061316
20071126,-2.088676568,4.542825725,-1.586985037
20071127,1.295440226,4.263777833,1.82723851
20071128,2.182371594,1.654953009,3.029558153
20071129,1.377870236,1.901529381,0.52770571
20071130,0.167049527,1.419073824,0.901190213
20071203,-0.27120075,1.547560905,-0.125260977
20071204,0.906492271,1.24090999,0.697374671
20071205,0.738616407,1.600606854,1.47235607
20071206,2.238056662,2.333467814,0.67230568
20071207,-0.437771124,1.041190942,-0.49870339
20071210,0.914175996,0.734511232,0.903972435
20071211,-0.618506408,1.233371788,-0.588177337
20071212,-2.557684179,3.550720174,-1.868445691
20071213,0.840820856,2.447680717,0.248395905
20071214,-1.075784567,1.250124497,-1.573194919
20071217,0.650920933,1.797469059,0.345930425
20071218,0.051859152,1.827533746,0.916673086
20071219,-0.394559748,1.378524195,-0.332364244
20071220,-0.749691141,1.149017977,-0.458812067
20071221,0.145273451,0.91464746,0.791176311
20071226,0.258759136,0.944464431,-0.762026136
20071227,-0.563264241,1.033477786,-1.185414734
20071228,0.187285457,1.532513909,0.625653761
20071231,-0.545875804,1.100020299,-1.255246607
20080102,-1.260543146,2.528628274,-1.260543146
20080103,-0.65531738,2.059547832,-1.104036081
20080104,-0.546151003,3.139935141,-1.608031172
20080107,1.665803798,3.843651839,2.081150334
20080108,-1.598996903,2.698486824,-1.513215212
20080109,2.06725708,5.578627623,2.176106552
20080110,2.172636117,7.239061971,3.084915702
20080111,-0.438643001,2.799749851,-1.28953534
20080114,0.304574095,3.537359251,-0.188580464
20080115,-0.636809624,2.253328063,-1.521584724
20080116,0.974171194,4.454372859,1.038034954
20080117,0.548871971,4.009709384,0.105318598
20080118,-0.471822632,6.105035331,0.157770214
20080122,4.745947847,19.24674483,3.338293763
20080123,3.344793407,10.71846841,1.952754552
20080124,-2.382988367,6.265668761,-2.482719102
20080125,-1.772511369,5.153196545,-1.731645001
20080128,1.321514173,3.569460943,1.363094215
20080129,-0.264900817,3.216999261,0.531916148
20080130,0.77694114,3.560867045,0.183467588
20080131,3.02113604,5.326765366,3.285551937
20080201,0.933897178,4.446384726,0.706994304
20080204,-2.033031632,3.023896597,-1.87659828
20080205,0.020175527,4.622385393,-1.163270238
20080206,-1.766722773,4.181779845,-1.545060213
20080207,3.470444212,8.858753735,2.088266458
20080208,-1.759695511,4.487172904,-2.262562909
20080211,1.440625504,3.174569753,1.860471494
20080212,0.839333465,2.905154181,1.22135866
20080213,-0.157759843,2.060822064,0.832347255
20080214,-1.390843005,2.573673585,-1.371109408
20080215,-0.594969738,1.708294696,-1.096425006
20080219,-1.112960804,4.042436218,0.313052515
20080220,1.152575695,2.829382355,0.302023787
20080221,-0.040184851,1.172057923,0.040201006
20080222,0.100050033,1.902739898,0.4811557
20080225,0.358280638,1.408723213,0.657831536
20080226,1.99583875,1.756537924,2.035568588
20080227,0.859044721,0.7404684,0.145907326
20080228,-0.530922494,1.442813326,-1.40957698
20080229,-1.79717297,1.74724595,-2.172482053
20080303,1.007057856,1.259367345,0.542551316
20080304,0.271016477,1.280515241,-0.040088195
20080305,-0.783372491,1.933812567,-0.583092031
20080306,-0.598804184,1.617463928,0.723330459
20080307,0.220639945,3.056095933,-0.080112161
20080310,-2.143661459,2.56341153,-2.003507266
20080311,0.760307784,1.587638758,2.523092768
20080312,0.009947774,1.513718262,0.189177136
20080313,1.213824474,3.536229573,0.585173998
20080314,-1.355412419,5.059519628,-1.454353755
20080317,0.673200231,3.519259688,0.200481222
20080318,1.205190919,2.657353087,1.963374918
20080319,-0.422708912,2.271785816,-0.324563845
20080320,4.753427115,2.892647917,4.920758223
20080324,0.205319717,1.733068277,0.589089552
20080325,-1.068726775,1.74131402,-1.087374793
20080326,-0.113400126,1.722899125,-0.320966952
20080327,-1.648545151,1.428850955,-1.026429844
20080328,0.03838035,1.529277062,-0.421214485
20080331,1.204488322,1.436586828,0.954752336
20080401,1.810257515,0.951019302,2.718322778
20080402,0.47864598,1.256532801,0.700334599
20080403,1.328284083,1.054733297,0.904983552
20080404,-1.006873495,1.1423173,-1.088807133
20080407,-1.119585889,0.923871681,-0.313277691
20080408,0.811363477,0.930314927,0.497101272
20080409,-0.258207447,1.126165481,-0.552487593
20080410,0.219780308,1.60897489,0.937420705
20080411,0.769093701,1.199384448,0.292291037
20080414,0.51773584,0.962556741,0.672668658
20080415,1.575117583,0.612414702,2.009036182
20080416,1.19888601,1.040276108,1.323120652
20080417,-0.229095175,0.714532469,-0.668193096
20080418,-1.21812787,1.772142808,-0.672687968
20080421,0.802214838,0.668551492,0.03551767
20080422,0.603159537,0.745613986,0.389864042
20080423,0.846864624,1.17471292,0.669842096
20080424,0.32265125,0.881056867,0.892004165
20080425,-0.354901909,1.018636369,0.399687733
20080428,0.095914905,0.846606472,-0.50421736
20080429,1.980603794,1.034886807,2.189553896
20080430,-0.884087987,1.823992241,-1.106025764
20080501,0.103359182,2.733694972,0.146457058
20080502,-1.612590457,2.579767689,-0.977558717
20080505,-0.481844202,0.663014927,-1.013551709
20080506,-0.95356541,1.127426447,-1.015057923
20080507,1.132956002,1.198466733,0.795267954
20080508,-0.201092964,1.831282216,0.561700617
20080509,0.772340157,1.125566978,0.104968519
20080512,0.725391782,0.790798121,1.595870816
20080513,-1.333821108,1.694138115,-2.632878088
20080514,0.840046942,0.852736749,1.368682534
20080515,-0.279769373,1.360857364,-0.471657788
20080516,-0.31518149,1.438046319,-0.157714919
20080519,-0.776565851,0.989531269,-1.02239565
20080520,-0.392437179,1.032979313,-0.871969223
20080521,-1.276077704,1.536912978,-1.195681076
20080522,1.040181545,1.374311449,1.374252552
20080523,0,1.057729047,-0.518738307
20080527,0.961888428,1.669814848,1.15896813
20080528,0.44731031,1.686743754,1.277044085
20080529,1.293813906,1.85042005,1.424995874
20080530,-0.294245128,0.987679019,-0.458299907
20080602,-1.337638289,1.265589382,-0.887966137
20080603,0,1.101832276,1.078458878
20080604,-0.164509323,1.172738538,-0.173160216
20080605,1.848856007,1.489615801,3.533033983
20080606,-1.411828179,2.102719741,-2.369979736
20080609,1.215409965,1.55779021,2.076785808
20080610,0.974961497,0.865684395,0.301558278
20080611,-1.628258497,1.920530431,-2.198634141
20080612,0.237007052,1.419810378,1.122269898
20080613,-0.345656458,1.232517209,0.109848336
20080616,0.915260627,1.068387914,0.109727802
20080617,-1.406087879,1.158621978,-1.111263928
20080618,-1.589858607,1.615677319,-1.538690262
20080619,0.060671725,2.203000245,-0.025990903
20080620,-2.030928304,2.210832811,-2.473810362
20080623,0.212014214,1.195680679,0.646277315
20080624,1.431544229,2.363135339,1.192996605
20080625,1.228708025,2.314115013,1.385543468
20080626,-1.691851639,1.849289247,-2.243767493
20080627,-1.182401493,3.21631278,-0.918896729
20080630,-1.010915765,2.796959978,-0.409144038
20080701,1.893359222,3.228127729,1.679226378
20080702,-1.459110004,2.281005964,-1.021855262
20080707,-0.298429081,3.325186192,0.493480029
20080708,3.356308493,2.812572518,3.794867217
20080709,-2.245359564,2.68056443,-2.380860939
20080710,-1.259079716,6.63849917,-0.818036065
20080711,-0.637057543,4.261011826,-1.567623472
20080714,-1.007520675,3.446245301,-0.071035343
20080715,0.642285883,4.548342849,-0.106647717
20080716,1.609941893,3.294649494,1.324990677
20080717,1.431088996,5.872068514,1.273013965
20080718,0.328748458,2.418240976,0.311418937
20080721,-0.851142884,2.256619977,-0.980782935
20080722,3.032227154,4.111387057,3.040948972
20080723,0.638759185,7.335915949,-1.680855238
20080724,-1.654369469,2.839167281,-2.016407619
20080725,-0.744931362,3.16135504,-0.193338666
20080728,-0.817636976,2.229151552,-1.435304165
20080729,2.217229665,2.119735705,2.520179197
20080730,1.228907315,3.548529217,1.862122771
20080801,-1.307883038,3.544976531,-1.393331219
20080804,1.275439558,3.057506655,1.136767322
20080805,2.237492262,2.400374435,3.276772423
20080806,1.375674301,2.417014116,0.68547157
20080807,-2.375902966,3.357818395,-6.406675315
20080808,0.965602735,3.668665498,1.350959667
20080811,1.18547905,6.22516495,1.36711643
20080812,1.179729362,2.955937802,1.20534521
20080813,-1.277287949,3.464692405,-2.22676948
20080814,0.864160234,3.892661191,0.267091875
20080815,1.341390348,2.926627035,2.010289163
20080818,-0.744252421,1.68864705,-0.659956706
20080819,-0.462606839,1.735716313,-1.144040481
20080820,0.205761389,1.639033707,0.257267958
20080821,1.228485017,2.08163209,0.307850423
20080822,1.184046309,1.307277356,1.542011407
20080825,-0.875297706,0.991853457,-1.507864232
20080826,0.97046816,1.845010316,0.748302812
20080827,0.524136799,1.44565717,0.473293649
20080828,0.720693641,0.909210692,0.973325355
20080829,-0.825545924,0.961336326,-1.294244472
