20020102,0.735204224,2.71,1.092074346
20020103,-0.477928214,1.76,0.176656197
20020104,0.627748452,2,0.728554912
20020107,-0.352822947,1.91,-0.854706058
20020108,-0.60332008,1.21,0.126151146
20020109,-0.913248356,2.63,-1.064648839
20020110,0.406918161,1.48,0.406918161
20020111,-2.285373569,2.29,-2.310757501
20020114,0.051800053,2.03,0.311203571
20020115,1.201292402,1.78,1.897979518
20020116,-1.342302033,2.09,-2.261144639
20020117,0.051773234,1.34,0.414938355
20020118,-0.779427173,2.57,-0.779427173
20020122,-1.975629632,1.76,-0.654195713
20020123,0.930720266,2.04,2.001366346
20020124,0.491020498,1.7,-0.18029625
20020125,0.511771844,1.28,1.000393106
20020128,-1.275527498,1.3,-0.58876402
20020129,-1.307208157,2.79,-2.469261259
20020130,1.957009619,6.26,1.825344031
20020131,1.26436983,1.39,0.772204609
20020201,-0.281366089,1.12,0.102511542
20020204,-2.015051389,2.51,-1.861480844
20020205,-0.701939708,3.56,0.026092629
20020206,1.50145197,3.69,1.527537793
20020207,-0.960921561,2.16,-1.553630422
20020208,0.47194634,1.58,-0.235140539
20020211,0.909924386,1.69,1.066746164
20020212,-0.596397463,1.2,-0.492931339
20020213,0.337093538,2.24,0.467048073
20020214,0,2.13,0.90195174
20020215,-0.563093374,1.55,-0.051321531
20020219,-0.412159265,2.3,-0.56628208
20020220,0.256871449,1.38,0.61760361
20020221,-0.89115803,1.83,0.307377291
20020222,3.295355594,3.99,4.059690525
20020225,0.244498899,1.29,0.563243806
20020226,-0.611622702,1.98,-0.489597061
20020227,0.219699832,2.01,0.636009972
20020228,-0.266054093,1.7,0.680440049
20020301,0.597016699,0.71,1.704927839
20020304,1.155809541,0.8,1.512316157
20020305,0.023526644,1.39,-0.305343749
20020306,1.631737836,2,1.725789101
20020307,-0.996878546,2.26,-0.765931562
20020308,-1.365603909,1.63,-0.023301876
20020311,0.530382888,0.85,1.319616325
20020312,0.913456911,0.97,1.166127311
20020313,-1.883381347,1.66,-1.97435247
20020314,-0.507732455,0.55,0.208454042
20020315,0.183739142,1.39,0.829497844
20020318,-0.06859495,1.47,0.320733379
20020319,-0.410116774,0.94,0.182815407
20020320,-0.25238054,0.47,-0.618346182
20020321,-0.344076495,1.31,-0.022975302
20020322,-0.115008638,1.49,-0.160975084
20020325,-0.719845208,0.89,-1.250595271
20020326,1.616663386,1.27,1.709838328
20020327,0.845429461,1.06,0.684934185
20020328,-0.432260939,0.96,-0.204988114
20020401,-0.795007027,0.94,-0.022802417
20020402,1.04238424,0.8,1.156344366
20020403,-1.566967454,0.79,-1.521891952
20020404,-2.177736492,1.56,-1.243682543
20020405,-1.002689991,1.94,-1.118632033
20020408,-0.242508347,1,1.338552256
20020409,0.093632966,0.93,-1.174636987
20020410,1.51783416,0.84,0.954716764
20020411,-1.754225782,1.74,-1.800586469
20020412,-1.36807606,1.96,-2.387888052
20020415,-1.050630486,2.15,0.674376352
20020416,0.688266631,0.99,1.477272517
20020417,-0.613933451,1.63,-0.142011858
20020418,-0.02352111,2.22,0.684529995
20020419,0.14120972,0.82,0.02352111
20020422,-1.304108583,1.21,-1.468872655
20020423,1.413278884,1.89,-1.36971984
20020424,-1.968083203,1.06,-2.647862466
20020425,1.091280671,2.7,0.717913716
20020426,-1.513864375,1.73,-1.365971817
20020429,-0.677288429,2.07,-0.652285303
20020430,0.672732075,1.2,1.350020504
20020501,1.81303861,1.96,0.889993514
20020502,0.295203166,2,0.196705252
20020503,-0.956945102,2.83,-0.369140323
20020506,-2.192351887,1.55,-3.283091505
20020507,-0.890251333,2.25,-0.280648226
20020508,2.942134606,3.36,2.19844609
20020509,-0.960573614,1.49,-1.612531791
20020510,-2.05617093,2.37,-0.969890196
20020513,3.069359526,1.88,2.632397001
20020514,0.320710772,1.62,1.41388936
20020515,-0.752826642,1.7,-2.241687891
20020516,0.872279674,1.16,1.500028126
20020517,-0.124208189,0.94,-0.173848299
20020520,-0.879955395,0.92,-1.57838677
20020521,0.07536742,1.09,0.554018038
20020522,1.01927545,1.67,1.520278502
20020523,0.367422336,1.59,1.15579794
20020524,-1.895908074,1.32,-1.651707709
20020528,-0.451015548,1.25,-1.024368733
20020529,1.450388016,1.44,1.148576921
20020530,-0.983490464,1.66,-2.056756726
20020531,0.654419652,1.49,1.008581419
20020603,-2.352454505,2.11,-2.001840572
20020604,0.306670314,5.57,0.306670314
20020605,1.52752461,2.02,0.990232796
20020606,-2.328040362,3.28,-1.322501473
20020607,0.839379213,3.41,1.069528912
20020610,-0.815083473,1.65,-0.967174757
20020611,-1.880136683,2.24,-0.2817264
20020612,1.242252,3.38,1.77940638
20020613,-0.127145599,1.68,-0.987474792
20020614,-0.356870121,5.4,-0.356870121
20020617,1.509462622,1.43,2.247285585
20020618,-0.250313022,1.14,-0.375234962
20020619,-1.564108577,1.76,-1.438873745
20020620,0.808697862,2.39,1.011898338
20020621,0.511510067,4.72,-1.342982303
20020624,1.992751022,3.8,2.120220765
20020625,-1.62808856,2.76,-1.104983619
20020626,-0.252844635,4.34,-0.252844635
20020627,1.101112226,2.98,1.706868748
20020628,1.804077102,2.24,1.604774594
20020701,-0.565737581,2.2,-0.712796431
20020702,-1.605964102,3.2,-0.966670063
20020703,-0.599552133,2.13,-0.599552133
20020708,0,2.1,-0.420428466
20020709,-1.422712129,1.66,-1.422712129
20020710,-5.201274241,7.88,-4.026701197
20020711,-3.000357809,7.59,-2.948029185
20020712,-2.115619997,8.18,-1.685280441
20020715,-1.114217655,15,-2.161347642
20020716,0.455971152,10.9,-1.49572423
20020717,-1.143188248,13.2,1.383616595
20020718,-3.009026335,7.57,-2.728992548
20020719,-4.249501285,13.6,-7.322164371
20020722,-6.833171444,26,-6.369133488
20020723,0.681710155,18.2,2.125304778
20020724,10.62120534,22.9,9.351450366
20020725,-0.176939002,16.1,-0.176939002
20020726,3.155566498,10.7,3.509131981
20020729,1.163125824,3.79,3.445236414
20020730,-0.419287826,5.06,-1.721786495
20020731,3.675970051,7.61,3.170492985
20020801,-4.348511194,8.52,-8.787520132
20020802,-0.830618837,11.7,-0.534760633
20020805,-3.723753978,8.69,-3.485729468
20020806,0.781253974,6.43,3.007974006
20020807,1.67478573,9.71,2.687301825
20020808,4.808208159,5.8,4.779066384
20020809,1.4708188,7.04,0.829880281
20020812,1.267801176,3.65,-1.610698526
20020813,-0.657426978,6.99,-2.408389532
20020814,2.758219148,7.7,4.266715094
20020815,0.892742301,5.54,2.013125656
20020816,-0.676318011,3.3,-0.78410568
20020819,1.641716541,3.69,0.851414022
20020820,-2.329829927,3.84,-2.991413383
20020821,0.412598577,6.25,1.020839325
20020822,1.633133739,4.47,1.660579876
20020823,-1.754430965,3.31,-2.404487425
20020826,1.399007868,3.74,1.509566198
20020827,-1.696553416,5.06,0.29919783
20020828,-2.141052174,4.18,-3.425749357
20020829,0.937906548,4.04,-0.64852899
20020830,1.966155373,6.28,0.254273339
20020903,-2.214112588,5.65,-5.629568691
20020904,0.059347183,9.56,0.624909041
20020905,2.1248742,7.99,0.177830515
20020906,-0.233372335,5.43,1.382171688
20020909,-0.791444846,3.79,-0.762243503
20020910,1.012593637,3.48,2.211964457
20020912,-2.440221038,3.09,-2.932761509
20020913,1.242619539,6.86,1.212853205
20020916,1.612701716,2.55,1.082040094
20020917,-3.943003739,6.75,-3.884847296
20020918,0.904983552,5.7,0.693086999
20020919,-0.647052019,4.24,-2.894337604
20020920,0.794625208,4.13,1.533772398
20020923,0.367197475,5.19,-0.335417299
20020924,-1.769408261,6.25,-2.505156522
20020925,0.800496885,7.21,2.107298307
20020926,2.399759656,5.93,4.643637912
20020927,-3.268166741,5.13,-4.032202195
20020930,-0.781864812,9.8,-2.969596495
20021001,5.177484405,9.56,6.20826036
20021002,-1.277001239,11.8,-3.635671563
20021003,0.999553983,9.07,1.518401477
20021004,-0.992937299,8.23,-0.332075777
20021007,0.54397233,9.96,0.332075777
20021008,-3.012275946,10.8,-1.457220686
20021009,2.218205553,7.9,0.366300776
20021010,2.094004122,8.12,2.883082572
20021011,1.575295119,6.68,2.253863883
20021014,1.066753665,4.12,0.921931047
20021015,2.935221201,4.56,4.019088058
20021016,-2.059633063,3.11,-2.059633063
20021017,-0.165198275,3.61,2.032081058
20021018,-0.166574164,4.18,-0.830109913
20021021,0.863394864,3,0.194309568
20021022,-0.764551367,3.11,-2.470647847
20021023,1.375774064,4.25,-0.142227303
20021024,-2.423497085,5.41,-1.375774064
20021025,2.59754864,5.15,1.290340484
20021028,-0.63309564,4.83,-1.319204678
20021029,-0.959815407,6.3,-4.306179893
20021030,1.924559772,4.38,2.735009953
20021031,-4.076255739,8.92,-1.32843282
20021101,2.627888446,4.53,3.072663086
20021104,-0.727275933,3.15,-1.305312224
20021105,3.053454513,2.97,3.809711753
20021106,-0.681240216,6.03,-1.329769206
20021107,-1.760761321,3.06,-2.217513471
20021108,-0.433213674,1.93,0.609669474
20021111,-2.188271125,2.59,-1.899253583
20021112,-0.732604009,2.74,0.294551023
20021113,-2.250613206,5.83,-1.810407066
20021114,1.520052652,2.83,3.183292657
20021115,1.765347538,3.62,1.125065956
20021118,-0.171526629,2.29,0.257842859
20021119,0.456101133,2.11,0.599060414
20021120,1.139613473,3.29,0.397389112
20021121,-1.222822005,3.16,-0.996449526
20021122,-1.738670283,2.77,-2.140046969
20021125,1.426723866,3.23,1.104662396
20021126,-0.381960212,1.88,-1.808684078
20021127,1.236891938,1.94,2.929868742
20021202,-1.837548115,4.03,-0.836824967
20021203,1.562079781,2.7,0.951701487
20021204,0.201525907,2.84,-0.201120596
20021205,-0.143905623,1.43,-0.143905623
20021206,2.014456609,2.68,1.088524068
20021209,-1.837548115,2.11,-1.695199336
20021210,0.889404801,1.65,1.438459786
20021211,-0.37052914,2.36,0.028559189
20021212,-0.286123228,2.27,-0.343249765
20021213,1.234052108,2.51,0.457405028
20021216,1.291064804,1.6,2.256158868
20021217,-1.064137737,1.53,-0.952655005
20021218,0.451213399,1.77,0.05629046
20021219,0.142146435,1.81,-0.961274012
20021220,0.112139064,2.09,1.38244549
20021223,-0.807691343,1.7,0.19594128
20021226,-0.845790213,1.23,-0.282725662
20021227,-2.057803393,1.7,-1.972901732
20021230,-0.373402703,0.95,0.34592136
20021231,0.574054389,1.75,0.54527327
20030102,1.33392073,1.73,1.505496408
20030103,0.67854374,1.26,0.056369787
20030106,2.617075865,1.47,2.504304497
20030107,-2.41449124,2.47,-3.353206029
20030108,-0.513406718,1.81,-0.627140026
20030109,1.806937926,1.94,2.177995866
20030110,-0.396825918,2.13,-1.494037656
20030113,-0.256082086,1.31,-0.31290027
20030114,1.536303331,1.22,0.907550188
20030115,-1.307951543,1.32,-1.364432765
20030116,-0.284657181,1.73,0.39988628
20030117,-1.06002998,0.97,-1.031527771
20030121,-1.651722123,1.56,-2.316368407
20030122,-0.832842411,2.94,-1.32039601
20030123,0.299401421,2.43,-0.089645905
20030124,-1.517479802,3.82,-2.267670867
20030127,-2.240292823,5.14,-2.853791679
20030128,1.355117749,3.56,2.823205963
20030129,1.247788026,4.46,3.546044609
20030130,-3.547519498,3.16,-1.907658446
20030131,3.122930363,5.66,2.730950365
20030203,1.250925403,2.66,1.280203693
20030204,0.347222571,3.28,0.08669268
20030205,-2.489274697,3.91,-1.454782712
20030206,-0.267419562,3.18,-1.506008089
20030207,-1.608134715,3.66,-0.896598953
20030210,0.148920355,2.98,0.866841476
20030211,-1.518112204,2.68,-0.776818965
20030212,-2.028221486,1.9,-1.938279942
20030213,1.215820448,3.5,1.215820448
20030214,1.083369007,5.4,0.932197399
20030218,0.118623976,2.19,0.982882075
20030219,-0.148038517,1.16,0.02963402
20030220,-1.183445765,1.79,-0.445435035
20030221,0.558086336,3.19,1.59436504
20030224,0.176678491,1.67,-0.440335366
20030225,1.269764587,3.41,0.264433825
20030226,-0.912173457,2.48,-0.736271917
20030227,0.02945942,1.47,0.354087121
20030228,-0.146520173,1.19,0.440853028
20030303,0.261362135,1.65,1.108206151
20030304,-1.451404288,1.29,-0.815380173
20030305,1.938437667,1.88,2.026118514
20030306,-0.548262807,1.51,-0.978988527
20030307,1.974512464,3.46,0.634556499
20030310,-1.243689205,1.54,-1.214941181
20030311,-0.57720218,1.25,0.55144531
20030312,0.470866085,2.8,-1.428387498
20030313,0.348432408,1.85,1.28356488
20030314,-0.464172577,3.09,-0.319349959
20030317,1.812217004,2.96,1.986534306
20030318,0.768905967,2.09,0.483436175
20030319,0.818173558,2.32,0.959917026
20030320,0.309815767,1.95,-0.084328888
20030321,0.02777392,1.8,1.257526702
20030324,-1.767970843,1.54,-1.934730193
20030325,0.196160915,1.52,1.126138027
20030326,0.307219904,1.59,0.391171217
20030327,0.530801637,1.33,0.083623698
20030328,1.061166059,1,0.30602333
20030331,-1.649639229,1.57,-3.189207777
20030401,1.268515953,2.03,2.35238281
20030402,-0.585857444,0.75,0.111982095
20030403,-1.894585158,1.17,-2.006567252
20030404,0.452745538,1.5,1.107179515
20030407,-2.561716437,1.47,-0.99305682
20030408,-1.062770308,1.29,-1.262570574
20030409,-1.094796299,1.98,-0.31814922
20030410,0.37621228,1.12,0.289268353
20030411,-0.754282659,1.13,-0.812069428
20030414,1.707464431,1.65,1.474228174
20030415,0.429001087,1.07,0.543712886
20030416,-1.345375953,1.02,-0.975057912
20030417,1.611545668,0.88,0.946515026
20030421,-0.571430126,1.26,-0.3718008
20030422,2.627221351,1.43,1.648232823
20030423,0.482202041,1.03,-0.395369055
20030424,0.199515529,0.88,-0.624469812
20030425,-0.601807233,0.84,-0.94407796
20030428,1.508066708,1.14,1.766427696
20030429,-1.198644488,1.43,-1.651518175
20030430,0.945972369,0.97,0.62965291
20030501,0.480159092,2.02,1.247535318
20030502,1.56602753,0.91,1.537846608
20030505,-1.814425212,1.21,-1.509673626
20030506,-0.735505437,0.85,-0.791859341
20030507,0.566413296,1.07,0.538016306
20030508,0.425230974,1.16,-0.169587378
20030509,0.367283928,0.76,0.31069083
20030512,0.366869326,0.58,0.112739584
20030513,-0.112454327,0.93,0.140745977
20030514,-0.932078489,0.46,-0.875835518
20030515,-0.084973805,0.81,0.141783662
20030516,0.311130218,0.37,0.339462844
20030519,-0.370318042,0.52,-1.050400006
20030520,0.255427981,0.86,0.682596507
20030521,1.918794761,0.89,1.407284694
20030522,0.810399852,0.97,0.418352304
20030523,0.334169066,0.5,0.111265658
20030527,2.482886165,1.12,2.009149735
20030528,-0.137042642,0.87,-0.656098581
20030529,-1.436885733,1.12,-1.464316813
20030530,1.133391538,1.22,1.244657196
20030602,0.109439135,0.96,0.520905907
20030603,0.624238694,0.8,1.060801461
20030604,1.129651604,0.88,1.156704222
20030605,0.107700603,0.7,-0.617037504
20030606,0.133994392,1.81,0.483222417
20030609,0.535333184,0.57,0.32085589
20030610,-0.133067219,0.6,0.239968119
20030611,1.13263426,0.39,1.663844009
20030612,-0.417537141,0.73,0.157026989
20030613,-0.683134554,0.75,-0.813973248
20030616,0.970754049,1.12,0.970754049
20030617,-1.607200977,1.05,-1.711694194
20030618,-0.906672878,0.9,-0.853566132
20030619,-1.132392796,0.93,-1.212789424
20030620,-0.270782727,0.63,0
20030623,0.216978658,0.67,0.081311835
20030624,-0.108342372,0.45,-0.0270966
20030625,-0.407997302,1.31,-0.570731268
20030626,0.574478396,0.67,-0.081799596
20030627,-0.60241146,1.46,-0.684278022
20030630,-0.937679237,1.19,-0.882764353
20030701,1.097614354,1.31,0.262884966
20030702,0.636328057,0.74,0.207053701
20030707,-0.110864756,0.76,0
20030708,-0.559442019,0.89,-1.143507091
20030709,0.559442019,1.59,0.559442019
20030710,-0.280899061,1.38,-0.84034108
20030711,1.070131305,1.07,0.421053254
20030714,-0.845790213,1.28,-1.070131305
20030715,-0.594986881,1.24,-0.36874244
20030716,-0.997301328,1.01,-0.770222036
20030717,0.85543721,0.94,0.85543721
20030718,0.841519693,1.25,1.633379034
20030721,-1.180120468,0.93,-1.180120468
20030722,0.843649548,1.79,0.928407287
20030723,-0.168114357,0.88,-0.140114917
20030724,-1.352133276,1.47,-1.128043547
20030725,1.436442105,0.95,1.408077334
20030728,0.111982095,1.29,-0.055944057
20030729,-0.955600302,1.28,-0.927624361
20030730,-0.816101335,1.09,-0.056497177
20030731,-0.868474432,2.67,0.422952837
20030801,-0.705321022,1,-0.620944699
20030804,0.281294138,1.25,0.789626212
20030805,-0.971086373,1.17,-0.69058128
20030806,1.239103435,1.12,1.055084698
20030807,1.836445601,0.86,1.500028126
20030808,0.273597982,0.49,0.905728711
20030811,0.027393508,0.61,-0.246204474
20030812,-0.108902815,0.68,0.546300184
20030813,-0.818558459,0.44,-0.573693692
20030814,0.502138532,0.52,1.184735039
20030815,-0.298224431,0.6,-0.284688052
20030818,0.189727662,0.41,0.271149841
20030819,-0.54377513,0.78,-0.679258148
20030820,0.84572868,0.78,0.35379
20030821,0.108108119,1.25,0.568875975
20030822,-1.655622021,0.9,-1.30507562
20030825,1.148809133,0.93,0.627474436
20030826,0.108725208,1.11,0.108725208
20030827,0.161594433,0.22,0.946336655
20030828,0.507276485,0.62,1.044046426
20030829,0.798939003,0.56,0.398671624
20030902,0.501518802,0.87,0.739961093
20030903,0.262950454,0.56,0.262950454
20030904,0.498754151,0.43,0.288449131
20030905,-0.078978548,0.66,-0.577732699
20030908,0.966443463,0.51,1.308234252
20030909,-0.392927814,0.53,-0.966443463
20030910,-0.315457675,0.76,-0.315457675
20030911,-0.262812241,0.58,0.052645434
20030912,-0.713062575,0.95,-0.713062575
20030915,-0.478597032,0.62,-0.558140984
20030916,0.879185096,0.76,0.478597032
20030917,-1.841078677,0.54,-2.239750301
20030918,0.893951504,0.47,0.581514926
20030919,0.379198721,1.09,-0.243013485
20030922,0.163576918,0.94,-0.759840834
20030923,0.65005646,0.36,0.894921227
20030924,-1.292425098,0.74,-0.378685873
20030925,0.026950546,0.64,0.567492403
20030926,-0.569184353,0.94,-0.866040596
20030929,0.623392722,1.29,0.596207728
20030930,-0.463405491,1.56,-1.113990599
20031001,1.131172848,0.9,2.001689771
20031002,1.070674039,0.78,0.587451623
20031003,-0.343597536,1.13,0.557548238
20031006,0.579406414,0.32,0.81740732
20031007,1.444922026,1.14,0.680452769
20031008,-0.681701644,0.69,-0.864445462
20031009,-0.682059307,0.92,-0.05263158
20031010,0.523561405,0.45,0.812692899
20031013,0.286272154,0.46,0.468872961
20031014,0.777205985,0.71,0.699213
20031015,-0.647251451,0.88,-0.647251451
20031016,1.059578333,0.79,1.033600933
20031017,-0.670451196,0.84,-0.644747559
20031020,-0.103519678,0.6,-0.077649803
20031021,-0.727464886,0.63,-0.701574919
20031022,-1.197619105,0.95,-2.642161623
20031023,1.569975219,0.72,0.547361356
20031024,1.921083627,1.13,0.756021905
20031027,-0.158814221,0.8,-0.238126849
20031028,-0.131734968,0.91,0.475688001
20031029,0.291198088,1.26,-0.263991706
20031030,-2.744364596,2.33,-4.128469737
20031031,0.465308079,0.68,0.877679798
20031103,-0.624917127,0.62,0.190969912
20031104,-0.57668703,0.71,-1.041105294
20031105,-0.470719407,1.02,-0.774126067
20031106,0.083530563,1.02,-0.277932363
20031107,-0.923470953,1.07,-1.007001517
20031110,0.532885849,0.7,0.504768318
20031111,-0.692044284,0.58,0.696866932
20031112,-0.138600161,0.7,0.138792527
20031113,0.77498312,0.7,0.608408956
20031114,-0.967526552,4.41,-0.747201484
20031117,0.028085943,0.88,-1.089244117
20031118,-1.145779562,1.12,-1.314413666
20031119,1.078024624,1.28,0.835876511
20031120,0.141743468,0.93,-0.39581618
20031121,-0.958563866,1.17,0
20031124,0.22522532,0.59,0.733844671
20031125,0.897370015,0.82,0.728498599
20031126,1.080492573,0.91,1.303582459
20031201,-0.274348595,0.7,0.633872868
20031202,0.494370686,0.66,0.274348595
20031203,0.191859727,0.65,0.054779514
20031204,1.935984119,0.86,1.38683392
20031205,-0.947104901,0.78,-0.677417575
20031208,1.319173794,0.67,1.644906981
20031209,-0.159277974,0.57,0.666402573
20031210,-0.079354587,0.71,0.397720264
20031211,-0.184526216,0.42,0.290659473
20031212,0.263227317,0.48,0.368712559
20031215,-0.29058269,1.04,-0.632913505
20031216,1.308919211,0.53,1.704959333
20031217,0.645080291,0.36,1.112128364
20031218,1.045794508,0.34,1.353961161
20031219,0.278164296,0.56,0.480952705
20031222,0.32982397,0.52,-0.30349037
20031223,1.21551256,0.43,0.631235526
20031229,1.189900009,0.43,1.314666088
20031230,0.246123678,0.49,0.246123678
20031231,-0.122234461,0.5,0.490437472
20040102,-0.979919649,0.78,-0.638038974
20040105,1.040793614,0.41,2.215550149
20040106,-0.531273889,0.81,-0.555355768
20040107,-0.607904608,0.88,-0.729043326
20040108,-0.146771064,1.07,-0.36652454
20040109,-0.297103462,1.17,-1.281121242
20040112,0.441285345,0.56,1.354533701
20040113,-0.539746158,0.91,-0.56421099
20040114,0.246123678,0.65,0.073773519
20040115,-1.037815097,0.91,-1.037815097
20040116,0.321663026,0.67,0.544960477
20040120,0.884961528,0.57,0.934356441
20040121,1.116787524,0.65,1.361226658
20040122,-0.362713492,1,-0.338573479
20040123,-0.728158557,0.97,-0.558728527
20040126,1.21066854,0.72,1.21066854
20040127,-0.508168063,1.16,-0.797394584
20040128,-1.48439275,2.8,-1.048662213
20040129,0.313896189,1.26,1.677443003
20040130,-0.878697379,1.33,-1.677443003
20040202,0.591571851,1.45,-0.245459132
20040203,-0.910999776,1,-0.641027836
20040204,0.733879779,1.2,-0.210461235
20040205,-0.197824001,0.81,0.136231367
20040206,0.693587125,1.02,0.271907225
20040209,1.024257736,0.56,0.529329727
20040210,1.236775699,0.84,0.88009369
20040211,2.170852253,1.24,1.988137055
20040212,0.310670581,0.51,0
20040213,0.047732698,1.22,0
20040217,0.047382138,0.69,0.736958048
20040218,-0.714969681,0.57,-0.975849705
20040219,0.14309566,0.76,0.358123816
20040220,-0.403657202,0.87,0.166686549
20040223,0.801891089,0.6,1.276613082
20040224,-0.32995552,0.68,-0.494525911
20040225,0.493480029,0.62,0.705719231
20040226,-0.706383912,0.41,-0.800192549
20040227,-0.543158733,0.64,-0.21289186
20040301,-0.164531709,0.29,0.660847342
20040302,-0.379867503,0.58,-1.111779636
20040303,-0.2620609,0.51,-0.2858506
20040304,-0.095739596,0.23,-0.382409644
20040305,1.85234458,1.26,1.756513236
20040308,0.14107691,0.37,0.14107691
20040309,0.963466506,0.68,0.468824112
20040310,-1.310880195,1.4,-0.751177241
20040311,-2.699315925,2.7,-2.722881378
20040312,1.437150484,1.4,1.799688645
20040315,0,2.11,-0.644163029
20040316,0.285646469,1.29,0.691714147
20040317,0,0.64,0.40327418
20040318,0.757220845,1.56,0.425230974
20040319,-1.600034135,0.95,-2.096313069
20040322,-0.729930248,1.33,-1.430500815
20040323,-0.611473105,1.26,-0.465060194
20040324,-1.535063567,2.43,-1.682375158
20040325,0.124300824,0.71,0.423254709
20040326,1.060037043,0.82,1.308176128
20040329,0.561182393,1.21,0.781635636
20040330,0.652097468,0.64,1.064869695
20040331,-0.168208618,1.13,0.096246398
20040401,-0.838830563,0.76,-0.072176113
20040402,0.358637563,0.88,0.838830563
20040405,0.783200871,0.5,0.950125912
20040406,0.308605586,0.68,-0.260385992
20040407,-0.285986849,0.94,-0.689739921
20040408,0.49604448,0.76,1.280548682
20040412,1.025172073,0.53,1.635932722
20040413,-1.275675423,0.74,-0.697839538
20040414,1.653700199,1.02,1.044941587
20040415,0.873769643,1.06,0.896866998
20040416,0.251170357,0.68,0.388438738
20040419,-0.274035339,0.46,-0.274035339
20040420,-2.337257845,0.7,-2.360128057
20040421,0.935460517,1.21,0.583636535
20040422,1.833636148,0.91,1.203161205
20040423,-0.649503559,0.64,-1.179886447
20040426,-0.509968653,0.86,0.139534906
20040427,1.612195214,1.21,1.705110435
20040428,-1.267152078,1.11,-1.472984054
20040429,-1.655242361,2.74,-1.377400089
20040430,-0.5844552,2.36,0.258246417
20040503,1.80185055,1.05,2.38630575
20040504,-0.229410516,1.63,-0.321027563
20040505,1.419112852,0.83,1.050957811
20040506,-0.182398591,1.49,-0.409929975
20040507,-0.507030356,1.59,-1.239969963
20040510,-1.357994536,4.01,-2.871234912
20040511,1.322958109,1.27,1.31106821
20040512,1.700621528,1.97,0.899486235
20040513,0.199098268,1.61,-0.606557324
20040514,1.092145165,1.84,1.244129762
20040517,-0.579040413,1.22,-0.509732336
20040518,-0.804622148,0.75,-0.804622148
20040519,-0.397987181,1.35,-0.175777862
20040520,0.398640462,0.66,0.234301888
20040521,-0.841126454,0.91,-0.257762299
20040524,0.327638954,0.79,0.421447592
20040525,1.843370169,0.93,2.309571479
20040526,-0.457876258,0.97,-0.503548787
20040527,-0.666592515,1.05,-0.506097239
20040528,0.439866434,0.79,-0.161569568
20040601,0.458716401,0.74,0.942644065
20040602,-0.1369238,0.47,0.205737871
20040603,-0.297857936,0.59,-0.48071513
20040604,-0.299298025,0.73,-0.483037167
20040607,0.844657459,0.31,1.419437751
20040608,-0.227583166,0.67,-0.227583166
20040609,0.25342716,0.77,-0.984552887
20040610,0.775905308,0.31,1.212136053
20040614,-0.341569272,0.53,-0.341569272
20040615,0.204290163,0.66,0.591313981
20040616,1.056308282,0.43,1.418463499
20040617,-0.122843279,0.28,0.033528919
20040618,0.356745083,0.47,0.412601645
20040621,-0.379422395,0.28,-0.468489424
20040622,1.096821292,0.69,0.446230102
20040623,1.195233352,0.38,1.172969075
20040624,-0.066232478,0.29,-0.374738673
20040625,-0.844261847,0.52,-1.021096552
20040628,-0.315102669,0.55,-1.031630589
20040629,0.73177923,0.59,0.483500127
20040630,-0.224870794,0.82,-0.348334528
20040701,0.134649931,0.72,0.381980017
20040702,0.740494801,0.61,0.313479881
20040706,0.645235301,0.34,0.801607499
20040707,0.464551217,0.31,0.486726625
20040708,-0.374408542,0.43,0.022067748
20040709,-0.077037367,0.36,0.209401079
20040712,0.397000963,0.48,0.033023282
20040713,-0.132596705,0.38,-0.463321292
20040714,1.128205751,0.6,0.529335157
20040715,-0.088202872,0.35,-0.286375347
20040716,0.284060062,0.46,1.096983357
20040719,0.174520114,0.48,0.109039374
20040720,0.327403981,0.46,0.021793615
20040721,-1.319280348,0.51,-1.559271737
20040722,0.640815363,0.98,0.485759401
20040723,0.088319723,0.6,-0.198434637
20040726,0.110387471,0.77,0.022067748
20040727,0.176366889,0.42,0.176366889
20040728,1.186305652,0.71,0.855362162
20040729,0.195588457,0.6,0.587916772
20040730,0.367846352,0.48,0.51970667
20040802,-0.086449108,0.52,-0.108049713
20040803,1.223059984,0.41,1.374296914
20040804,-1.386001236,0.71,-1.450001238
20040805,-0.934078693,1.13,-0.858374369
20040806,-0.992399809,1.09,-1.539506984
20040809,0.748737257,0.72,1.014341663
20040810,-0.506664813,0.61,-0.660358992
20040811,-0.088632844,1.01,-0.376148247
20040812,-0.982589415,1.08,-1.22673558
20040813,0.87141653,0.97,0.87141653
20040816,0.244091988,0.61,0.377484627
20040817,-1.032788704,0.84,-1.811522198
20040818,0.919185936,1.16,1.122094359
20040819,0.601137288,0.41,0.534165526
20040820,0.110582782,0.7,0.420866719
20040823,-1.017257777,0.57,-0.554140839
20040824,-0.311665435,0.57,-0.311665435
20040825,0.499196777,0.36,0.744158485
20040826,0.620294412,0.65,0.210026054
20040827,0.198172475,0.26,0.396738453
20040830,-0.508456937,0.46,-0.750721123
20040831,1.937345111,0.51,2.202949517
20040901,0.756188112,0.61,0.723662498
20040902,0.576370472,0.31,1.113025189
20040903,0.212630316,0.29,0.212630316
20040907,0.201623669,0.59,0.180380971
20040908,0.191306255,0.23,-0.159142785
20040909,0.549219801,0.25,0.803726831
20040910,-0.46335382,0.51,-0.210881563
20040913,-0.063137959,0.3,0.27405941
20040914,-0.273310377,0.37,0
20040915,-0.189453798,0.39,-0.084246003
20040916,0.453419873,0.19,0.136863737
20040917,1.227264494,0.45,1.762389846
20040920,-0.331263243,0.31,-0.310591408
20040921,1.98026273,0.57,2.559255249
20040922,-0.693455767,0.65,-1.240735941
20040923,-1.082216598,1.07,-2.214265324
20040924,0.397947954,0.48,0.104569705
20040927,0.669318541,0.61,0.271370587
20040928,0.72426597,0.58,1.098798243
20040929,-0.560807369,0.89,-1.01544754
20040930,0.311042241,0.52,0.602223812
20041001,0.883597653,0.5,1.19367542
20041004,0.163632681,0.69,0.102239044
20041005,0.406339446,0.52,0.7938973
20041006,1.206529818,0.31,1.42931472
20041007,-1.021132108,0.77,-0.681911989
20041008,0.070256439,0.69,0.291384281
20041011,-0.410842804,0.67,-0.080297104
20041012,-0.343677686,0.88,-0.836909347
20041013,-0.861720556,1.06,-1.73633205
20041014,0.349614752,1.12,0.37021844
20041015,0.142900912,0.56,0.634403028
20041018,-0.061494314,0.76,-0.511300838
20041019,-0.330442267,0.54,-0.885599445
20041020,1.162983313,0.96,1.080201852
20041021,-0.081916859,1.03,-0.112618389
20041022,-0.430460847,0.99,-0.266694178
20041025,0.441411177,1.01,0.276937456
20041026,1.324792636,0.74,1.171033187
20041027,-0.834270786,1.24,-0.915291654
20041028,0,1.47,-0.697152711
20041029,1.804806987,1.3,1.227009259
20041101,-1.140077495,1.01,-0.734397426
20041102,-0.330033303,0.97,-0.904983552
20041103,0.590092261,1.97,1.822140699
20041104,1.444647917,0.46,1.829380598
20041105,0.796816965,0.76,0.397614838
20041108,-0.358138067,0.55,-0.457393658
20041109,-0.927800121,0.6,-1.647947262
20041110,0.707287984,0.96,0.62620142
20041111,0.241886834,0.53,0.020134904
20041112,1.841525219,0.54,1.498679264
20041115,-1.083043077,0.78,-1.659872126
20041116,-0.151630052,0.56,-0.333283144
20041117,0.80321717,0.5,1.156663637
20041118,-0.159712551,0.36,0.099950033
20041119,0.557326283,0.48,0.657176516
20041122,1.105419863,0.34,1.105419863
20041123,0.568016413,0.4,0.509106249
20041124,0.574518353,0.45,0.574518353
20041129,-0.562725847,1,-0.543374129
20041130,0.350877553,0.68,0
20041201,-0.253931184,0.83,-0.507219191
20041202,-1.05086721,0.93,-1.89541706
20041203,1.14035446,1.19,0.199123921
20041206,-0.258886931,0.6,-0.23899633
20041207,-1.264442336,0.6,-1.284384503
20041208,1.531361781,1.17,1.004831606
20041209,0.818286175,1.17,0.598087907
20041210,-0.29865627,0.86,-0.31853501
20041213,0.435127269,0.58,1.031550508
20041214,0.51454695,0.44,-0.019737491
20041215,-0.059364798,0.65,-0.276734709
20041216,-0.557437239,0.82,-0.854791011
20041217,0.502261227,1.64,-0.380038461
20041220,1.997890605,0.7,2.298040906
20041221,0.913248356,0.56,1.24563697
20041222,-0.349990635,0.66,-0.698760607
20041223,1.356609953,0.63,1.18115421
20041227,-2.041879399,0.88,-2.041879399
20041228,0.05878319,0.5,0.294262105
20041229,0.647378426,0.36,0.176142525
20041230,-0.215369638,0.37,-0.234925715
20041231,0.30340126,0.26,0.283799183
20050103,-1.839632534,0.95,-2.123431717
20050104,-1.17895261,0.93,-0.681092376
20050105,-0.765515422,0.89,-0.604840554
20050106,1.629650792,0.78,1.32585309
20050107,-0.670639619,0.96,-0.650685513
20050110,0.240384731,0.67,0.390919157
20050111,0.140379046,0.58,-0.160192265
20050112,1.152178022,0.88,1.452328322
20050113,-0.128566501,0.76,-0.207602269
20050114,0.984066197,0.33,1.053314852
20050118,1.054285439,0.56,0.838620224
20050119,-0.800082324,0.41,-0.877797502
20050120,0.177532348,1.09,-0.589508487
20050121,-0.573180737,0.79,-0.573180737
20050124,0.411402285,0.62,1.37797456
20050125,-0.136253062,0.44,0.370768305
20050126,0.271002876,0.66,0.756770857
20050127,0.990395512,0.67,0.038654813
20050128,-0.194855868,0.59,-0.931864635
20050131,0.271475831,1.01,0.719078018
20050201,2.451429172,0.71,3.107675495
20050202,1.118788474,0.54,1.231358842
20050203,1.218176747,0.83,1.069726173
20050204,1.530363261,0.75,1.456955293
20050207,0.416403245,0.71,0.072293515
20050208,1.735087808,0.68,0.827640565
20050209,0.135092559,0.86,-0.457954376
20050210,0.819822806,0.66,1.403124141
20050211,-0.382341639,1.1,-0.382341639
20050214,1.025831422,0.53,1.248300925
20050215,0.396109844,0.49,0.149457147
20050216,2.686702897,1.08,2.695487541
20050217,-1.010196075,1.1,-0.61760361
20050218,2.161234466,1.01,2.195646028
20050222,-2.003122485,1.96,-1.834913867
20050223,1.526747213,0.92,1.834913867
20050224,2.534716997,1.15,2.870851767
20050225,2.80579528,2.05,3.409238357
20050228,0.079007668,2.31,0.094816695
20050301,-1.471791085,1.08,-2.010278291
20050302,0.994235259,2.78,0.994235259
20050303,0.524935589,1.1,0.572793929
20050304,0.710398441,1.34,0.853085742
20050307,-0.884681915,1.21,-0.868952462
20050308,-0.11090867,1.25,0.095162577
20050309,-3.630895011,6.03,-3.599194266
20050310,-0.890654082,4.49,-0.808518553
20050311,1.120090775,2.19,1.136656666
20050314,0.42490667,2.28,0.441285345
20050315,-1.512440469,2.5,-1.56137612
20050316,0.515336524,2.64,-0.099436535
20050317,0.948184315,1.86,1.888862924
20050318,1.706416164,1.51,1.917712464
20050321,-0.817377738,1.44,-0.817377738
20050322,-1.386080079,2.41,-2.015672925
20050323,-1.45553347,2.3,-1.45553347
20050324,-2.145573422,2.8,-1.68014705
20050328,-0.237408963,1.69,-0.203527886
20050329,-1.144235864,2.2,-1.161215234
20050330,1.119035075,4.02,1.854898753
20050331,-0.200769684,1.66,0.672158471
20050401,0.729446205,0.96,1.380479303
20050404,-0.493422054,3.38,0.18153318
20050405,-0.746581651,1.39,-0.994208686
20050406,1.073060235,1.71,1.405562619
20050407,-0.801902669,2.1,-0.065703025
20050408,-1.225586722,1.29,-1.406492947
20050411,0.507129989,1.01,0.473796655
20050412,0.764504305,1.12,0.173992339
20050413,-1.659580458,1.38,-2.07434671
20050414,-0.881062968,2.08,-0.678428654
20050415,-3.925493102,3.88,-4.454459441
20050418,2.843289714,3.72,1.859821797
20050419,2.241473152,1.71,2.407260023
20050420,-1.56253179,2.98,-2.590818486
20050421,2.961784582,1.93,3.659259075
20050422,0.235888905,2.48,0.235888905
20050425,-0.050045876,1.17,0.854634444
20050426,-1.106836723,1.33,-1.056790847
20050427,-1.393632345,2.76,-1.477984944
20050428,-1.99002781,4.31,-3.855689109
20050429,0.881062968,2.01,1.377870236
20050502,1.307208157,1.54,1.307208157
20050503,-1.352202533,1.93,-2.082132781
20050504,0.666201622,2.28,1.177621483
20050505,0.746985146,1.4,0.956445862
20050506,-0.72614427,0.8,-0.259942959
20050509,0.431966114,0.62,0.63997451
20050510,-0.540306325,0.92,-1.353952292
20050511,0.612800657,1.12,0.12226008
20050512,-4.300778774,2.08,-4.370623373
20050513,-2.24356597,2.83,-1.970416387
20050516,-0.187090794,1.83,-0.690494486
20050517,0.726327804,1.41,0.913418598
20050518,-1.296554558,2.65,-0.464987353
20050519,1.878854311,1.32,2.139513554
20050520,-1.506827481,0.99,-1.452097935
20050523,0.659826441,0.88,1.342548901
20050524,0.382131299,0.71,0.58287961
20050525,1.155664722,1.22,1.155664722
20050526,0.320627279,0.82,0.947027537
20050527,0.706716722,0.41,1.008590342
20050531,-1.395659082,1.19,-1.044164871
20050601,1.214910621,0.86,1.640971979
20050602,0.647591307,0.89,0.314520616
20050603,0.523104942,1.18,0.313534484
20050606,0.435351145,0.65,0.086918736
20050607,-0.330291478,0.85,-0.208732029
20050608,-1.0515344,1.45,-1.173496258
20050609,2.59754864,1.29,3.019490195
20050610,0.308801069,1.15,-0.205338881
20050613,0.325649444,1.33,0.102722146
20050614,0.496618882,0.68,0.170969438
20050615,0.541456484,0.71,1.222426088
20050616,1.507566241,0.58,1.490690028
20050617,0.164365586,0.64,1.22275152
20050620,-0.410004674,0.77,-0.065713819
20050621,-1.501279239,0.87,-2.243550688
20050622,-0.301205047,1.72,0.285306898
20050623,-0.994027223,1.29,-1.027550522
20050624,-1.619951872,1.53,-1.518411839
20050627,1.649276524,1.05,1.923954808
20050628,-0.472893974,1.2,-0.388612468
20050629,-0.682480042,1.48,-1.123607327
20050630,-1.673751436,1.74,-1.622403553
20050701,0.981835465,0.96,1.502489192
20050705,2.678957277,1.03,3.055347798
20050706,-2.125425168,1.72,-1.727216578
20050707,1.934887247,2.22,0.623895456
20050708,-0.436608586,1.43,-0.117736117
20050711,0.988531129,1.68,0.938030329
20050712,-0.116793206,1,-0.13346682
20050713,-0.234035546,0.86,-0.250731431
20050714,-2.194551272,1.61,-1.960515725
20050715,-0.831231488,1.15,-0.831231488
20050718,0.223810027,0.92,0.077416029
20050719,0.511684555,0.92,1.077578203
20050720,0.851068967,1.35,0.373578291
20050721,-1.338845951,1.2,-1.933832832
20050722,2.192287646,1.27,2.760911561
20050725,0.568848782,1.26,0.753583069
20050726,-0.368262887,0.81,-0.518525875
20050727,-0.301457271,1.24,-0.016771489
20050728,0.233801042,1.84,0.551979322
20050729,-2.069909829,1.42,-1.9198973
20050801,-0.05066284,0.73,0.660963342
20050802,0.806049704,0.6,0.9916881
20050803,-1.579068591,0.75,-1.228454658
20050804,-0.748939671,0.82,-0.901443301
20050805,-0.720044256,1.08,-0.70296046
20050808,0.340425861,0.78,1.2481995
20050809,0.016819443,0.58,1.031198386
20050810,0.234035546,0.8,0.720572871
20050811,1.289060983,1.13,1.672362844
20050812,0.090123311,1.01,0.254192257
20050815,-0.823727887,0.84,-0.995852022
20050816,-2.208925155,1.27,-2.258565265
20050817,-1.280864578,1.94,-1.568927134
20050818,-0.051604026,1.5,-0.103181436
20050819,0.503006304,0.99,1.154697857
20050822,-0.06770481,1.58,0.449705904
20050823,-0.186267093,1.23,-0.101643241
20050824,-0.389599883,1.08,-0.135685231
20050825,0.508475672,0.35,0.389599883
20050826,-0.852084228,0.92,-1.224713386
20050829,-0.546076442,1.12,0.017113032
20050830,0.324647872,1.48,0.30753484
20050831,1.870158119,1.21,2.176750081
20050901,2.347641266,2.33,2.830532888
20050902,-0.558936191,1,-1.586426271
20050906,0.715022566,0.92,0.649059502
20050907,1.145675379,1.46,0.644873873
20050908,0.146950798,0.88,-0.260713851
20050909,2.231053137,1.02,2.751802889
20050912,-0.57443911,0.85,-0.812818245
20050913,-0.53195902,1.43,-0.99711344
20050914,0.449150579,1.11,0.981109599
20050915,-0.670286582,1.69,-0.048026896
20050916,1.120857894,1.27,1.981832601
20050919,0.917651668,1.03,1.387503747
20050920,0.248216075,1.18,-0.077441342
20050921,-0.107750338,0.92,0.60245799
20050922,-1.346409568,2.09,-0.015402387
20050923,-1.128636226,1.51,-1.622769412
20050926,1.511285288,1.44,1.236936693
20050927,0.465333553,1.18,-0.077345506
20050928,0.077309629,1.07,0.123724111
20050929,0.541168696,0.73,0.231570926
20050930,-1.654219993,0.86,-2.024991313
20051003,-1.682045369,1.32,-1.682045369
20051004,-2.78225056,1.77,-3.054664798
20051005,-2.661022212,3.75,-2.760064808
20051006,-0.170503025,4.32,-0.61245513
20051007,0.420345302,2.27,1.692087749
20051010,-1.677863275,2.06,-1.845789427
20051011,0.828337084,1.38,1.509654657
20051012,-0.220171145,2.78,-0.709582298
20051013,-0.531323557,4.9,-1.348488472
20051014,1.459879942,3.59,0.787405643
20051017,-0.356264691,1.43,0.323432063
20051018,-3.455238151,4.55,-4.377218388
20051019,1.196354874,3.04,1.515447504
20051020,-3.41548674,4.48,-3.41548674
20051021,0.180733828,3.05,0.216919825
20051024,2.781423731,2.37,2.654944358
20051025,0.385559538,2.73,0.526132396
20051026,-1.657009532,3.45,-1.604548221
20051027,-1.694200131,3.36,-1.180060181
20051028,-0.354610301,4.28,1.251133389
20051031,-1.133156601,2,-0.248977543
20051101,0.622500899,1.51,0.426439879
20051102,1.192159982,1.71,1.722665205
20051103,1.862122771,2.03,2.001447071
20051104,-1.185071834,1.94,-1.13383795
20051107,-1.253498307,1.55,-1.391810915
20051108,0.972199468,0.8,0.498056864
20051109,-0.034867504,2.45,-0.026151768
20051110,-1.47682009,2.97,-1.564042075
20051111,0.407765834,1.11,0.106213499
20051114,-0.158744191,1.07,0.229742966
20051115,0,2.03,-0.40682819
20051116,1.391234908,1.84,1.338048132
20051117,-0.2610286,1.27,0.366588523
20051118,0.189149743,1.67,1.418708916
20051121,1.442291906,1.06,1.956343758
20051122,0.201443748,1.09,0.453820428
20051123,0.737639556,1.33,0.40167418
20051128,-1.40359115,1.33,-2.339583274
20051129,-1.277374092,1.76,-0.649241987
20051130,-0.335267883,1.32,-0.472489174
20051201,1.442536682,1.08,2.188904836
20051202,-0.43904157,1.71,-0.43904157
20051205,0.235492119,1.12,0.725068517
20051206,-0.133936066,1.11,0.285211166
20051207,-1.413451093,1.61,-1.145758111
20051208,0.438597194,1.16,0.67556413
20051209,-1.340479901,0.96,-1.47522811
20051212,0.067992523,0.8,0.528155244
20051213,0.033863868,1.03,0.373134761
20051214,1.294897434,0.85,1.311825068
20051215,-0.636838083,1.16,-0.620131041
20051216,-2.513719312,1.34,-2.278622646
20051219,-0.89717648,1.26,-0.759672162
20051220,0.449827748,0.95,0.397821159
20051221,-1.0700827,0.82,-0.519211966
20051222,-1.374293179,0.62,-0.941429547
20051223,0.035020137,0.54,0.052534806
20051227,-1.483614473,1.14,-2.221625203
20051228,0.106799583,0.58,0.615661101
20051229,0,0.93,0.071136407
20051230,0.58934004,1.27,-0.160128137
20060103,2.564243061,1.54,4.013799997
20060104,-0.102441532,1.43,0.136752158
20060105,-0.496363877,1.91,-0.445129994
20060106,0.79385604,0.81,1.970841908
20060109,-0.470272953,0.78,-0.067317404
20060110,1.058566551,0.96,0.721298103
20060111,0.73248205,1.35,0.76590451
20060112,-1.431687514,1.22,-1.08397626
20060113,1.937627896,1.22,2.205545002
20060117,0.750288954,0.79,0.930542997
20060118,-1.682908765,1.99,-1.390843005
20060119,1.573287122,1.4,1.325823496
20060120,-2.100866085,2.82,-1.598067199
20060123,1.035427116,1.68,1.043687824
20060124,0,1.42,-0.343952513
20060125,-2.086660776,3.62,-1.188328887
20060126,-0.365935205,1.89,-0.365935205
20060127,1.48004675,2.05,2.06158864
20060130,0.404714277,2.58,3.014818949
20060131,-0.428946563,1.76,-0.516099442
20060201,-1.314964425,2.08,-1.378668839
20060202,0.242620418,3.01,-0.080742838
20060203,-0.438918042,1.92,-0.84361305
20060206,0.388224363,1.42,0.908212535
20060207,-2.074729324,1.66,-2.220136895
20060208,0.614773059,3,-0.347251279
20060209,-1.029225553,2.3,-0.731507834
20060210,-0.970556481,4.45,-0.770523075
20060213,0.252079791,1.84,0.184796357
20060214,0.504966567,1.81,-0.033573947
20060215,-0.083633023,2.46,0.335233301
20060216,0.582606725,1.11,0.816603155
20060217,0.297717719,0.53,0.496689763
20060221,-0.361307668,0.7,0.379131749
20060222,-0.57923207,0.69,-0.875821512
20060223,-0.283688134,1.63,-0.68282387
20060224,0.132494223,0.55,0.964584229
20060227,-0.291606122,0.75,-0.822639564
20060228,-0.252334224,1.22,-0.930473204
20060301,1.267317278,0.8,1.637189926
20060302,1.323646063,1.07,0.808651985
20060303,0.246285323,0.83,0.229847417
20060306,-1.520941866,0.96,-1.57015043
20060307,-0.100250635,0.74,-0.350438406
20060308,0.419639726,2.33,-0.20080328
20060309,-1.699376304,1.12,-1.298172155
20060310,0.457201711,1.18,0.440230985
20060313,-0.0670466,0.76,0.757388119
20060314,2.077349317,0.99,1.926329908
20060315,0.59162046,0.83,0.377575758
20060316,1.222608758,1.21,1.124248094
20060317,-1.237397749,0.94,-1.107864052
20060320,-0.197661076,0.93,-0.640975159
20060321,0.098863083,1.33,0.11534977
20060322,0.665765004,1.15,0.517433703
20060323,0.163505596,0.5,0.286310474
20060324,0.032701112,0.77,-0.065370161
20060327,0.310432404,0.64,0.212296969
20060328,-0.784189609,0.73,-0.539790302
20060329,0.539966951,0.62,0.507158551
20060330,-0.228833052,0.98,-0.277800653
20060331,-0.213342167,0.44,-0.39350764
20060403,-0.637621714,1.03,0.164149741
20060404,1.30507562,1.07,1.190199099
20060405,0.791923331,0.5,0.678406737
20060406,-0.241371104,1.16,-0.080521785
20060407,-1.552926711,1.38,-1.183062174
20060410,0.274747648,0.65,1.005685686
20060411,-0.755448421,1.39,0.032273681
20060412,-0.955395495,0.95,-0.842519566
20060413,0.676146114,1.13,0.203177769
20060417,-0.080547729,0.58,0.752217726
20060418,1.619082987,1.16,2.325686216
20060419,1.946075226,1.05,1.2984148
20060420,0.031284217,2.09,-0.623637818
20060421,0.91197788,0.88,1.628826827
20060424,-0.557535903,1.07,-0.927507036
20060425,-1.397538274,2.17,-0.685681353
20060426,-1.540668739,1.59,-1.306385149
20060427,1.515669131,4.28,-1.00311326
20060428,0.795929067,1.56,0.923867673
20060501,-0.204611703,1.96,0.632213264
20060502,1.330810722,1,1.880737475
20060503,-1.463972572,2.23,-1.456241908
20060504,-0.708162531,1.72,-0.661107398
20060505,0.156372198,1.23,1.068184835
20060508,0.164958209,0.87,-0.462003093
20060509,0.501883111,0.67,0.336924902
20060510,0.706162213,1.67,0.046922657
20060511,-1.082278621,1.38,-0.847995031
20060512,-2.06980801,1.94,-1.990987165
20060515,0.696641132,1.89,-0.354553151
20060516,-0.209525421,1.21,0.064557781
20060517,-2.088376481,2.06,-2.947168116
20060518,-0.308423535,1.43,-0.483052493
20060519,0.897463228,2.89,0.914159113
20060522,1.358536467,2.51,0.544510874
20060523,-1.495631462,1.89,-0.627271783
20060524,0,4.28,-0.64789661
20060525,1.226407326,1.63,2.518029853
20060526,0.113700979,1.33,0.113700979
20060530,-2.444547943,1.52,-2.282341906
20060531,1.229743554,2.07,1.229743554
20060601,1.418463499,2.16,0.172110029
20060602,0.781890284,1.74,0.929177767
20060605,-3.049416609,1.62,-2.563821611
20060606,0.315483865,2.93,0.415317484
20060607,-2.247285585,2.15,-2.280447582
20060608,1.232811358,3.57,1.04606994
20060609,-1.836769137,3.19,-1.317809238
20060612,-1.398385679,2,-0.974116906
20060613,-1.729149711,3.72,-2.556883356
20060614,1.749825924,3.08,1.555839442
20060615,1.758474676,2.5,2.467145864
20060616,0.06805036,2.56,-0.491985045
20060619,-2.323884593,2.27,-2.374918021
20060620,-0.330521306,1.75,-0.052260257
20060621,1.195958444,2.37,1.12623559
20060622,0.320000273,1.5,-0.232869138
20060623,0.034411563,1.11,0.387814508
20060626,1.282616985,0.91,1.230995199
20060627,0.72336088,1.2,1.366994538
20060628,1.931868881,0.99,2.466808305
20060629,1.7160855,1.31,1.863156366
20060630,-1.585993072,0.96,-1.10560784
20060705,1.124509842,1.11,0.721446015
20060706,1.140877531,1.11,1.380207521
20060707,-1.123162958,1.22,-0.965732195
20060710,0.095192773,1.09,0.317662275
20060711,0.894614771,0.73,1.479642924
20060712,0,1.85,0
20060713,-0.10917883,1.81,0.12492194
20060714,0.509771707,1.25,1.271532095
20060717,-1.333973558,1.47,-1.333973558
20060718,0.27876741,1.92,0.963488417
20060719,0.06188119,2.37,0
20060720,-0.412019085,1.26,-0.737323376
20060721,-0.996117186,1.63,-0.398080376
20060724,1.542050603,1.17,2.196870529
20060725,0.594922051,1.42,0.610223099
20060726,1.65017748,1.02,1.284490649
20060727,-0.980363324,2.54,-0.172821924
20060728,0.779263647,1.66,0.756699621
20060731,0.340514061,0.77,0.995180883
20060801,1.388295817,0.69,0.765610336
20060802,0.160783489,0.95,0.424442642
20060803,-0.073126146,1.16,-0.175412996
20060804,0.14566645,1.85,0.510763606
20060807,0.347222571,1.02,0.782953108
20060808,0.057753395,0.97,0.057753395
20060809,-0.604492342,1.1,-0.014435222
20060810,0.50618374,1.37,0.072155281
20060811,0.705089618,0.92,0.60405764
20060814,-0.417898151,0.57,-0.705089618
20060815,-1.833589232,1.48,-0.899338815
20060816,-1.074566901,1.37,-1.556565936
20060817,1.554550515,1.04,0.73724899
20060818,0.8878597,0.85,1.371483417
20060821,0.776200534,0.63,1.19554899
20060822,0.829286995,0.63,0.556865864
20060823,-0.730191518,0.76,-0.915469131
20060824,1.337907802,0.89,1.624893219
20060825,-0.33994367,0.84,-0.354082942
20060828,0.014264318,0.52,-0.526354441
20060829,-0.460035314,1.01,-1.017856971
20060830,-1.698523813,1.4,-1.597710094
20060831,-0.589537448,1.17,-0.956241196
20060901,0.574671883,1.01,0.604231446
20060905,1.197003461,0.78,0.637108083
20060906,-2.005671126,1.15,-2.012971195
20060907,0.942597991,1.35,0.823355169
20060908,-1.263675479,0.93,-1.256288591
20060911,-2.101173525,2.13,-2.806829182
20060912,-0.693216979,1.46,-0.462678185
20060913,0.814324236,1.08,1.015081001
20060914,-0.69247026,1.03,-0.906931126
20060915,-0.231392313,1.35,-0.015442823
20060918,1.796637852,1.11,2.320360552
20060919,-1.469612087,1.15,-1.138186656
20060920,-2.129052958,1.78,-2.144316638
20060921,0.697406934,1.18,0.962142742
20060922,-0.568401561,1.39,0.246799447
20060925,0.261518494,1.94,0.276923254
20060926,2.053772651,1.71,2.007671997
20060927,0.82145186,2.15,1.227192893
20060928,-0.0745101,1.8,-0.223363953
20060929,-0.149053538,1.16,-0.059648078
20061002,-0.416977522,1.06,-0.044759419
20061003,-1.509834834,1.76,-2.424315384
20061004,1.680711832,1.81,1.810586941
20061005,0.104019625,1.48,1.090132501
20061006,0.876742372,1.8,0.385414056
20061009,-1.771802473,1.07,-1.52060175
20061010,1.786700183,1.61,0.941922192
20061011,-0.494864922,1.04,-1.01705932
20061012,1.144738584,0.7,1.684470029
20061013,0.660165238,0.75,1.087926049
20061016,2.01033598,0.8,2.098029642
20061017,-0.473696429,0.81,-0.488015896
20061018,-0.475950996,1.41,-0.475950996
20061019,0.618840573,1.16,0.763307515
20061020,-0.687977488,1.22,-0.244200366
20061023,1.499235231,0.95,0.516426338
20061024,0.265185606,0.83,-0.050091239
20061025,1.847430686,2.03,1.653986241
20061026,-0.585041368,2.2,0.785417782
20061027,0.188857469,1.13,-0.041919934
20061030,-0.479009087,1.19,-1.039627234
20061031,0.787405643,1.66,0.829763568
20061101,-0.840694317,2.05,-0.463256251
20061102,0.634385718,1.03,0.126555596
20061103,0.975073891,0.73,1.367781268
20061106,1.020276326,0.77,1.047996354
20061107,-0.474733425,0.84,-0.550207715
20061108,2.285618855,1.23,2.216629546
20061109,0.766699566,0.73,0.678971383
20061110,-0.32206147,0.79,-0.30866293
20061113,0.451103273,0.83,0.040314453
20061114,0.047012997,0.85,0.047012997
20061115,0.913862025,0.79,0.381999593
20061116,-3.096138647,1.15,-2.828937419
20061117,1.600254869,1.26,0.555804772
20061120,-0.137931056,1.14,-0.852121704
20061121,0.944630202,0.59,1.289101779
20061122,-0.11648225,1.78,-0.628760956
20061127,0.290075485,1.11,0.165654373
20061128,1.906375816,0.97,2.236863586
20061129,2.328006698,1.03,2.543582098
20061130,0.580960543,1.35,1.007400421
20061201,0.487219595,2.51,0.435136261
20061204,0.722770312,0.86,0.781077463
20061205,-0.076844266,1.14,0.372248681
20061206,-1.701229264,1.24,-2.20216153
20061207,-0.736942406,1.49,-0.841777955
20061208,-0.739082155,1.26,-0.291005496
20061211,0.092967667,1.03,-0.212173531
20061212,0.935386571,0.94,1.227009259
20061213,1.470901885,1.03,1.470901885
20061214,1.510912225,0.63,1.665850926
20061215,-1.936578636,0.91,-1.885759171
20061218,-2.364300181,1.17,-2.325457687
20061219,2.233702119,1.13,1.988189239
20061220,-0.915877134,1.28,-1.150038812
20061221,-0.250016579,1.2,-0.236873384
20061222,-0.739570196,0.79,-0.607904608
20061226,0.976389865,0.5,0.949875216
20061227,0.743303937,0.56,1.057934506
20061228,0.629279705,0.59,0.447225038
20061229,-0.637317628,0.85,-0.876885226
20070103,-2.189966009,2.02,-3.410854164
20070104,-0.999255457,2.06,-1.880676853
20070105,1.015515795,1.92,0.753789631
20070108,-1.135054921,2.15,-0.726279314
20070109,0.556329669,2.9,-0.842488237
20070110,-0.842583274,2.93,-1.664257697
20070111,0.028172982,3.14,0.126840973
20070112,2.002013202,1.74,2.297351297
20070116,-1.027216139,1.85,-1.358114001
20070117,1.362456777,2.36,1.041025433
20070118,-1.133234903,3.22,-0.6511071
20070119,1.274251673,1.07,2.063346929
20070122,-0.9415366,1.29,-0.696771724
20070123,1.269944114,1.24,2.102770281
20070124,0.528800724,1.35,0.542224443
20070125,-1.136068481,1.59,-1.852965457
20070126,-0.244134124,1.83,0.163087832
20070129,-0.599211925,1.32,-0.585633271
20070130,1.183445765,0.87,1.578784021
20070131,0.047041431,1.91,0.060485905
20070201,0.909826988,1.77,0.88294888
20070202,0.796922799,0.91,0.676978759
20070205,0.099091668,0.82,0.178435761
20070206,-0.515499126,0.85,-0.350564238
20070207,-0.718852936,0.94,-0.811660367
20070208,1.496453872,1.36,0.738747495
20070209,-0.318556149,1.35,-0.245643277
20070212,-0.441383717,0.62,-0.827664583
20070213,0.891971566,0.56,1.1329678
20070214,0.125748718,1.17,0.191995822
20070215,0.192659086,0.79,-0.344530918
20070216,0.232720608,0.61,-0.066392248
20070220,-0.307014858,0.75,-0.646302679
20070221,0.22763802,1.13,-0.046802394
20070222,0.387054204,1.08,0.407115055
20070223,-0.079744821,0.8,0.186318925
20070226,-0.092758239,0.77,0.292087303
20070227,-4.17877654,5.39,-4.8972469
20070228,-0.716250759,3.63,-0.25092367
20070301,0.338600775,5.25,-0.904349113
20070302,-1.46153719,2.75,-1.475622689
20070305,1.337668274,3.23,0.042872455
20070306,0.494176791,1.26,1.432750234
20070307,0.715742302,2.56,0.715742302
20070308,-0.153107414,1.71,0.390789053
20070309,-1.679540508,1.66,-0.902514259
20070312,-0.436774206,1.21,-0.457860131
20070313,-0.72737966,2.2,-1.364820731
20070314,1.076040398,3.16,1.632747282
20070315,-0.310778609,1.29,-0.465806474
20070316,-1.073482743,1.24,-1.031046927
20070319,1.188468997,0.89,1.623515862
20070320,1.201971145,1.09,1.230096584
20070321,1.39506781,1.43,1.769470244
20070322,0.850264924,1.04,1.550733632
20070323,0.267005031,0.73,0.796443657
20070326,0.026511135,1.09,0.591540723
20070327,0.875221076,0.68,0.383623726
20070328,-0.541148288,1.34,-0.237937984
20070329,0.512990273,0.95,0.869685281
20070330,-1.081376752,1.3,-1.055140362
20070402,0.711652977,0.76,0.963258751
20070403,1.060566406,0.58,0.823911023
20070404,0.898970291,0.56,0.4159091
20070405,0.259336245,0.29,0.155521027
20070409,0.013025073,0.87,-0.571430126
20070410,1.003471988,0.59,1.088093637
20070411,-0.933374679,1.48,-1.088093637
20070412,0.466201311,0.87,0.804259102
20070413,-0.122679596,0.61,-0.012920731
20070416,0.648331699,0.46,0.970850201
20070417,0.165953954,0.69,0.325785206
20070418,0.538600943,0.91,-0.268216522
20070419,-0.637129291,0.79,-0.957375514
20070420,2.179784696,0.56,2.957948692
20070423,-0.138766264,0.63,-0.69818191
20070424,-0.304878285,1.14,-0.779397539
20070425,1.164230764,0.92,1.659187039
20070426,0.909493592,1.4,0.890721888
20070427,0.374065274,1.02,-0.347869651
20070430,-1.114950479,0.73,-1.214564483
20070501,0.025106704,1.3,0.364665604
20070502,0.062621331,0.66,0.250720954
20070503,1.121087975,0.7,1.070994048
20070504,-0.581936886,1.32,-0.24804676
20070507,0.396727523,0.78,0.359467384
20070508,1.2362625,0.65,0.702795569
20070509,0.23374557,1.45,-0.012287277
20070510,-1.958523277,1.23,-2.488309522
20070511,1.964260071,0.56,2.303818971
20070514,0.406980891,0.77,0.024618415
20070515,0.148020256,0.82,-0.14780148
20070516,0.751744251,1.03,0.393652864
20070517,0.41656517,0.61,0.41656517
20070518,1.378831714,0.91,1.769314211
20070521,0.179651524,0.8,0.383647515
20070522,-0.78851945,1.25,-0.998144298
20070523,-0.204757675,1.23,0.241429378
20070524,-1.208473922,1.47,-0.835406517
20070525,0.998144298,0.88,1.592121437
20070529,-0.747802303,0.85,-1.167492349
20070530,2.327228681,1.28,1.561593295
20070531,-0.920893909,1,-0.801775372
20070601,0.691507972,0.69,1.117129811
20070604,0.273597982,0.45,0.017820547
20070605,0.315166913,0.8,0.041568931
20070606,-0.572315858,1.07,-0.697074526
20070607,-1.847473728,2.01,-2.230845468
20070608,1.094635109,1.6,1.076292655
20070611,0.555422824,1.21,0.458605679
20070612,-0.922448585,1.67,-1.260164501
20070613,1.158453887,0.96,1.620741815
20070614,1.282068843,0.58,1.701105673
20070615,1.203637084,0.66,1.533359475
20070618,0.330425506,0.5,0.35365431
20070619,-0.371963697,0.54,-0.609527908
20070620,-3.71005513,1.3,-3.628569764
20070621,1.373730018,1.67,1.771440696
20070622,-1.739278581,1.71,-1.970890764
20070625,0.006069619,2.27,-0.321163736
20070626,-1.045602231,1.53,-0.682097651
20070627,2.966061602,2.04,2.02051517
20070628,-0.215028156,1.42,0.155586172
20070629,-0.345176799,1.69,0.298525507
20070702,0.366149349,0.87,1.126338305
20070705,-0.28729755,1.23,-0.24044817
20070706,1.022432515,0.61,1.57868889
20070709,1.150231223,0.7,1.069282968
20070710,-0.121278638,1.97,-1.051945435
20070711,1.476552377,1.84,0.92606569
20070712,2.106289502,1.05,2.699966323
20070713,0.945239176,0.97,0.699730739
20070716,0.374166242,1.25,-0.722024797
20070717,-0.89902049,1.4,-0.626260155
20070718,2.453089321,2.05,2.284672956
20070719,0.892085986,0.79,1.23142187
20070720,-0.596369347,1.91,-0.412416473
20070723,1.281723616,1.36,1.607456803
20070724,-1.707298677,1.61,-2.772454801
20070725,1.431384231,3.79,2.171336632
20070726,-2.535740444,13.5,-4.954949632
20070727,-2.376669319,6.8,-3.14896163
20070730,0.361074296,4.31,0.419434379
20070731,-1.460562273,3.85,-1.228301107
20070801,1.004916145,9.36,1.228301107
20070802,-0.807069121,4.34,-1.004916145
20070803,-3.650718595,5.31,-3.897646817
20070806,1.678682014,7.71,1.940869292
20070807,3.39579108,9.44,2.553934033
20070808,1.560635108,5.58,1.758897462
20070809,-2.462569211,6.66,-3.918400816
20070810,2.682153119,9.89,0.961602946
20070813,-2.403718151,2.62,-2.167701992
20070814,-0.540899209,3.7,0.174914849
20070815,-2.182433856,4.86,-1.689496279
20070816,-0.210226999,14.8,-0.985472375
20070817,1.451299836,4.9,3.884926512
20070820,0.961146527,3.22,0.830077101
20070821,-1.255621878,2.23,-1.883474441
20070822,-0.20888671,2.21,0.707479418
20070823,-0.476333142,1.62,0.101513758
20070824,1.912441705,1.1,2.370953241
20070827,-0.105689635,1.02,-0.789962855
20070828,-1.610148687,1.26,-2.305783161
20070829,1.942958882,1.79,2.446677865
20070830,0.917006191,2.12,0.257792503
20070831,-1.163480257,1.57,0
20070904,2.025883953,1.12,2.096075813
20070905,0.517093942,1.4,-0.011460661
20070906,-0.479015514,1.36,0.251831635
20070907,-1.12510611,1.8,-2.009305474
20070910,-0.996666514,1.88,-1.019998292
20070911,1.891117325,1.93,2.50202148
20070912,1.088150019,1.9,0.881062968
20070913,0.724640852,0.8,0.974953874
20070914,0.747201484,1.23,0.022560632
20070917,0.93348257,1.1,0.75285484
20070918,2.696593938,2.37,2.629404686
20070919,-0.043416912,1.31,0.435209043
20070920,-0.005433159,0.88,-0.092323574
20070921,-0.410500738,0.73,0.385022574
20070924,-0.505806969,1.03,-0.738812574
20070925,1.594947625,1.12,0.277694769
20070926,0.032462263,1.31,0.515227433
20070927,0.043020005,0.77,0.614789188
20070928,-0.517242532,1.09,-0.474241027
20071001,1.587334916,1.05,1.522491079
20071002,-1.249881587,1.22,-1.879653643
20071003,-0.175131393,1.31,-1.035375169
20071004,-0.619061336,0.99,-0.323704779
20071005,0,0.99,0.334659481
20071008,-0.143290187,0.5,-0.692500706
20071009,1.408052837,0.98,2.138885554
20071010,1.39642884,0.87,0.436317318
20071011,-0.886268726,2.42,-0.37695252
20071012,0.36453348,0.99,0.822077004
20071015,0.639723031,1.32,1.524071664
20071016,0.084414904,1.05,-0.068534679
20071017,-0.28937489,2.19,0.089612826
20071018,0.390028429,1.02,0.163205175
20071019,-2.504085157,2.02,-3.169100539
20071022,0.010995657,2.07,-1.240215858
20071023,0.23546817,2.03,0.509967382
20071024,1.20023263,4.2,0.855055178
20071025,-0.924070282,2.62,-0.696563548
20071026,-0.487145754,1.49,0.642318903
20071029,0.98755633,0.81,1.582635176
20071030,-2.15995807,1.32,-2.684725004
20071031,-0.371706998,2.29,0.175400177
20071101,-1.716539595,4.29,-3.261824207
20071102,-0.48705992,3.79,-0.340059271
20071105,0.445842408,2.76,-0.455218722
20071106,2.421615412,1.21,3.165958176
20071107,-3.083074071,4.21,-3.714970192
20071108,1.81253374,6.22,2.452755431
20071109,-2.323628078,3.61,-3.172162292
20071112,-1.899681893,7.21,-2.449913509
20071113,2.872687028,2.94,2.801630653
20071114,-1.485432345,3.41,-0.77425706
20071115,-1.644773921,3.76,-2.086583732
20071116,-0.176418746,3.6,0.625850776
20071119,-0.957510714,3.32,-0.898669877
20071120,2.771860102,4.12,4.187144959
20071121,-1.577716503,4.95,-1.157141857
20071126,-3.05094751,2.7,-3.164274811
20071127,1.760465169,4.53,1.150707182
20071128,1.257590599,3.3,1.707288676
20071129,0.884359505,2.16,0.645492304
20071130,1.124871254,2.33,0.910169776
20071203,0.281769699,1.46,-0.617112758
20071204,-0.379528594,1.1,-0.847702166
20071205,0.804024432,1.21,2.033663705
20071206,1.943309471,1.07,1.698320484
20071207,-0.081978417,1.27,0
20071210,0.282670334,0.94,0.719114016
20071211,-2.080898653,4.59,-1.91818234
20071212,-0.130406452,3.63,1.75520083
20071213,1.843495476,3.41,0.903905914
20071214,-0.845959473,1.5,-1.706377671
20071217,-0.952071843,1.73,-1.463104084
20071218,0.451666976,1.84,1.194176066
20071219,0.3945643,2.02,0.482457076
20071220,0.593118322,1.25,0.806192404
20071221,0.953766004,0.7,1.721212888
20071226,1.1250384,0.33,1.157064021
20071227,-0.996087498,0.75,-0.901145775
20071228,0.506811348,0.82,1.112005104
20071231,-0.856001186,0.83,-1.389279464
20080102,-0.53299348,1.82,-0.085470091
20080103,-0.106496283,1.05,0.309482132
20080104,-1.64918855,2.68,-1.980049624
20080107,-1.339087017,2.99,-0.840386938
20080108,-1.693650953,3.15,-1.190752768
20080109,1.800164215,4.37,1.633654769
20080110,1.031389437,4.56,-0.03819814
20080111,-0.893109195,2.2,-1.451372371
20080114,-0.110071558,1.31,0.563257329
20080115,-0.581982616,2.05,-1.901219087
20080116,-2.239325836,5.71,-2.892481311
20080117,-3.420738819,8.51,-3.097748574
20080118,1.468003159,8.46,1.396472398
20080122,1.163547591,13.8,-3.024478198
20080123,4.221068243,15.3,1.102254798
20080124,2.264247675,7.12,2.706541146
20080125,-3.090883238,6.11,-2.145043942
20080128,1.584332028,4.93,1.548585826
20080129,-0.328369006,2.61,-0.140861627
20080130,0.778122294,6.95,0.023490721
20080131,1.892427854,6.7,0.234604213
20080201,-1.57010845,5.47,0.688892911
20080204,-0.729100025,2.14,-0.618618839
20080205,-2.143885556,3.25,-3.903808143
20080206,-1.311434209,2.77,-0.86199525
20080207,1.166301355,4.57,0.606006813
20080208,-0.073439416,2.11,-0.317848678
20080211,1.562342545,2.35,1.874088267
20080212,1.131975149,2.28,1.413978156
20080213,0.598909664,1.58,1.189578836
20080214,-0.629886604,1.82,0.058524026
20080215,0.081981617,1.69,-0.04681648
20080219,0.327614743,1.43,1.98783747
20080220,2.085557428,2.3,1.192153982
20080221,-1.306159724,2.36,-1.681096254
20080222,-0.034299434,2.64,0.849798408
20080225,1.771961786,1.73,1.874824816
20080226,1.192857087,1.37,0.79365496
20080227,-0.251755427,1.3,-0.619854002
20080228,0.420463128,1.24,0.128754181
20080229,-2.015669222,1.99,-2.773780392
20080303,1.197070339,2.51,1.018606804
20080304,-0.678124546,2.94,-1.272004774
20080305,0.488352354,2.74,0.609372394
20080306,-2.90382481,2.74,-3.179307078
20080307,-1.444068415,2.77,-2.407157722
20080310,-0.314427638,3.16,0.072700839
20080311,3.050447689,2.73,4.708143306
20080312,-1.180842617,2.14,-0.777221011
20080313,2.473562797,3.25,1.514042213
20080314,-1.812250209,7.28,-1.537335947
20080317,2.225060893,6.47,0.046582043
20080318,2.057450561,3.48,2.869143329
20080319,-4.013994379,3.64,-4.524402111
20080320,1.770586595,4.03,0.831054204
20080324,0.870612294,1.65,0.888219478
20080325,-1.24283188,2.27,-0.917571675
20080326,1.235735007,1.74,1.341362621
20080327,-0.843886865,1.79,-0.197158661
20080328,-0.852161814,1.96,-0.979942513
20080331,-0.685676786,1.84,-0.32291236
20080401,2.656879655,1.69,2.250291192
20080402,1.491970047,1.56,1.710222963
20080403,0.175911522,1.32,-0.305689454
20080404,0.304689058,1.03,0.632985046
20080407,-0.112384817,1.5,0.202611506
20080408,1.257031142,1.55,0.817519532
20080409,-0.02229903,1.05,0.022304004
20080410,-0.284749362,1.93,-0.284749362
20080411,-0.670104149,1.39,-1.04542319
20080414,1.025822499,1,1.30229177
20080415,0.851445405,0.76,1.291055473
20080416,2.035222885,0.97,2.178260814
20080417,1.065729447,1.05,0.612213931
20080418,0.877548511,1.28,1.102159548
20080421,0.382734892,0.77,-0.19611487
20080422,0.56302268,0.76,0.169635325
20080423,0.026535757,1.24,-0.1855534
20080424,-0.859850526,1.94,-1.696452533
20080425,-0.785414764,1.46,-0.064787822
20080428,0,1.38,-0.086449108
20080429,-0.705183286,1.61,-0.705183286
20080430,0.799399309,2.32,1.1797312
20080501,-0.234113819,3.24,-3.66546088
20080502,-0.712539198,1.52,-0.106088957
20080505,-0.256596336,0.92,0.022343872
20080506,1.155372437,1,0.645810061
20080507,-1.241279566,1.67,-1.374553686
20080508,1.000595285,1.07,1.146769483
20080509,-0.594605443,1.28,-1.146769483
20080512,0.75506078,1.38,0.224794969
20080513,0.228928881,1.43,0.649062261
20080514,-0.133422301,1.12,0.256224727
20080515,0.925830486,1.09,1.403105381
20080516,0.900564867,1.23,1.556663448
20080519,1.617458595,1.15,1.9732733
20080520,0.307089774,1.11,0.164016862
20080521,-1.142808834,1.58,-1.116379677
20080522,-1.639644513,2.37,-1.053320143
20080523,-2.11613481,1.7,-2.008143439
20080527,-0.133422301,0.88,-0.919215731
20080528,1.580620619,1.35,0.742673701
20080529,-0.30685995,2.16,-1.188704771
20080530,-1.247277252,1.12,-1.169078063
20080602,-0.375533869,1.18,-0.828843803
20080603,-2.187614294,1.76,-2.341649182
20080604,0.513839739,1.87,0.19821612
20080605,3.397499596,1.51,3.839155358
20080606,-3.525043386,4.02,-2.876996426
20080609,1.528475836,2.59,2.641319306
20080610,-1.290632655,2.12,-1.403055377
20080611,0.045187529,2.39,0.884861134
20080612,-1.067270354,2.26,-1.593840661
20080613,1.740861863,2.49,1.395994295
20080616,-0.510060613,1.28,-0.413914916
20080617,1.231885239,1.34,0.702075129
20080618,-0.364299128,1.66,-1.066374257
20080619,-2.309278859,2.22,-2.138348386
20080620,-1.366285048,1.99,-0.90710205
20080623,2.957305873,1.41,3.045450436
20080624,0.023012312,1.76,-0.870566781
20080625,0.091313783,2.69,0.836345598
20080626,-1.730603045,3.34,-1.320719743
20080627,0.18980249,2.61,0.593610365
20080630,0.845622683,1.92,0.989172993
20080701,0.494305146,2.37,0.386144716
20080702,-1.493454975,2.59,-0.939562189
20080707,-0.893374399,3.85,-1.541214364
20080708,-0.753146483,4.07,-1.087344432
20080709,-1.962114289,3.13,-1.997012213
20080710,1.71104608,4.96,2.090013847
20080711,-0.512941204,6.15,-0.58268432
20080714,-0.502366849,2.28,-0.210600288
20080715,-4.0687831,4.33,-4.045361153
20080716,-0.83785606,4.06,-1.443381015
20080717,0.086778658,5.18,-0.148588437
20080718,0.986931278,3.25,0.937352694
20080721,1.56756354,2.25,1.80053526
20080722,0.314237629,3.64,-0.084433996
20080723,-1.96815839,3.89,-2.282396019
20080724,-0.438339952,4.99,-0.234843443
20080725,0.110382056,3.19,0.948341364
20080728,-1.341310948,2.64,-1.059775784
20080729,0.012363232,2.89,0.210383098
20080730,4.55817896,3.64,4.626149426
20080801,-0.886674557,1.95,-6.083120595
20080804,-4.188892907,3.29,-4.201437597
20080805,2.126021079,3.35,2.276352818
20080806,0.025497195,2.52,0.319183163
20080807,-1.806236257,2.47,-1.399162803
20080808,2.559789905,2.26,1.768143437
20080811,-0.408476442,2.86,-0.713742515
20080812,-2.070414083,1.9,-1.572805401
20080813,1.145369963,1.87,1.534425051
20080814,0.258364696,2.23,-0.822309657
20080815,0.038938283,1.26,-0.58226211
20080818,-1.065083455,1.58,-0.624839315
20080819,1.923323007,1.7,1.779579108
20080820,0.298536125,2.89,1.122532356
20080821,1.251894167,1.59,1.940832833
20080822,0.876429799,1.88,-0.199252868
20080825,-1.862626213,1.63,-1.88756076
20080826,1.284005556,1.57,1.550418654
20080827,0.572996087,1.37,0.697996103
20080828,0.197530928,1.44,0.705492127
20080829,-1.39966365,1.06,-1.128694153
